When, Who, What, Added, Removed
1999-07-19 14:41:05 PDT,kleist,Summary,Menus shrink to tiny squares,Menus shrimp to tiny squares
1999-07-26 22:03:50 PDT,leger,QA Contact,claudius,leger
1999-08-12 02:14:56 PDT,don,Component,other,Browser-General
1999-08-12 02:14:56 PDT,don,Assignee,pavlov,don
1999-08-12 13:37:28 PDT,pavlov,Status,ASSIGNED,NEW
1999-08-22 20:51:38 PDT,pavlov,Status,RESOLVED,ASSIGNED
1999-08-22 20:51:38 PDT,pavlov,Resolution,FIXED,---
1999-08-22 20:51:38 PDT,pavlov,Last Resolved,1999-08-22 20:51:38,
1999-08-23 16:15:32 PDT,cmaximus,Status,VERIFIED,RESOLVED
