When, Who, What, Added, Removed
1999-07-30 15:44:33 PDT,vidur,Assignee,troy,vidur
1999-08-02 11:41:54 PDT,troy,Status,ASSIGNED,NEW
1999-08-02 11:43:45 PDT,troy,Target Milestone,M10,
1999-08-03 11:16:43 PDT,gerardok,QA Contact,janc,gerardok
1999-08-10 21:39:12 PDT,troy,Status,NEW,ASSIGNED
1999-08-10 21:39:12 PDT,troy,Assignee,peterl,troy
1999-09-24 22:01:11 PDT,peterl-retired,Status,RESOLVED,NEW
1999-09-24 22:01:11 PDT,peterl-retired,Resolution,FIXED,---
1999-09-24 22:01:11 PDT,peterl-retired,Last Resolved,1999-09-24 22:01:11,
2000-04-25 05:59:29 PDT,leger,Keywords,crash,
2000-07-07 15:31:00 PDT,jcarpenter0524,Status,VERIFIED,RESOLVED
