When, Who, What, Added, Removed
1999-08-06 14:53:50 PDT,jmellen,Component,Build Config,Browser-General
1999-08-12 02:12:43 PDT,don,Assignee,briano,don
1999-08-13 20:40:39 PDT,briano,Assignee,troy,briano
1999-08-13 20:52:49 PDT,troy,Status,RESOLVED,NEW
1999-08-13 20:52:49 PDT,troy,Resolution,FIXED,---
1999-08-13 20:52:49 PDT,troy,Last Resolved,1999-08-13 20:52:49,
1999-08-30 20:59:39 PDT,leger,QA Contact,don,leger
1999-08-30 20:59:39 PDT,leger,Status,VERIFIED,RESOLVED
2004-11-22 17:25:08 PST,myk,Product,Seamonkey,Browser
