When, Who, What, Added, Removed
1999-07-16 10:00:02 PDT,troy,Status,RESOLVED,NEW
1999-07-16 10:00:02 PDT,troy,Resolution,DUPLICATE,---
1999-07-16 10:00:02 PDT,troy,Last Resolved,1999-07-16 10:00:02,
1999-07-16 15:21:36 PDT,chrispetersen,Status,VERIFIED,RESOLVED
1999-09-05 05:46:06 PDT,hyp-x,Whiteboard,[MAKINGTESTCASE],
1999-09-05 05:46:06 PDT,hyp-x,Status,REOPENED,VERIFIED
1999-09-05 05:46:21 PDT,hyp-x,Resolution,---,DUPLICATE
1999-09-05 08:54:05 PDT,hyp-x,Whiteboard,[TESTCASE] hyp-x@inf.bme.hu,[MAKINGTESTCASE]
1999-09-05 10:08:56 PDT,troy,Status,NEW,REOPENED
1999-09-05 10:08:56 PDT,troy,Component,HTMLTables,Layout
1999-09-05 10:08:56 PDT,troy,Assignee,karnaze,troy
1999-09-07 16:23:49 PDT,karnaze,Assignee,kipp,karnaze
1999-09-07 17:05:01 PDT,kipp,Status,ASSIGNED,NEW
1999-09-07 17:05:01 PDT,kipp,Target Milestone,M11,
1999-09-09 11:02:38 PDT,karnaze,Status,RESOLVED,ASSIGNED
1999-09-09 11:02:38 PDT,karnaze,Resolution,WORKSFORME,---
1999-09-09 11:02:38 PDT,karnaze,Last Resolved,1999-09-09 11:02:38,1999-07-16 10:00:02
1999-09-10 12:51:43 PDT,chrispetersen,Status,VERIFIED,RESOLVED
1999-09-12 05:08:02 PDT,hyp-x,Status,REOPENED,VERIFIED
1999-09-13 07:27:48 PDT,kipp,Status,ASSIGNED,REOPENED
1999-09-13 07:28:01 PDT,kipp,Resolution,---,WORKSFORME
1999-09-14 08:05:42 PDT,kipp,Target Milestone,M13,M11
1999-09-20 15:33:10 PDT,kipp,Target Milestone,M15,M13
1999-09-21 18:40:17 PDT,kipp,Status,RESOLVED,ASSIGNED
1999-09-21 18:40:17 PDT,kipp,Resolution,FIXED,---
1999-09-21 18:40:17 PDT,kipp,Last Resolved,1999-09-21 18:40:17,1999-09-09 11:02:38
1999-09-22 08:07:54 PDT,kipp,Status,REOPENED,RESOLVED
1999-09-22 08:09:48 PDT,kipp,URL,,http://www.calyxandcorolla.com/
1999-09-22 08:09:48 PDT,kipp,Status,NEW,REOPENED
1999-09-22 08:09:48 PDT,kipp,Assignee,karnaze,kipp
1999-09-22 17:42:23 PDT,leger,Resolution,---,FIXED
1999-09-29 11:37:39 PDT,karnaze,Last Resolved,1999-09-29 11:37:39,1999-09-21 18:40:17
1999-09-29 11:37:39 PDT,karnaze,Status,RESOLVED,NEW
1999-09-29 11:37:39 PDT,karnaze,Resolution,FIXED,---
1999-10-05 15:17:35 PDT,chrispetersen,Status,VERIFIED,RESOLVED
2001-10-12 16:31:48 PDT,ftang,Blocks,104500,
2001-10-12 16:32:10 PDT,ftang,Blocks,,104500
