When, Who, What, Added, Removed
1999-09-21 18:20:54 PDT,peterl-retired,Assignee,kin,peterl
1999-09-23 10:00:02 PDT,kinmoz,Status,ASSIGNED,NEW
1999-09-23 10:00:02 PDT,kinmoz,Target Milestone,M14,
2000-01-31 10:07:27 PST,rubydoo123,Target Milestone,M18,M14
2000-07-19 10:01:30 PDT,sfraser_bugs,Status,RESOLVED,ASSIGNED
2000-07-19 10:01:30 PDT,sfraser_bugs,Resolution,FIXED,---
2000-07-19 10:01:30 PDT,sfraser_bugs,Last Resolved,2000-07-19 10:01:30,
2000-07-20 13:20:48 PDT,christinehoff4,Status,VERIFIED,RESOLVED
