When, Who, What, Added, Removed
1999-07-16 11:40:46 PDT,samir_bugzilla,Status,ASSIGNED,NEW
1999-07-16 11:40:46 PDT,samir_bugzilla,Target Milestone,M9,
1999-07-16 11:47:52 PDT,agracebush,Summary,[PP]Need to be able to create a folder in folder selection dialog,Need to be able to create a folder in folder selection dialog
1999-07-16 14:11:15 PDT,samir_bugzilla,Last Resolved,1999-07-16 14:11:15,
1999-07-16 14:11:15 PDT,samir_bugzilla,Status,RESOLVED,ASSIGNED
1999-07-16 14:11:15 PDT,samir_bugzilla,Resolution,FIXED,---
1999-07-19 14:17:14 PDT,agracebush,Status,VERIFIED,RESOLVED
2004-11-22 17:25:08 PST,myk,Product,Seamonkey,Browser
