When, Who, What, Added, Removed
1999-07-16 11:01:24 PDT,mozilla,Status,ASSIGNED,NEW
1999-07-16 11:07:32 PDT,mscott,Status,NEW,ASSIGNED
1999-07-16 11:07:32 PDT,mscott,Assignee,bienvenu,mscott
1999-07-21 18:45:24 PDT,mozilla,Last Resolved,1999-07-21 18:45:24,
1999-07-21 18:45:24 PDT,mozilla,Status,RESOLVED,NEW
1999-07-21 18:45:24 PDT,mozilla,Resolution,FIXED,---
1999-07-21 18:48:10 PDT,lchiang,QA Contact,suresh,lchiang
1999-07-21 18:48:10 PDT,lchiang,Target Milestone,M9,
1999-09-14 21:54:48 PDT,skasinathan,Status,VERIFIED,RESOLVED
2004-11-22 17:26:45 PST,myk,Product,Core,MailNews
2008-07-31 04:30:00 PDT,nobody,Product,MailNews Core,Core
