When, Who, What, Added, Removed
1999-07-16 12:36:04 PDT,neeti,URL,Implement,Implement
1999-07-16 12:36:04 PDT,neeti,Target Milestone,M9,
1999-07-27 09:05:54 PDT,neeti,Status,ASSIGNED,NEW
1999-08-06 15:01:15 PDT,neeti,Summary,[Feature]OnSubmit notification framework for wallet and single signon,OnSubmit notification framework for wallet and single signon
1999-08-06 15:01:15 PDT,neeti,Status,RESOLVED,ASSIGNED
1999-08-06 15:01:15 PDT,neeti,Resolution,FIXED,---
1999-08-06 15:01:15 PDT,neeti,Last Resolved,1999-08-06 15:01:15,
1999-08-09 20:16:56 PDT,paulmac,Whiteboard,asked developer to verify,
1999-08-09 22:27:43 PDT,morse,Status,VERIFIED,RESOLVED
2008-09-05 18:04:11 PDT,dolske,Product,Toolkit,Core
2008-09-05 18:04:11 PDT,dolske,Version,unspecified,Trunk
2008-09-05 18:04:11 PDT,dolske,Component,Form Manager,Form Manager
2008-09-05 18:04:11 PDT,dolske,Assignee,nobody,neeti
2008-09-05 18:04:11 PDT,dolske,QA Contact,form.manager,paulmac
2008-09-05 18:04:11 PDT,dolske,Target Milestone,---,M9
