When, Who, What, Added, Removed
1999-07-16 12:38:31 PDT,elig,Hardware,All,PC
1999-07-16 12:38:31 PDT,elig,OS,All,Linux
1999-07-16 12:38:31 PDT,elig,Component,Layout,ImageLib
1999-07-16 12:38:31 PDT,elig,Assignee,rickg,pnunn
1999-07-17 00:53:57 PDT,rickg,Assignee,joki,rickg
1999-07-24 08:28:15 PDT,klein_sh,Whiteboard,[TESTCASE] klein_sh@inter.net.il,
1999-09-28 10:36:23 PDT,brade,Status,RESOLVED,NEW
1999-09-28 10:36:23 PDT,brade,Resolution,FIXED,---
1999-09-28 10:36:23 PDT,brade,Last Resolved,1999-09-28 10:36:23,
1999-10-05 16:50:27 PDT,elig,Status,VERIFIED,RESOLVED
