When, Who, What, Added, Removed
1999-07-16 11:00:56 PDT,trudelle,Priority,P1,P3
1999-07-16 11:00:56 PDT,trudelle,Assignee,pavlov,trudelle
1999-07-16 11:00:56 PDT,trudelle,Target Milestone,M9,
1999-07-16 17:00:06 PDT,akkzilla,Severity,blocker,normal
1999-07-16 17:02:55 PDT,pavlov,Assignee,hyatt,pavlov
1999-07-16 18:29:11 PDT,akkzilla,Assignee,waterson,hyatt
1999-07-16 19:44:56 PDT,waterson,Status,RESOLVED,NEW
1999-07-16 19:44:56 PDT,waterson,Resolution,FIXED,---
1999-07-16 19:44:56 PDT,waterson,Last Resolved,1999-07-16 19:44:56,
1999-07-19 12:26:19 PDT,phillip,Status,VERIFIED,RESOLVED
1999-07-26 22:04:15 PDT,leger,Summary,[PP]crash on startup on linux,crash on startup on linux
