When, Who, What, Added, Removed
1999-07-19 16:25:03 PDT,don,Assignee,pinkerton,don
1999-07-19 16:25:03 PDT,don,Summary,Crash mousing over "DayPlanner" button on Taskbar,
1999-07-19 16:25:03 PDT,don,Severity,critical,major
1999-07-19 16:25:03 PDT,don,Priority,P1,P3
1999-07-19 16:25:03 PDT,don,Component,XP Toolkit/Widgets,Browser-General
1999-07-19 18:47:43 PDT,mikepinkerton,Assignee,pavlov,pinkerton
1999-07-26 22:05:17 PDT,leger,QA Contact,cpratt,leger
1999-07-29 16:01:52 PDT,pavlov,Summary,[PP] Tooltips crash on linux,Crash mousing over "DayPlanner" button on Taskbar
1999-07-29 16:01:52 PDT,pavlov,Status,ASSIGNED,NEW
1999-07-29 16:01:52 PDT,pavlov,Target Milestone,M9,
1999-08-06 13:41:43 PDT,mikepinkerton,Target Milestone,M10,M9
1999-08-18 15:41:52 PDT,pavlov,Summary,[PP] [DOGFOOD] Tooltips crash on linux,[PP] Tooltips crash on linux
1999-08-26 00:15:51 PDT,pavlov,Whiteboard,need new test case,
1999-08-30 21:01:28 PDT,leger,Status,RESOLVED,ASSIGNED
1999-08-30 21:01:28 PDT,leger,Resolution,FIXED,---
1999-08-30 21:01:28 PDT,leger,QA Contact,pavlov,cpratt
1999-08-30 21:01:28 PDT,leger,Last Resolved,1999-08-30 21:01:28,
2000-01-25 22:09:54 PST,pavlov,Status,VERIFIED,RESOLVED
