When, Who, What, Added, Removed
1999-07-31 15:13:13 PDT,mats,Status,RESOLVED,NEW
1999-07-31 15:13:13 PDT,mats,Resolution,WORKSFORME,---
1999-07-31 15:13:13 PDT,mats,Last Resolved,1999-07-31 15:13:13,
1999-08-14 18:21:26 PDT,dbaron,Summary,HTMLInputElement::click() doesn't call onclick handlers,HTMLInputElement::click() stops JS execution
1999-08-14 18:21:26 PDT,dbaron,Status,REOPENED,RESOLVED
1999-08-14 18:21:42 PDT,dbaron,Resolution,---,WORKSFORME
1999-09-07 16:57:08 PDT,pollmann,Status,NEW,REOPENED
1999-09-07 16:57:08 PDT,pollmann,Assignee,pollmann,vidur
1999-09-07 16:57:26 PDT,pollmann,Status,ASSIGNED,NEW
1999-09-08 10:46:22 PDT,pollmann,Hardware,All,PC
1999-09-08 10:46:22 PDT,pollmann,OS,All,Linux
1999-09-08 10:46:22 PDT,pollmann,Status,NEW,ASSIGNED
1999-09-08 10:46:22 PDT,pollmann,Assignee,kmcclusk,pollmann
1999-09-08 11:03:40 PDT,kmcclusk,Status,ASSIGNED,NEW
1999-09-08 11:03:40 PDT,kmcclusk,Target Milestone,M11,
1999-09-10 17:46:54 PDT,kmcclusk,Status,NEW,ASSIGNED
1999-09-10 17:46:54 PDT,kmcclusk,Assignee,pollmann,kmcclusk
1999-09-12 23:26:45 PDT,pollmann,Status,RESOLVED,NEW
1999-09-12 23:26:45 PDT,pollmann,Resolution,FIXED,---
1999-09-12 23:26:45 PDT,pollmann,Last Resolved,1999-09-12 23:26:45,1999-07-31 15:13:13
1999-10-10 12:01:27 PDT,dbaron,Status,VERIFIED,RESOLVED
