When, Who, What, Added, Removed
1999-07-16 14:01:25 PDT,pollmann,Last Resolved,1999-07-16 14:01:25,
1999-07-16 14:01:25 PDT,pollmann,Status,RESOLVED,NEW
1999-07-16 14:01:25 PDT,pollmann,Resolution,FIXED,---
1999-07-21 22:42:45 PDT,pollmann,Target Milestone,M9,
1999-07-26 14:19:30 PDT,cpratt,Status,REOPENED,RESOLVED
1999-07-26 14:19:38 PDT,cpratt,Resolution,---,FIXED
1999-07-26 16:20:07 PDT,pollmann,Status,ASSIGNED,REOPENED
1999-07-27 11:40:07 PDT,pollmann,Status,RESOLVED,ASSIGNED
1999-07-27 11:40:07 PDT,pollmann,Resolution,FIXED,---
1999-07-27 11:40:07 PDT,pollmann,Last Resolved,1999-07-27 11:40:07,1999-07-16 14:01:25
1999-08-16 09:46:39 PDT,cpratt,Status,VERIFIED,RESOLVED
