When, Who, What, Added, Removed
1999-07-16 12:36:23 PDT,neeti,Target Milestone,M9,
1999-07-27 09:06:14 PDT,neeti,Status,ASSIGNED,NEW
1999-08-06 14:58:56 PDT,neeti,Summary,[FEATURE]Get cookies working with Necko,Get cookies working with Necko
1999-08-06 14:58:56 PDT,neeti,Depends on,11392, 11395,
1999-08-06 14:59:54 PDT,neeti,Depends on,10740,
1999-08-10 22:26:09 PDT,dp,Status,NEW,ASSIGNED
1999-08-10 22:26:09 PDT,dp,Assignee,scc,neeti
1999-08-10 23:26:07 PDT,scc-obsolete,Status,ASSIGNED,NEW
1999-08-11 10:55:50 PDT,scc-obsolete,Status,NEW,ASSIGNED
1999-08-11 10:55:50 PDT,scc-obsolete,Assignee,neeti,scc
1999-08-12 09:47:25 PDT,neeti,Status,RESOLVED,NEW
1999-08-12 09:47:25 PDT,neeti,Resolution,FIXED,---
1999-08-12 09:47:25 PDT,neeti,Last Resolved,1999-08-12 09:47:25,
1999-08-12 23:19:18 PDT,paulmac,Status,VERIFIED,RESOLVED
