When, Who, What, Added, Removed
1999-07-16 13:03:54 PDT,tague,Status,ASSIGNED,NEW
1999-07-16 13:03:54 PDT,tague,Target Milestone,M11,
1999-07-20 19:30:45 PDT,leger,Summary,[PP]Korean IME support doesn't work on the Mac,Korean IME support doesn't work on the Mac
1999-08-20 14:11:03 PDT,tague,Target Milestone,M14,M11
1999-08-20 14:15:10 PDT,teruko,QA Contact,blee,teruko
1999-08-23 12:13:39 PDT,tague,Whiteboard,HELP WANTED,
1999-10-11 17:04:50 PDT,msanz,Blocks,16127,
1999-10-15 15:47:10 PDT,ftang,Summary,[PP][IME]Korean IME support doesn't work on the Mac,[PP]Korean IME support doesn't work on the Mac
1999-10-15 15:47:10 PDT,ftang,Status,NEW,ASSIGNED
1999-10-15 15:47:10 PDT,ftang,Priority,P2,P3
1999-10-15 15:47:10 PDT,ftang,Assignee,ftang,tague
1999-10-15 15:47:10 PDT,ftang,Target Milestone,M12,M14
1999-10-15 15:56:31 PDT,ftang,Status,ASSIGNED,NEW
1999-10-27 16:22:44 PDT,ftang,Status,RESOLVED,ASSIGNED
1999-10-27 16:22:44 PDT,ftang,Resolution,FIXED,---
1999-10-27 16:22:44 PDT,ftang,Last Resolved,1999-10-27 16:22:44,
1999-10-27 17:07:14 PDT,blee,Status,VERIFIED,RESOLVED
1999-10-27 18:01:21 PDT,ftang,Target Milestone,M11,M12
1999-10-28 10:06:44 PDT,blee,Whiteboard,,HELP WANTED
2010-06-18 18:59:40 PDT,masayuki,Keywords,inputmethod,
