When, Who, What, Added, Removed
1999-07-16 14:28:23 PDT,trudelle,Priority,P4,P3
1999-07-16 14:28:23 PDT,trudelle,Assignee,hyatt,trudelle
1999-07-16 14:28:23 PDT,trudelle,Target Milestone,M15,
1999-07-21 14:45:07 PDT,phillip,OS,All,Mac System 8.6
1999-07-21 14:45:07 PDT,phillip,Hardware,All,Macintosh
1999-08-13 01:24:33 PDT,hyatt,Status,ASSIGNED,NEW
1999-08-13 01:24:33 PDT,hyatt,Target Milestone,M10,M15
1999-08-29 00:41:30 PDT,hyatt,Status,RESOLVED,ASSIGNED
1999-08-29 00:41:30 PDT,hyatt,Resolution,FIXED,---
1999-08-29 00:41:30 PDT,hyatt,Last Resolved,1999-08-29 00:41:30,
1999-11-16 19:20:37 PST,cmaximus,Status,VERIFIED,RESOLVED
