When, Who, What, Added, Removed
1999-07-16 16:45:53 PDT,troy,Component,HTMLTables,Layout
1999-07-16 16:45:53 PDT,troy,Assignee,karnaze,troy
1999-07-16 18:04:09 PDT,allen.sam,Whiteboard,[testcase],
1999-07-16 18:04:09 PDT,allen.sam,Summary,{compat} background color of empty table cell is not set,background color of empty table cell is not set
1999-07-21 10:38:23 PDT,karnaze,Status,ASSIGNED,NEW
1999-07-21 10:38:23 PDT,karnaze,Target Milestone,M11,
1999-08-24 02:53:38 PDT,hyp-x,Summary,{compat} cells with <br> alone considered empty,{compat} background color of empty table cell is not set
1999-08-24 11:38:56 PDT,karnaze,Status,NEW,ASSIGNED
1999-08-24 11:38:56 PDT,karnaze,Assignee,kipp,karnaze
1999-08-31 09:19:25 PDT,kipp,Status,ASSIGNED,NEW
1999-09-09 14:11:27 PDT,kipp,Status,RESOLVED,ASSIGNED
1999-09-09 14:11:27 PDT,kipp,Resolution,FIXED,---
1999-09-09 14:11:27 PDT,kipp,Last Resolved,1999-09-09 14:11:27,
1999-09-13 15:14:31 PDT,chrispetersen,Status,VERIFIED,RESOLVED
1999-10-22 07:02:30 PDT,VYV03354,Status,REOPENED,VERIFIED
1999-10-22 12:41:53 PDT,kipp,Status,ASSIGNED,REOPENED
1999-10-22 12:41:53 PDT,kipp,Target Milestone,M15,M11
1999-10-22 12:47:50 PDT,kipp,Resolution,---,FIXED
1999-10-25 14:35:11 PDT,kipp,Summary,{css} cells with <br> alone considered empty,{compat} cells with <br> alone considered empty
1999-10-25 14:35:29 PDT,kipp,Severity,trivial,normal
1999-10-25 14:35:29 PDT,kipp,Target Milestone,M20,M15
1999-10-31 14:30:58 PST,ian,Whiteboard,[testcase] (py8ieh:eviltests fodder),[testcase]
1999-10-31 14:30:58 PST,ian,Summary,{css1} cells with <br> alone considered empty,{css} cells with <br> alone considered empty
1999-11-19 15:20:23 PST,christinehoff4,QA Contact,chrisd,petersen
1999-12-14 14:55:37 PST,leger,Assignee,troy,kipp
1999-12-14 15:37:25 PST,troy,Assignee,kipp,troy
1999-12-29 16:23:15 PST,buster,Summary,{css1} [BLOCK] cells with <br> alone considered empty,{css1} cells with <br> alone considered empty
2000-01-13 15:59:24 PST,ian,Keywords,css1,
2000-01-21 13:48:49 PST,ekrock,Keywords,testcase,
2000-02-05 21:21:08 PST,michael.j.lowe,Summary,[BLOCK] cells with <br> alone considered empty,{css1} [BLOCK] cells with <br> alone considered empty
2000-03-03 16:06:13 PST,buster,Assignee,buster,kipp
2000-06-01 14:12:37 PDT,buster,Target Milestone,M22,M20
2000-06-05 18:04:43 PDT,buster,Resolution,FIXED,---
2000-06-05 18:04:43 PDT,buster,Last Resolved,2000-06-05 18:04:43,1999-09-09 14:11:27
2000-06-05 18:04:43 PDT,buster,Status,RESOLVED,NEW
2000-07-18 12:05:24 PDT,bsharma,Status,VERIFIED,RESOLVED
2008-06-14 01:49:30 PDT,roc,CC,roc,
2008-06-14 01:49:30 PDT,roc,Target Milestone,Future,---
2008-06-14 01:49:30 PDT,roc,Flags,in-testsuite+,
2008-06-14 02:02:28 PDT,roc,Target Milestone,---,Future
