When, Who, What, Added, Removed
1999-07-16 17:05:35 PDT,teruko,Priority,P2,P3
1999-07-16 17:05:35 PDT,teruko,Target Milestone,M9,
1999-07-26 13:31:22 PDT,ssu0262,Status,ASSIGNED,NEW
1999-07-27 15:22:23 PDT,ssu0262,Status,RESOLVED,ASSIGNED
1999-07-27 15:22:23 PDT,ssu0262,Resolution,FIXED,---
1999-07-27 15:22:23 PDT,ssu0262,Last Resolved,1999-07-27 15:22:23,
1999-07-28 14:22:43 PDT,teruko,QA Contact,teruko,gbush
1999-07-29 11:51:54 PDT,teruko,Status,VERIFIED,RESOLVED
2004-11-22 17:25:08 PST,myk,Product,Seamonkey,Browser
