When, Who, What, Added, Removed
1999-07-25 01:26:54 PDT,duncan,OS,BeOS,Linux
1999-07-25 01:26:54 PDT,duncan,Status,ASSIGNED,NEW
1999-09-15 12:55:34 PDT,leger,QA Contact,duncan,leger
1999-11-07 08:32:27 PST,michael.j.lowe,Severity,critical,normal
2000-01-28 11:02:41 PST,leger,Keywords,crash,
2001-01-07 03:42:35 PST,cls,Last Resolved,2001-01-07 03:42:35,
2001-01-07 03:42:35 PST,cls,Status,RESOLVED,ASSIGNED
2001-01-07 03:42:35 PST,cls,Resolution,FIXED,---
2002-07-27 10:08:21 PDT,bugzilla_kl,Status,VERIFIED,RESOLVED
2004-11-22 17:25:08 PST,myk,Product,Seamonkey,Browser
