When, Who, What, Added, Removed
1999-07-16 19:06:02 PDT,lchiang,QA Contact,nbaca,lchiang
1999-08-02 11:44:52 PDT,scottputterman,Blocks,11091,
1999-08-04 14:46:51 PDT,hyatt,Target Milestone,M10,M9
1999-08-24 10:09:36 PDT,sol,Whiteboard,[PR1],
1999-08-29 00:39:02 PDT,hyatt,Status,RESOLVED,ASSIGNED
1999-08-29 00:39:02 PDT,hyatt,Resolution,FIXED,---
1999-08-29 00:39:02 PDT,hyatt,Last Resolved,1999-08-29 00:39:02,
1999-09-03 12:52:06 PDT,nbaca,Status,VERIFIED,RESOLVED
2004-11-22 17:26:45 PST,myk,Product,Core,MailNews
2008-07-31 04:30:00 PDT,nobody,Product,MailNews Core,Core
