When, Who, What, Added, Removed
1998-10-08 16:21:19 PDT,peterl-retired,Status,ASSIGNED,NEW
1999-04-02 15:19:23 PST,peterl-retired,Target Milestone,M7,M4
1999-04-16 23:08:13 PDT,sfraser_bugs,Summary,CSS2 System Color and font values not implemented,CSS2 System Color values not implemented
1999-04-16 23:08:13 PDT,sfraser_bugs,Hardware,All,PC
1999-05-18 09:23:29 PDT,ian,Summary,should support CSS2 system colors,CSS2 System Color and font values not implemented
1999-05-18 09:23:29 PDT,ian,Severity,enhancement,normal
1999-05-18 09:23:29 PDT,ian,Priority,P1,P2
1999-07-03 08:10:05 PDT,ian,Blocks,1763,
1999-08-05 11:09:46 PDT,peterl-retired,Target Milestone,M10,M9
1999-09-08 11:16:30 PDT,ian,Summary,{css2} should support CSS2 system colors,should support CSS2 system colors
1999-09-09 17:49:21 PDT,peterl-retired,Blocks,1021,
1999-09-09 23:12:19 PDT,peterl-retired,Status,NEW,ASSIGNED
1999-09-09 23:12:19 PDT,peterl-retired,Assignee,rods,peterl
1999-09-21 14:03:00 PDT,rods,Target Milestone,M12,M10
1999-10-08 07:37:18 PDT,michael.j.lowe,Blocks,,1763
1999-10-12 17:18:44 PDT,michael.j.lowe,Blocks,,1021
1999-10-12 17:19:00 PDT,michael.j.lowe,Depends on,1021,
1999-10-12 17:30:52 PDT,michael.j.lowe,Depends on,,1021
1999-10-12 17:32:07 PDT,michael.j.lowe,Blocks,1021,
1999-10-13 17:50:15 PDT,michael.j.lowe,Status,RESOLVED,NEW
1999-10-13 17:50:15 PDT,michael.j.lowe,Resolution,FIXED,---
1999-10-13 17:50:15 PDT,michael.j.lowe,Last Resolved,1999-10-13 17:50:15,
1999-10-20 12:21:56 PDT,christinehoff4,Status,VERIFIED,RESOLVED
1999-10-20 16:21:02 PDT,christinehoff4,Status,REOPENED,VERIFIED
1999-10-20 16:21:02 PDT,christinehoff4,Summary,[PP] {css2} should support CSS2 system colors,{css2} should support CSS2 system colors
1999-10-20 16:21:17 PDT,christinehoff4,Resolution,---,FIXED
1999-10-20 19:45:32 PDT,michael.j.lowe,OS,Linux,Windows 95
1999-10-26 06:28:08 PDT,rods,Status,NEW,REOPENED
1999-10-26 06:28:08 PDT,rods,Assignee,pavlov,rods
1999-10-26 12:25:08 PDT,pavlov,Status,RESOLVED,NEW
1999-10-26 12:25:08 PDT,pavlov,Resolution,FIXED,---
1999-10-26 12:25:08 PDT,pavlov,Last Resolved,1999-10-26 12:25:08,1999-10-13 17:50:15
1999-10-26 12:38:48 PDT,dbaron,Status,REOPENED,RESOLVED
1999-10-26 18:43:15 PDT,michael.j.lowe,Resolution,---,FIXED
1999-10-29 01:41:16 PDT,pavlov,Status,ASSIGNED,REOPENED
1999-10-29 01:41:16 PDT,pavlov,Target Milestone,M11,M12
1999-11-02 18:11:31 PST,pavlov,Target Milestone,M11,M12
1999-11-03 15:59:04 PST,jar,Blocks,17907,
1999-11-07 03:38:12 PST,pavlov,Target Milestone,M12,M11
1999-11-07 03:38:12 PST,pavlov,Whiteboard,will check in fix for unix as soon as tree opens for M12,
1999-11-09 23:29:15 PST,pavlov,Status,NEW,ASSIGNED
1999-11-09 23:29:15 PST,pavlov,Assignee,pinkerton,pavlov
1999-11-10 16:34:08 PST,michael.j.lowe,Status,RESOLVED,NEW
1999-11-10 16:34:08 PST,michael.j.lowe,Resolution,DUPLICATE,---
1999-11-10 16:34:08 PST,michael.j.lowe,Last Resolved,1999-11-10 16:34:08,1999-10-26 12:25:08
1999-11-10 22:14:11 PST,mpt26,Status,REOPENED,RESOLVED
1999-11-10 22:16:41 PST,mpt26,Resolution,---,DUPLICATE
1999-11-11 12:21:47 PST,mikepinkerton,Whiteboard,,will check in fix for unix as soon as tree opens for M12
1999-11-11 12:21:47 PST,mikepinkerton,Status,ASSIGNED,REOPENED
1999-11-11 12:23:14 PST,mikepinkerton,Priority,P3,P1
1999-11-11 17:11:39 PST,mikepinkerton,Target Milestone,M20,M12
2000-01-13 16:06:07 PST,ian,Keywords,css2,
2000-01-23 16:43:26 PST,michael.j.lowe,Keywords,pp,
2000-02-05 19:26:20 PST,michael.j.lowe,Summary,should support CSS2 system colors,[PP] {css2} should support CSS2 system colors
2000-03-24 07:53:58 PST,mpt,Keywords,helpwanted,
2000-03-24 07:53:58 PST,mpt,OS,All,Linux
2000-03-27 16:29:01 PST,mpt,Blocks,33527,
2000-04-04 19:05:55 PDT,trudelle,Target Milestone,M30,M20
2000-04-25 05:59:48 PDT,hsivonen,CC,henris,
2000-04-25 17:45:40 PDT,pierre,Blocks,4252,
2000-04-29 15:20:41 PDT,hamfastgamgee,CC,andersma,
2000-05-25 15:21:37 PDT,trudelle,Target Milestone,Future,M30
2000-05-26 04:06:41 PDT,mpt,Blocks,39375,
2000-06-27 22:16:51 PDT,braden,Hardware,Macintosh,All
2000-06-27 22:16:51 PDT,braden,OS,Mac System 9.0,All
2000-07-02 18:14:34 PDT,jar,Blocks,,17907
2000-07-24 20:15:38 PDT,lordpixel,Blocks,46174,
2000-07-24 20:29:12 PDT,nbhatla,CC,nbhatla,
2000-08-07 22:51:05 PDT,mozilla,CC,David,
2000-08-15 21:09:39 PDT,lordpixel,Blocks,49144,
2000-08-30 14:08:08 PDT,hsivonen,Blocks,50804,
2000-09-14 21:39:21 PDT,lordpixel,CC,pierre,
2000-09-14 22:28:35 PDT,lordpixel,Keywords,nsbeta3,
2000-09-14 22:40:34 PDT,trudelle,CC,? jrgm, trudelle,? trudelle
2000-09-20 17:31:07 PDT,trudelle,Whiteboard,[need info],
2000-09-23 20:32:26 PDT,mpt,Blocks,53927,
2000-09-26 20:50:43 PDT,lordpixel,Keywords,,nsbeta3
2000-10-02 11:50:22 PDT,mikepinkerton,Status,NEW,ASSIGNED
2000-10-02 11:50:22 PDT,mikepinkerton,Assignee,pierre,pinkerton
2000-10-03 11:41:45 PDT,hsivonen,Keywords,mozilla1.0,
2000-10-08 13:23:44 PDT,lordpixel,Keywords,review,helpwanted
2000-10-10 05:48:02 PDT,pierre,Status,ASSIGNED,NEW
2000-10-15 23:01:58 PDT,lordpixel,OS,All,
2000-10-20 20:32:29 PDT,lordpixel,Blocks,57490,
2000-10-20 21:25:24 PDT,lordpixel,CC,? andreww, trudelle,? trudelle
2000-10-30 20:15:58 PST,pierre,Whiteboard,[review patch],[need info]
2000-10-30 20:15:58 PST,pierre,Target Milestone,mozilla0.6,Future
2000-10-30 20:40:59 PST,lordpixel,Blocks,,53927
2000-10-30 21:08:05 PST,timeless,Keywords,patch,
2000-10-30 21:25:15 PST,pierre,Target Milestone,mozilla0.9,mozilla0.6
2000-11-02 19:58:08 PST,lordpixel,CC,? blizzard, sfraser@,? sfraser, trudelle
2000-11-14 20:50:21 PST,bugzilla,CC,? blakeross, pierr,? pierre, sfraser@
2000-11-16 16:13:20 PST,bugzilla,Status,RESOLVED,ASSIGNED
2000-11-16 16:13:20 PST,bugzilla,Resolution,FIXED,---
2000-11-16 16:13:20 PST,bugzilla,Last Resolved,2000-11-16 16:13:20,1999-11-10 16:34:08
2000-11-16 20:24:37 PST,lordpixel,Keywords,verifyme,patch, pp, review
2000-11-16 20:24:37 PST,lordpixel,Whiteboard,Verify Me,[review patch]
2001-02-12 16:35:40 PST,ian,QA Contact,ian,chrisd
2001-06-22 07:38:48 PDT,ian,QA Contact,mpt,ian
2001-07-11 23:57:32 PDT,btiffany,CC,? btiffany, mpt,? mpt, nbhatla
2003-01-13 15:32:54 PST,brant,Status,VERIFIED,RESOLVED
2008-10-22 01:22:48 PDT,bugzilla,Keywords,,verifyme
