When, Who, What, Added, Removed
1999-07-16 18:17:23 PDT,mozilla,Target Milestone,M9,
1999-07-16 18:17:38 PDT,mozilla,Priority,P2,P3
1999-07-17 16:00:32 PDT,dougt,Status,ASSIGNED,NEW
1999-07-17 16:00:32 PDT,dougt,QA Contact,rjc,mcmullen
1999-07-20 19:31:26 PDT,leger,Summary,[PP]enumerating a folder's contents shouldn't resolve aliases,enumerating a folder's contents shouldn't resolve aliases
1999-07-26 15:45:10 PDT,dougt,Status,RESOLVED,ASSIGNED
1999-07-26 15:45:10 PDT,dougt,Resolution,FIXED,---
1999-07-26 15:45:10 PDT,dougt,Last Resolved,1999-07-26 15:45:10,
2000-02-09 15:31:36 PST,elig,Component,XPCOM,XP File Handling
