When, Who, What, Added, Removed
1999-07-19 14:17:28 PDT,troy,Component,Parser,Layout
1999-07-19 14:17:28 PDT,troy,Assignee,rickg,troy
1999-07-19 23:53:51 PDT,rickg,Status,RESOLVED,NEW
1999-07-19 23:53:51 PDT,rickg,Resolution,FIXED,---
1999-07-19 23:53:51 PDT,rickg,Last Resolved,1999-07-19 23:53:51,
1999-07-26 16:34:32 PDT,chrispetersen,Status,VERIFIED,RESOLVED
1999-10-04 20:54:16 PDT,VYV03354,Status,REOPENED,VERIFIED
1999-10-05 06:09:18 PDT,leger,Resolution,---,FIXED
1999-10-07 00:55:45 PDT,rickg,Assignee,harishd,rickg
1999-10-07 00:55:45 PDT,rickg,Status,NEW,REOPENED
1999-10-11 16:17:42 PDT,harishd,Target Milestone,M11,
1999-11-01 18:19:28 PST,harishd,Target Milestone,M12,M11
1999-11-16 16:55:08 PST,harishd,Target Milestone,M14,M12
1999-12-21 13:45:52 PST,rickg,Status,RESOLVED,NEW
1999-12-21 13:45:52 PST,rickg,Resolution,FIXED,---
1999-12-21 13:45:52 PST,rickg,Last Resolved,1999-12-21 13:45:52,1999-07-19 23:53:51
2000-01-06 12:06:30 PST,chrispetersen,Status,VERIFIED,RESOLVED
