When, Who, What, Added, Removed
1999-07-17 07:45:42 PDT,blizzard,Status,ASSIGNED,NEW
1999-07-17 10:25:00 PDT,blizzard,Status,RESOLVED,ASSIGNED
1999-07-17 10:25:00 PDT,blizzard,Resolution,FIXED,---
1999-07-17 10:25:00 PDT,blizzard,Last Resolved,1999-07-17 10:25:00,
1999-08-16 17:54:20 PDT,jcarpenter0524,Status,VERIFIED,RESOLVED
2000-04-17 11:11:49 PDT,blizzard,Status,NEW,VERIFIED
2000-04-17 11:11:49 PDT,blizzard,Assignee,blizzard,blizzard
2000-04-17 12:21:58 PDT,blizzard,Status,RESOLVED,NEW
2000-04-17 12:21:58 PDT,blizzard,Last Resolved,2000-04-17 12:21:58,1999-07-17 10:25:00
2000-04-17 12:23:08 PDT,blizzard,Status,VERIFIED,RESOLVED
