When, Who, What, Added, Removed
1999-07-17 00:05:58 PDT,Crysgem,Target Milestone,M9,
1999-07-17 00:05:58 PDT,Crysgem,Summary,File download non-functional: Win98,File download non-functional
1999-07-17 00:05:58 PDT,Crysgem,Priority,P4,P3
1999-07-23 00:00:26 PDT,Crysgem,Priority,P2,P4
1999-08-02 18:37:05 PDT,don,Target Milestone,M10,M9
1999-08-03 19:16:33 PDT,Crysgem,Status,RESOLVED,NEW
1999-08-03 19:16:33 PDT,Crysgem,Resolution,FIXED,---
1999-08-03 19:16:33 PDT,Crysgem,Last Resolved,1999-08-03 19:16:33,
1999-08-05 21:37:44 PDT,rubydoo123,Status,VERIFIED,RESOLVED
2004-11-23 18:54:58 PST,myk,Product,Mozilla Application Suite,Core
