When, Who, What, Added, Removed
1999-08-12 02:19:09 PDT,don,Priority,P2,P3
1999-08-12 02:19:09 PDT,don,Assignee,radha,don
1999-08-12 02:19:09 PDT,don,Target Milestone,M10,
1999-08-12 11:27:57 PDT,radha,Status,ASSIGNED,NEW
1999-08-17 12:53:01 PDT,radha,Whiteboard,Waiting QA input,
1999-09-09 11:00:58 PDT,radha,Target Milestone,M14,M11
1999-09-15 12:57:28 PDT,leger,QA Contact,claudius,leger
1999-10-01 14:45:27 PDT,cmaximus,Status,RESOLVED,ASSIGNED
1999-10-01 14:45:27 PDT,cmaximus,Resolution,FIXED,---
1999-10-01 14:45:27 PDT,cmaximus,Last Resolved,1999-10-01 14:45:27,
1999-10-01 14:45:45 PDT,cmaximus,Status,VERIFIED,RESOLVED
2004-11-22 17:25:08 PST,myk,Product,Seamonkey,Browser
