When, Who, What, Added, Removed
1999-07-21 15:44:29 PDT,leger,Component,Sidebar,Browser-General
1999-07-21 15:44:29 PDT,leger,Assignee,slamm,don
1999-07-21 15:44:29 PDT,leger,QA Contact,creveco,leger
1999-07-26 15:12:19 PDT,don,Assignee,duncan,slamm
1999-07-26 21:15:13 PDT,duncan,Status,ASSIGNED,NEW
1999-11-07 08:32:39 PST,michael.j.lowe,Severity,critical,normal
2000-01-28 11:03:47 PST,leger,Keywords,crash,
2000-03-02 12:56:48 PST,duncan,Status,RESOLVED,ASSIGNED
2000-03-02 12:56:48 PST,duncan,Resolution,FIXED,---
2000-03-02 12:56:48 PST,duncan,Last Resolved,2000-03-02 12:56:48,
2001-08-17 06:56:22 PDT,VYA04230,Status,VERIFIED,RESOLVED
2004-11-22 17:25:08 PST,myk,Product,Seamonkey,Browser
