When, Who, What, Added, Removed
1999-07-17 11:35:08 PDT,jband_mozilla,Assignee,rogerl,jband
1999-07-19 13:13:52 PDT,rogerl,Status,ASSIGNED,NEW
2000-01-12 17:09:19 PST,rogerl,Target Milestone,M14,M13
2000-02-01 14:14:25 PST,rogerl,Target Milestone,M15,M14
2000-02-03 18:04:48 PST,leger,QA Contact,rginda,cbegle
2000-03-06 10:48:47 PST,rogerl,Status,NEW,ASSIGNED
2000-03-06 10:48:47 PST,rogerl,Assignee,drapeau,rogerl
2000-03-16 19:45:34 PST,drapeau,Assignee,mtchan,drapeau
2000-03-27 12:19:49 PST,tomi.leppikangas,Status,RESOLVED,NEW
2000-03-27 12:19:49 PST,tomi.leppikangas,Resolution,FIXED,---
2000-03-27 12:19:49 PST,tomi.leppikangas,Last Resolved,2000-03-27 12:19:49,
