When, Who, What, Added, Removed
1999-07-18 09:23:06 PDT,dbaron,URL,http://www.fas.harvard.edu/~dbaron/css/test/xmlid_bak,http://www.fas.harvard.edu/~dbaron/css/test/xmlid
1999-07-22 20:01:55 PDT,nisheeth_mozilla,Status,ASSIGNED,NEW
1999-07-22 20:01:55 PDT,nisheeth_mozilla,Target Milestone,M11,
1999-08-27 23:21:46 PDT,nisheeth_mozilla,Status,RESOLVED,ASSIGNED
1999-08-27 23:21:46 PDT,nisheeth_mozilla,Resolution,FIXED,---
1999-08-27 23:21:46 PDT,nisheeth_mozilla,Last Resolved,1999-08-27 23:21:46,
1999-09-16 19:25:12 PDT,christinehoff4,Status,VERIFIED,RESOLVED
