When, Who, What, Added, Removed
1999-07-25 02:12:27 PDT,jband_mozilla,Status,ASSIGNED,NEW
1999-10-18 13:10:39 PDT,jband_mozilla,Status,NEW,ASSIGNED
1999-10-18 13:10:39 PDT,jband_mozilla,Assignee,shaver,jband
2000-02-03 18:04:50 PST,leger,QA Contact,rginda,cbegle
2000-05-16 09:46:47 PDT,shaver,Keywords,helpwanted,
2000-05-16 09:46:47 PDT,shaver,Status,ASSIGNED,NEW
2000-05-16 09:46:47 PDT,shaver,Target Milestone,Future,---
2000-06-15 10:17:14 PDT,tor,CC,tor,
2000-07-11 01:53:45 PDT,michal,CC,michal,
2000-08-19 02:13:29 PDT,cls,CC,cls,
2001-01-05 15:44:34 PST,bugzilla,Status,RESOLVED,ASSIGNED
2001-01-05 15:44:34 PST,bugzilla,Resolution,FIXED,---
2001-01-05 15:44:34 PST,bugzilla,CC,blakeross,
2001-01-05 15:44:34 PST,bugzilla,Last Resolved,2001-01-05 15:44:34,
2001-01-08 15:10:15 PST,tomi.leppikangas,Status,VERIFIED,RESOLVED
2001-01-10 01:16:56 PST,mcafee,Blocks,59219,
