When, Who, What, Added, Removed
1999-07-21 15:48:34 PDT,leger,Assignee,troy,don
1999-07-21 15:48:34 PDT,leger,QA Contact,petersen,leger
1999-07-21 15:48:34 PDT,leger,Component,Layout,Browser-General
1999-07-21 15:55:54 PDT,troy,Component,Compositor,Layout
1999-07-21 15:55:54 PDT,troy,Assignee,beard,troy
1999-07-21 20:40:15 PDT,troy,Status,ASSIGNED,NEW
1999-07-22 14:50:35 PDT,beard,Status,NEW,ASSIGNED
1999-07-22 14:50:35 PDT,beard,Assignee,ramiro,beard
1999-08-19 14:04:16 PDT,ramiro,Status,RESOLVED,NEW
1999-08-19 14:04:16 PDT,ramiro,Resolution,FIXED,---
1999-08-19 14:04:16 PDT,ramiro,Last Resolved,1999-08-19 14:04:16,
1999-08-27 15:50:59 PDT,chrispetersen,Status,VERIFIED,RESOLVED
2009-01-22 10:17:43 PST,nobody,Product,Core Graveyard,Core
