When, Who, What, Added, Removed
1999-07-17 19:44:09 PDT,dp,Assignee,rickg,dp
1999-07-17 22:49:25 PDT,rickg,Status,ASSIGNED,NEW
1999-07-18 05:15:02 PDT,bratell,OS,All,Linux
1999-07-18 14:39:53 PDT,rickg,Status,RESOLVED,ASSIGNED
1999-07-18 14:39:53 PDT,rickg,Resolution,FIXED,---
1999-07-18 14:39:53 PDT,rickg,Last Resolved,1999-07-18 14:39:53,
1999-07-30 17:06:10 PDT,rubydoo123,Whiteboard,[07301999] waiting to hear back from engineer,
1999-08-01 14:41:56 PDT,kherron+mozilla,Status,VERIFIED,RESOLVED
