When, Who, What, Added, Removed
1999-07-18 11:17:56 PDT,hangas,Summary,Should be const char when pointing to a const char,Should be const char when pointing to a const char
1999-07-18 11:17:56 PDT,hangas,Assignee,chuang,hangas
1999-07-18 11:21:14 PDT,chuang,Status,ASSIGNED,NEW
1999-07-18 11:21:14 PDT,chuang,Target Milestone,M9,
1999-07-21 21:13:28 PDT,chuang,Last Resolved,1999-07-21 21:13:28,
1999-07-21 21:13:28 PDT,chuang,Status,RESOLVED,ASSIGNED
1999-07-21 21:13:28 PDT,chuang,Resolution,FIXED,---
1999-11-11 18:07:21 PST,lchiang,QA Contact,ppandit,lchiang
1999-12-01 11:11:12 PST,ppandit,Status,VERIFIED,RESOLVED
2004-11-22 17:25:08 PST,myk,Product,Seamonkey,Browser
