When, Who, What, Added, Removed
1999-08-04 17:45:58 PDT,norrisboyd,Summary,do not do extern C over include files,do not do extern C over include files
1999-08-04 17:45:58 PDT,norrisboyd,Assignee,arielb,norris
1999-08-04 21:59:06 PDT,arielb,Target Milestone,M9,
1999-08-10 11:54:40 PDT,norrisboyd,Whiteboard,hoping to fix,
1999-08-11 09:44:13 PDT,norrisboyd,Whiteboard,,hoping to fix
1999-08-11 09:44:13 PDT,norrisboyd,Target Milestone,M10,M9
1999-08-19 19:03:26 PDT,norrisboyd,Status,ASSIGNED,NEW
1999-08-31 13:52:53 PDT,norrisboyd,Status,NEW,ASSIGNED
1999-08-31 13:52:53 PDT,norrisboyd,Assignee,norris,arielb
1999-09-01 11:35:27 PDT,norrisboyd,Status,RESOLVED,NEW
1999-09-01 11:35:27 PDT,norrisboyd,Resolution,FIXED,---
1999-09-01 11:35:27 PDT,norrisboyd,Last Resolved,1999-09-01 11:35:27,
2000-02-16 13:08:09 PST,junruh,Status,VERIFIED,RESOLVED
2000-02-16 13:08:09 PST,junruh,QA Contact,junruh,dshea
2000-02-18 12:14:21 PST,leger,Component,Security: CAPS,CAPS
