When, Who, What, Added, Removed
1999-07-21 15:52:46 PDT,leger,Component,Event Handling,Browser-General
1999-07-21 15:52:46 PDT,leger,Assignee,joki,don
1999-07-21 15:52:46 PDT,leger,QA Contact,janc,leger
1999-07-21 16:15:06 PDT,dbaron,Component,other,Event Handling
1999-07-26 22:08:39 PDT,leger,Summary,[PP]pasting into open Location dialog doesn't enable open button,pasting into open Location dialog doesn't enable open button
1999-07-27 07:20:12 PDT,joki,Assignee,law,joki
1999-08-02 10:02:39 PDT,law,Status,ASSIGNED,NEW
1999-08-02 10:02:39 PDT,law,Target Milestone,M10,
1999-09-13 17:11:59 PDT,rubydoo123,QA Contact,claudius,janc
1999-09-16 13:02:28 PDT,law,Depends on,11803,
1999-09-17 18:28:24 PDT,law,Status,RESOLVED,ASSIGNED
1999-09-17 18:28:24 PDT,law,Resolution,FIXED,---
1999-09-17 18:28:24 PDT,law,Last Resolved,1999-09-17 18:28:24,
1999-11-16 19:27:51 PST,cmaximus,Status,VERIFIED,RESOLVED
