When, Who, What, Added, Removed
1999-07-21 15:53:44 PDT,leger,QA Contact,mwa,leger
1999-08-12 02:21:06 PDT,don,Component,XP Toolkit/Widgets,Browser-General
1999-08-12 02:21:06 PDT,don,Assignee,hyatt,don
1999-08-12 10:15:33 PDT,hyatt,Assignee,duncan,hyatt
1999-08-24 23:27:26 PDT,duncan,Status,ASSIGNED,NEW
2001-01-07 03:46:34 PST,cls,Status,RESOLVED,ASSIGNED
2001-01-07 03:46:34 PST,cls,Resolution,WORKSFORME,---
2001-01-07 03:46:34 PST,cls,Last Resolved,2001-01-07 03:46:34,
2001-12-25 11:17:17 PST,mozilla,Status,REOPENED,RESOLVED
2001-12-25 11:17:17 PST,mozilla,Resolution,---,WORKSFORME
2001-12-25 11:17:17 PST,mozilla,CC,wtc, cls,
2001-12-25 18:55:55 PST,beos,Blocks,114349,
2001-12-25 18:57:58 PST,beos,Blocks,,114349
2001-12-25 18:57:58 PST,beos,CC,arougthopher,
2001-12-29 01:22:04 PST,netscape,Attachment #62795                Flags,review+,
2001-12-29 13:31:01 PST,beos,Status,RESOLVED,REOPENED
2001-12-29 13:31:01 PST,beos,Resolution,FIXED,---
2001-12-29 13:31:01 PST,beos,Last Resolved,2001-12-29 13:31:01,2001-01-07 03:46:34
2002-07-27 10:05:38 PDT,bugzilla_kl,Status,VERIFIED,RESOLVED
