When, Who, What, Added, Removed
1999-07-19 15:26:39 PDT,don,Summary,[RFE] Back and Forward button drop down url list sugestion,[enhancement] Back and Forward button drop down url list sugestion
1999-07-19 15:26:39 PDT,don,Component,UE/UI,Browser-General
1999-07-19 15:26:39 PDT,don,Assignee,german,don
1999-07-21 15:56:56 PDT,leger,QA Contact,claudius,leger
1999-08-17 08:59:37 PDT,german,Assignee,don,german
1999-08-17 14:43:02 PDT,don,Target Milestone,M14,
2000-01-27 13:46:44 PST,ian,CC,ian,
2000-02-10 18:09:24 PST,leger,Component,User Interface: Design Feedback,UE/UI
2000-02-18 14:41:46 PST,ian,Depends on,28408,
2000-02-18 23:12:42 PST,alan-lists,CC,asj,
2000-02-19 06:58:23 PST,kerz,CC,kerz,
2000-05-02 15:18:21 PDT,german,Target Milestone,M17,M20
2000-05-13 04:15:20 PDT,ian,Depends on,16479,
2000-05-15 10:01:05 PDT,radha,Status,RESOLVED,NEW
2000-05-15 10:01:05 PDT,radha,Resolution,FIXED,---
2000-05-15 10:01:05 PDT,radha,Last Resolved,2000-05-15 10:01:05,
2000-05-16 19:09:22 PDT,cmaximus,Status,VERIFIED,RESOLVED
2002-11-03 03:30:15 PST,timeless,Component,Browser-General,User Interface Design
2004-11-22 17:25:08 PST,myk,Product,Seamonkey,Browser
