When, Who, What, Added, Removed
1999-07-18 12:01:51 PDT,dougt,Blocks,5577,
1999-07-18 12:02:11 PDT,dougt,Blocks,5579,
1999-07-19 20:23:25 PDT,dougt,Depends on,10177,
1999-07-22 12:30:36 PDT,dougt,Target Milestone,M9,
1999-07-26 12:10:54 PDT,dougt,Status,RESOLVED,NEW
1999-07-26 12:10:54 PDT,dougt,Resolution,WORKSFORME,---
1999-07-26 12:10:54 PDT,dougt,Last Resolved,1999-07-26 12:10:54,
1999-08-02 15:17:11 PDT,jimmykenlee,Status,REOPENED,RESOLVED
1999-08-02 17:34:36 PDT,leger,Resolution,---,WORKSFORME
1999-08-04 14:56:35 PDT,ssu0262,Component,Install Wizard,XPInstall
1999-08-05 09:33:05 PDT,dveditz,Component,XPInstall,Install Wizard
1999-08-09 15:39:59 PDT,cathleennscp,Summary,progess dlg crashes when trigger jars before previous one is finished,nsInstallProgressDialog is crashing on NT during ItemScheduled.
1999-08-09 15:39:59 PDT,cathleennscp,Target Milestone,M10,M9
1999-08-12 18:37:24 PDT,dougt,Status,RESOLVED,REOPENED
1999-08-12 18:37:24 PDT,dougt,Resolution,FIXED,---
1999-08-12 18:37:24 PDT,dougt,Last Resolved,1999-08-12 18:37:24,1999-07-26 12:10:54
1999-08-24 18:12:26 PDT,jimmykenlee,Status,VERIFIED,RESOLVED
