When, Who, What, Added, Removed
1999-07-19 12:09:31 PDT,rhp,Status,ASSIGNED,NEW
1999-07-19 12:09:31 PDT,rhp,Target Milestone,M9,
1999-07-22 14:45:20 PDT,rhp,Status,RESOLVED,ASSIGNED
1999-07-22 14:45:20 PDT,rhp,Resolution,FIXED,---
1999-07-22 14:45:20 PDT,rhp,Last Resolved,1999-07-22 14:45:20,
1999-07-22 14:50:09 PDT,lchiang,QA Contact,ppandit,lchiang
1999-07-26 19:06:58 PDT,ppandit,Status,VERIFIED,RESOLVED
2004-11-22 17:26:45 PST,myk,Product,Core,MailNews
2008-07-31 04:30:00 PDT,nobody,Product,MailNews Core,Core
