When, Who, What, Added, Removed
1999-07-21 15:56:07 PDT,leger,Component,HTML Form Controls,Browser-General
1999-07-21 15:56:07 PDT,leger,Assignee,karnaze,don
1999-07-21 15:56:07 PDT,leger,QA Contact,phillip,leger
1999-07-21 16:05:25 PDT,karnaze,Assignee,kmcclusk,karnaze
1999-07-26 14:49:03 PDT,kmcclusk,Assignee,rods,kmcclusk
1999-07-29 07:32:27 PDT,rods,Resolution,FIXED,---
1999-07-29 07:32:27 PDT,rods,Last Resolved,1999-07-29 07:32:27,
1999-07-29 07:32:27 PDT,rods,Status,RESOLVED,NEW
1999-09-18 17:30:29 PDT,leger,Status,VERIFIED,RESOLVED
