When, Who, What, Added, Removed
1999-07-19 15:54:28 PDT,drapeau,Status,ASSIGNED,NEW
1999-07-20 19:31:37 PDT,leger,Summary,[PP]MRJPlugin breaks current apprunner,MRJPlugin breaks current apprunner
1999-07-30 14:12:25 PDT,mark.lin,Status,RESOLVED,ASSIGNED
1999-07-30 14:12:25 PDT,mark.lin,Resolution,FIXED,---
1999-07-30 14:12:25 PDT,mark.lin,Last Resolved,1999-07-30 14:12:25,
1999-11-17 11:43:58 PST,pawyskoczka,Status,VERIFIED,RESOLVED
2010-10-16 12:09:29 PDT,timeless,Product,Core Graveyard,Core
2010-10-16 12:09:29 PDT,timeless,Component,Java: OJI,Java: OJI
