When, Who, What, Added, Removed
1999-07-19 15:55:19 PDT,drapeau,Status,ASSIGNED,NEW
1999-07-20 19:31:44 PDT,leger,Summary,[PP]MRJPlugin doesn't build w/ current source,MRJPlugin doesn't build w/ current source
1999-07-30 14:16:10 PDT,mark.lin,Status,RESOLVED,ASSIGNED
1999-07-30 14:16:10 PDT,mark.lin,Resolution,FIXED,---
1999-07-30 14:16:10 PDT,mark.lin,Last Resolved,1999-07-30 14:16:10,
1999-10-18 15:23:23 PDT,pawyskoczka,Status,VERIFIED,RESOLVED
2010-10-16 12:09:40 PDT,timeless,Product,Core Graveyard,Core
2010-10-16 12:09:40 PDT,timeless,Component,Java: OJI,Java: OJI
