When, Who, What, Added, Removed
1999-07-19 10:55:34 PDT,selmer,Assignee,racham,selmer
1999-07-19 10:55:34 PDT,selmer,Target Milestone,M9,
1999-07-21 13:52:08 PDT,racham,Assignee,gayatrib,racham
1999-07-27 16:09:00 PDT,gayatrib,Status,RESOLVED,NEW
1999-07-27 16:09:00 PDT,gayatrib,Resolution,FIXED,---
1999-07-27 16:09:00 PDT,gayatrib,Last Resolved,1999-07-27 16:09:00,
1999-07-28 14:10:10 PDT,agracebush,Status,VERIFIED,RESOLVED
2000-01-20 09:22:10 PST,leger,Component,Profile Manager BackEnd,Profile Manager
