When, Who, What, Added, Removed
1999-08-03 00:30:13 PDT,dp,Status,ASSIGNED,NEW
1999-08-03 00:30:13 PDT,dp,Component,Necko,XPCOM
1999-08-03 00:30:26 PDT,dp,Target Milestone,M9,
1999-08-03 18:27:30 PDT,warrensomebody,Status,RESOLVED,ASSIGNED
1999-08-03 18:27:30 PDT,warrensomebody,Resolution,FIXED,---
1999-08-03 18:27:30 PDT,warrensomebody,Last Resolved,1999-08-03 18:27:30,
1999-08-06 16:07:42 PDT,rubydoo123,Summary,[CRASH]crash in xpcom.dll,crash in xpcom.dll
1999-08-06 16:07:42 PDT,rubydoo123,Status,REOPENED,RESOLVED
1999-08-06 16:07:55 PDT,rubydoo123,Resolution,---,FIXED
1999-08-07 22:20:07 PDT,dp,Summary,[CRASH]crash in when visiting url,[CRASH]crash in xpcom.dll
1999-08-07 22:20:07 PDT,dp,Status,NEW,REOPENED
1999-08-07 22:20:07 PDT,dp,Assignee,warren,dp
1999-08-09 10:07:21 PDT,warrensomebody,Assignee,gagan,warren
1999-08-10 23:36:31 PDT,gagan,Status,RESOLVED,NEW
1999-08-10 23:36:31 PDT,gagan,Resolution,FIXED,---
1999-08-10 23:36:31 PDT,gagan,Last Resolved,1999-08-10 23:36:31,1999-08-03 18:27:30
1999-08-11 07:17:14 PDT,rubydoo123,Whiteboard,[19990811] waiting for the 8:00 build,
1999-08-11 08:03:23 PDT,rubydoo123,Status,VERIFIED,RESOLVED
