When, Who, What, Added, Removed
1999-08-17 08:41:38 PDT,norrisboyd,Status,ASSIGNED,NEW
1999-08-26 09:55:35 PDT,norrisboyd,Target Milestone,M11,
1999-08-27 08:36:22 PDT,norrisboyd,Blocks,12633,
1999-09-10 09:52:19 PDT,norrisboyd,Depends on,7261,
1999-09-15 12:59:00 PDT,leger,Component,Security,Browser-General
1999-09-15 12:59:00 PDT,leger,QA Contact,dshea,leger
1999-10-13 16:17:34 PDT,norrisboyd,URL,http://prime/gunxul/bookm1.xul,
1999-10-20 11:03:19 PDT,norrisboyd,Status,RESOLVED,ASSIGNED
1999-10-20 11:03:19 PDT,norrisboyd,Resolution,FIXED,---
1999-10-20 11:03:19 PDT,norrisboyd,Last Resolved,1999-10-20 11:03:19,
1999-11-03 15:02:06 PST,junruh,QA Contact,junruh,dshea
1999-11-03 15:02:06 PST,junruh,Status,VERIFIED,RESOLVED
1999-12-16 16:40:31 PST,norrisboyd,Blocks,7252,
2000-02-21 10:11:52 PST,leger,Component,Security: General,Security
2000-02-29 13:24:56 PST,junruh,Depends on,,7261
