When, Who, What, Added, Removed
1999-07-19 11:44:21 PDT,karnaze,Assignee,pollmann,karnaze
1999-07-19 12:58:51 PDT,pollmann,Status,RESOLVED,NEW
1999-07-19 12:58:51 PDT,pollmann,Resolution,WORKSFORME,---
1999-07-19 12:58:51 PDT,pollmann,Last Resolved,1999-07-19 12:58:51,
1999-07-26 14:15:20 PDT,cpratt,Status,REOPENED,RESOLVED
1999-07-26 14:15:28 PDT,cpratt,Resolution,---,WORKSFORME
1999-07-26 15:35:03 PDT,pollmann,Status,ASSIGNED,REOPENED
1999-07-27 18:25:05 PDT,pollmann,Summary,Form Submission (POST) not implemented in Necko.,Form Submission (POST) not passing Select items
1999-07-27 18:25:05 PDT,pollmann,Hardware,All,PC
1999-07-27 18:25:05 PDT,pollmann,OS,All,Windows NT
1999-07-27 18:25:05 PDT,pollmann,Status,NEW,ASSIGNED
1999-07-27 18:25:05 PDT,pollmann,Component,Necko,Form Submission
1999-07-27 18:25:05 PDT,pollmann,Assignee,warren,pollmann
1999-07-27 18:25:05 PDT,pollmann,Target Milestone,M9,
1999-07-27 18:27:41 PDT,pollmann,Blocks,7232,
1999-07-29 07:05:38 PDT,chofmann,Blocks,10730,
1999-07-29 07:43:57 PDT,chofmann,Summary,sched - Form Submission (POST) not implemented in Necko.,Form Submission (POST) not implemented in Necko.
1999-07-30 01:07:00 PDT,warrensomebody,Status,ASSIGNED,NEW
1999-08-02 15:24:56 PDT,jgmyers,Blocks,9347,
1999-08-03 19:57:43 PDT,warrensomebody,Status,NEW,ASSIGNED
1999-08-03 19:57:43 PDT,warrensomebody,Assignee,mcafee,warren
1999-08-04 23:32:08 PDT,mcafee,Status,RESOLVED,NEW
1999-08-04 23:32:08 PDT,mcafee,Resolution,FIXED,---
1999-08-04 23:32:08 PDT,mcafee,Last Resolved,1999-08-04 23:32:08,1999-07-19 12:58:51
1999-08-14 13:47:02 PDT,cpratt,Status,VERIFIED,RESOLVED
