When, Who, What, Added, Removed
1999-07-19 09:26:07 PDT,chofmann,Assignee,paulmac,chofmann
1999-07-19 14:33:55 PDT,leger,Component,Networking Library,other
1999-07-19 14:33:55 PDT,leger,Assignee,warren,paulmac
1999-07-19 14:33:55 PDT,leger,QA Contact,paulmac,leger
1999-07-22 10:50:12 PDT,leger,Target Milestone,M9,
1999-07-30 01:06:22 PDT,warrensomebody,Status,ASSIGNED,NEW
1999-07-31 12:28:30 PDT,paulmac,Whiteboard,asked reporter to verify,
1999-07-31 12:28:30 PDT,paulmac,Status,RESOLVED,ASSIGNED
1999-07-31 12:28:30 PDT,paulmac,Resolution,FIXED,---
1999-07-31 12:28:30 PDT,paulmac,Last Resolved,1999-07-31 12:28:30,
1999-08-09 19:47:50 PDT,paulmac,Status,VERIFIED,RESOLVED
