When, Who, What, Added, Removed
1999-07-19 11:14:39 PDT,lchiang,Severity,blocker,normal
1999-07-19 11:14:39 PDT,lchiang,Summary,[Blocker] Crash when sending a message,Crash when sending a message
1999-07-19 11:33:36 PDT,scottputterman,Assignee,mjudge,sfraser
1999-07-19 11:33:46 PDT,scottputterman,Status,RESOLVED,NEW
1999-07-19 11:33:46 PDT,scottputterman,Resolution,FIXED,---
1999-07-19 11:33:46 PDT,scottputterman,Last Resolved,1999-07-19 11:33:46,
1999-08-18 14:37:09 PDT,fenella,Status,VERIFIED,RESOLVED
2004-11-22 17:26:45 PST,myk,Product,Core,MailNews
2008-07-31 04:30:00 PDT,nobody,Product,MailNews Core,Core
