When, Who, What, Added, Removed
1999-07-22 12:26:18 PDT,dougt,Status,RESOLVED,NEW
1999-07-22 12:26:18 PDT,dougt,Resolution,FIXED,---
1999-07-22 12:26:18 PDT,dougt,Last Resolved,1999-07-22 12:26:18,
1999-07-22 12:54:36 PDT,jimmykenlee,Status,REOPENED,RESOLVED
1999-07-26 11:56:15 PDT,leger,Resolution,---,FIXED
1999-07-27 18:02:17 PDT,dveditz,Severity,critical,major
1999-07-27 18:02:17 PDT,dveditz,Priority,P1,P3
1999-08-03 18:07:52 PDT,cathleennscp,Blocks,11020,
1999-08-03 18:52:40 PDT,cathleennscp,Summary,[feature] [PP]Version Registry: Package node not created after triggering jar file,[PP]Version Registry: Package node not created after triggering jar file
1999-08-11 16:42:27 PDT,cathleennscp,Target Milestone,M11,
1999-08-30 13:40:53 PDT,cathleennscp,Blocks,12805,
1999-12-07 00:06:01 PST,dveditz,Target Milestone,M13,M12
2000-01-18 12:18:53 PST,dveditz,Target Milestone,M14,M13
2000-01-23 16:45:04 PST,michael.j.lowe,Keywords,pp,
2000-02-02 01:22:09 PST,dveditz,Priority,P3,P1
2000-02-06 00:29:36 PST,michael.j.lowe,Summary,[feature] Version Registry: Package node not created after triggering jar file,[feature] [PP]Version Registry: Package node not created after triggering jar file
2000-03-20 13:21:06 PST,cathleennscp,Status,RESOLVED,ASSIGNED
2000-03-20 13:21:06 PST,cathleennscp,Resolution,FIXED,---
2000-03-20 13:21:06 PST,cathleennscp,Last Resolved,2000-03-20 13:21:06,1999-07-22 12:26:18
2000-03-21 11:43:25 PST,jimmykenlee,Status,VERIFIED,RESOLVED
2000-03-21 11:43:25 PST,jimmykenlee,CC,depstein,
