When, Who, What, Added, Removed
1999-07-19 14:26:27 PDT,mozilla,Assignee,bienvenu,phil
1999-07-19 14:40:48 PDT,lchiang,Summary,[PP] can't view more than one message,can't view more than one message
1999-07-19 14:58:31 PDT,pmock,Summary,[PP] can't view more than one message under POP,[PP] can't view more than one message
1999-07-19 15:00:36 PDT,lchiang,Summary,[PP] [blocker] can't view more than one message under POP,[PP] can't view more than one message under POP
1999-07-19 19:58:23 PDT,mozilla,Assignee,rods,bienvenu
1999-07-20 07:31:02 PDT,rods,Status,RESOLVED,NEW
1999-07-20 07:31:02 PDT,rods,Resolution,FIXED,---
1999-07-20 07:31:02 PDT,rods,Last Resolved,1999-07-20 07:31:02,
1999-07-22 19:13:21 PDT,pmock,Status,VERIFIED,RESOLVED
2001-11-12 18:38:32 PST,rangansen,CC,awnuk,
2004-11-22 17:25:08 PST,myk,Product,Seamonkey,Browser
