When, Who, What, Added, Removed
1999-07-20 11:38:38 PDT,scottputterman,Assignee,ducarroz,phil
1999-07-20 12:23:46 PDT,bugzilla,Status,ASSIGNED,NEW
1999-07-22 13:29:07 PDT,bugzilla,Status,RESOLVED,ASSIGNED
1999-07-22 13:29:07 PDT,bugzilla,Resolution,INVALID,---
1999-07-22 13:29:07 PDT,bugzilla,Last Resolved,1999-07-22 13:29:07,
1999-07-22 13:29:35 PDT,bugzilla,Target Milestone,M9,
1999-07-27 12:24:19 PDT,fenella,Status,REOPENED,RESOLVED
1999-07-27 13:15:13 PDT,fenella,Resolution,---,INVALID
1999-08-04 13:34:12 PDT,bugzilla,Target Milestone,M11,M9
1999-08-11 18:34:40 PDT,fenella,Hardware,All,PC
1999-08-11 18:34:40 PDT,fenella,OS,All,Windows 98
1999-08-24 10:10:57 PDT,sol,Whiteboard,[PR1],
1999-09-20 15:37:45 PDT,lchiang,Blocks,11091,
1999-09-21 14:39:20 PDT,phil,Summary,Compose: if error sending, window doesn't close or display error,compose message window does not close upon sending message
1999-10-06 14:42:20 PDT,bugzilla,Status,RESOLVED,REOPENED
1999-10-06 14:42:20 PDT,bugzilla,Resolution,FIXED,---
1999-10-06 14:42:20 PDT,bugzilla,Last Resolved,1999-10-06 14:42:20,1999-07-22 13:29:07
1999-11-03 18:09:06 PST,fenella,Status,VERIFIED,RESOLVED
2004-11-22 17:25:08 PST,myk,Product,Seamonkey,Browser
