When, Who, What, Added, Removed
1999-07-19 15:39:48 PDT,lchiang,QA Contact,laurel,lchiang
1999-07-19 15:42:29 PDT,mozilla,Status,ASSIGNED,NEW
1999-07-19 15:42:29 PDT,mozilla,Target Milestone,M11,
1999-07-22 13:50:46 PDT,laurel,Hardware,All,PC
1999-07-22 13:50:46 PDT,laurel,OS,All,Windows NT
1999-08-03 08:53:29 PDT,mozilla,Resolution,FIXED,---
1999-08-03 08:53:29 PDT,mozilla,Target Milestone,M9,M11
1999-08-03 08:53:29 PDT,mozilla,Last Resolved,1999-08-03 08:53:29,
1999-08-03 08:53:29 PDT,mozilla,Status,RESOLVED,ASSIGNED
1999-10-20 13:07:02 PDT,laurel,Status,VERIFIED,RESOLVED
2004-11-22 17:26:45 PST,myk,Product,Core,MailNews
2008-07-31 04:30:00 PDT,nobody,Product,MailNews Core,Core
