When, Who, What, Added, Removed
1999-07-19 16:07:01 PDT,elig,QA Contact,elig,leger
1999-07-19 16:13:15 PDT,elig,Assignee,rickg,chofmann
1999-07-19 16:14:24 PDT,elig,Component,Parser,other
1999-07-19 23:40:37 PDT,rickg,Component,Layout,Parser
1999-07-19 23:40:37 PDT,rickg,Assignee,peterl,rickg
1999-07-20 08:39:12 PDT,peterl-retired,Status,ASSIGNED,NEW
1999-07-24 13:48:31 PDT,peterl-retired,Status,RESOLVED,ASSIGNED
1999-07-24 13:48:31 PDT,peterl-retired,Resolution,FIXED,---
1999-07-24 13:48:31 PDT,peterl-retired,Last Resolved,1999-07-24 13:48:31,
1999-07-27 15:10:23 PDT,elig,Status,REOPENED,RESOLVED
1999-07-27 17:10:40 PDT,peterl-retired,Last Resolved,1999-07-27 17:10:40,1999-07-24 13:48:31
1999-07-27 17:10:40 PDT,peterl-retired,Status,RESOLVED,REOPENED
1999-07-28 10:02:10 PDT,elig,Status,VERIFIED,RESOLVED
