When, Who, What, Added, Removed
1999-07-21 10:40:03 PDT,karnaze,Status,ASSIGNED,NEW
1999-07-21 10:40:03 PDT,karnaze,Target Milestone,M11,
1999-07-31 09:48:32 PDT,dave532,Status,RESOLVED,ASSIGNED
1999-07-31 09:48:32 PDT,dave532,Resolution,WORKSFORME,---
1999-07-31 09:48:32 PDT,dave532,Last Resolved,1999-07-31 09:48:32,
1999-07-31 09:48:32 PDT,dave532,Whiteboard,[WORKSFORME],
1999-08-14 18:15:23 PDT,dbaron,Status,VERIFIED,RESOLVED
2000-04-08 09:27:18 PDT,dbaron,Whiteboard,,[WORKSFORME]
2000-04-08 09:27:18 PDT,dbaron,Summary,captions are expanding size of tables,captions are setting size of tables
2000-04-08 09:27:18 PDT,dbaron,Status,REOPENED,VERIFIED
2000-04-08 09:27:18 PDT,dbaron,Resolution,---,WORKSFORME
2000-04-10 09:15:51 PDT,karnaze,Status,NEW,REOPENED
2000-04-10 09:15:51 PDT,karnaze,Assignee,buster,karnaze
2000-04-10 15:01:16 PDT,buster,Target Milestone,M16,M11
2000-04-10 15:01:16 PDT,buster,Status,ASSIGNED,NEW
2000-04-10 15:01:16 PDT,buster,Severity,major,normal
2000-04-10 15:01:16 PDT,buster,Priority,P1,P3
2000-04-10 17:28:34 PDT,buster,Status,NEW,ASSIGNED
2000-04-10 17:28:34 PDT,buster,Assignee,karnaze,buster
2000-04-10 17:28:34 PDT,buster,CC,troy,
2000-04-28 16:29:12 PDT,karnaze,Status,RESOLVED,NEW
2000-04-28 16:29:12 PDT,karnaze,Resolution,FIXED,---
2000-04-28 16:29:12 PDT,karnaze,Last Resolved,2000-04-28 16:29:12,1999-07-31 09:48:32
2000-07-14 13:37:00 PDT,christinehoff4,Status,VERIFIED,RESOLVED
