When, Who, What, Added, Removed
1999-07-22 12:24:51 PDT,dougt,Target Milestone,M12,
1999-07-23 14:08:00 PDT,dveditz,Status,ASSIGNED,NEW
1999-08-23 17:31:49 PDT,cathleennscp,Target Milestone,M14,M12
2000-01-18 18:26:55 PST,cathleennscp,Assignee,dbragg,cathleen
2000-01-23 16:45:56 PST,michael.j.lowe,Keywords,pp,
2000-01-31 09:56:00 PST,dbragg,Status,RESOLVED,NEW
2000-01-31 09:56:00 PST,dbragg,Resolution,FIXED,---
2000-01-31 09:56:00 PST,dbragg,Last Resolved,2000-01-31 09:56:00,
2000-02-09 16:23:52 PST,jimmykenlee,Status,VERIFIED,RESOLVED
2000-02-09 16:23:52 PST,jimmykenlee,CC,depstein,
2000-06-16 03:29:28 PDT,dveditz,Status,REOPENED,VERIFIED
2000-06-16 03:29:28 PDT,dveditz,Resolution,---,FIXED
2000-06-16 03:29:28 PDT,dveditz,CC,dveditz,cathleen
2000-09-25 16:58:06 PDT,jimmykenlee,Summary,[PP]addFile: Long file names (32 chars) not supported,[PP]AddSubcomponent: Long file names (32 chars) not supported
2000-10-30 17:19:07 PST,depman1,Summary,[PP]addFile: Long file names (32 chars) not correctly handled,[PP]addFile: Long file names (32 chars) not supported
2000-12-13 22:48:42 PST,dveditz,Target Milestone,---,M14
2001-01-07 17:51:55 PST,dveditz,Keywords,nsbeta1, patch,
2001-01-15 14:14:16 PST,dveditz,Whiteboard,[xpibug],
2001-01-22 04:00:13 PST,dveditz,Target Milestone,mozilla0.9,---
2001-02-15 03:42:37 PST,slogan,Keywords,nsbeta1+,nsbeta1, patch, pp
2001-03-07 17:04:54 PST,dbragg,Target Milestone,mozilla0.8.1,mozilla0.9
2001-03-08 15:25:52 PST,dbragg,Resolution,FIXED,---
2001-03-08 15:25:52 PST,dbragg,Last Resolved,2001-03-08 15:25:52,2000-01-31 09:56:00
2001-03-08 15:25:52 PST,dbragg,Status,RESOLVED,REOPENED
2001-03-09 15:44:41 PST,jimmykenlee,Status,VERIFIED,RESOLVED
2001-03-09 15:44:41 PST,jimmykenlee,CC,gbush,depstein, paw
