When, Who, What, Added, Removed
1999-07-21 00:27:01 PDT,mcafee,Assignee,rickg,trudelle
1999-07-21 21:53:28 PDT,rickg,Assignee,vidur,rickg
1999-08-12 00:19:00 PDT,mdubinko,Whiteboard,[TESTCASE] PP for events on <INPUT>,
1999-09-16 13:33:07 PDT,pollmann,Assignee,pierre,vidur
1999-09-21 15:47:01 PDT,pierre,Severity,blocker,normal
1999-09-21 15:47:01 PDT,pierre,Assignee,tague,pierre
1999-09-21 16:17:11 PDT,tague,Status,ASSIGNED,NEW
1999-09-21 16:17:11 PDT,tague,Target Milestone,M12,
1999-10-07 10:40:23 PDT,phil,Blocks,14742,
1999-10-07 15:35:35 PDT,erik,Status,NEW,ASSIGNED
1999-10-07 15:35:35 PDT,erik,Assignee,ftang,tague
1999-10-07 16:16:09 PDT,ftang,Target Milestone,M11,M12
1999-10-07 23:39:34 PDT,ftang,Summary,[key]HTML:INPUT not properly handling some event handlers,HTML:INPUT not properly handling some event handlers
1999-10-07 23:39:34 PDT,ftang,Status,ASSIGNED,NEW
1999-10-07 23:39:34 PDT,ftang,Priority,P1,P3
1999-10-14 13:11:41 PDT,ftang,Status,RESOLVED,ASSIGNED
1999-10-14 13:11:41 PDT,ftang,Resolution,FIXED,---
1999-10-14 13:11:41 PDT,ftang,Last Resolved,1999-10-14 13:11:41,
1999-12-01 20:32:12 PST,paulmac,QA Contact,gerardok,phillip
2000-07-13 16:18:21 PDT,desale,Status,VERIFIED,RESOLVED
