When, Who, What, Added, Removed
1999-07-19 15:59:52 PDT,marina,Summary,Address Book: when editing first,Last Names Display Name doesn't autocomplete,Address Book: when editing first,Last Names Display Name doesn't autocomplete and is not showing in the thread pane
1999-07-21 14:32:27 PDT,hangas,Status,RESOLVED,NEW
1999-07-21 14:32:27 PDT,hangas,Resolution,FIXED,---
1999-07-21 14:32:27 PDT,hangas,Last Resolved,1999-07-21 14:32:27,
1999-07-21 14:32:43 PDT,hangas,Target Milestone,M9,
1999-08-18 11:26:54 PDT,marina,Status,VERIFIED,RESOLVED
2004-11-22 17:25:08 PST,myk,Product,Seamonkey,Browser
