When, Who, What, Added, Removed
1999-07-19 17:44:34 PDT,fenella,Summary,Regression: Crash on Send Later,Crash on Send Later
1999-07-19 17:44:34 PDT,fenella,Hardware,All,Other
1999-07-19 17:44:34 PDT,fenella,OS,All,Linux
1999-08-10 12:57:16 PDT,sfraser_bugs,Status,ASSIGNED,NEW
1999-08-24 10:24:02 PDT,sol,Whiteboard,[PR1],
1999-09-13 11:26:10 PDT,buster,Target Milestone,M12,
1999-09-13 13:20:42 PDT,fenella,Status,RESOLVED,ASSIGNED
1999-09-13 13:20:42 PDT,fenella,Resolution,FIXED,---
1999-09-13 13:20:42 PDT,fenella,Last Resolved,1999-09-13 13:20:42,
1999-09-13 13:23:31 PDT,fenella,Status,VERIFIED,RESOLVED
2004-11-22 17:26:45 PST,myk,Product,Core,MailNews
2008-07-31 04:30:00 PDT,nobody,Product,MailNews Core,Core
