When, Who, What, Added, Removed
1999-07-21 00:28:03 PDT,mcafee,Assignee,evaughan,trudelle
1999-07-26 22:09:38 PDT,leger,Summary,[PP]disabled scrollbars look wrong,disabled scrollbars look wrong
1999-08-04 10:52:02 PDT,eric,Status,ASSIGNED,NEW
1999-08-05 18:15:24 PDT,eric,Target Milestone,M10,
1999-09-09 17:25:10 PDT,eric,Target Milestone,M11,M10
1999-09-21 19:24:00 PDT,eric,Target Milestone,M13,M11
2000-01-14 14:32:35 PST,eric,Target Milestone,M15,M14
2000-01-23 16:46:34 PST,michael.j.lowe,Keywords,pp,
2000-02-11 20:50:52 PST,michael.j.lowe,Summary,disabled scrollbars look wrong,[PP]disabled scrollbars look wrong
2000-03-21 12:35:19 PST,eric,Target Milestone,M16,M15
2000-03-21 15:54:34 PST,eric,Target Milestone,M17,M16
2000-04-04 21:15:51 PDT,trudelle,Target Milestone,M18,M17
2000-04-10 23:10:40 PDT,paulmac,QA Contact,jrgm,paulmac
2000-05-25 16:54:02 PDT,trudelle,Target Milestone,M21,M18
2000-06-22 23:05:35 PDT,eric,Status,RESOLVED,ASSIGNED
2000-06-22 23:05:35 PDT,eric,Resolution,FIXED,---
2000-06-22 23:05:35 PDT,eric,Last Resolved,2000-06-22 23:05:35,
