When, Who, What, Added, Removed
1999-07-19 18:45:18 PDT,jcarpenter0524,QA Contact,janc,gerardok
1999-07-31 15:20:05 PDT,mats,Whiteboard,[TESTCASE],
1999-09-16 11:29:36 PDT,shaver,Target Milestone,M15,
1999-11-08 17:44:46 PST,jcarpenter0524,Summary,DOM comparison of [CI] align attribute fails when comparing upper and lower case.,DOM returns wrong case for align attribute of HTMLTableElement
1999-11-16 15:13:42 PST,vidur,Status,ASSIGNED,NEW
1999-11-16 15:13:54 PST,vidur,Status,RESOLVED,ASSIGNED
1999-11-16 15:13:54 PST,vidur,Resolution,FIXED,---
1999-11-16 15:13:54 PST,vidur,Last Resolved,1999-11-16 15:13:54,
1999-11-17 18:38:06 PST,jcarpenter0524,Summary,[PP]DOM comparison of [CI] align attribute fails when comparing upper and lower case.,DOM comparison of [CI] align attribute fails when comparing upper and lower case.
1999-11-17 18:38:06 PST,jcarpenter0524,Hardware,PC,All
1999-11-17 18:38:06 PST,jcarpenter0524,OS,Windows 98,All
1999-11-17 18:38:06 PST,jcarpenter0524,Status,REOPENED,RESOLVED
1999-11-17 18:38:16 PST,jcarpenter0524,Resolution,---,FIXED
2000-01-21 13:47:34 PST,ekrock,Keywords,testcase,
2000-01-23 16:37:58 PST,michael.j.lowe,Keywords,pp,
2000-02-05 21:17:35 PST,michael.j.lowe,Whiteboard,,[TESTCASE]
2000-02-05 21:17:35 PST,michael.j.lowe,Summary,DOM comparison of [CI] align attribute fails when comparing upper and lower case.,[PP]DOM comparison of [CI] align attribute fails when comparing upper and lower case.
2000-03-19 12:27:20 PST,jcarpenter0524,Status,RESOLVED,ASSIGNED
2000-03-19 12:27:20 PST,jcarpenter0524,Resolution,FIXED,---
2000-03-19 12:27:20 PST,jcarpenter0524,Last Resolved,2000-03-19 12:27:20,1999-11-16 15:13:54
2000-03-19 12:27:32 PST,jcarpenter0524,Status,VERIFIED,RESOLVED
