When, Who, What, Added, Removed
1999-07-20 15:29:43 PDT,dveditz,Priority,P1,P3
1999-07-20 15:29:43 PDT,dveditz,Assignee,dougt,dveditz
1999-07-22 14:18:21 PDT,jimmykenlee,Summary,[PP]CompareVersion is not implemented,CompareVersion is not implemented
1999-07-22 14:18:21 PDT,jimmykenlee,OS,Linux,All
1999-07-22 14:18:21 PDT,jimmykenlee,Status,REOPENED,RESOLVED
1999-07-26 11:56:32 PDT,leger,Resolution,---,FIXED
1999-08-03 17:27:47 PDT,dougt,Status,NEW,REOPENED
1999-08-03 17:27:47 PDT,dougt,Assignee,sgehani,dougt
1999-08-03 17:27:47 PDT,dougt,Target Milestone,M11,
1999-08-15 13:35:15 PDT,samir_bugzilla,Status,ASSIGNED,NEW
1999-08-17 22:52:54 PDT,samir_bugzilla,Last Resolved,1999-08-17 22:52:54,
1999-08-17 22:52:54 PDT,samir_bugzilla,Status,RESOLVED,ASSIGNED
1999-08-17 22:52:54 PDT,samir_bugzilla,Resolution,FIXED,---
1999-08-24 15:22:24 PDT,jimmykenlee,Status,VERIFIED,RESOLVED
