When, Who, What, Added, Removed
1999-07-19 21:47:40 PDT,mikepinkerton,Status,ASSIGNED,NEW
1999-07-19 21:47:40 PDT,mikepinkerton,Severity,trivial,normal
1999-07-19 21:47:40 PDT,mikepinkerton,Priority,P4,P3
1999-07-19 21:47:40 PDT,mikepinkerton,Target Milestone,M9,
1999-07-20 12:49:03 PDT,mikepinkerton,Status,RESOLVED,ASSIGNED
1999-07-20 12:49:03 PDT,mikepinkerton,Resolution,FIXED,---
1999-07-20 12:49:03 PDT,mikepinkerton,Last Resolved,1999-07-20 12:49:03,
1999-07-20 12:49:14 PDT,mikepinkerton,Status,VERIFIED,RESOLVED
1999-07-26 21:23:38 PDT,leger,Summary,[PP]MenusLib in widget.mcp. Doesn't belong there,MenusLib in widget.mcp. Doesn't belong there
2004-11-22 17:25:08 PST,myk,Product,Seamonkey,Browser
