When, Who, What, Added, Removed
1999-08-06 12:13:35 PDT,norrisboyd,Status,ASSIGNED,NEW
1999-08-26 09:55:49 PDT,norrisboyd,Target Milestone,M11,
1999-08-27 08:41:39 PDT,norrisboyd,Blocks,12633,
1999-08-30 11:48:41 PDT,norrisboyd,Depends on,11462,
2000-01-06 14:05:00 PST,norrisboyd,Last Resolved,2000-01-06 14:05:00,
2000-01-06 14:05:00 PST,norrisboyd,Status,RESOLVED,ASSIGNED
2000-01-06 14:05:00 PST,norrisboyd,Resolution,FIXED,---
2000-02-15 13:41:47 PST,junruh,Status,VERIFIED,RESOLVED
2000-02-21 10:11:26 PST,leger,Component,Security: General,Security
