When, Who, What, Added, Removed
1999-07-23 19:01:07 PDT,morse,Status,ASSIGNED,NEW
1999-07-23 19:01:07 PDT,morse,Target Milestone,M9,
1999-08-03 13:58:53 PDT,morse,Status,RESOLVED,ASSIGNED
1999-08-03 13:58:53 PDT,morse,Resolution,FIXED,---
1999-08-03 13:58:53 PDT,morse,Last Resolved,1999-08-03 13:58:53,
1999-08-09 23:23:19 PDT,paulmac,Status,VERIFIED,RESOLVED
2008-09-05 18:04:12 PDT,dolske,Assignee,nobody,morse
2008-09-05 18:04:12 PDT,dolske,QA Contact,form.manager,paulmac
2008-09-05 18:04:12 PDT,dolske,Target Milestone,---,M9
2008-09-05 18:04:12 PDT,dolske,Product,Toolkit,Core
2008-09-05 18:04:12 PDT,dolske,Version,unspecified,Trunk
2008-09-05 18:04:12 PDT,dolske,Component,Form Manager,Form Manager
