When, Who, What, Added, Removed
1999-07-20 02:09:07 PDT,bergie,URL,http://bergie.greywolves.org/misc/bugzilla-10195.html,http://bergie.greywolves.org
1999-07-21 10:48:41 PDT,karnaze,Target Milestone,M9,
1999-07-21 10:48:41 PDT,karnaze,Status,ASSIGNED,NEW
1999-08-02 09:24:39 PDT,mats,Whiteboard,[TESTCASE],
1999-08-02 13:11:25 PDT,karnaze,Status,RESOLVED,ASSIGNED
1999-08-02 13:11:25 PDT,karnaze,Resolution,FIXED,---
1999-08-02 13:11:25 PDT,karnaze,Last Resolved,1999-08-02 13:11:25,
1999-08-19 16:06:53 PDT,christinehoff4,Status,VERIFIED,RESOLVED
