When, Who, What, Added, Removed
1998-08-27 16:40:12 PDT,terry,Component,XFE,
1998-09-09 09:27:49 PDT,slamm,Status,ASSIGNED,NEW
1998-09-09 09:44:49 PDT,slamm,Resolution,DUPLICATE,---
1998-09-09 09:44:49 PDT,slamm,Last Resolved,1998-09-09 09:44:49,
1998-09-09 09:44:49 PDT,slamm,Status,RESOLVED,ASSIGNED
1999-03-04 08:56:37 PST,leger,Status,VERIFIED,RESOLVED
2008-06-17 06:13:19 PDT,mdiallo,CC,mdiallo,
2014-02-19 19:11:34 PST,mozilla+bugcloser,Status,RESOLVED,VERIFIED
2014-02-19 19:11:34 PST,mozilla+bugcloser,Resolution,FIXED,DUPLICATE
2014-02-19 19:11:34 PST,mozilla+bugcloser,Last Resolved,2014-02-19 19:11:34,1998-09-09 09:44:49
