When, Who, What, Added, Removed
1999-07-20 11:38:24 PDT,troy,Component,HTMLTables,Layout
1999-07-20 11:38:24 PDT,troy,Assignee,karnaze,troy
1999-07-21 10:41:24 PDT,karnaze,Status,ASSIGNED,NEW
1999-07-21 10:41:24 PDT,karnaze,Target Milestone,M12,
1999-09-30 18:57:18 PDT,christinehoff4,QA Contact,chrisd,petersen
1999-10-04 18:00:42 PDT,ian,Summary,{css2} problems with absolute or fixed position on table,problems with absolute or fixed position on table
2000-01-13 16:08:09 PST,ian,Keywords,css2,
2000-02-03 21:30:58 PST,karnaze,Target Milestone,M16,M14
2000-02-05 23:50:19 PST,michael.j.lowe,Summary,problems with absolute or fixed position on table,{css2} problems with absolute or fixed position on table
2000-05-07 16:34:52 PDT,karnaze,Target Milestone,M17,M16
2000-06-02 20:14:01 PDT,rufus-mozilla,Keywords,testcase,
2000-06-07 14:03:44 PDT,karnaze,Target Milestone,Future,M17
2000-07-10 16:27:26 PDT,sungod,CC,sungod,
2000-07-10 17:43:38 PDT,jag-mozbugs,CC,disttsc,
2000-07-11 02:43:23 PDT,ian,Whiteboard,(py8ieh:work out impact),
2000-08-02 08:29:33 PDT,roc,CC,roc+moz,
2000-09-01 01:20:09 PDT,ian,Summary,problems with absolute or fixed position on table [ABS POS] [FIX POS],problems with absolute or fixed position on table
2000-11-15 02:56:16 PST,roozbeh,CC,roozbeh,
2001-03-22 13:29:05 PST,amar,QA Contact,amar,chrisd
2001-03-22 13:29:05 PST,henrik,CC,bugs_it,
2001-10-26 14:45:33 PDT,anthonyd,Whiteboard,[awd:tbl](py8ieh:work out impact),(py8ieh:work out impact)
2002-03-19 01:13:04 PST,gmelamed,CC,gmelamed,
2002-07-13 11:55:16 PDT,bugmail,CC,greg,
2002-10-20 04:06:49 PDT,aha,CC,aha,
2002-11-05 00:10:16 PST,lars,CC,lars,
2003-01-15 20:12:29 PST,bzbarsky,Keywords,qawanted,
2003-03-18 18:51:35 PST,bzbarsky,Depends on,53663,
2003-03-31 11:17:21 PST,karnaze,Status,NEW,ASSIGNED
2003-03-31 11:17:21 PST,karnaze,Assignee,table,karnaze
2003-03-31 11:17:21 PST,karnaze,QA Contact,madhur,amar
2003-03-31 11:17:21 PST,karnaze,Target Milestone,---,Future
2003-03-31 14:33:17 PST,kmcclusk,Target Milestone,Future,---
2003-09-16 11:27:02 PDT,dbaron,URL,http://dbaron.org/css/test/sec1704b,http://www.fas.harvard.edu/~dbaron/css/test/sec1704b
2003-11-09 10:40:13 PST,waazup,Flags,blocking1.6b?,
2003-11-09 11:40:01 PST,waazup,CC,waazup,
2003-11-13 13:49:20 PST,asa,Flags,blocking1.6b-,blocking1.6b?
2003-11-24 16:16:30 PST,magicdice,CC,magicdice,
2004-01-23 03:48:09 PST,annevk,QA Contact,ian,madhur
2004-01-23 03:48:09 PST,annevk,CC,,ian
2004-07-24 11:30:27 PDT,mozillamonks,CC,mozillamonks,
2005-11-11 23:51:14 PST,robert,CC,rparenton,
2006-03-12 15:26:13 PST,robert,CC,,rparenton
2009-08-23 19:13:10 PDT,philringnalda,Assignee,nobody,layout.tables
2009-08-23 19:13:10 PDT,philringnalda,QA Contact,layout.tables,ian
2009-08-30 20:26:22 PDT,highmind63,CC,highmind63,
2011-04-26 17:12:28 PDT,ehsan,CC,ehsan,
2011-04-26 17:38:27 PDT,ehsan,Blocks,439258,
2011-04-26 19:35:06 PDT,tnikkel,CC,tnikkel,
2011-04-28 21:20:51 PDT,ehsan,Attachment #528971                Attachment is obsolete,1,0
2011-04-28 21:20:51 PDT,ehsan,Attachment #528973                Attachment is obsolete,1,0
2011-04-28 21:21:38 PDT,ehsan,Status,ASSIGNED,NEW
2011-04-28 21:21:38 PDT,ehsan,Assignee,ehsan,nobody
2011-04-28 21:21:38 PDT,ehsan,Keywords,,qawanted
2011-04-28 21:21:38 PDT,ehsan,Whiteboard,,[awd:tbl](py8ieh:work out impact)
2011-04-29 16:15:40 PDT,ehsan,Attachment #529036                Attachment is obsolete,1,0
2011-05-02 12:16:05 PDT,ehsan,Blocks,536692,
2011-05-02 12:27:55 PDT,ehsan,Attachment #529229                Attachment is obsolete,1,0
2011-05-02 17:22:43 PDT,ehsan,Attachment #529545                Attachment is obsolete,1,0
2011-05-02 17:23:08 PDT,ehsan,Attachment #528970                Flags,review?(roc),
2011-05-02 17:47:04 PDT,roc,Attachment #528970                Flags,review+,review?(roc)
2011-05-03 08:41:25 PDT,ehsan,Attachment #528970                Attachment is obsolete,1,0
2011-05-03 08:44:00 PDT,ehsan,Attachment #529613                Attachment description,Part 2: Implement the absolute positioning support for all frames,[WIP] Part 2: Implement the absolute positioning support for all frames
2011-05-03 08:44:00 PDT,ehsan,Attachment #529613                Flags,review?(roc),
2011-05-03 16:47:40 PDT,ehsan,Attachment #529888                Flags,review?(roc),
2011-05-03 16:47:40 PDT,ehsan,Attachment #529613                Flags,,review?(roc)
2011-05-03 16:47:40 PDT,ehsan,Attachment #529613                Attachment is obsolete,1,0
2011-05-04 16:58:37 PDT,ehsan,Attachment #529888                Attachment is obsolete,1,0
2011-05-04 16:58:37 PDT,ehsan,Attachment #530198                Flags,review?(roc),
2011-05-04 16:58:37 PDT,ehsan,Attachment #529888                Flags,,review?(roc)
2011-05-05 15:39:41 PDT,ehsan,Attachment #530198                Attachment is obsolete,1,0
2011-05-05 15:39:41 PDT,ehsan,Attachment #530448                Flags,review?(roc),
2011-05-05 15:39:41 PDT,ehsan,Attachment #530198                Flags,,review?(roc)
2011-05-05 15:54:29 PDT,ehsan,Attachment #530448                Flags,,review?(roc)
2011-05-05 15:54:29 PDT,ehsan,Attachment #530448                Attachment is obsolete,1,0
2011-05-05 15:54:29 PDT,ehsan,Attachment #530450                Flags,review?(roc),
2011-05-05 15:56:05 PDT,roc,Attachment #530450                Flags,review+,review?(roc)
2011-05-08 08:36:26 PDT,dbaron,CC,dbaron,
2011-05-08 08:36:26 PDT,dbaron,Blocks,63895, 455338,
2011-05-08 10:46:06 PDT,emanuel.hoogeveen,CC,emanuel.hoogeveen,
2011-05-08 15:27:06 PDT,phiw2,CC,phiw,
2011-05-09 03:28:59 PDT,pivisko,CC,pivisko,
2011-05-09 10:42:44 PDT,ehsan,Blocks,512749,
2011-05-09 17:01:26 PDT,fullmetaljacket.xp+bugmail,CC,fullmetaljacket.xp+bugmail,
2011-05-09 17:41:08 PDT,ehsan,Attachment #530762                Attachment is obsolete,1,0
2011-05-11 14:31:06 PDT,ehsan,Depends on,656130,
2011-05-11 18:24:11 PDT,bzbarsky,CC,bzbarsky,
2011-05-11 18:24:11 PDT,bzbarsky,Blocks,203225,
2011-05-11 18:24:56 PDT,bzbarsky,Blocks,239310,
2011-05-11 18:25:35 PDT,bzbarsky,Blocks,371452,
2011-05-13 04:35:27 PDT,alice0775,Depends on,656875,
2011-05-16 04:37:20 PDT,alice0775,Depends on,657182,
2011-05-16 11:07:26 PDT,ehsan,tracking-firefox6,?,---
2011-05-17 08:49:04 PDT,ehsan,Attachment #531848                Attachment is obsolete,1,0
2011-05-24 14:18:23 PDT,jpr,tracking-firefox6,+,?
2011-05-24 14:18:23 PDT,jpr,CC,jpr,
2011-05-24 17:37:52 PDT,ehsan,Attachment #534949                Flags,approval-mozilla-aurora?,
2011-05-24 17:39:46 PDT,ehsan,Attachment #532973                Attachment is obsolete,1,0
2011-05-24 17:39:46 PDT,ehsan,Attachment #533627                Attachment is obsolete,1,0
2011-05-24 17:39:46 PDT,ehsan,Attachment #534950                Flags,review?(bzbarsky),
2011-05-25 13:17:24 PDT,ehsan,Attachment #534950                Flags,review?(roc),
2011-05-25 14:59:18 PDT,roc,Attachment #534950                Flags,,review?(roc)
2011-05-26 22:11:39 PDT,tnikkel,Depends on,655462,
2011-05-31 13:45:12 PDT,asa,Whiteboard,needs a back out for 6. approval pending.,
2011-05-31 13:45:12 PDT,asa,CC,asa,
2011-06-01 11:33:54 PDT,asa,Attachment #534949                Flags,approval-mozilla-aurora+,approval-mozilla-aurora?
2011-06-01 13:19:38 PDT,ehsan,Attachment #534949                Flags,checked-in+,
2011-06-01 13:20:28 PDT,ehsan,status-firefox6,fixed,---
2011-06-03 14:24:13 PDT,ehsan,Whiteboard,,needs a back out for 6. approval pending.
2011-06-03 14:24:44 PDT,ehsan,status-firefox6,unaffected,fixed
2011-06-06 07:07:14 PDT,mounir,Attachment #534949                Flags,checkin+,checked-in+
2011-06-08 14:26:46 PDT,ehsan,Depends on,659828,
2011-06-09 15:19:08 PDT,bzbarsky,Blocks,653739,
2011-06-10 15:53:53 PDT,ehsan,Attachment #534950                Attachment is obsolete,1,0
2011-06-10 15:53:53 PDT,ehsan,Attachment #538623                Flags,review?(bzbarsky),
2011-06-10 15:53:53 PDT,ehsan,Attachment #534950                Flags,,review?(bzbarsky)
2011-06-19 13:27:47 PDT,ehsan,Attachment #538623                Attachment is obsolete,1,0
2011-06-19 13:27:47 PDT,ehsan,Attachment #540345                Flags,review?(bzbarsky),
2011-06-19 13:27:47 PDT,ehsan,Attachment #538623                Flags,,review?(bzbarsky)
2011-06-21 06:56:52 PDT,ehsan,tracking-firefox7,?,---
2011-06-21 06:56:52 PDT,ehsan,status-firefox6,fixed,unaffected
2011-06-21 12:24:03 PDT,ehsan,Blocks,665853,
2011-06-21 13:47:34 PDT,bzbarsky,Attachment #540345                Flags,review+,review?(bzbarsky)
2011-06-22 17:51:02 PDT,ehsan,Attachment #540345                Attachment is obsolete,1,0
2011-06-23 11:37:49 PDT,ehsan,Attachment #541248                Attachment is obsolete,1,0
2011-06-24 15:38:46 PDT,ehsan,Attachment #541446                Attachment is obsolete,1,0
2011-06-26 13:14:02 PDT,jruderman,CC,jruderman,
2011-06-28 14:14:59 PDT,ehsan,Depends on,660588,
2011-06-28 15:04:19 PDT,ehsan,tracking-firefox7,-,?
2011-06-29 11:42:31 PDT,jruderman,status-firefox6,wontfix,fixed
2011-07-10 09:35:15 PDT,dbaron,Blocks,349144,
2011-07-11 08:53:50 PDT,bob,CC,bclary,
2011-07-22 22:33:46 PDT,bf,CC,bf,
2011-07-26 11:01:21 PDT,mats,CC,jonnew,
2011-08-09 17:48:56 PDT,christian,CC,clegnitto,
2011-08-09 17:48:56 PDT,christian,status-firefox6,unaffected,wontfix
2011-09-22 15:34:56 PDT,ehsan,Attachment #530450                Attachment is obsolete,1,0
2011-09-22 15:34:56 PDT,ehsan,Attachment #561910                Flags,review?(roc),
2011-09-22 16:20:09 PDT,roc,Attachment #561910                Flags,review+,review?(roc)
2011-09-22 19:57:31 PDT,ehsan,Attachment #561910                Attachment is obsolete,1,0
2011-09-26 15:37:19 PDT,ehsan,Attachment #562556                Flags,review?(roc),
2011-09-26 15:37:48 PDT,ehsan,Attachment #562556                Attachment description,Part 2.1: Adjust the assertion count on the test case for bug 348729,Part 2.1:
2011-09-26 15:59:41 PDT,roc,Attachment #562556                Flags,review+,review?(roc)
2011-09-28 21:38:54 PDT,asa,CC,,asa
2011-09-29 10:32:24 PDT,ehsan,Attachment #563455                Flags,review?(roc),
2011-09-29 13:52:11 PDT,roc,Attachment #563455                Flags,review+,review?(roc)
2011-09-29 14:40:03 PDT,ehsan,Status,RESOLVED,ASSIGNED
2011-09-29 14:40:03 PDT,ehsan,Resolution,FIXED,---
2011-09-29 14:40:03 PDT,ehsan,Last Resolved,2011-09-29 14:40:03,
2011-09-29 14:41:34 PDT,ehsan,Target Milestone,mozilla10,Future
2011-09-29 14:41:34 PDT,ehsan,Flags,in-testsuite+,
2011-10-02 09:12:55 PDT,mats,Depends on,691087,
2011-10-02 11:12:13 PDT,mats,Depends on,691166,
2011-10-03 15:23:02 PDT,ehsan,Keywords,dev-doc-needed,
2011-10-03 16:44:13 PDT,mounir,Blocks,437722,
2011-10-03 18:59:58 PDT,bzbarsky,Depends on,691628,
2011-10-04 00:33:26 PDT,moz,Depends on,691591,
2011-10-04 10:52:10 PDT,bzbarsky,Depends on,691824,
2011-10-05 19:13:24 PDT,tnikkel,Depends on,691118,
2011-10-05 19:13:27 PDT,tnikkel,Depends on,691210,
2011-10-10 00:45:12 PDT,tnikkel,Depends on,693107,
2011-10-17 06:16:21 PDT,kennyluck,CC,kennyluck,
2011-10-17 12:00:17 PDT,bzbarsky,Depends on,693262,
2011-10-24 07:03:26 PDT,alice0775,Depends on,696739,
2011-12-19 13:49:28 PST,eshepherd,Keywords,dev-doc-complete,dev-doc-needed
2011-12-19 13:49:28 PST,eshepherd,CC,eshepherd,
2012-01-12 17:01:32 PST,t.brain,CC,t.brain,
2012-02-21 10:03:04 PST,alice0775,Depends on,729143,
2012-02-21 11:15:28 PST,alice0775,Depends on,729114,
2012-02-21 19:17:10 PST,alice0775,Depends on,729337,
2012-03-14 01:06:35 PDT,alice0775,Depends on,735579,
2012-03-27 03:52:46 PDT,martijn.martijn,Depends on,729597,
2012-08-05 16:03:37 PDT,alice0775,Depends on,780510,
2013-01-27 09:09:26 PST,alice0775,Depends on,708206,
