When, Who, What, Added, Removed
1999-07-20 11:31:54 PDT,lchiang,OS,All,Windows NT
1999-07-20 11:31:54 PDT,lchiang,Hardware,All,PC
1999-08-05 03:11:25 PDT,mozilla,Status,ASSIGNED,NEW
1999-08-10 22:28:04 PDT,mozilla,Status,NEW,ASSIGNED
1999-08-10 22:28:04 PDT,mozilla,Assignee,putterman,rjc
1999-08-11 10:31:26 PDT,scottputterman,Assignee,hyatt,putterman
1999-08-12 11:52:41 PDT,hyatt,Status,ASSIGNED,NEW
1999-08-12 11:52:41 PDT,hyatt,Target Milestone,M10,
1999-08-22 20:16:18 PDT,hyatt,Status,RESOLVED,ASSIGNED
1999-08-22 20:16:18 PDT,hyatt,Resolution,DUPLICATE,---
1999-08-22 20:16:18 PDT,hyatt,Last Resolved,1999-08-22 20:16:18,
1999-09-01 17:53:17 PDT,jefft,Blocks,10804,
1999-11-11 14:39:24 PST,scottputterman,Status,REOPENED,RESOLVED
1999-11-11 15:12:45 PST,lchiang,Resolution,---,DUPLICATE
1999-11-11 15:12:45 PST,lchiang,Target Milestone,,M10
1999-11-15 12:59:37 PST,scottputterman,Status,NEW,REOPENED
1999-11-15 12:59:37 PST,scottputterman,Assignee,waterson,hyatt
1999-11-18 23:22:05 PST,waterson,Target Milestone,M13,
1999-11-18 23:22:05 PST,waterson,Status,ASSIGNED,NEW
1999-11-18 23:22:05 PST,waterson,Priority,P2,P3
1999-11-30 12:41:29 PST,paulmac,QA Contact,paulmac,phillip
2000-01-16 23:27:19 PST,waterson,Target Milestone,M14,M13
2000-03-29 11:54:32 PST,waterson,Target Milestone,M15,M14
2000-04-05 01:18:26 PDT,waterson,Target Milestone,M16,M15
2000-04-10 23:29:57 PDT,paulmac,QA Contact,tever,paulmac
2000-04-18 22:44:00 PDT,waterson,Status,RESOLVED,ASSIGNED
2000-04-18 22:44:00 PDT,waterson,Resolution,FIXED,---
2000-04-18 22:44:00 PDT,waterson,Last Resolved,2000-04-18 22:44:00,1999-08-22 20:16:18
2000-07-06 15:56:34 PDT,tever,Status,VERIFIED,RESOLVED
