When, Who, What, Added, Removed
1999-07-22 12:35:29 PDT,dougt,Target Milestone,M10,
1999-07-23 14:04:24 PDT,dveditz,Status,ASSIGNED,NEW
1999-08-23 17:06:33 PDT,cathleennscp,Assignee,dveditz,cathleen
1999-09-01 11:59:18 PDT,dveditz,Summary,Progress cancel button doesn't work,Progress cancel button always returns false
1999-09-01 11:59:18 PDT,dveditz,Target Milestone,M11,M10
1999-12-01 16:51:40 PST,dveditz,Assignee,sgehani,dveditz
1999-12-06 14:50:58 PST,dveditz,Depends on,7753,
1999-12-06 14:50:58 PST,dveditz,Target Milestone,M13,M12
1999-12-16 10:39:30 PST,samir_bugzilla,Status,ASSIGNED,NEW
1999-12-20 00:59:31 PST,jar,Blocks,22176,
1999-12-22 11:08:42 PST,samir_bugzilla,Status,RESOLVED,ASSIGNED
1999-12-22 11:08:42 PST,samir_bugzilla,Resolution,FIXED,---
1999-12-22 11:08:42 PST,samir_bugzilla,Last Resolved,1999-12-22 11:08:42,
1999-12-22 14:58:33 PST,pawyskoczka,Status,VERIFIED,RESOLVED
1999-12-22 15:00:57 PST,pawyskoczka,Status,REOPENED,VERIFIED
1999-12-22 15:01:15 PST,pawyskoczka,Resolution,---,FIXED
1999-12-22 15:27:24 PST,samir_bugzilla,Status,RESOLVED,REOPENED
1999-12-22 15:27:24 PST,samir_bugzilla,Resolution,FIXED,---
1999-12-22 15:27:24 PST,samir_bugzilla,Last Resolved,1999-12-22 15:27:24,1999-12-22 11:08:42
2000-01-03 14:55:36 PST,jimmykenlee,Status,REOPENED,RESOLVED
2000-01-03 15:24:45 PST,samir_bugzilla,Last Resolved,2000-01-03 15:24:45,1999-12-22 15:27:24
2000-01-03 15:24:45 PST,samir_bugzilla,Status,RESOLVED,REOPENED
2000-01-03 16:04:14 PST,jimmykenlee,Status,VERIFIED,RESOLVED
2000-07-04 21:26:07 PDT,jar,Blocks,,22176
