When, Who, What, Added, Removed
1999-07-21 10:40:57 PDT,karnaze,Status,ASSIGNED,NEW
1999-07-21 10:40:57 PDT,karnaze,Target Milestone,M12,
1999-07-24 23:58:08 PDT,run2000,Whiteboard,[TESTCASE],
2000-01-20 20:52:49 PST,rbs,Severity,critical,normal
2000-01-21 08:19:52 PST,karnaze,Status,NEW,ASSIGNED
2000-01-21 08:19:52 PST,karnaze,Assignee,kipp,karnaze
2000-01-21 13:49:23 PST,ekrock,Keywords,testcase,
2000-01-28 14:07:48 PST,chrispetersen,Keywords,beta1,
2000-01-31 05:39:44 PST,ian,Keywords,4xp, css2,
2000-01-31 05:39:44 PST,ian,Whiteboard,[TESTCASE] blocking mathml,[TESTCASE]
2000-01-31 05:39:44 PST,ian,Severity,blocker,critical
2000-01-31 05:39:44 PST,ian,CC,py8ieh=bugzilla,
2000-01-31 13:16:26 PST,troy,Keywords,,beta1
2000-01-31 13:38:39 PST,buster,Priority,P2,P3
2000-01-31 13:38:39 PST,buster,Target Milestone,M16,M14
2000-02-20 13:38:52 PST,ian,Summary,vertical-align: baseline not implemented for table cells,vertical-align: baseline not implemented
2000-03-03 16:06:45 PST,buster,Assignee,buster,kipp
2000-05-08 15:56:01 PDT,buster,Target Milestone,M17,M16
2000-05-30 07:07:04 PDT,rbs,CC,karnaze,
2000-07-27 08:03:06 PDT,dbaron,Keywords,approval,
2000-10-05 15:57:48 PDT,buster,Status,RESOLVED,NEW
2000-10-05 15:57:48 PDT,buster,Resolution,FIXED,---
2000-10-05 15:57:48 PDT,buster,Last Resolved,2000-10-05 15:57:48,
2000-10-06 12:32:44 PDT,christinehoff4,Status,VERIFIED,RESOLVED
