When, Who, What, Added, Removed
1999-07-23 19:00:19 PDT,morse,Status,ASSIGNED,NEW
1999-07-23 19:00:19 PDT,morse,Target Milestone,M9,
1999-08-10 10:10:20 PDT,morse,Target Milestone,M10,M9
1999-08-10 10:59:18 PDT,paulmac,Summary,[PP] cookie viewer hangs on netcenter cookies,[pp] cookie viewer hangs on netcenter cookies
1999-08-30 17:41:30 PDT,paulmac,Status,RESOLVED,ASSIGNED
1999-08-30 17:41:30 PDT,paulmac,Resolution,FIXED,---
1999-08-30 17:41:30 PDT,paulmac,Last Resolved,1999-08-30 17:41:30,
1999-08-30 17:41:58 PDT,paulmac,Status,VERIFIED,RESOLVED
