When, Who, What, Added, Removed
1998-11-05 09:31:17 PST,kmcclusk,Status,ASSIGNED,NEW
1999-03-31 14:36:08 PST,kmcclusk,Summary,widgets have funny looking default backgroud colors,widgets have funny looking default backgroud colors
1999-03-31 14:36:08 PST,kmcclusk,Target Milestone,M5,M4
1999-04-09 14:13:11 PDT,kmcclusk,Target Milestone,M7,M5
1999-04-26 10:29:56 PDT,cpratt,Summary,widgets have funny looking default background colors,widgets have funny looking default backgroud colors
1999-05-05 14:53:45 PDT,kmcclusk,Status,NEW,ASSIGNED
1999-05-05 14:53:45 PDT,kmcclusk,Assignee,peterl,kmcclusk
1999-08-05 11:12:10 PDT,peterl-retired,Target Milestone,M10,M9
1999-09-09 17:49:21 PDT,peterl-retired,Depends on,1004,
1999-09-09 23:14:19 PDT,peterl-retired,Status,NEW,ASSIGNED
1999-09-09 23:14:19 PDT,peterl-retired,Assignee,rods,peterl
1999-09-14 13:51:05 PDT,rods,Assignee,trudelle,rods
1999-09-14 16:40:06 PDT,trudelle,Assignee,pavlov,trudelle
1999-09-14 16:40:06 PDT,trudelle,Target Milestone,M11,M10
1999-09-17 01:11:24 PDT,pavlov,Assignee,pinkerton,pavlov
1999-09-21 06:54:14 PDT,rods,Blocks,1763,
1999-10-08 07:37:18 PDT,michael.j.lowe,Blocks,,1763
1999-10-12 17:08:46 PDT,mikepinkerton,Status,RESOLVED,ASSIGNED
1999-10-12 17:08:46 PDT,mikepinkerton,Resolution,FIXED,---
1999-10-12 17:08:46 PDT,mikepinkerton,Last Resolved,1999-10-12 17:08:46,
1999-10-12 17:18:44 PDT,michael.j.lowe,Depends on,,1004
1999-10-12 17:19:00 PDT,michael.j.lowe,Blocks,1004,
1999-10-12 17:30:52 PDT,michael.j.lowe,Status,REOPENED,RESOLVED
1999-10-12 17:30:52 PDT,michael.j.lowe,Blocks,,1004
1999-10-12 17:30:52 PDT,michael.j.lowe,Summary,Widgets should get colours from CSS2,widgets have funny looking default background colors
1999-10-12 17:32:07 PDT,michael.j.lowe,Summary,Widgets should use CSS2 system colors,Widgets should get colours from CSS2
1999-10-12 17:32:07 PDT,michael.j.lowe,Status,NEW,REOPENED
1999-10-12 17:32:07 PDT,michael.j.lowe,Assignee,rods,pinkerton
1999-10-12 17:32:07 PDT,michael.j.lowe,Depends on,1004,
1999-10-12 17:33:25 PDT,michael.j.lowe,Resolution,---,FIXED
1999-10-12 17:34:27 PDT,michael.j.lowe,Hardware,All,PC
1999-10-12 17:34:27 PDT,michael.j.lowe,OS,All,Windows NT
1999-10-12 17:34:27 PDT,michael.j.lowe,Severity,minor,normal
1999-10-12 17:34:27 PDT,michael.j.lowe,Priority,P3,P2
1999-10-12 17:35:07 PDT,michael.j.lowe,Target Milestone,M12,M11
1999-11-30 08:51:06 PST,rods,Target Milestone,M14,M12
1999-12-02 16:14:45 PST,gerardok,Assignee,rods,ckritzer
1999-12-02 16:14:45 PST,gerardok,QA Contact,ckritzer,phillip
2000-01-20 14:21:59 PST,rods,Depends on,24224,
2000-01-28 14:03:09 PST,rods,Target Milestone,M15,M14
2000-03-27 11:54:18 PST,pierre,CC,xiaotong,
2000-03-27 11:54:49 PST,pierre,Assignee,ben,rods
2000-04-05 13:37:14 PDT,don,Target Milestone,M16,M15
2000-04-29 19:31:27 PDT,bugs,Status,ASSIGNED,NEW
2000-04-29 19:31:27 PDT,bugs,Target Milestone,M30,M16
2000-06-27 22:19:30 PDT,braden,Keywords,pp,
2000-06-27 22:19:30 PDT,braden,Hardware,Macintosh,All
2000-06-27 22:19:30 PDT,braden,OS,Mac System 9.0,All
2000-08-22 17:13:21 PDT,ian,Keywords,nsbeta3,
2000-08-22 17:13:21 PDT,ian,Summary,Widgets should use CSS2 system colors [html.css],Widgets should use CSS2 system colors
2000-08-22 17:13:21 PDT,ian,Hardware,All,Macintosh
2000-08-22 17:13:21 PDT,ian,OS,All,Mac System 9.0
2000-08-22 17:13:21 PDT,ian,Status,NEW,ASSIGNED
2000-08-22 17:13:21 PDT,ian,Priority,P1,P3
2000-08-22 17:13:21 PDT,ian,Assignee,py8ieh=bugzilla,ben
2000-08-22 17:13:21 PDT,ian,Target Milestone,M18,M30
2000-08-22 22:17:29 PDT,ian,Depends on,49922,
2000-08-22 22:52:30 PDT,bugzilla,CC,BlakeR1234,
2000-08-23 13:35:42 PDT,ian,Depends on,,49922
2000-08-23 22:55:01 PDT,ian,Status,ASSIGNED,NEW
2000-08-23 23:07:27 PDT,ian,Severity,normal,minor
2000-08-29 17:59:52 PDT,ian,Whiteboard,[nsbeta3+],
2000-09-06 17:54:15 PDT,phil,Whiteboard,[nsbeta3-],[nsbeta3+]
2000-09-06 18:08:51 PDT,ian,Whiteboard,[nsbeta3+],[nsbeta3-]
2000-09-06 18:08:51 PDT,ian,CC,phil,
2000-09-11 15:55:43 PDT,ian,Depends on,3935,
2000-09-13 14:01:13 PDT,lchiang,Priority,P5,P1
2000-09-13 14:01:13 PDT,lchiang,CC,ekrock, lchiang,
2000-09-13 14:01:13 PDT,lchiang,Whiteboard,[nsbeta3+][PDTP5],[nsbeta3+]
2000-09-14 06:27:04 PDT,ian,Depends on,,3935
2000-09-14 06:30:57 PDT,ian,Blocks,6625,
2000-09-16 01:20:01 PDT,ian,Priority,P1,P5
2000-09-20 12:43:52 PDT,ian,Summary,[html.css] Widgets should use CSS2 system colors (and fonts),Widgets should use CSS2 system colors [html.css]
2000-09-21 20:18:20 PDT,bugzilla,Status,RESOLVED,ASSIGNED
2000-09-21 20:18:20 PDT,bugzilla,Resolution,FIXED,---
2000-09-21 20:18:20 PDT,bugzilla,Last Resolved,2000-09-21 20:18:20,1999-10-12 17:08:46
2000-09-25 23:29:54 PDT,lchiang,CC,gerardok,
2000-09-26 18:03:25 PDT,bsharma,QA Contact,bsharma,ckritzer
2000-09-28 14:45:09 PDT,bsharma,Status,VERIFIED,RESOLVED
2000-09-28 14:55:44 PDT,bugzilla,Status,REOPENED,VERIFIED
2000-09-28 14:55:44 PDT,bugzilla,Resolution,---,FIXED
2000-09-28 14:57:16 PDT,bugzilla,Resolution,FIXED,---
2000-09-28 14:57:16 PDT,bugzilla,Last Resolved,2000-09-28 14:57:16,2000-09-21 20:18:20
2000-09-28 14:57:16 PDT,bugzilla,Status,RESOLVED,REOPENED
2000-09-30 23:59:11 PDT,lchiang,CC,asa,
2001-02-11 17:45:23 PST,vladimire,Status,VERIFIED,RESOLVED
2011-08-05 22:27:10 PDT,asa,CC,,asa
