When, Who, What, Added, Removed
1999-07-21 15:55:38 PDT,dmose,Status,RESOLVED,NEW
1999-07-21 15:55:38 PDT,dmose,Resolution,FIXED,---
1999-07-21 15:55:38 PDT,dmose,Last Resolved,1999-07-21 15:55:38,
1999-09-24 09:47:49 PDT,leger,Status,VERIFIED,RESOLVED
2001-09-03 00:34:38 PDT,justdave,Target Milestone,Bugzilla old,---
2001-09-03 00:34:38 PDT,justdave,Product,Bugzilla,Webtools
2001-09-03 00:34:38 PDT,justdave,Version,unspecified,other
2001-09-03 00:34:38 PDT,justdave,Component,Bugzilla-General,Bugzilla
2001-09-03 00:34:38 PDT,justdave,QA Contact,matty,
2002-10-17 06:31:31 PDT,timeless,Product,mozilla.org,Bugzilla
2002-10-17 06:31:31 PDT,timeless,Version,other,unspecified
2002-10-17 06:31:31 PDT,timeless,Component,Bugzilla: Keyword & Component,Bugzilla-General
2002-10-17 06:31:31 PDT,timeless,QA Contact,timeless,matty
2002-10-17 06:31:31 PDT,timeless,Target Milestone,---,Bugzilla old
2011-06-26 22:54:48 PDT,nobody,Product,bugzilla.mozilla.org,mozilla.org
2011-06-26 22:54:48 PDT,nobody,Component,Administration,Bugzilla: Keywords & Components
