When, Who, What, Added, Removed
1999-07-20 14:03:49 PDT,nbaca,Assignee,alecf,phil
1999-07-20 14:03:49 PDT,nbaca,QA Contact,nbaca,lchiang
1999-07-29 11:42:15 PDT,alecf,Status,ASSIGNED,NEW
1999-07-29 11:42:15 PDT,alecf,Target Milestone,M10,
1999-08-09 00:55:13 PDT,alecf,Priority,P2,P3
1999-08-24 10:25:23 PDT,sol,Whiteboard,[PR1],
1999-08-26 02:01:44 PDT,alecf,Status,RESOLVED,ASSIGNED
1999-08-26 02:01:44 PDT,alecf,Resolution,FIXED,---
1999-08-26 02:01:44 PDT,alecf,Last Resolved,1999-08-26 02:01:44,
1999-09-01 17:37:08 PDT,nbaca,Status,VERIFIED,RESOLVED
2001-04-29 17:57:43 PDT,mozilla-bugs,Blocks,61078,
2002-07-05 14:30:18 PDT,mozilla,CC,jerrybaker,
2002-08-19 20:08:59 PDT,nbaca,Blocks,155951,
2004-11-22 17:25:08 PST,myk,Product,Seamonkey,Browser
