When, Who, What, Added, Removed
1999-07-20 14:43:24 PDT,blee,QA Contact,blee,teruko
1999-07-20 17:27:25 PDT,blee,Hardware,All,PC
1999-07-20 23:15:37 PDT,ftang,Status,ASSIGNED,NEW
1999-07-21 11:49:34 PDT,blee,URL,http://babel/ScrnImg/imageFBE.JPG,
1999-07-21 13:15:57 PDT,ftang,Status,NEW,ASSIGNED
1999-07-21 13:15:57 PDT,ftang,Assignee,pierre,ftang
1999-07-22 15:41:02 PDT,pierre,Assignee,ftang,pierre
1999-07-26 12:22:04 PDT,ftang,Assignee,kmcclusk,ftang
1999-07-26 14:17:02 PDT,kmcclusk,Assignee,rods,kmcclusk
1999-08-10 13:30:24 PDT,rods,Status,RESOLVED,NEW
1999-08-10 13:30:24 PDT,rods,Resolution,FIXED,---
1999-08-10 13:30:24 PDT,rods,Last Resolved,1999-08-10 13:30:24,
1999-08-11 16:07:09 PDT,blee,Status,REOPENED,RESOLVED
1999-08-11 18:59:35 PDT,leger,Resolution,---,FIXED
1999-08-12 08:27:25 PDT,rods,Status,RESOLVED,REOPENED
1999-08-12 08:27:25 PDT,rods,Resolution,FIXED,---
1999-08-12 08:27:25 PDT,rods,Last Resolved,1999-08-12 08:27:25,1999-08-10 13:30:24
1999-09-16 12:41:07 PDT,blee,OS,AIX,Windows NT
1999-09-16 12:41:07 PDT,blee,Status,VERIFIED,RESOLVED
1999-09-16 12:41:07 PDT,blee,Component,Cookies,Internationalization
