When, Who, What, Added, Removed
1999-07-20 16:15:50 PDT,mike+mozilla,Product,Browser,Webtools
1999-07-20 16:15:50 PDT,mike+mozilla,Status,ASSIGNED,NEW
1999-07-20 16:15:50 PDT,mike+mozilla,Component,xpidl,Bugzilla
1999-07-20 19:32:58 PDT,leger,Summary,[PP]Mac IDL compiler does not handle non-Mac new line characters,Mac IDL compiler does not handle non-Mac new line characters
2000-01-23 16:45:55 PST,michael.j.lowe,Keywords,pp,
2000-02-08 12:32:42 PST,beard,CC,beard,
2000-02-08 13:11:40 PST,mike+mozilla,Status,RESOLVED,ASSIGNED
2000-02-08 13:11:40 PST,mike+mozilla,Resolution,FIXED,---
2000-02-08 13:11:40 PST,mike+mozilla,Last Resolved,2000-02-08 13:11:40,
2008-07-31 02:42:29 PDT,timeless,Component,XPCOM,xpidl
2008-07-31 02:42:29 PDT,timeless,QA Contact,xpcom,
