When, Who, What, Added, Removed
1999-07-20 16:55:05 PDT,mozeditor,Summary,get rid of "hand" cursor over links in editor,
1999-07-20 16:55:05 PDT,mozeditor,Status,ASSIGNED,NEW
1999-07-20 16:55:05 PDT,mozeditor,Target Milestone,M10,
1999-07-21 11:44:32 PDT,buster,Severity,minor,normal
1999-07-21 11:44:32 PDT,buster,Priority,P4,P3
1999-07-21 11:44:32 PDT,buster,Target Milestone,M15,M10
1999-09-13 12:23:03 PDT,cmanske,Status,RESOLVED,ASSIGNED
1999-09-13 12:23:03 PDT,cmanske,Resolution,FIXED,---
1999-09-13 12:23:03 PDT,cmanske,Last Resolved,1999-09-13 12:23:03,
1999-09-14 12:35:01 PDT,sujay,Status,REOPENED,RESOLVED
1999-09-15 09:38:36 PDT,leger,Resolution,---,FIXED
1999-09-15 10:38:31 PDT,cmanske,Status,NEW,REOPENED
1999-09-15 10:38:31 PDT,cmanske,Assignee,cmanske,jfrancis
1999-09-17 17:41:40 PDT,cmanske,Status,ASSIGNED,NEW
1999-09-17 17:41:40 PDT,cmanske,Target Milestone,M12,M15
1999-09-20 16:40:11 PDT,cmanske,Status,RESOLVED,ASSIGNED
1999-09-20 16:40:11 PDT,cmanske,Resolution,FIXED,---
1999-09-20 16:40:11 PDT,cmanske,Last Resolved,1999-09-20 16:40:11,1999-09-13 12:23:03
1999-09-21 14:29:53 PDT,sujay,Status,VERIFIED,RESOLVED
