When, Who, What, Added, Removed
1999-07-28 07:10:32 PDT,bugzilla,Status,ASSIGNED,NEW
1999-07-28 07:10:32 PDT,bugzilla,Target Milestone,M10,
1999-08-24 10:25:53 PDT,sol,Whiteboard,[PR1],
1999-08-30 16:05:37 PDT,bugzilla,Target Milestone,M11,M10
1999-09-01 11:55:39 PDT,bugzilla,Status,RESOLVED,ASSIGNED
1999-09-01 11:55:39 PDT,bugzilla,Resolution,FIXED,---
1999-09-01 11:55:39 PDT,bugzilla,Last Resolved,1999-09-01 11:55:39,
1999-09-16 14:40:37 PDT,marina,Status,REOPENED,RESOLVED
1999-09-16 18:14:59 PDT,lchiang,Resolution,---,FIXED
1999-09-17 16:27:08 PDT,bugzilla,Resolution,FIXED,---
1999-09-17 16:27:08 PDT,bugzilla,Last Resolved,1999-09-17 16:27:08,1999-09-01 11:55:39
1999-09-17 16:27:08 PDT,bugzilla,Status,RESOLVED,REOPENED
1999-09-21 15:41:41 PDT,marina,Status,VERIFIED,RESOLVED
1999-10-27 16:03:42 PDT,marina,Status,REOPENED,VERIFIED
1999-10-27 16:09:29 PDT,pmock,Resolution,---,FIXED
1999-10-28 10:00:55 PDT,bugzilla,Summary,Images(jpeg) inserted in a message are lost when sent,Impossible to insert an image in the new mail
1999-10-28 10:00:55 PDT,bugzilla,Status,NEW,REOPENED
1999-10-28 10:00:55 PDT,bugzilla,Assignee,rhp,ducarroz
1999-10-28 10:10:18 PDT,pmock,QA Contact,pmock,lchiang
1999-10-28 18:11:43 PDT,rhp,Summary,[DOGFOOD] Image Attachments are Corrupted when UUEncode for Mime Part,Images(jpeg) inserted in a message are lost when sent
1999-10-28 18:11:43 PDT,rhp,Status,ASSIGNED,NEW
1999-11-01 17:37:19 PST,leger,Whiteboard,[PDT+][PR1],[PR1]
1999-11-02 08:44:52 PST,rhp,Target Milestone,M12,M11
1999-11-03 16:04:24 PST,jar,Blocks,17907,
1999-11-04 07:28:04 PST,rhp,Status,NEW,ASSIGNED
1999-11-04 07:28:04 PST,rhp,Assignee,mscott,rhp
1999-11-04 07:28:04 PST,rhp,Summary,[DOGFOOD] UUEncoded Attachments Getting Corrupted on SMTP Send Operations,[DOGFOOD] Image Attachments are Corrupted when UUEncode for Mime Part
1999-11-09 14:36:04 PST,phil,Assignee,jefft,mscott
1999-11-09 14:49:05 PST,jefft,Status,ASSIGNED,NEW
1999-11-15 21:58:28 PST,jefft,Status,NEW,ASSIGNED
1999-11-15 21:58:28 PST,jefft,Assignee,warren,jefft
1999-11-15 22:10:44 PST,warrensomebody,Assignee,jefft,warren
1999-11-15 22:37:20 PST,jar,Blocks,18951,
1999-11-16 06:49:36 PST,jefft,Status,RESOLVED,NEW
1999-11-16 06:49:36 PST,jefft,Resolution,FIXED,---
1999-11-16 06:49:36 PST,jefft,Last Resolved,1999-11-16 06:49:36,1999-09-17 16:27:08
1999-11-19 21:16:08 PST,pmock,Status,VERIFIED,RESOLVED
2000-07-02 18:14:34 PDT,jar,Blocks,,17907
2000-07-02 18:32:48 PDT,jar,Blocks,,18951
2004-11-22 17:26:45 PST,myk,Product,Core,MailNews
2008-07-31 04:30:00 PDT,nobody,Product,MailNews Core,Core
