When, Who, What, Added, Removed
1999-07-20 16:29:10 PDT,bmartin,Priority,P1,P3
1999-07-22 15:38:18 PDT,selmer,Assignee,racham,selmer
1999-07-22 15:38:18 PDT,selmer,Target Milestone,M12,
1999-07-30 09:17:17 PDT,racham,Status,ASSIGNED,NEW
1999-10-13 14:55:20 PDT,vparthas,Status,NEW,ASSIGNED
1999-10-13 14:55:20 PDT,vparthas,Assignee,varada,racham
1999-10-13 14:55:35 PDT,vparthas,Status,ASSIGNED,NEW
1999-10-22 18:58:11 PDT,vparthas,Blocks,17110,
1999-11-03 16:04:24 PST,jar,Blocks,17907,
1999-11-03 16:36:59 PST,vparthas,Blocks,12715,
1999-11-17 15:30:28 PST,vparthas,Status,RESOLVED,ASSIGNED
1999-11-17 15:30:28 PST,vparthas,Resolution,FIXED,---
1999-11-17 15:30:28 PST,vparthas,Last Resolved,1999-11-17 15:30:28,
1999-12-06 12:26:35 PST,bmartin,Status,VERIFIED,RESOLVED
2000-07-02 18:14:34 PDT,jar,Blocks,,17907
2002-04-23 07:08:07 PDT,dcone,CC,markush,
2002-04-23 09:59:24 PDT,robinf,CC,,robinf
