When, Who, What, Added, Removed
1999-07-20 16:42:09 PDT,nbaca,Assignee,alecf,phil
1999-07-20 16:42:09 PDT,nbaca,QA Contact,nbaca,lchiang
1999-07-26 18:01:14 PDT,alecf,Status,ASSIGNED,NEW
1999-07-26 18:01:14 PDT,alecf,Summary,Compose From: field does not default to "current" account.,Determining which account populates the Compose From: field
1999-07-29 11:57:44 PDT,alecf,Target Milestone,M10,
1999-08-09 00:55:26 PDT,alecf,Target Milestone,M11,M10
1999-08-24 10:28:06 PDT,sol,Whiteboard,[PR1],
1999-09-19 17:16:12 PDT,sspitzer,Status,ASSIGNED,NEW
1999-09-20 01:13:35 PDT,sspitzer,Status,RESOLVED,ASSIGNED
1999-09-20 01:13:35 PDT,sspitzer,Resolution,FIXED,---
1999-09-20 01:13:35 PDT,sspitzer,Last Resolved,1999-09-20 01:13:35,
1999-11-08 14:39:53 PST,nbaca,Status,VERIFIED,RESOLVED
2004-11-22 17:25:08 PST,myk,Product,Seamonkey,Browser
