When, Who, What, Added, Removed
1999-07-20 16:16:48 PDT,mozeditor,Status,ASSIGNED,NEW
1999-07-20 16:16:48 PDT,mozeditor,Target Milestone,M9,
1999-07-20 16:17:26 PDT,mozeditor,Summary,crash making list after select all,
1999-08-02 13:33:28 PDT,kinmoz,Status,NEW,ASSIGNED
1999-08-02 13:33:28 PDT,kinmoz,Assignee,kin,jfrancis
1999-08-02 13:35:37 PDT,kinmoz,Status,ASSIGNED,NEW
1999-08-04 16:45:44 PDT,kinmoz,Status,RESOLVED,ASSIGNED
1999-08-04 16:45:44 PDT,kinmoz,Resolution,FIXED,---
1999-08-04 16:45:44 PDT,kinmoz,Last Resolved,1999-08-04 16:45:44,
1999-08-10 12:10:02 PDT,sujay,Status,VERIFIED,RESOLVED
