When, Who, What, Added, Removed
1999-07-20 17:15:10 PDT,tao,QA Contact,tao,jimmylee
1999-07-26 15:54:01 PDT,dougt,Assignee,dveditz,dougt
1999-07-27 12:22:55 PDT,msanz,Blocks,10597,
1999-07-28 11:43:35 PDT,tao,Whiteboard,This file is going away.,
1999-08-03 18:07:52 PDT,cathleennscp,Blocks,11020,
1999-08-23 17:44:01 PDT,cathleennscp,Target Milestone,M11,M13
1999-08-30 13:40:53 PDT,cathleennscp,Blocks,12805,
1999-11-02 18:21:25 PST,cathleennscp,Target Milestone,M12,M11
1999-11-29 15:31:28 PST,dveditz,Assignee,dbragg,dveditz
1999-11-29 15:51:18 PST,dbragg,Status,ASSIGNED,NEW
1999-12-01 16:11:27 PST,dbragg,Status,RESOLVED,ASSIGNED
1999-12-01 16:11:27 PST,dbragg,Resolution,FIXED,---
1999-12-01 16:11:27 PST,dbragg,Last Resolved,1999-12-01 16:11:27,
1999-12-15 18:00:01 PST,tao,Status,VERIFIED,RESOLVED
