When, Who, What, Added, Removed
1999-07-20 17:35:13 PDT,tao,QA Contact,tao,paulmac
1999-07-27 12:22:55 PDT,msanz,Blocks,10597,
1999-08-02 14:16:26 PDT,tao,Whiteboard,related-panel.xul: converted; entities->DTD,
1999-08-02 14:48:52 PDT,don,Priority,P1,P3
1999-08-02 14:48:52 PDT,don,Target Milestone,M9,
1999-08-04 09:46:48 PDT,slamm,Status,RESOLVED,NEW
1999-08-04 09:46:48 PDT,slamm,Resolution,FIXED,---
1999-08-04 09:46:48 PDT,slamm,Last Resolved,1999-08-04 09:46:48,
1999-08-04 10:44:43 PDT,tao,Status,VERIFIED,RESOLVED
2004-11-22 17:25:08 PST,myk,Product,Seamonkey,Browser
