When, Who, What, Added, Removed
1999-07-20 17:12:47 PDT,tao,QA Contact,tao,leger
1999-07-23 18:29:11 PDT,morse,Target Milestone,M11,
1999-07-23 18:29:34 PDT,morse,Status,ASSIGNED,NEW
1999-07-27 12:22:55 PDT,msanz,Blocks,10597,
1999-07-31 16:56:42 PDT,morse,Depends on,11016,
1999-08-12 10:39:04 PDT,tao,Whiteboard,This bug is blocked by bug 11016:[BLOCKER] Opening a document in xul causes a crash,
1999-08-19 17:16:25 PDT,msanz,Summary,[BLOCKER] *.html: please convert to localizable XUL file,*.html: please convert to localizable XUL file
1999-08-19 17:16:25 PDT,msanz,Severity,blocker,critical
1999-08-31 15:19:16 PDT,morse,Depends on,12433,
1999-09-09 11:08:17 PDT,morse,Last Resolved,1999-09-09 11:08:17,
1999-09-09 11:08:17 PDT,morse,Status,RESOLVED,ASSIGNED
1999-09-09 11:08:17 PDT,morse,Resolution,FIXED,---
1999-09-10 15:09:50 PDT,tao,Status,VERIFIED,RESOLVED
