When, Who, What, Added, Removed
1999-07-21 12:09:51 PDT,msanz,QA Contact,tao,leger
1999-07-27 12:22:55 PDT,msanz,Blocks,10597,
1999-07-29 14:47:14 PDT,matt,Status,ASSIGNED,NEW
1999-08-02 14:44:20 PDT,don,Priority,P1,P3
1999-08-02 14:44:20 PDT,don,Component,XPApps,other
1999-08-02 14:44:20 PDT,don,Target Milestone,M9,
1999-08-08 08:58:13 PDT,michaell,Whiteboard,awaiting checkin,
1999-08-12 16:02:41 PDT,matt,Status,RESOLVED,ASSIGNED
1999-08-12 16:02:41 PDT,matt,Resolution,FIXED,---
1999-08-12 16:02:41 PDT,matt,Last Resolved,1999-08-12 16:02:41,
1999-08-12 18:01:02 PDT,tao,Status,VERIFIED,RESOLVED
2004-11-23 18:54:58 PST,myk,Product,Mozilla Application Suite,Core
