When, Who, What, Added, Removed
1999-07-20 17:52:08 PDT,tao,QA Contact,tao,leger
1999-07-21 10:42:38 PDT,scottputterman,Assignee,alecf,putterman
1999-07-27 12:22:55 PDT,msanz,Blocks,10597,
1999-07-29 11:41:12 PDT,alecf,Status,ASSIGNED,NEW
1999-07-29 11:41:12 PDT,alecf,Target Milestone,M10,
1999-07-30 16:38:19 PDT,alecf,Component,XUL,other
1999-08-08 11:45:47 PDT,alecf,Summary,am-server-top.xul: non-localizable XUL file,*.xul: non-localizable XUL file
1999-08-09 00:51:55 PDT,alecf,Priority,P1,P3
1999-08-10 19:46:17 PDT,alecf,Resolution,FIXED,---
1999-08-10 19:46:17 PDT,alecf,Target Milestone,M9,M10
1999-08-10 19:46:17 PDT,alecf,Last Resolved,1999-08-10 19:46:17,
1999-08-10 19:46:17 PDT,alecf,Status,RESOLVED,ASSIGNED
1999-08-10 19:51:33 PDT,tao,Whiteboard,converted; need entities -> DTD.,
1999-08-11 14:10:07 PDT,tao,Status,VERIFIED,RESOLVED
2000-01-20 18:57:24 PST,leger,Component,XP Toolkit/Widgets: XUL,XUL
2008-07-31 02:46:49 PDT,timeless,QA Contact,xptoolkit.widgets,tao
2008-07-31 02:46:49 PDT,timeless,Component,XUL,XP Toolkit/Widgets: XUL
