When, Who, What, Added, Removed
1999-07-20 17:54:29 PDT,tao,QA Contact,tao,leger
1999-07-27 12:22:55 PDT,msanz,Blocks,10597,
1999-07-29 11:41:28 PDT,alecf,Status,ASSIGNED,NEW
1999-07-29 11:41:28 PDT,alecf,Target Milestone,M10,
1999-07-30 16:38:39 PDT,alecf,Component,XUL,other
1999-08-08 11:46:14 PDT,alecf,Summary,AccountWizard.xul, aw-done.xul: non-localizable XUL files,*.xul: non-localizable XUL file
1999-08-09 00:52:04 PDT,alecf,Priority,P1,P3
1999-08-10 19:50:47 PDT,alecf,Status,RESOLVED,ASSIGNED
1999-08-10 19:50:47 PDT,alecf,Resolution,FIXED,---
1999-08-10 19:50:47 PDT,alecf,Target Milestone,M9,M10
1999-08-10 19:50:47 PDT,alecf,Last Resolved,1999-08-10 19:50:47,
1999-08-10 19:52:30 PDT,tao,Whiteboard,converted; need entities->DTD,
1999-08-11 14:11:14 PDT,tao,Status,VERIFIED,RESOLVED
2000-01-20 18:57:25 PST,leger,Component,XP Toolkit/Widgets: XUL,XUL
2008-07-31 02:46:50 PDT,timeless,Component,XUL,XP Toolkit/Widgets: XUL
2008-07-31 02:46:50 PDT,timeless,QA Contact,xptoolkit.widgets,tao
