When, Who, What, Added, Removed
1999-07-20 17:55:46 PDT,tao,QA Contact,tao,leger
1999-07-20 18:01:55 PDT,hangas,Status,RESOLVED,NEW
1999-07-20 18:01:55 PDT,hangas,Resolution,INVALID,---
1999-07-20 18:01:55 PDT,hangas,Last Resolved,1999-07-20 18:01:55,
1999-07-20 18:20:07 PDT,tao,Status,REOPENED,RESOLVED
1999-07-20 18:26:16 PDT,hangas,Status,ASSIGNED,REOPENED
1999-07-20 18:26:16 PDT,hangas,Target Milestone,M9,
1999-07-20 18:28:53 PDT,leger,Resolution,---,INVALID
1999-07-20 18:36:25 PDT,hangas,Status,RESOLVED,ASSIGNED
1999-07-20 18:36:25 PDT,hangas,Resolution,FIXED,---
1999-07-20 18:36:25 PDT,hangas,Last Resolved,1999-07-20 18:36:25,1999-07-20 18:01:55
1999-07-27 12:22:55 PDT,msanz,Blocks,10597,
1999-07-28 11:20:48 PDT,tao,Status,VERIFIED,RESOLVED
