When, Who, What, Added, Removed
1999-07-21 09:56:38 PDT,karnaze,Status,ASSIGNED,NEW
1999-07-21 09:56:38 PDT,karnaze,Target Milestone,M10,
1999-07-29 03:19:51 PDT,Antti.Nayha,Whiteboard,[MAKINGTEST] Antti.Nayha@oulu.fi,
1999-08-21 11:34:22 PDT,Antti.Nayha,Whiteboard,[TESTCASE] Tables with 'table-layout: fixed' and 'width: auto' should be rendered like 'table-layout: auto',[MAKINGTEST] Antti.Nayha@oulu.fi
1999-08-21 11:34:22 PDT,Antti.Nayha,Summary,Column width defaults to zero with 'table-layout: fixed',tables disappear with table-layout: fixed
1999-08-21 11:34:22 PDT,Antti.Nayha,OS,All,Linux
1999-09-10 15:12:17 PDT,ian,Summary,{css2} Column width defaults to zero with 'table-layout: fixed',Column width defaults to zero with 'table-layout: fixed'
2000-01-11 07:59:47 PST,karnaze,Target Milestone,M14,M13
2000-01-13 16:06:35 PST,ian,Keywords,css2,
2000-01-21 13:48:26 PST,ekrock,Keywords,testcase,
2000-02-05 21:16:33 PST,michael.j.lowe,Summary,Column width defaults to zero with 'table-layout: fixed',{css2} Column width defaults to zero with 'table-layout: fixed'
2000-02-13 11:04:39 PST,karnaze,Resolution,FIXED,---
2000-02-13 11:04:39 PST,karnaze,Last Resolved,2000-02-13 11:04:39,
2000-02-13 11:04:39 PST,karnaze,Status,RESOLVED,ASSIGNED
2000-02-14 02:46:03 PST,Antti.Nayha,Status,VERIFIED,RESOLVED
2000-02-14 02:46:03 PST,Antti.Nayha,CC,Antti.Nayha,Antti.Nayha
