When, Who, What, Added, Removed
1999-07-20 23:01:00 PDT,skasinathan,QA Contact,suresh,lchiang
1999-07-21 08:03:40 PDT,mozilla,Status,ASSIGNED,NEW
1999-07-21 10:59:03 PDT,mozilla,Last Resolved,1999-07-21 10:59:03,
1999-07-21 10:59:03 PDT,mozilla,Status,RESOLVED,ASSIGNED
1999-07-21 10:59:03 PDT,mozilla,Resolution,FIXED,---
1999-07-22 22:35:59 PDT,skasinathan,Status,REOPENED,RESOLVED
1999-07-22 22:38:23 PDT,skasinathan,Status,NEW,REOPENED
1999-07-22 22:38:23 PDT,skasinathan,Assignee,davidmc,bienvenu
1999-07-23 12:44:48 PDT,lchiang,Resolution,---,FIXED
1999-08-04 10:52:15 PDT,scottputterman,Target Milestone,M12,
1999-09-20 15:33:00 PDT,lchiang,Blocks,11091,
1999-11-10 09:37:26 PST,mozilla,Status,RESOLVED,NEW
1999-11-10 09:37:26 PST,mozilla,Resolution,FIXED,---
1999-11-10 09:37:26 PST,mozilla,Last Resolved,1999-11-10 09:37:26,1999-07-21 10:59:03
1999-11-24 10:51:15 PST,skasinathan,Status,REOPENED,RESOLVED
1999-11-24 10:51:41 PST,skasinathan,Resolution,---,FIXED
1999-11-30 10:21:31 PST,sspitzer,Whiteboard,not a crasher.  move to m13?,
1999-12-01 22:51:37 PST,mozilla,Target Milestone,M14,M12
2000-01-27 10:44:50 PST,phil,Target Milestone,M16,M14
2000-03-10 13:00:22 PST,dbaron,Keywords,mlk,
2000-04-01 09:10:51 PST,mozilla,Status,NEW,REOPENED
2000-04-01 09:10:51 PST,mozilla,Assignee,bienvenu,davidmc
2000-04-09 08:25:32 PDT,mozilla,Status,ASSIGNED,NEW
2000-04-16 14:12:39 PDT,selmer,Target Milestone,M17,M16
2000-06-09 18:17:25 PDT,scottputterman,Target Milestone,M20,M17
2000-07-18 20:51:48 PDT,mozilla,Keywords,nsbeta3,
2000-07-18 22:57:16 PDT,lchiang,Target Milestone,M18,M20
2000-07-19 07:33:34 PDT,mozilla,Keywords,footprint,
2000-07-19 07:33:34 PDT,mozilla,Whiteboard,,not a crasher.  move to m13?
2000-07-31 11:03:52 PDT,mozilla,Status,RESOLVED,ASSIGNED
2000-07-31 11:03:52 PDT,mozilla,Resolution,FIXED,---
2000-07-31 11:03:52 PDT,mozilla,Last Resolved,2000-07-31 11:03:52,1999-11-10 09:37:26
2001-10-11 08:43:21 PDT,stephend,Status,VERIFIED,RESOLVED
2001-10-11 08:43:21 PDT,stephend,QA Contact,stephend,suresh
2004-11-22 17:26:45 PST,myk,Product,Core,MailNews
2008-07-31 04:30:00 PDT,nobody,Product,MailNews Core,Core
