When, Who, What, Added, Removed
1999-07-21 09:29:14 PDT,dbaron,Severity,critical,normal
1999-07-21 15:21:44 PDT,peterl-retired,Status,ASSIGNED,NEW
1999-07-21 17:25:10 PDT,peterl-retired,Status,NEW,ASSIGNED
1999-07-21 17:25:10 PDT,peterl-retired,Component,Networking-Core,Style System
1999-07-21 17:25:10 PDT,peterl-retired,Assignee,gagan,peterl
1999-07-21 17:26:26 PDT,christinehoff4,QA Contact,paulmac,chrisd
1999-07-25 20:16:28 PDT,gagan,Summary,NECKO: about:blank as linked stylesheet causes crash,about:blank as linked stylesheet causes crash
1999-07-26 22:12:38 PDT,leger,Component,Necko,Networking-Core
1999-07-26 22:12:38 PDT,leger,Target Milestone,M9,
1999-08-03 18:37:20 PDT,warrensomebody,Assignee,warren,gagan
1999-08-20 14:00:40 PDT,cpratt,OS,All,Linux
1999-08-20 14:05:30 PDT,warrensomebody,Status,ASSIGNED,NEW
1999-08-23 13:50:15 PDT,warrensomebody,Target Milestone,M10,M9
1999-09-16 01:08:40 PDT,warrensomebody,Resolution,FIXED,---
1999-09-16 01:08:40 PDT,warrensomebody,Last Resolved,1999-09-16 01:08:40,
1999-09-16 01:08:40 PDT,warrensomebody,Status,RESOLVED,ASSIGNED
1999-09-24 17:07:46 PDT,paulmac,Status,VERIFIED,RESOLVED
