When, Who, What, Added, Removed
1999-07-21 14:56:07 PDT,peterl-retired,Component,Networking-Core,Style System
1999-07-21 14:56:07 PDT,peterl-retired,Assignee,gagan,peterl
1999-07-21 17:06:37 PDT,christinehoff4,QA Contact,paulmac,chrisd
1999-07-26 01:03:43 PDT,gagan,Summary,NECKO: linking to empty stylesheet causes error,linking to empty stylesheet causes error
1999-07-26 22:13:11 PDT,leger,Component,Necko,Networking-Core
1999-07-26 22:13:11 PDT,leger,Target Milestone,M9,
1999-07-27 01:41:18 PDT,gagan,Assignee,rpotts,gagan
1999-08-03 09:16:35 PDT,paulmac,Status,RESOLVED,NEW
1999-08-03 09:16:35 PDT,paulmac,Resolution,FIXED,---
1999-08-03 09:16:35 PDT,paulmac,Last Resolved,1999-08-03 09:16:35,
1999-08-03 09:16:51 PDT,paulmac,Status,VERIFIED,RESOLVED
1999-08-14 18:35:59 PDT,dbaron,Status,REOPENED,VERIFIED
1999-08-14 18:35:59 PDT,dbaron,Target Milestone,,M9
1999-08-16 13:52:20 PDT,leger,Resolution,---,FIXED
1999-08-16 14:35:48 PDT,peterl-retired,Status,RESOLVED,REOPENED
1999-08-16 14:35:48 PDT,peterl-retired,Resolution,FIXED,---
1999-08-16 14:35:48 PDT,peterl-retired,Last Resolved,1999-08-16 14:35:48,1999-08-03 09:16:35
1999-08-16 15:25:29 PDT,paulmac,Status,VERIFIED,RESOLVED
