When, Who, What, Added, Removed
1999-07-22 15:51:08 PDT,don,Priority,P1,P3
1999-07-22 15:51:08 PDT,don,Component,Networking-Core,Browser-General
1999-07-22 15:51:08 PDT,don,Assignee,gagan,don
1999-07-25 02:55:35 PDT,gagan,Status,ASSIGNED,NEW
1999-07-25 02:55:35 PDT,gagan,Component,Necko,Networking-Core
1999-07-25 02:55:35 PDT,gagan,Target Milestone,M10,
1999-07-29 07:05:38 PDT,chofmann,Blocks,10730,
1999-07-29 07:45:24 PDT,chofmann,Assignee,rpotts,gagan
1999-07-29 07:45:24 PDT,chofmann,Summary,sched - proxies don't work (?),proxies don't work (?)
1999-07-29 07:45:24 PDT,chofmann,Status,NEW,ASSIGNED
1999-08-03 18:41:08 PDT,jud,Depends on,2875,
1999-08-06 16:08:44 PDT,mark.lin,Blocks,6515,
1999-08-23 20:35:45 PDT,leger,QA Contact,paulmac,leger
1999-09-07 10:22:14 PDT,ian,Blocks,7529,
1999-09-12 19:59:03 PDT,gagan,Assignee,gagan,rpotts
1999-09-20 00:54:53 PDT,gagan,Status,RESOLVED,NEW
1999-09-20 00:54:53 PDT,gagan,Resolution,FIXED,---
1999-09-20 00:54:53 PDT,gagan,Last Resolved,1999-09-20 00:54:53,
1999-09-22 21:12:04 PDT,paulmac,Status,VERIFIED,RESOLVED
2001-05-11 14:25:18 PDT,benc,CC,watching,
