When, Who, What, Added, Removed
1999-07-21 10:51:43 PDT,karnaze,Target Milestone,M9,
1999-07-21 10:51:43 PDT,karnaze,Status,ASSIGNED,NEW
1999-07-23 14:32:47 PDT,karnaze,Status,NEW,ASSIGNED
1999-07-23 14:32:47 PDT,karnaze,Assignee,hyatt,karnaze
1999-08-05 11:28:34 PDT,trudelle,Priority,P1,P3
1999-08-05 11:41:53 PDT,hyatt,Status,RESOLVED,NEW
1999-08-05 11:41:53 PDT,hyatt,Resolution,WONTFIX,---
1999-08-05 11:41:53 PDT,hyatt,Last Resolved,1999-08-05 11:41:53,
1999-08-05 12:53:26 PDT,chofmann,Status,REOPENED,RESOLVED
1999-08-05 12:53:43 PDT,chofmann,Status,NEW,REOPENED
1999-08-05 12:53:43 PDT,chofmann,Assignee,don,hyatt
1999-08-05 16:56:40 PDT,leger,Resolution,---,WONTFIX
1999-08-09 15:41:37 PDT,don,Assignee,matt,don
1999-08-10 16:28:05 PDT,matt,Assignee,hyatt,matt
1999-08-10 16:28:05 PDT,matt,Target Milestone,M10,M9
1999-08-11 21:02:53 PDT,hyatt,Last Resolved,1999-08-11 21:02:53,1999-08-05 11:41:53
1999-08-11 21:02:53 PDT,hyatt,Status,RESOLVED,NEW
1999-08-11 21:02:53 PDT,hyatt,Resolution,FIXED,---
1999-08-23 16:09:50 PDT,rubydoo123,Status,VERIFIED,RESOLVED
1999-08-29 03:37:06 PDT,bratell,Status,REOPENED,VERIFIED
1999-08-29 03:37:28 PDT,bratell,Resolution,---,FIXED
1999-08-29 03:39:11 PDT,hyatt,Status,RESOLVED,REOPENED
1999-08-29 03:39:11 PDT,hyatt,Resolution,WONTFIX,---
1999-08-29 03:39:11 PDT,hyatt,Last Resolved,1999-08-29 03:39:11,1999-08-11 21:02:53
1999-08-29 10:49:15 PDT,chofmann,Status,REOPENED,RESOLVED
1999-08-29 10:49:50 PDT,chofmann,Status,NEW,REOPENED
1999-08-29 10:49:50 PDT,chofmann,Assignee,matt,hyatt
1999-08-29 10:50:07 PDT,chofmann,Resolution,---,WONTFIX
1999-08-29 10:55:15 PDT,chofmann,Blocks,7919,
1999-09-01 14:36:16 PDT,matt,Status,RESOLVED,NEW
1999-09-01 14:36:16 PDT,matt,Resolution,FIXED,---
1999-09-01 14:36:16 PDT,matt,Last Resolved,1999-09-01 14:36:16,1999-08-29 03:39:11
1999-09-27 12:38:57 PDT,rubydoo123,QA Contact,petersen,beppe
1999-09-27 13:03:32 PDT,chrispetersen,Status,VERIFIED,RESOLVED
