When, Who, What, Added, Removed
1999-07-21 10:32:22 PDT,scottputterman,Summary,Crash when selecting a message in more than one folder,Can't select a message in more than one folder
1999-07-21 13:44:28 PDT,momoi,Blocks,10288,
1999-08-02 16:43:41 PDT,hyatt,Status,RESOLVED,ASSIGNED
1999-08-02 16:43:41 PDT,hyatt,Resolution,FIXED,---
1999-08-02 16:43:41 PDT,hyatt,Last Resolved,1999-08-02 16:43:41,
1999-08-18 16:29:35 PDT,fenella,Status,VERIFIED,RESOLVED
2004-11-22 17:25:08 PST,myk,Product,Seamonkey,Browser
