When, Who, What, Added, Removed
1999-07-21 10:47:11 PDT,cbegle,Summary,parser: semicolon is required between two function definitions,version check in parser doesn't work
1999-07-21 10:47:11 PDT,cbegle,Status,REOPENED,RESOLVED
1999-07-21 10:47:52 PDT,cbegle,QA Contact,cbegle,
1999-07-21 10:48:28 PDT,cbegle,URL,mozilla/js/tests/js1_3/Script/function-001-n.js,
2000-02-03 18:01:06 PST,leger,QA Contact,rginda,cbegle
2000-08-08 15:15:15 PDT,mike+mozilla,Target Milestone,Future,---
2001-01-10 13:38:47 PST,pschwartau,QA Contact,pschwartau,rginda
2001-03-02 13:45:48 PST,pschwartau,Status,NEW,REOPENED
2001-03-02 13:45:48 PST,pschwartau,Assignee,beard,mike+mozilla
2001-04-15 06:49:49 PDT,stephend,CC,stephend,
2003-09-08 03:33:59 PDT,stephen.donner,CC,technutz,
2003-09-29 22:23:43 PDT,stephen.donner,CC,,technutz
2004-04-03 14:41:25 PST,brendan,Status,RESOLVED,NEW
2004-04-03 14:41:25 PST,brendan,Resolution,FIXED,---
2004-04-03 14:41:25 PST,brendan,Last Resolved,2004-04-03 14:41:25,
2005-02-04 20:05:52 PST,bob,CC,moz,
