When, Who, What, Added, Removed
1999-07-21 18:03:52 PDT,cathleennscp,Assignee,dougt,dveditz
1999-07-21 18:25:49 PDT,dougt,Status,RESOLVED,NEW
1999-07-21 18:25:49 PDT,dougt,Resolution,INVALID,---
1999-07-21 18:25:49 PDT,dougt,Last Resolved,1999-07-21 18:25:49,
1999-07-22 10:46:48 PDT,jimmykenlee,Status,REOPENED,RESOLVED
1999-07-22 12:29:20 PDT,dougt,Status,NEW,REOPENED
1999-07-22 12:29:20 PDT,dougt,Target Milestone,M10,
1999-07-22 12:38:47 PDT,leger,Resolution,---,INVALID
1999-07-30 16:14:53 PDT,samir_bugzilla,Assignee,sgehani,dougt
1999-07-31 02:22:43 PDT,samir_bugzilla,Status,RESOLVED,NEW
1999-07-31 02:22:43 PDT,samir_bugzilla,Resolution,FIXED,---
1999-07-31 02:22:43 PDT,samir_bugzilla,Last Resolved,1999-07-31 02:22:43,1999-07-21 18:25:49
1999-08-09 17:23:11 PDT,jimmykenlee,Status,VERIFIED,RESOLVED
