When, Who, What, Added, Removed
1999-07-21 18:26:01 PDT,cmaximus,Summary,[PP] File|Open is broken on Linux,File|Open is broken on Linux
1999-08-02 10:04:06 PDT,law,Status,ASSIGNED,NEW
1999-08-02 10:04:06 PDT,law,Target Milestone,M10,
1999-09-08 18:34:28 PDT,cmaximus,Resolution,FIXED,---
1999-09-08 18:34:28 PDT,cmaximus,Last Resolved,1999-09-08 18:34:28,
1999-09-08 18:34:28 PDT,cmaximus,Status,RESOLVED,ASSIGNED
1999-09-08 18:34:40 PDT,cmaximus,Status,VERIFIED,RESOLVED
2004-11-23 18:54:58 PST,myk,Product,Mozilla Application Suite,Core
