When, Who, What, Added, Removed
1999-07-22 22:13:11 PDT,nisheeth_mozilla,Status,ASSIGNED,NEW
1999-07-28 16:24:18 PDT,nisheeth_mozilla,Target Milestone,M11,
1999-08-27 22:59:55 PDT,nisheeth_mozilla,Target Milestone,M14,M11
2000-01-30 18:39:05 PST,rbs,CC,rbs,
2000-03-22 05:04:16 PST,hjtoi-bugzilla,Blocks,32832,
2000-03-22 05:04:16 PST,hjtoi-bugzilla,Hardware,All,PC
2000-03-22 05:04:16 PST,hjtoi-bugzilla,OS,All,Linux
2000-03-22 05:05:43 PST,hjtoi-bugzilla,Blocks,32833,
2000-04-04 14:33:11 PDT,nisheeth_mozilla,Target Milestone,M18,M17
2000-04-12 23:06:55 PDT,nisheeth_mozilla,Target Milestone,M17,M18
2000-04-13 14:08:04 PDT,nisheeth_mozilla,Target Milestone,M16,M17
2000-05-05 18:50:48 PDT,ekrock,Keywords,nsbeta2,
2000-05-05 18:50:48 PDT,ekrock,Summary,[FEATURE] XML IDs need to be recognized for ID selectors,XML IDs need to be recognized for ID selectors
2000-05-16 15:52:52 PDT,nisheeth_mozilla,Whiteboard,Expected to land: 5/26/00,
2000-05-18 15:40:17 PDT,leger,Whiteboard,[nsbeta2-]Expected to land: 5/26/00,Expected to land: 5/26/00
2000-06-07 05:20:19 PDT,joe,CC,joe,
2000-06-08 23:58:59 PDT,nisheeth_mozilla,Keywords,nsbeta3,
2000-06-08 23:58:59 PDT,nisheeth_mozilla,Whiteboard,[nsbeta2-],[nsbeta2-]Expected to land: 5/26/00
2000-06-15 19:50:33 PDT,nisheeth_mozilla,Target Milestone,M18,M16
2000-06-16 13:07:25 PDT,taras.tielkes,CC,t.r.tiekes,
2000-08-05 02:38:49 PDT,ian,Keywords,correctness, testcase,
2000-08-05 02:38:49 PDT,ian,Whiteboard,[nsbeta2-] hit during nsbeta2 standards compliance testing,[nsbeta2-]
2000-08-08 15:40:06 PDT,trudelle,Whiteboard,[nsbeta2-] [nsbeta3+] hit during nsbeta2 standards compliance testing,[nsbeta2-] hit during nsbeta2 standards compliance testing
2000-08-08 15:40:06 PDT,trudelle,Priority,P4,P3
2000-08-23 11:58:24 PDT,nisheeth_mozilla,Priority,P1,P4
2000-08-24 18:31:49 PDT,christinehoff4,QA Contact,petersen,chrisd
2000-08-28 14:29:48 PDT,nisheeth_mozilla,Whiteboard,[nsbeta2-] [nsbeta3+] [fixinhand] hit during nsbeta2 standards compliance testing,[nsbeta2-] [nsbeta3+] hit during nsbeta2 standards compliance testing
2000-08-29 17:36:08 PDT,nisheeth_mozilla,Status,RESOLVED,ASSIGNED
2000-08-29 17:36:08 PDT,nisheeth_mozilla,Resolution,FIXED,---
2000-08-29 17:36:08 PDT,nisheeth_mozilla,Last Resolved,2000-08-29 17:36:08,
2000-08-31 17:23:03 PDT,chrispetersen,Status,VERIFIED,RESOLVED
