When, Who, What, Added, Removed
1999-07-27 07:07:50 PDT,karnaze,Status,ASSIGNED,NEW
1999-07-27 07:07:50 PDT,karnaze,Severity,critical,normal
1999-07-27 07:07:50 PDT,karnaze,Target Milestone,M9,
1999-07-28 18:26:57 PDT,jonesev,Whiteboard,[TESTCASE] Correct the crash,
1999-08-10 11:20:10 PDT,karnaze,Status,RESOLVED,ASSIGNED
1999-08-10 11:20:10 PDT,karnaze,Resolution,FIXED,---
1999-08-10 11:20:10 PDT,karnaze,Last Resolved,1999-08-10 11:20:10,
1999-08-18 06:06:06 PDT,dbaron,Status,VERIFIED,RESOLVED
