When, Who, What, Added, Removed
1999-12-08 10:08:24 PST,elig,Component,HTMLTables,HTML Dialogs
1999-12-08 10:08:24 PST,elig,QA Contact,chrisd,
1999-12-08 12:44:49 PST,christinehoff4,Status,VERIFIED,RESOLVED
2000-12-25 17:49:58 PST,bugzilla,Status,REOPENED,VERIFIED
2000-12-25 17:51:01 PST,bugzilla,Status,RESOLVED,REOPENED
2000-12-25 17:51:01 PST,bugzilla,Resolution,FIXED,---
2000-12-25 17:51:01 PST,bugzilla,Last Resolved,2000-12-25 17:51:01,
2000-12-25 17:52:54 PST,bugzilla,Status,VERIFIED,RESOLVED
2009-02-16 08:05:07 PST,bzbarsky,Flags,in-testsuite-,
