When, Who, What, Added, Removed
1999-07-21 17:53:00 PDT,karnaze,Assignee,pollmann,karnaze
1999-07-21 22:42:30 PDT,pollmann,Status,ASSIGNED,NEW
1999-07-21 22:42:30 PDT,pollmann,Target Milestone,M9,
1999-07-22 11:47:43 PDT,pollmann,Resolution,FIXED,---
1999-07-22 11:47:43 PDT,pollmann,Last Resolved,1999-07-22 11:47:43,
1999-07-22 11:47:43 PDT,pollmann,Status,RESOLVED,ASSIGNED
1999-07-27 14:25:06 PDT,msanz,Status,REOPENED,RESOLVED
1999-07-27 14:25:16 PDT,msanz,Resolution,---,FIXED
1999-07-29 03:26:50 PDT,Antti.Nayha,Whiteboard,[MAKINGTEST] Antti.Nayha@oulu.fi,
1999-08-10 11:37:53 PDT,pollmann,Target Milestone,M10,M9
1999-08-24 14:28:52 PDT,pollmann,Status,RESOLVED,REOPENED
1999-08-24 14:28:52 PDT,pollmann,Resolution,FIXED,---
1999-08-24 14:28:52 PDT,pollmann,Last Resolved,1999-08-24 14:28:52,1999-07-22 11:47:43
1999-08-25 00:23:40 PDT,Antti.Nayha,Whiteboard,,[MAKINGTEST] Antti.Nayha@oulu.fi
1999-08-25 00:23:40 PDT,Antti.Nayha,Status,VERIFIED,RESOLVED
