When, Who, What, Added, Removed
1999-07-21 19:33:30 PDT,lchiang,Severity,critical,major
1999-07-21 21:48:33 PDT,sspitzer,Product,Browser,MailNews
1999-07-21 21:48:33 PDT,sspitzer,Component,XUL,Back End
1999-07-21 21:50:13 PDT,sspitzer,Assignee,trudelle,phil
1999-08-02 13:15:18 PDT,trudelle,Assignee,sspitzer,trudelle
1999-08-03 16:12:03 PDT,alecf,Status,ASSIGNED,NEW
1999-08-03 16:12:03 PDT,alecf,Depends on,11139,
1999-08-03 16:12:03 PDT,alecf,Target Milestone,M9,
1999-08-06 18:19:32 PDT,sspitzer,Status,NEW,ASSIGNED
1999-08-06 18:19:32 PDT,sspitzer,Assignee,alecf,sspitzer
1999-08-06 18:37:37 PDT,alecf,Assignee,sspitzer,alecf
1999-08-06 18:40:58 PDT,sspitzer,Resolution,FIXED,---
1999-08-06 18:40:58 PDT,sspitzer,Last Resolved,1999-08-06 18:40:58,
1999-08-06 18:40:58 PDT,sspitzer,Status,RESOLVED,NEW
1999-08-06 18:49:38 PDT,lchiang,QA Contact,nbaca,lchiang
1999-08-09 09:30:01 PDT,nbaca,Status,VERIFIED,RESOLVED
2000-01-20 19:05:22 PST,leger,Component,XP Toolkit/Widgets: XUL,XUL
2008-07-31 02:46:50 PDT,timeless,Component,XUL,XP Toolkit/Widgets: XUL
2008-07-31 02:46:50 PDT,timeless,QA Contact,xptoolkit.widgets,nbaca
