When, Who, What, Added, Removed
1999-08-17 09:00:57 PDT,german,Status,ASSIGNED,NEW
1999-09-24 17:36:48 PDT,shuang,Status,NEW,ASSIGNED
1999-09-24 17:36:48 PDT,shuang,Severity,normal,major
1999-09-24 17:36:48 PDT,shuang,Priority,P4,P1
1999-09-24 17:36:48 PDT,shuang,Assignee,kevinyen,german
1999-09-24 17:36:48 PDT,shuang,Target Milestone,M12,
1999-11-29 19:00:19 PST,chofmann,Resolution,FIXED,---
1999-11-29 19:00:19 PST,chofmann,Last Resolved,1999-11-29 19:00:19,
1999-11-29 19:00:19 PST,chofmann,Status,RESOLVED,NEW
1999-12-01 08:59:47 PST,agracebush,Status,VERIFIED,RESOLVED
2004-11-22 17:25:08 PST,myk,Product,Seamonkey,Browser
