When, Who, What, Added, Removed
1999-07-26 21:08:45 PDT,leger,Whiteboard,[Perf],
1999-07-26 21:08:45 PDT,leger,Summary,Neoplanet Beta 5 has faster performance than Seamonkey,
1999-07-26 21:08:45 PDT,leger,Component,other,Browser-General
1999-07-26 21:08:45 PDT,leger,Assignee,leger,don
1999-07-26 21:08:45 PDT,leger,Target Milestone,M9,
1999-08-04 11:46:58 PDT,chofmann,Assignee,jevering,leger
1999-08-05 20:55:49 PDT,chofmann,Blocks,8691,
1999-08-05 20:56:29 PDT,chofmann,Whiteboard,[Perf] HELP WANTED  need test cases,[Perf]
1999-08-05 20:56:29 PDT,chofmann,Target Milestone,M10,M9
1999-09-24 15:28:29 PDT,chofmann,Assignee,leger,jevering
1999-09-24 15:28:29 PDT,chofmann,Target Milestone,M11,M10
1999-10-04 13:38:49 PDT,leger,QA Contact,paw,leger
1999-11-01 21:12:27 PST,chofmann,Target Milestone,M12,M11
1999-11-08 17:50:48 PST,leger,Assignee,bsharma,leger
1999-11-17 12:11:30 PST,bsharma,Last Resolved,1999-11-17 12:11:30,
1999-11-17 12:11:30 PST,bsharma,Status,RESOLVED,NEW
1999-11-17 12:11:30 PST,bsharma,Resolution,FIXED,---
1999-11-17 13:31:44 PST,pawyskoczka,Status,VERIFIED,RESOLVED
