When, Who, What, Added, Removed
1998-12-15 17:28:29 PST,michaelp,Status,NEW,ASSIGNED
1998-12-15 17:28:29 PST,michaelp,Assignee,pnunn,michaelp
1998-12-16 10:30:50 PST,pnunn,Status,ASSIGNED,NEW
1999-02-04 15:16:54 PST,elig,QA Contact,1698,
1999-04-09 13:36:08 PDT,chofmann,Target Milestone,M5,M4
1999-04-21 15:36:43 PDT,pnunn,Status,NEW,ASSIGNED
1999-04-21 15:36:43 PDT,pnunn,Assignee,gagan,pnunn
1999-05-14 06:08:05 PDT,marni894,URL,http://puma.rydnet.lysator.liu.se/~nilsson/moz/ng3.html,http://h74.ryd.student.liu.se/moz/ng3.html
1999-07-25 16:51:56 PDT,gagan,Assignee,pnunn,gagan
1999-07-25 16:51:56 PDT,gagan,Status,NEW,ASSIGNED
1999-07-30 14:24:40 PDT,pnunn,Status,ASSIGNED,NEW
1999-08-05 17:15:24 PDT,pnunn,Status,RESOLVED,ASSIGNED
1999-08-05 17:15:24 PDT,pnunn,Resolution,WORKSFORME,---
1999-08-05 17:15:24 PDT,pnunn,Last Resolved,1999-08-05 17:15:24,
1999-08-06 14:23:33 PDT,marni894,URL,http://puma.pugo.org/moz/ng3.html,http://puma.rydnet.lysator.liu.se/~nilsson/moz/ng3.html
1999-08-06 14:23:33 PDT,marni894,Status,REOPENED,RESOLVED
1999-08-06 16:18:40 PDT,pnunn,Status,RESOLVED,REOPENED
1999-08-06 16:18:40 PDT,pnunn,Last Resolved,1999-08-06 16:18:40,1999-08-05 17:15:24
1999-08-09 10:51:56 PDT,pnunn,Status,REOPENED,RESOLVED
1999-08-09 10:51:56 PDT,pnunn,Target Milestone,M11,M9
1999-08-09 10:53:55 PDT,elig,Resolution,---,WORKSFORME
1999-09-17 17:21:24 PDT,pnunn,Resolution,FIXED,---
1999-09-17 17:21:24 PDT,pnunn,Last Resolved,1999-09-17 17:21:24,1999-08-06 16:18:40
1999-09-17 17:21:24 PDT,pnunn,Status,RESOLVED,REOPENED
1999-09-17 19:17:22 PDT,marni894,URL,http://www.d.lintek.liu.se/gfx/98/logo_doit.gif,http://puma.pugo.org/moz/ng3.html
1999-09-29 16:09:28 PDT,elig,Status,REOPENED,RESOLVED
1999-09-29 16:09:38 PDT,elig,Resolution,---,FIXED
1999-09-29 17:12:07 PDT,pnunn,Status,RESOLVED,REOPENED
1999-09-29 17:12:07 PDT,pnunn,Resolution,DUPLICATE,---
1999-09-29 17:12:07 PDT,pnunn,Last Resolved,1999-09-29 17:12:07,1999-09-17 17:21:24
1999-09-30 09:36:27 PDT,elig,Status,VERIFIED,RESOLVED
1999-10-07 14:16:13 PDT,elig,Status,REOPENED,VERIFIED
1999-10-07 14:16:27 PDT,elig,Resolution,---,DUPLICATE
1999-10-21 11:52:24 PDT,pnunn,Status,RESOLVED,REOPENED
1999-10-21 11:52:24 PDT,pnunn,Resolution,DUPLICATE,---
1999-10-21 11:52:24 PDT,pnunn,Last Resolved,1999-10-21 11:52:24,1999-09-29 17:12:07
1999-10-22 17:02:34 PDT,elig,Status,VERIFIED,RESOLVED
2000-01-14 10:13:01 PST,elig,Status,REOPENED,VERIFIED
2000-01-14 10:13:10 PST,elig,Resolution,---,DUPLICATE
2000-01-18 09:49:01 PST,leger,Target Milestone,M13,M11
2000-01-18 11:48:43 PST,pnunn,Target Milestone,M15,M13
2000-01-26 12:23:40 PST,neeti,CC,neeti,
2000-01-26 14:37:32 PST,neeti,Target Milestone,M14,M15
2000-02-02 14:11:40 PST,pnunn,Target Milestone,M15,M14
2000-03-23 10:08:46 PST,neeti,Status,RESOLVED,REOPENED
2000-03-23 10:08:46 PST,neeti,Resolution,FIXED,---
2000-03-23 10:08:46 PST,neeti,Last Resolved,2000-03-23 10:08:46,1999-10-21 11:52:24
2000-03-29 09:48:19 PST,elig,Status,VERIFIED,RESOLVED
2009-01-22 10:17:43 PST,nobody,Product,Core Graveyard,Core
