When, Who, What, Added, Removed
1999-07-22 09:05:36 PDT,troy,Assignee,kipp,troy
1999-08-08 06:49:00 PDT,kipp,Summary,{stress} CRASH: massively nested divs,CRASH: massively nested divs
1999-08-08 06:49:00 PDT,kipp,Status,ASSIGNED,NEW
1999-08-08 06:49:00 PDT,kipp,Severity,normal,critical
1999-08-08 06:49:00 PDT,kipp,Priority,P1,P3
1999-08-08 06:49:00 PDT,kipp,Target Milestone,M10,
1999-08-27 14:58:42 PDT,kipp,Priority,P3,P1
1999-08-27 14:58:42 PDT,kipp,Target Milestone,M17,M10
1999-08-28 18:09:13 PDT,allen.sam,Whiteboard,[testcase],
1999-10-25 13:15:09 PDT,kipp,Status,RESOLVED,ASSIGNED
1999-10-25 13:15:09 PDT,kipp,Resolution,LATER,---
1999-10-25 13:15:09 PDT,kipp,Last Resolved,1999-10-25 13:15:09,
1999-10-25 13:32:06 PDT,chrispetersen,Status,VERIFIED,RESOLVED
2002-04-28 18:53:51 PDT,choess,Status,REOPENED,VERIFIED
2002-04-28 18:53:51 PDT,choess,Resolution,---,LATER
2002-04-28 18:54:29 PDT,choess,Status,RESOLVED,REOPENED
2002-04-28 18:54:29 PDT,choess,Resolution,FIXED,---
2002-04-28 18:54:29 PDT,choess,Last Resolved,2002-04-28 18:54:29,1999-10-25 13:15:09
