When, Who, What, Added, Removed
1999-07-22 08:25:59 PDT,troy,Assignee,dcone,troy
1999-07-26 21:09:22 PDT,leger,Whiteboard,[Perf],
1999-08-03 06:55:57 PDT,dcone,Status,ASSIGNED,NEW
1999-09-22 15:08:48 PDT,dcone,Target Milestone,M17,
1999-10-14 10:38:26 PDT,dcone,Last Resolved,1999-10-14 10:38:26,
1999-10-14 10:38:26 PDT,dcone,Status,RESOLVED,ASSIGNED
1999-10-14 10:38:26 PDT,dcone,Resolution,DUPLICATE,---
1999-10-14 10:43:24 PDT,dcone,Status,REOPENED,RESOLVED
1999-10-14 16:00:36 PDT,allen.sam,Summary,Dotted borders take too long to draw,Numerous dotted/dashed borders unacceptably slow
1999-10-14 16:00:36 PDT,allen.sam,Resolution,---,DUPLICATE
1999-10-26 08:05:14 PDT,dcone,Status,RESOLVED,REOPENED
1999-10-26 08:05:14 PDT,dcone,Resolution,FIXED,---
1999-10-26 08:05:14 PDT,dcone,Last Resolved,1999-10-26 08:05:14,1999-10-14 10:38:26
1999-10-26 19:01:09 PDT,allen.sam,Status,VERIFIED,RESOLVED
