When, Who, What, Added, Removed
1999-07-22 12:45:57 PDT,cmanske,Summary,Copy to clipboard (and maybe Paste?) doesn't work,Copy/Paste is busted
1999-07-22 12:45:57 PDT,cmanske,Severity,critical,blocker
1999-07-22 12:45:57 PDT,cmanske,Blocks,7933,
1999-07-22 14:16:28 PDT,akkzilla,Blocks,,7933
1999-07-22 17:35:06 PDT,akkzilla,Blocks,6271,
1999-07-22 19:32:01 PDT,rods,Status,RESOLVED,NEW
1999-07-22 19:32:01 PDT,rods,Resolution,FIXED,---
1999-07-22 19:32:01 PDT,rods,Last Resolved,1999-07-22 19:32:01,
1999-07-23 10:58:13 PDT,akkzilla,Status,REOPENED,RESOLVED
1999-07-23 16:52:07 PDT,akkzilla,Status,RESOLVED,REOPENED
1999-07-23 16:52:07 PDT,akkzilla,Last Resolved,1999-07-23 16:52:07,1999-07-22 19:32:01
1999-07-26 15:15:23 PDT,chrispetersen,Status,VERIFIED,RESOLVED
