When, Who, What, Added, Removed
1999-07-22 10:51:53 PDT,esther,Priority,P2,P3
1999-07-22 10:51:53 PDT,esther,QA Contact,esther,lchiang
1999-07-22 12:34:44 PDT,chuang,Assignee,hangas,chuang
1999-07-22 18:12:02 PDT,sspitzer,Status,RESOLVED,NEW
1999-07-22 18:12:02 PDT,sspitzer,Resolution,FIXED,---
1999-07-22 18:12:02 PDT,sspitzer,Last Resolved,1999-07-22 18:12:02,
1999-07-27 12:02:04 PDT,lchiang,Target Milestone,M9,
1999-07-30 14:40:56 PDT,esther,Status,VERIFIED,RESOLVED
2004-11-22 17:25:08 PST,myk,Product,Seamonkey,Browser
