When, Who, What, Added, Removed
1999-07-22 11:31:11 PDT,mcafee,Summary,Necko: iplanet.com hangs, renders blank content.,iplanet.com hangs, renders blank content.
1999-08-02 18:00:00 PDT,gagan,Status,ASSIGNED,NEW
1999-08-02 18:00:00 PDT,gagan,Component,Necko,Networking-Core
1999-08-02 18:00:00 PDT,gagan,Target Milestone,M9,
1999-08-02 18:07:25 PDT,paulmac,Status,RESOLVED,ASSIGNED
1999-08-02 18:07:25 PDT,paulmac,Resolution,FIXED,---
1999-08-02 18:07:25 PDT,paulmac,Last Resolved,1999-08-02 18:07:25,
1999-08-02 18:07:55 PDT,paulmac,Status,VERIFIED,RESOLVED
