When, Who, What, Added, Removed
1999-08-12 01:03:08 PDT,don,Assignee,law,don
1999-08-12 01:03:08 PDT,don,Target Milestone,M10,
1999-08-12 01:03:08 PDT,don,Priority,P2,P3
1999-08-19 10:29:59 PDT,law,Status,ASSIGNED,NEW
1999-09-15 00:09:45 PDT,davidm,Status,NEW,ASSIGNED
1999-09-15 00:09:45 PDT,davidm,Assignee,davidm,law
1999-09-16 16:49:34 PDT,davidm,Status,RESOLVED,NEW
1999-09-16 16:49:34 PDT,davidm,Resolution,FIXED,---
1999-09-16 16:49:34 PDT,davidm,Last Resolved,1999-09-16 16:49:34,
1999-09-27 12:42:58 PDT,rubydoo123,QA Contact,cpratt,beppe
1999-10-18 11:31:54 PDT,cpratt,Status,VERIFIED,RESOLVED
2004-11-23 18:54:58 PST,myk,Product,Mozilla Application Suite,Core
