When, Who, What, Added, Removed
1999-07-22 14:12:10 PDT,mozilla,Target Milestone,M10,
1999-07-22 14:15:09 PDT,tao,Component,Front End,XUL
1999-07-22 14:15:09 PDT,tao,Product,MailNews,Browser
1999-07-22 14:17:36 PDT,tao,QA Contact,tao,ckritzer
1999-07-27 12:27:20 PDT,msanz,Blocks,10598,
1999-08-19 17:18:07 PDT,msanz,Summary,[BLOCKER] Please move entities into DTDs,Please move entities into DTDs
1999-08-19 17:18:07 PDT,msanz,Severity,blocker,critical
1999-08-19 17:45:18 PDT,scottputterman,Status,RESOLVED,NEW
1999-08-19 17:45:18 PDT,scottputterman,Resolution,FIXED,---
1999-08-19 17:45:18 PDT,scottputterman,Last Resolved,1999-08-19 17:45:18,
1999-08-24 10:26:19 PDT,tao,Status,REOPENED,RESOLVED
1999-08-24 12:34:29 PDT,leger,Resolution,---,FIXED
1999-08-25 11:40:50 PDT,alecf,Status,NEW,REOPENED
1999-08-25 11:40:50 PDT,alecf,Assignee,alecf,phil
1999-08-30 20:22:35 PDT,alecf,Status,RESOLVED,NEW
1999-08-30 20:22:35 PDT,alecf,Resolution,FIXED,---
1999-08-30 20:22:35 PDT,alecf,Last Resolved,1999-08-30 20:22:35,1999-08-19 17:45:18
1999-09-01 14:57:44 PDT,tao,Status,VERIFIED,RESOLVED
2004-11-22 17:25:08 PST,myk,Product,Seamonkey,Browser
