When, Who, What, Added, Removed
1999-07-22 14:21:16 PDT,tao,QA Contact,tao,sujay
1999-07-26 14:33:53 PDT,brade,Status,ASSIGNED,NEW
1999-07-27 12:27:20 PDT,msanz,Blocks,10598,
1999-07-28 08:35:00 PDT,brade,Summary,Please move entities into DTDs (Composer and dialogs),Please move entities into DTDs
1999-07-28 08:35:00 PDT,brade,Target Milestone,M9,
1999-08-10 08:47:15 PDT,brade,Status,RESOLVED,ASSIGNED
1999-08-10 08:47:15 PDT,brade,Resolution,FIXED,---
1999-08-10 08:47:15 PDT,brade,Last Resolved,1999-08-10 08:47:15,
1999-08-10 13:37:24 PDT,tao,Status,VERIFIED,RESOLVED
