When, Who, What, Added, Removed
1999-07-22 13:53:54 PDT,joki,Status,ASSIGNED,NEW
1999-07-22 13:53:54 PDT,joki,Target Milestone,M11,
1999-09-21 22:34:18 PDT,joki,Target Milestone,M12,M11
1999-12-22 13:34:50 PST,joki,Target Milestone,M14,M13
2000-01-17 18:33:11 PST,ekrock,Target Milestone,M16,M14
2000-05-16 16:47:20 PDT,joki,Status,RESOLVED,ASSIGNED
2000-05-16 16:47:20 PDT,joki,Resolution,FIXED,---
2000-05-16 16:47:20 PDT,joki,Last Resolved,2000-05-16 16:47:20,
2001-02-22 21:16:42 PST,ian,Component,DOM Events,DOM Level 2
2001-05-29 15:49:50 PDT,vladimire,QA Contact,vladimire,vidur
2001-05-31 15:35:38 PDT,vladimire,Status,VERIFIED,RESOLVED
