When, Who, What, Added, Removed
1999-07-22 14:26:09 PDT,tao,QA Contact,tao,jimmylee
1999-07-27 12:27:20 PDT,msanz,Blocks,10598,
1999-08-06 08:58:02 PDT,cathleennscp,Assignee,dveditz,cathleen
1999-08-06 08:58:02 PDT,cathleennscp,Target Milestone,M10,
1999-08-19 17:18:31 PDT,msanz,Summary,[BLOCKER] Please move entities into DTDs,Please move entities into DTDs
1999-08-19 17:18:31 PDT,msanz,Severity,blocker,critical
1999-08-23 17:07:06 PDT,cathleennscp,Assignee,dbragg,dveditz
1999-08-24 10:09:23 PDT,dbragg,Status,ASSIGNED,NEW
1999-08-30 15:28:21 PDT,dbragg,Status,RESOLVED,ASSIGNED
1999-08-30 15:28:21 PDT,dbragg,Resolution,FIXED,---
1999-08-30 15:28:21 PDT,dbragg,Last Resolved,1999-08-30 15:28:21,
1999-09-01 14:54:19 PDT,tao,Whiteboard,SoftwareUpdate.xul removed?,
1999-09-01 14:54:19 PDT,tao,Status,VERIFIED,RESOLVED
