When, Who, What, Added, Removed
1999-07-22 17:06:25 PDT,radha,Status,ASSIGNED,NEW
1999-07-22 17:06:25 PDT,radha,Target Milestone,M9,
1999-07-22 17:49:11 PDT,radha,Summary,[NECKO]All status bar messages are not displayed,All status bar messages are not displayed
1999-07-23 13:36:22 PDT,leger,Severity,blocker,normal
1999-07-26 11:09:03 PDT,don,Summary,[NECKO] All status bar messages are not displayed,[NECKO]All status bar messages are not displayed
1999-07-26 11:09:03 PDT,don,Priority,P1,P3
1999-07-26 21:10:13 PDT,leger,Whiteboard,[Perf],
1999-08-02 12:26:59 PDT,radha,Status,NEW,ASSIGNED
1999-08-02 12:26:59 PDT,radha,Assignee,gagan,radha
1999-08-02 15:52:17 PDT,gagan,Status,ASSIGNED,NEW
1999-08-05 13:45:07 PDT,chofmann,Blocks,11349,
1999-08-11 17:42:27 PDT,gagan,Status,RESOLVED,ASSIGNED
1999-08-11 17:42:27 PDT,gagan,Resolution,FIXED,---
1999-08-11 17:42:27 PDT,gagan,Last Resolved,1999-08-11 17:42:27,
1999-08-12 12:55:12 PDT,pawyskoczka,Status,REOPENED,RESOLVED
1999-08-12 15:01:38 PDT,leger,Resolution,---,FIXED
1999-08-13 14:11:42 PDT,leger,Whiteboard,[Perf][QA M9 BLOCKER],[Perf]
1999-08-17 14:54:14 PDT,rpotts,Status,RESOLVED,REOPENED
1999-08-17 14:54:14 PDT,rpotts,Resolution,DUPLICATE,---
1999-08-17 14:54:14 PDT,rpotts,Last Resolved,1999-08-17 14:54:14,1999-08-11 17:42:27
1999-08-18 10:35:08 PDT,jaymoz,Status,VERIFIED,RESOLVED
1999-08-24 11:10:31 PDT,bsharma,Status,REOPENED,VERIFIED
1999-08-24 12:03:43 PDT,warrensomebody,Status,NEW,REOPENED
1999-08-24 12:03:43 PDT,warrensomebody,Assignee,rpotts,gagan
1999-08-24 12:31:00 PDT,leger,Resolution,---,DUPLICATE
1999-08-24 13:38:43 PDT,rpotts,Status,RESOLVED,NEW
1999-08-24 13:38:43 PDT,rpotts,Resolution,DUPLICATE,---
1999-08-24 13:38:43 PDT,rpotts,Last Resolved,1999-08-24 13:38:43,1999-08-17 14:54:14
1999-09-09 12:16:12 PDT,warrensomebody,Status,REOPENED,RESOLVED
1999-09-09 12:16:35 PDT,warrensomebody,Resolution,---,DUPLICATE
1999-09-09 15:46:41 PDT,don,Blocks,13465,
1999-09-09 18:05:27 PDT,leger,Target Milestone,M10,M9
1999-09-23 12:26:32 PDT,trudelle,Blocks,14740,
1999-09-28 18:24:03 PDT,gagan,Status,NEW,REOPENED
1999-09-28 18:24:03 PDT,gagan,Assignee,gagan,rpotts
1999-09-28 18:24:20 PDT,gagan,Status,ASSIGNED,NEW
1999-10-02 09:40:54 PDT,chofmann,Whiteboard,[Perf][QA M9 BLOCKER]- agenda item for 10/4 porkjokey mtg.,[Perf][QA M9 BLOCKER]
1999-10-04 10:36:25 PDT,leger,Target Milestone,M11,M10
1999-10-14 01:34:57 PDT,gagan,Status,RESOLVED,ASSIGNED
1999-10-14 01:34:57 PDT,gagan,Resolution,FIXED,---
1999-10-14 01:34:57 PDT,gagan,Last Resolved,1999-10-14 01:34:57,1999-08-24 13:38:43
1999-10-19 14:08:34 PDT,paulmac,Status,VERIFIED,RESOLVED
1999-12-22 19:20:14 PST,don,Blocks,,13465
2001-06-08 11:23:43 PDT,benc,CC,watching,
