When, Who, What, Added, Removed
1999-07-22 17:45:04 PDT,radha,Summary,[NECKO]Correct time is not displayed when loading url from the command line,Correct time is not displayed when loading url from the command line
1999-07-22 17:45:04 PDT,radha,Status,ASSIGNED,NEW
1999-07-22 17:45:04 PDT,radha,Target Milestone,M10,
1999-07-23 13:36:43 PDT,leger,Target Milestone,M9,M10
1999-07-23 13:36:43 PDT,leger,Severity,blocker,normal
1999-07-23 16:12:23 PDT,gagan,Status,RESOLVED,ASSIGNED
1999-07-23 16:12:23 PDT,gagan,Resolution,INVALID,---
1999-07-23 16:12:23 PDT,gagan,Last Resolved,1999-07-23 16:12:23,
1999-07-26 21:10:50 PDT,leger,Whiteboard,[Perf],
1999-07-27 10:47:02 PDT,radha,Status,REOPENED,RESOLVED
1999-07-27 12:35:07 PDT,radha,Status,RESOLVED,REOPENED
1999-07-27 12:35:07 PDT,radha,Last Resolved,1999-07-27 12:35:07,1999-07-23 16:12:23
1999-07-27 14:04:48 PDT,leger,Status,REOPENED,RESOLVED
1999-07-27 14:04:55 PDT,leger,Resolution,---,INVALID
1999-08-05 13:45:07 PDT,chofmann,Blocks,11349,
1999-08-05 15:00:54 PDT,warrensomebody,Status,NEW,REOPENED
1999-08-05 15:00:54 PDT,warrensomebody,Assignee,rpotts,radha
1999-08-10 14:12:45 PDT,rpotts,Status,ASSIGNED,NEW
1999-08-13 14:12:09 PDT,leger,Whiteboard,[Perf][QA M9 BLOCKER],[Perf]
1999-08-16 12:23:00 PDT,akkzilla,Blocks,11889,
1999-08-16 15:29:48 PDT,momoi,Blocks,11094,
1999-08-23 14:55:13 PDT,paulmac,QA Contact,bsharma,paulmac
1999-08-23 17:51:18 PDT,leger,Status,RESOLVED,ASSIGNED
1999-08-23 17:51:18 PDT,leger,Resolution,FIXED,---
1999-08-23 17:51:18 PDT,leger,Last Resolved,1999-08-23 17:51:18,1999-07-27 12:35:07
1999-08-23 17:52:40 PDT,leger,QA Contact,esther,bsharma
1999-08-25 11:54:15 PDT,esther,Status,VERIFIED,RESOLVED
