When, Who, What, Added, Removed
1999-07-22 14:42:21 PDT,tao,QA Contact,tao,paulmac
1999-07-27 12:27:20 PDT,msanz,Blocks,10598,
1999-08-02 14:49:11 PDT,don,Priority,P1,P3
1999-08-02 14:49:11 PDT,don,Target Milestone,M9,
1999-08-04 09:48:12 PDT,slamm,Status,ASSIGNED,NEW
1999-08-06 11:14:20 PDT,slamm,Status,RESOLVED,ASSIGNED
1999-08-06 11:14:20 PDT,slamm,Resolution,FIXED,---
1999-08-06 11:14:20 PDT,slamm,Last Resolved,1999-08-06 11:14:20,
1999-08-06 18:11:57 PDT,tao,Status,REOPENED,RESOLVED
1999-08-06 18:12:20 PDT,tao,Resolution,---,FIXED
1999-08-11 08:48:53 PDT,slamm,Whiteboard,Fix ready; need permission to check in,
1999-08-11 08:48:53 PDT,slamm,Status,ASSIGNED,REOPENED
1999-08-11 15:05:41 PDT,slamm,Resolution,FIXED,---
1999-08-11 15:05:41 PDT,slamm,Last Resolved,1999-08-11 15:05:41,1999-08-06 11:14:20
1999-08-11 15:05:41 PDT,slamm,Whiteboard,Checked in,Fix ready; need permission to check in
1999-08-11 15:05:41 PDT,slamm,Status,RESOLVED,ASSIGNED
1999-08-11 15:36:39 PDT,tao,Status,VERIFIED,RESOLVED
2004-11-22 17:25:08 PST,myk,Product,Seamonkey,Browser
