When, Who, What, Added, Removed
1999-07-22 14:46:10 PDT,tao,QA Contact,tao,beppe
1999-07-27 12:27:20 PDT,msanz,Blocks,10598,
1999-08-10 15:51:45 PDT,tao,Assignee,matt,don
1999-08-12 00:55:14 PDT,don,Priority,P2,P3
1999-08-12 00:55:14 PDT,don,Target Milestone,M10,
1999-08-12 11:19:24 PDT,matt,Status,ASSIGNED,NEW
1999-08-12 11:19:24 PDT,matt,Target Milestone,M9,M10
1999-08-12 16:05:54 PDT,matt,Status,RESOLVED,ASSIGNED
1999-08-12 16:05:54 PDT,matt,Resolution,FIXED,---
1999-08-12 16:05:54 PDT,matt,Target Milestone,M10,M9
1999-08-12 16:05:54 PDT,matt,Last Resolved,1999-08-12 16:05:54,
1999-08-12 18:11:24 PDT,tao,Status,VERIFIED,RESOLVED
2004-11-23 18:54:58 PST,myk,Product,Mozilla Application Suite,Core
