When, Who, What, Added, Removed
1999-07-22 14:50:50 PDT,lchiang,QA Contact,esther,lchiang
1999-07-22 22:35:10 PDT,scottputterman,Status,ASSIGNED,NEW
1999-07-22 22:35:10 PDT,scottputterman,Target Milestone,M10,
1999-08-24 10:31:30 PDT,sol,Whiteboard,[PR1],
1999-09-19 15:08:18 PDT,scottputterman,Target Milestone,M12,M11
1999-09-20 17:01:40 PDT,lchiang,Blocks,11091,
1999-11-23 11:00:45 PST,scottputterman,Target Milestone,M14,M12
2000-01-27 10:46:47 PST,phil,Whiteboard,,[PR1]
2000-03-23 22:21:19 PST,scottputterman,Target Milestone,M17,M14
2000-05-06 10:26:55 PDT,selmer,Keywords,nsbeta2,
2000-05-11 09:20:50 PDT,esther,Keywords,regression,
2000-05-11 09:20:50 PDT,esther,Severity,major,normal
2000-05-16 14:57:47 PDT,leger,Whiteboard,[nsbeta2+],
2000-05-19 10:15:49 PDT,scottputterman,Priority,P2,P3
2000-05-26 10:54:45 PDT,esther,Last Resolved,2000-05-26 10:54:45,
2000-05-26 10:54:45 PDT,esther,Status,RESOLVED,ASSIGNED
2000-05-26 10:54:45 PDT,esther,Resolution,FIXED,---
2000-05-26 10:55:01 PDT,esther,Status,VERIFIED,RESOLVED
2004-11-22 17:26:45 PST,myk,Product,Core,MailNews
2008-07-31 04:30:00 PDT,nobody,Product,MailNews Core,Core
