When, Who, What, Added, Removed
1999-07-22 15:55:57 PDT,esther,QA Contact,esther,lchiang
1999-07-22 17:44:36 PDT,hangas,Status,ASSIGNED,NEW
1999-07-22 17:44:36 PDT,hangas,Depends on,10255,
1999-07-22 17:44:36 PDT,hangas,Target Milestone,M9,
1999-08-06 10:18:24 PDT,hangas,Depends on,9631,
1999-08-06 18:21:41 PDT,hangas,Target Milestone,M10,M9
1999-08-20 17:17:15 PDT,hangas,Status,RESOLVED,ASSIGNED
1999-08-20 17:17:15 PDT,hangas,Resolution,FIXED,---
1999-08-20 17:17:15 PDT,hangas,Last Resolved,1999-08-20 17:17:15,
1999-09-01 17:27:57 PDT,esther,Status,REOPENED,RESOLVED
1999-09-01 17:28:21 PDT,esther,Resolution,---,FIXED
1999-09-07 18:44:42 PDT,hangas,Target Milestone,M11,M10
1999-09-10 16:23:10 PDT,hangas,Resolution,FIXED,---
1999-09-10 16:23:10 PDT,hangas,Last Resolved,1999-09-10 16:23:10,1999-08-20 17:17:15
1999-09-10 16:23:10 PDT,hangas,Status,RESOLVED,REOPENED
1999-09-22 16:06:48 PDT,esther,Status,VERIFIED,RESOLVED
2004-11-22 17:25:08 PST,myk,Product,Seamonkey,Browser
