When, Who, What, Added, Removed
1999-07-22 16:40:39 PDT,tao,QA Contact,tao,ckritzer
1999-07-27 12:27:20 PDT,msanz,Blocks,10598,
1999-08-10 12:58:13 PDT,sfraser_bugs,Summary,finddialog.xul: please move entities into DTDs,Please move entities into DTDs
1999-08-10 12:58:13 PDT,sfraser_bugs,Status,ASSIGNED,NEW
1999-08-10 12:58:13 PDT,sfraser_bugs,Target Milestone,M10,
1999-08-19 17:18:50 PDT,msanz,Summary,[BLOCKER] finddialog.xul: please move entities into DTDs,finddialog.xul: please move entities into DTDs
1999-08-19 17:18:50 PDT,msanz,Severity,blocker,critical
1999-09-07 11:43:07 PDT,sfraser_bugs,Status,RESOLVED,ASSIGNED
1999-09-07 11:43:07 PDT,sfraser_bugs,Resolution,FIXED,---
1999-09-07 11:43:07 PDT,sfraser_bugs,Target Milestone,M11,M10
1999-09-07 11:43:07 PDT,sfraser_bugs,Last Resolved,1999-09-07 11:43:07,
1999-09-10 15:11:04 PDT,tao,Status,VERIFIED,RESOLVED
2000-01-20 18:59:13 PST,leger,Component,XP Toolkit/Widgets: XUL,XUL
2008-07-31 02:46:51 PDT,timeless,Component,XUL,XP Toolkit/Widgets: XUL
2008-07-31 02:46:51 PDT,timeless,QA Contact,xptoolkit.widgets,tao
