When, Who, What, Added, Removed
1999-07-22 16:31:05 PDT,scottputterman,Assignee,rjc,phil
1999-07-28 01:39:04 PDT,mozilla,Status,ASSIGNED,NEW
1999-07-28 01:39:04 PDT,mozilla,Target Milestone,M9,
1999-08-10 23:25:56 PDT,mozilla,Status,RESOLVED,ASSIGNED
1999-08-10 23:25:56 PDT,mozilla,Resolution,FIXED,---
1999-08-10 23:25:56 PDT,mozilla,Last Resolved,1999-08-10 23:25:56,
1999-08-13 10:25:17 PDT,fenella,Status,VERIFIED,RESOLVED
2004-11-22 17:26:45 PST,myk,Product,Core,MailNews
2008-07-31 04:30:00 PDT,nobody,Product,MailNews Core,Core
