When, Who, What, Added, Removed
1999-07-22 16:42:47 PDT,dveditz,Blocks,10355,
1999-07-22 20:33:13 PDT,troy,Status,RESOLVED,NEW
1999-07-22 20:33:13 PDT,troy,Resolution,WONTFIX,---
1999-07-22 20:33:13 PDT,troy,Last Resolved,1999-07-22 20:33:13,
1999-07-22 22:21:42 PDT,dveditz,Status,REOPENED,RESOLVED
1999-07-23 09:03:54 PDT,troy,Status,RESOLVED,REOPENED
1999-07-23 09:03:54 PDT,troy,Last Resolved,1999-07-23 09:03:54,1999-07-22 20:33:13
1999-07-23 10:15:15 PDT,dveditz,Status,REOPENED,RESOLVED
1999-07-23 13:37:24 PDT,dveditz,Status,NEW,REOPENED
1999-07-23 13:37:24 PDT,dveditz,Assignee,dveditz,troy
1999-07-23 14:06:06 PDT,dveditz,Status,ASSIGNED,NEW
1999-07-23 16:24:36 PDT,brendan,Resolution,---,WONTFIX
1999-09-24 15:25:54 PDT,dveditz,Target Milestone,M11,M10
1999-10-18 00:28:04 PDT,jar,Blocks,16654,
1999-10-21 15:36:33 PDT,chrispetersen,Status,VERIFIED,RESOLVED
2013-06-13 14:54:50 PDT,bezaleel360,CC,bezaleel360,
