When, Who, What, Added, Removed
1999-07-22 16:42:47 PDT,dveditz,Depends on,10359,
1999-07-22 16:46:12 PDT,dveditz,Depends on,10364,
1999-07-22 16:56:03 PDT,dveditz,Depends on,10365,
1999-07-22 16:57:36 PDT,dveditz,Depends on,10366,
1999-07-22 17:21:07 PDT,dveditz,Depends on,10368,
1999-07-22 17:24:18 PDT,dveditz,Depends on,10369,
1999-07-22 17:27:36 PDT,dveditz,Depends on,10370,
1999-07-22 17:30:38 PDT,dveditz,Depends on,10371,
1999-07-22 17:52:46 PDT,dveditz,Depends on,10374,
1999-07-22 17:57:22 PDT,dveditz,Depends on,10375,
1999-07-22 18:00:57 PDT,dveditz,Depends on,10376,
1999-07-22 19:08:22 PDT,dveditz,Depends on,10381,
1999-07-22 19:10:18 PDT,dveditz,Depends on,10382,
1999-08-03 18:19:46 PDT,cathleennscp,Blocks,11020,
1999-08-12 14:50:59 PDT,cathleennscp,Depends on,11778,
1999-08-12 14:53:43 PDT,cathleennscp,Depends on,,11778
1999-08-12 15:02:38 PDT,cathleennscp,Depends on,11781,
1999-08-12 15:08:08 PDT,cathleennscp,Depends on,11786,
1999-08-12 15:13:42 PDT,cathleennscp,Depends on,11789,
1999-08-12 15:16:17 PDT,cathleennscp,Depends on,11791,
1999-08-12 15:19:21 PDT,cathleennscp,Depends on,11792,
1999-08-12 15:22:54 PDT,cathleennscp,Depends on,11793,
1999-08-12 15:28:12 PDT,cathleennscp,Depends on,11795,
1999-08-23 20:41:13 PDT,leger,Component,Build Config,Browser-General
1999-08-23 20:41:13 PDT,leger,QA Contact,gbush,leger
1999-08-30 13:41:04 PDT,cathleennscp,Blocks,12806,
1999-09-23 12:26:32 PDT,trudelle,Blocks,14740,
1999-09-24 14:37:21 PDT,chofmann,Target Milestone,M11,M10
1999-10-11 12:07:08 PDT,cathleennscp,Last Resolved,1999-10-11 12:07:08,
1999-10-11 12:07:08 PDT,cathleennscp,Status,RESOLVED,NEW
1999-10-11 12:07:08 PDT,cathleennscp,Resolution,FIXED,---
1999-10-12 08:43:00 PDT,agracebush,Status,VERIFIED,RESOLVED
1999-10-18 00:28:04 PDT,jar,Blocks,16654,
2004-11-22 17:25:08 PST,myk,Product,Seamonkey,Browser
