When, Who, What, Added, Removed
1999-07-22 16:46:38 PDT,tao,QA Contact,tao,ckritzer
1999-07-27 12:27:20 PDT,msanz,Blocks,10598,
1999-08-06 12:05:25 PDT,danm.moz,Status,ASSIGNED,NEW
1999-08-06 12:05:25 PDT,danm.moz,Target Milestone,M10,
1999-08-19 17:19:06 PDT,msanz,Summary,[BLOCKER] Please move entities into DTDs,Please move entities into DTDs
1999-08-20 17:35:17 PDT,danm.moz,Resolution,FIXED,---
1999-08-20 17:35:17 PDT,danm.moz,Last Resolved,1999-08-20 17:35:17,
1999-08-20 17:35:17 PDT,danm.moz,Status,RESOLVED,ASSIGNED
1999-08-24 10:59:38 PDT,tao,Status,VERIFIED,RESOLVED
2000-01-20 18:59:55 PST,leger,Component,XP Toolkit/Widgets: XUL,XUL
2008-07-31 02:46:52 PDT,timeless,Component,XUL,XP Toolkit/Widgets: XUL
2008-07-31 02:46:52 PDT,timeless,QA Contact,xptoolkit.widgets,tao
