When, Who, What, Added, Removed
1999-07-22 16:45:19 PDT,tao,QA Contact,tao,ckritzer
1999-07-22 17:40:00 PDT,hangas,Status,ASSIGNED,NEW
1999-07-22 17:40:00 PDT,hangas,Target Milestone,M9,
1999-07-22 18:03:00 PDT,davidm,Status,NEW,ASSIGNED
1999-07-22 18:03:00 PDT,davidm,Assignee,davidm,hangas
1999-07-27 12:27:20 PDT,msanz,Blocks,10598,
1999-07-27 17:34:43 PDT,davidm,Status,RESOLVED,NEW
1999-07-27 17:34:43 PDT,davidm,Resolution,FIXED,---
1999-07-27 17:34:43 PDT,davidm,Last Resolved,1999-07-27 17:34:43,
1999-08-06 18:25:04 PDT,tao,Status,VERIFIED,RESOLVED
2000-01-20 18:59:57 PST,leger,Component,XP Toolkit/Widgets: XUL,XUL
2008-07-31 02:46:52 PDT,timeless,QA Contact,xptoolkit.widgets,tao
2008-07-31 02:46:52 PDT,timeless,Component,XUL,XP Toolkit/Widgets: XUL
