When, Who, What, Added, Removed
1999-07-22 16:46:50 PDT,selmer,Assignee,gayatrib,selmer
1999-07-22 16:46:50 PDT,selmer,Target Milestone,M13,
1999-08-20 11:18:03 PDT,robinf,Priority,P2,P3
1999-09-21 17:52:57 PDT,gayatrib,Status,ASSIGNED,NEW
1999-10-11 15:12:03 PDT,vparthas,Status,NEW,ASSIGNED
1999-10-11 15:12:03 PDT,vparthas,Assignee,varada,gayatrib
1999-10-13 18:21:57 PDT,vparthas,Status,RESOLVED,NEW
1999-10-13 18:21:57 PDT,vparthas,Resolution,FIXED,---
1999-10-13 18:21:57 PDT,vparthas,Last Resolved,1999-10-13 18:21:57,
1999-10-21 14:30:40 PDT,bmartin,Status,REOPENED,RESOLVED
1999-10-21 14:30:49 PDT,bmartin,Resolution,---,FIXED
1999-11-03 08:16:46 PST,vparthas,Status,ASSIGNED,REOPENED
1999-11-03 15:02:08 PST,vparthas,Status,RESOLVED,ASSIGNED
1999-11-03 15:02:08 PST,vparthas,Resolution,FIXED,---
1999-11-03 15:02:08 PST,vparthas,Last Resolved,1999-11-03 15:02:08,1999-10-13 18:21:57
1999-11-10 15:18:57 PST,bmartin,Status,VERIFIED,RESOLVED
