When, Who, What, Added, Removed
1999-07-22 17:24:18 PDT,dveditz,Blocks,10355,
1999-07-23 14:21:13 PDT,selmer,Status,ASSIGNED,NEW
1999-07-23 14:21:13 PDT,selmer,Target Milestone,M9,M10
1999-07-27 16:23:49 PDT,selmer,Status,NEW,ASSIGNED
1999-07-27 16:23:49 PDT,selmer,Assignee,racham,selmer
1999-07-28 01:18:01 PDT,racham,Status,ASSIGNED,NEW
1999-07-28 01:20:05 PDT,racham,Status,RESOLVED,ASSIGNED
1999-07-28 01:20:05 PDT,racham,Resolution,FIXED,---
1999-07-28 01:20:05 PDT,racham,Last Resolved,1999-07-28 01:20:05,
1999-07-28 13:51:07 PDT,agracebush,Status,VERIFIED,RESOLVED
2000-01-20 09:19:01 PST,leger,Component,Profile Manager BackEnd,Profile Manager
