When, Who, What, Added, Removed
1999-07-22 17:02:10 PDT,lchiang,QA Contact,fenella,lchiang
1999-07-22 18:15:38 PDT,scottputterman,Assignee,waterson,putterman
1999-07-26 10:49:30 PDT,waterson,Target Milestone,M10,
1999-07-26 10:49:30 PDT,waterson,Status,ASSIGNED,NEW
1999-08-19 20:03:16 PDT,phil,Blocks,11091,
1999-08-23 22:28:49 PDT,scottputterman,Status,NEW,ASSIGNED
1999-08-23 22:28:49 PDT,scottputterman,Assignee,putterman,waterson
1999-08-24 10:31:58 PDT,sol,Whiteboard,[PR1],
1999-08-24 15:13:46 PDT,scottputterman,Status,RESOLVED,NEW
1999-08-24 15:13:46 PDT,scottputterman,Resolution,FIXED,---
1999-08-24 15:13:46 PDT,scottputterman,Last Resolved,1999-08-24 15:13:46,
1999-09-08 16:51:46 PDT,fenella,Status,VERIFIED,RESOLVED
2004-11-22 17:26:45 PST,myk,Product,Core,MailNews
2008-07-31 04:30:00 PDT,nobody,Product,MailNews Core,Core
