When, Who, What, Added, Removed
1999-07-22 18:00:57 PDT,dveditz,Blocks,10355,
1999-07-22 19:46:15 PDT,rhp,Status,RESOLVED,NEW
1999-07-22 19:46:15 PDT,rhp,Resolution,FIXED,---
1999-07-22 19:46:15 PDT,rhp,Last Resolved,1999-07-22 19:46:15,
1999-07-23 12:40:01 PDT,lchiang,Summary,[PP] [8.3] mimeemitters.dll too long on Win9x,[8.3] mimeemitters.dll too long on Win9x
1999-07-23 12:40:01 PDT,lchiang,QA Contact,pmock,lchiang
1999-07-23 12:40:01 PDT,lchiang,Target Milestone,M9,
1999-07-23 13:57:10 PDT,pmock,Status,VERIFIED,RESOLVED
1999-08-06 16:25:36 PDT,waterson,Blocks,11413,
2004-11-22 17:26:45 PST,myk,Product,Core,MailNews
2008-07-31 04:30:00 PDT,nobody,Product,MailNews Core,Core
