When, Who, What, Added, Removed
1999-07-22 17:47:01 PDT,teruko,Target Milestone,M9,
1999-07-22 17:47:01 PDT,teruko,Priority,P2,P3
1999-07-29 16:04:19 PDT,mcafee,Severity,blocker,major
1999-07-29 18:24:00 PDT,gagan,Status,RESOLVED,NEW
1999-07-29 18:24:00 PDT,gagan,Resolution,FIXED,---
1999-07-29 18:24:00 PDT,gagan,Last Resolved,1999-07-29 18:24:00,
1999-07-29 18:53:39 PDT,paulmac,Whiteboard,waiting for new build with fix to verify,
1999-07-30 18:10:45 PDT,paulmac,Whiteboard,waiting for reporter to verify,waiting for new build with fix to verify
1999-07-30 18:27:03 PDT,momoi,QA Contact,teruko,paulmac
1999-08-02 12:28:43 PDT,teruko,Status,REOPENED,RESOLVED
1999-08-02 17:34:58 PDT,leger,Resolution,---,FIXED
1999-08-03 19:48:03 PDT,gagan,Status,ASSIGNED,REOPENED
1999-08-03 19:48:03 PDT,gagan,Target Milestone,M10,M9
1999-09-09 11:05:37 PDT,warrensomebody,Blocks,13449,
1999-09-20 13:54:37 PDT,gagan,Target Milestone,M12,M10
1999-10-19 17:20:52 PDT,msanz,Summary,[dogfood] Non-ASCII url cannot be found,Non-ASCII url cannot be found
1999-10-20 17:34:46 PDT,msanz,Summary,Non-ASCII url cannot be found,[dogfood] Non-ASCII url cannot be found
1999-11-23 23:29:26 PST,warrensomebody,Assignee,momoi,warren
1999-11-29 16:56:52 PST,momoi,URL,http://kaze:8000/url/,http://babel/tests/browser/http-test/%3f%3f%3f
1999-11-29 16:57:08 PST,momoi,Assignee,ftang,momoi
1999-11-30 12:41:56 PST,ftang,Assignee,bobj,ftang
1999-11-30 15:12:16 PST,bobj,Status,ASSIGNED,NEW
1999-11-30 15:12:16 PST,bobj,Target Milestone,M13,M12
2000-01-13 14:20:13 PST,bobj,Status,NEW,ASSIGNED
2000-01-13 14:20:13 PST,bobj,Assignee,erik,bobj
2000-01-13 14:20:13 PST,bobj,Target Milestone,M14,M13
2000-01-13 18:07:01 PST,erik,Status,ASSIGNED,NEW
2000-01-14 00:52:46 PST,warrensomebody,Status,RESOLVED,ASSIGNED
2000-01-14 00:52:46 PST,warrensomebody,Resolution,FIXED,---
2000-01-14 00:52:46 PST,warrensomebody,Last Resolved,2000-01-14 00:52:46,1999-07-29 18:24:00
2000-01-14 14:44:12 PST,andreas.otte,Status,REOPENED,RESOLVED
2000-01-14 14:46:05 PST,teruko,Resolution,---,FIXED
2000-01-14 14:48:50 PST,erik,Status,ASSIGNED,REOPENED
2000-01-23 22:23:13 PST,jar,Blocks,24854,
2000-01-24 10:49:39 PST,ftang,Hardware,All,PC
2000-01-24 10:49:39 PST,ftang,OS,All,Windows 95
2000-02-01 08:18:03 PST,erik,Keywords,beta1,
2000-02-02 17:27:22 PST,leger,Whiteboard,[PDT+]waiting for reporter to verify,waiting for reporter to verify
2000-02-09 16:44:18 PST,erik,Whiteboard,,[PDT+]waiting for reporter to verify
2000-02-09 16:44:18 PST,erik,Keywords,,beta1
2000-02-09 16:55:48 PST,erik,Status,NEW,ASSIGNED
2000-02-09 16:55:48 PST,erik,Assignee,valeski,erik
2000-02-09 16:55:48 PST,erik,CC,erik,
2000-02-09 16:55:48 PST,erik,Target Milestone,M15,M14
2000-04-06 16:13:23 PDT,warrensomebody,Target Milestone,M16,M15
2000-04-17 09:03:21 PDT,jud,Whiteboard,[HELP WANTED],
2000-04-25 15:03:25 PDT,teruko,Keywords,nsbeta2,
2000-04-26 16:32:02 PDT,bobj,CC,ftang,
2000-04-26 17:24:08 PDT,ftang,Assignee,ftang,valeski
2000-04-26 17:24:08 PDT,ftang,Target Milestone,M17,M16
2000-04-26 17:24:43 PDT,amasri,CC,,amasri
2000-04-27 13:11:52 PDT,ftang,Status,ASSIGNED,NEW
2000-04-27 13:39:21 PDT,ftang,Assignee,troy,ftang
2000-04-27 13:39:21 PDT,ftang,Status,NEW,ASSIGNED
2000-04-27 13:39:21 PDT,ftang,Component,Layout,Networking
2000-05-08 10:24:31 PDT,buster,Assignee,buster,troy
2000-05-18 15:20:06 PDT,leger,Whiteboard,[nsbeta2+],[HELP WANTED]
2000-05-18 15:20:06 PDT,leger,Assignee,waterson,buster
2000-05-19 11:17:43 PDT,waterson,Status,ASSIGNED,NEW
2000-05-19 11:17:43 PDT,waterson,CC,buster, jst, attinasi,
2000-05-23 12:28:48 PDT,attinasi,Blocks,29611,
2000-05-25 23:01:59 PDT,waterson,Depends on,40461,
2000-05-26 10:56:55 PDT,warrensomebody,CC,? gagan, valeski,?
2000-05-29 02:03:26 PDT,hjtoi-bugzilla,CC,? heikki, warren,? warren
2000-05-30 17:49:06 PDT,waterson,Status,RESOLVED,ASSIGNED
2000-05-30 17:49:06 PDT,waterson,Resolution,FIXED,---
2000-05-30 17:49:06 PDT,waterson,Last Resolved,2000-05-30 17:49:06,2000-01-14 00:52:46
2000-06-02 14:37:34 PDT,chrispetersen,CC,?,? warren
2000-06-02 14:52:27 PDT,teruko,Status,VERIFIED,RESOLVED
2000-11-13 16:25:27 PST,erik,CC,? nhotta, valeski,? valeski
2001-05-11 10:45:46 PDT,karl,CC,? huftis, nhotta,? nhotta, valeski
