When, Who, What, Added, Removed
1999-08-02 18:13:42 PDT,mats,Whiteboard,[TESTCASE],
1999-08-12 01:04:04 PDT,don,Component,Necko,Browser-General
1999-08-12 01:04:04 PDT,don,Assignee,gagan,don
1999-08-12 13:17:39 PDT,warrensomebody,Assignee,rpotts,gagan
1999-08-12 13:17:39 PDT,warrensomebody,Target Milestone,M10,
1999-08-27 15:58:33 PDT,rpotts,Status,RESOLVED,NEW
1999-08-27 15:58:33 PDT,rpotts,Resolution,FIXED,---
1999-08-27 15:58:33 PDT,rpotts,Last Resolved,1999-08-27 15:58:33,
1999-08-30 21:08:50 PDT,leger,QA Contact,paulmac,leger
1999-08-31 19:48:40 PDT,paulmac,Status,VERIFIED,RESOLVED
