When, Who, What, Added, Removed
1999-07-22 17:27:36 PDT,dveditz,Blocks,10355,
1999-07-23 14:13:53 PDT,dveditz,Target Milestone,M10,
1999-07-23 18:46:44 PDT,morse,Status,ASSIGNED,NEW
1999-08-12 15:24:43 PDT,cathleennscp,Summary,[8.3] wallet DLL names too long for Win9x,[8.3] walletviewer.dll too long for Win9x
1999-08-25 14:56:47 PDT,morse,Last Resolved,1999-08-25 14:56:47,
1999-08-25 14:56:47 PDT,morse,Status,RESOLVED,ASSIGNED
1999-08-25 14:56:47 PDT,morse,Resolution,FIXED,---
1999-08-29 14:07:31 PDT,paulmac,Status,VERIFIED,RESOLVED
2008-09-05 18:04:12 PDT,dolske,Product,Toolkit,Core
2008-09-05 18:04:12 PDT,dolske,Version,unspecified,Trunk
2008-09-05 18:04:12 PDT,dolske,Component,Form Manager,Form Manager
2008-09-05 18:04:12 PDT,dolske,Assignee,nobody,morse
2008-09-05 18:04:12 PDT,dolske,QA Contact,form.manager,paulmac
2008-09-05 18:04:12 PDT,dolske,Target Milestone,---,M10
