When, Who, What, Added, Removed
1999-07-22 22:37:25 PDT,pavlov,Status,ASSIGNED,NEW
1999-07-22 22:37:25 PDT,pavlov,Target Milestone,M9,
1999-08-06 14:54:54 PDT,pavlov,Target Milestone,M12,M9
1999-08-06 15:05:32 PDT,pavlov,Whiteboard,works everywhere 'cept mac,
1999-08-16 13:56:15 PDT,pavlov,Whiteboard,need to change from filespec to URLs,works everywhere 'cept mac
1999-11-07 02:03:35 PST,slogan,Status,NEW,ASSIGNED
1999-11-07 02:03:35 PST,slogan,Assignee,syd,pavlov
1999-12-21 02:57:53 PST,slogan,Status,RESOLVED,NEW
1999-12-21 02:57:53 PST,slogan,Resolution,FIXED,---
1999-12-21 02:57:53 PST,slogan,Last Resolved,1999-12-21 02:57:53,
2000-01-06 23:42:41 PST,paulmac,QA Contact,shrir,paulmac
2000-05-18 18:05:34 PDT,shrir,Status,VERIFIED,RESOLVED
2000-05-18 19:02:06 PDT,hyatt,Status,REOPENED,VERIFIED
2000-05-18 19:02:06 PDT,hyatt,Resolution,---,FIXED
2000-05-29 20:50:24 PDT,mozilla,Target Milestone,M16,M13
2000-06-05 14:46:13 PDT,pavlov,Status,NEW,REOPENED
2000-06-05 14:46:13 PDT,pavlov,Assignee,pavlov,syd
2000-06-05 14:46:23 PDT,pavlov,Status,RESOLVED,NEW
2000-06-05 14:46:23 PDT,pavlov,Resolution,FIXED,---
2000-06-05 14:46:23 PDT,pavlov,Last Resolved,2000-06-05 14:46:23,1999-12-21 02:57:53
2001-11-14 09:27:25 PST,shrir,Status,VERIFIED,RESOLVED
