When, Who, What, Added, Removed
1999-07-22 19:10:18 PDT,dveditz,Blocks,10355,
1999-07-23 12:39:16 PDT,lchiang,Summary,[PP] [8.3] msgcompose.dll too long on Win9x,[8.3] msgcompose.dll too long on Win9x
1999-07-23 13:36:16 PDT,lchiang,Summary,[8.3] msgcompose.dll too long on Win9x,[PP] [8.3] msgcompose.dll too long on Win9x
1999-07-23 14:50:41 PDT,bugzilla,Status,ASSIGNED,NEW
1999-07-23 14:50:41 PDT,bugzilla,Target Milestone,M9,M10
1999-08-05 17:21:56 PDT,bugzilla,Resolution,FIXED,---
1999-08-05 17:21:56 PDT,bugzilla,Last Resolved,1999-08-05 17:21:56,
1999-08-05 17:21:56 PDT,bugzilla,Status,RESOLVED,ASSIGNED
1999-11-09 14:48:04 PST,fenella,Status,VERIFIED,RESOLVED
2004-11-22 17:26:45 PST,myk,Product,Core,MailNews
2008-07-31 04:30:00 PDT,nobody,Product,MailNews Core,Core
