When, Who, What, Added, Removed
1999-07-26 22:16:39 PDT,leger,Summary,[PP]xlib_rgb_init incorrectly built for Executor Tinderbox,xlib_rgb_init incorrectly built for Executor Tinderbox
1999-07-29 12:35:54 PDT,blizzard,Status,ASSIGNED,NEW
1999-08-19 23:38:12 PDT,zuperdee,Summary,[PP]xlibrgb does not detect target machine endianness,[PP]xlib_rgb_init incorrectly built for Executor Tinderbox
1999-08-28 01:03:02 PDT,zuperdee,Status,RESOLVED,ASSIGNED
1999-08-28 01:03:02 PDT,zuperdee,Resolution,FIXED,---
1999-08-28 01:03:02 PDT,zuperdee,Last Resolved,1999-08-28 01:03:02,
1999-08-30 21:09:22 PDT,leger,Status,VERIFIED,RESOLVED
2000-04-17 11:12:48 PDT,blizzard,Status,NEW,VERIFIED
2000-04-17 11:12:48 PDT,blizzard,Assignee,blizzard,blizzard
2000-04-17 12:23:36 PDT,blizzard,Status,RESOLVED,NEW
2000-04-17 12:23:36 PDT,blizzard,Last Resolved,2000-04-17 12:23:36,1999-08-28 01:03:02
2000-04-17 12:23:51 PDT,blizzard,Status,VERIFIED,RESOLVED
2000-06-06 11:55:07 PDT,roland.mainz,CC,roland.mainz,
