When, Who, What, Added, Removed
1999-07-23 09:08:49 PDT,karnaze,Assignee,pollmann,karnaze
1999-07-29 03:24:37 PDT,Antti.Nayha,Whiteboard,[MAKINGTEST] Antti.Nayha@oulu.fi,
1999-08-27 01:29:33 PDT,Antti.Nayha,Whiteboard,,[MAKINGTEST] Antti.Nayha@oulu.fi
1999-08-27 01:29:33 PDT,Antti.Nayha,Status,RESOLVED,NEW
1999-08-27 01:29:33 PDT,Antti.Nayha,Resolution,FIXED,---
1999-08-27 01:29:33 PDT,Antti.Nayha,Last Resolved,1999-08-27 01:29:33,
1999-08-30 16:14:12 PDT,rubydoo123,Whiteboard,[19990830] unable to access framed section of URL,
1999-09-27 13:05:23 PDT,rubydoo123,QA Contact,petersen,beppe
1999-09-27 17:38:16 PDT,chrispetersen,Status,VERIFIED,RESOLVED
