When, Who, What, Added, Removed
1999-07-22 19:08:22 PDT,dveditz,Blocks,10355,
1999-07-22 20:53:01 PDT,scottputterman,Assignee,putterman,phil
1999-07-22 20:53:01 PDT,scottputterman,Target Milestone,M10,
1999-07-23 12:40:21 PDT,lchiang,Summary,[PP] [8.3] msgbaseutil.dll too long on Win9x,[8.3] msgbaseutil.dll too long on Win9x
1999-07-23 13:38:07 PDT,lchiang,Summary,[8.3] msgbaseutil.dll too long on Win9x,[PP] [8.3] msgbaseutil.dll too long on Win9x
1999-08-08 09:21:06 PDT,scottputterman,Status,ASSIGNED,NEW
1999-08-30 15:21:59 PDT,scottputterman,Status,RESOLVED,ASSIGNED
1999-08-30 15:21:59 PDT,scottputterman,Resolution,FIXED,---
1999-08-30 15:21:59 PDT,scottputterman,Last Resolved,1999-08-30 15:21:59,
1999-10-07 18:04:26 PDT,lchiang,Status,VERIFIED,RESOLVED
2004-11-22 17:26:45 PST,myk,Product,Core,MailNews
2008-07-31 04:30:00 PDT,nobody,Product,MailNews Core,Core
