When, Who, What, Added, Removed
1999-07-24 12:52:58 PDT,hyatt,Status,RESOLVED,NEW
1999-07-24 12:52:58 PDT,hyatt,Resolution,FIXED,---
1999-07-24 12:52:58 PDT,hyatt,Last Resolved,1999-07-24 12:52:58,
1999-07-26 21:11:42 PDT,ckritzer,Whiteboard,Will check on 1999072709 build,
1999-07-30 18:11:30 PDT,ckritzer,Status,REOPENED,RESOLVED
1999-08-02 17:35:14 PDT,leger,Resolution,---,FIXED
1999-08-03 16:55:31 PDT,trudelle,Status,NEW,REOPENED
1999-08-03 16:55:31 PDT,trudelle,Priority,P1,P3
1999-08-03 16:55:31 PDT,trudelle,Assignee,hyatt,trudelle
1999-08-03 16:55:31 PDT,trudelle,Target Milestone,M9,
1999-08-04 18:45:04 PDT,hyatt,Status,RESOLVED,NEW
1999-08-04 18:45:04 PDT,hyatt,Resolution,FIXED,---
1999-08-04 18:45:04 PDT,hyatt,Last Resolved,1999-08-04 18:45:04,1999-07-24 12:52:58
1999-08-17 15:38:59 PDT,ckritzer,Whiteboard,,Will check on 1999072709 build
1999-08-17 15:38:59 PDT,ckritzer,Status,VERIFIED,RESOLVED
2000-01-20 19:02:05 PST,leger,Component,XP Toolkit/Widgets: XUL,XUL
2008-07-31 02:46:54 PDT,timeless,Component,XUL,XP Toolkit/Widgets: XUL
2008-07-31 02:46:54 PDT,timeless,QA Contact,xptoolkit.widgets,ckritzer
