When, Who, What, Added, Removed
1999-07-23 12:48:28 PDT,lchiang,QA Contact,esther,lchiang
1999-07-26 09:44:15 PDT,mozilla,Assignee,rhp,phil
1999-07-26 10:12:45 PDT,rhp,Assignee,ducarroz,rhp
1999-07-28 07:12:03 PDT,bugzilla,Status,ASSIGNED,NEW
1999-07-28 07:12:03 PDT,bugzilla,Target Milestone,M10,
1999-08-24 10:32:59 PDT,sol,Whiteboard,[PR1],
1999-08-31 16:12:08 PDT,bugzilla,Status,RESOLVED,ASSIGNED
1999-08-31 16:12:08 PDT,bugzilla,Resolution,WORKSFORME,---
1999-08-31 16:12:08 PDT,bugzilla,Last Resolved,1999-08-31 16:12:08,
1999-08-31 16:57:36 PDT,bugzilla,Status,REOPENED,RESOLVED
1999-08-31 16:57:49 PDT,bugzilla,Status,ASSIGNED,REOPENED
1999-08-31 16:58:42 PDT,lchiang,Resolution,---,WORKSFORME
1999-08-31 17:43:09 PDT,bugzilla,Last Resolved,1999-08-31 17:43:09,1999-08-31 16:12:08
1999-08-31 17:43:09 PDT,bugzilla,Status,RESOLVED,ASSIGNED
1999-08-31 17:43:09 PDT,bugzilla,Resolution,FIXED,---
1999-09-07 17:34:17 PDT,esther,Status,VERIFIED,RESOLVED
2004-11-22 17:25:08 PST,myk,Product,Seamonkey,Browser
