When, Who, What, Added, Removed
1999-07-23 14:05:06 PDT,dveditz,Status,ASSIGNED,NEW
1999-08-03 18:07:52 PDT,cathleennscp,Blocks,11020,
1999-08-03 18:55:24 PDT,cathleennscp,Summary,[feature] XPInstall has no documentation,XPInstall has no documentation
1999-08-11 16:43:35 PDT,cathleennscp,Status,NEW,ASSIGNED
1999-08-11 16:43:35 PDT,cathleennscp,Assignee,cathleen,dveditz
1999-08-11 16:44:12 PDT,cathleennscp,Target Milestone,M11,
1999-08-23 17:21:27 PDT,cathleennscp,Target Milestone,M14,M11
2000-02-03 18:34:28 PST,cathleennscp,CC,depstein, michaell, dbragg, dveditz, sgehani, ssu,dougt
2000-02-03 18:34:28 PST,cathleennscp,Target Milestone,M16,M14
2000-05-04 17:16:43 PDT,cathleennscp,Target Milestone,M17,M16
2000-06-10 19:55:00 PDT,kerz,CC,kerz,
2000-06-11 21:39:34 PDT,rudman,Assignee,rudman,cathleen
2000-06-11 21:39:34 PDT,rudman,Target Milestone,M20,M17
2000-06-11 21:39:34 PDT,rudman,Product,Documentation,Browser
2000-06-11 21:39:34 PDT,rudman,Version,unspecified,other
2000-06-11 21:39:34 PDT,rudman,Component,Mozilla Developer,Installer: XPInstall Engine
2000-06-26 09:20:53 PDT,rudman,Status,ASSIGNED,NEW
2001-01-12 16:30:28 PST,rudman,Status,NEW,ASSIGNED
2001-01-12 16:30:28 PST,rudman,Assignee,oeschger,rudman
2001-01-12 17:07:11 PST,jimmykenlee,CC,esther,paw
2001-01-15 12:13:42 PST,oeschger,Status,ASSIGNED,NEW
2001-03-01 13:24:16 PST,oeschger,Status,RESOLVED,ASSIGNED
2001-03-01 13:24:16 PST,oeschger,Resolution,FIXED,---
2001-03-01 13:24:16 PST,oeschger,Last Resolved,2001-03-01 13:24:16,
2001-03-12 16:15:55 PST,jimmykenlee,Status,VERIFIED,RESOLVED
2001-08-21 13:40:46 PDT,asa,Target Milestone,---,M20
2007-06-12 09:51:54 PDT,reed,Component,Documentation Requests,Mozilla Developer
2007-06-12 09:51:54 PDT,reed,Product,Mozilla Developer Center,Documentation
2012-09-18 23:13:04 PDT,nobody,Product,Mozilla Developer Network,Mozilla Developer Network
2012-09-18 23:13:04 PDT,nobody,Component,Documentation,Documentation Requests
2012-12-28 15:54:30 PST,jkarahalis,Component,General,Documentation
2012-12-28 15:54:30 PST,jkarahalis,Product,Developer Documentation,Mozilla Developer Network
