When, Who, What, Added, Removed
1999-08-02 13:28:31 PDT,trudelle,Assignee,hyatt,trudelle
1999-08-02 13:45:29 PDT,hyatt,Status,ASSIGNED,NEW
1999-08-02 13:45:29 PDT,hyatt,Target Milestone,M10,
1999-08-29 00:46:30 PDT,hyatt,Status,RESOLVED,ASSIGNED
1999-08-29 00:46:30 PDT,hyatt,Resolution,FIXED,---
1999-08-29 00:46:30 PDT,hyatt,Last Resolved,1999-08-29 00:46:30,
1999-09-20 14:14:21 PDT,ckritzer,QA Contact,gayatrib,ckritzer
1999-11-29 14:51:05 PST,ckritzer,QA Contact,ckritzer,gayatrib
2000-01-20 19:01:44 PST,leger,Component,XP Toolkit/Widgets: XUL,XUL
2000-03-08 05:43:41 PST,ckritzer,QA Contact,jrgm,ckritzer
2008-07-31 02:46:52 PDT,timeless,Component,XUL,XP Toolkit/Widgets: XUL
2008-07-31 02:46:52 PDT,timeless,QA Contact,xptoolkit.widgets,jrgmorrison
