When, Who, What, Added, Removed
1999-07-26 21:26:52 PDT,leger,Component,Event Handling,Browser-General
1999-07-26 21:26:52 PDT,leger,Assignee,joki,don
1999-07-26 21:26:52 PDT,leger,QA Contact,janc,leger
1999-07-29 09:47:32 PDT,rhencke,Whiteboard,[MAKINGTESTCASE] rhencke@tiac.net,
1999-07-29 10:20:55 PDT,rhencke,URL,http://www.mozillazine.org,
1999-07-29 12:00:22 PDT,rhencke,Whiteboard,[TESTCASE] rhencke@tiac.net,[MAKINGTESTCASE] rhencke@tiac.net
1999-12-23 09:19:48 PST,joki,Status,RESOLVED,NEW
1999-12-23 09:19:48 PST,joki,Resolution,FIXED,---
1999-12-23 09:19:48 PST,joki,Last Resolved,1999-12-23 09:19:48,
2000-03-21 11:25:45 PST,jcarpenter0524,Keywords,verifyme,
2000-03-27 04:55:52 PST,devsin,Status,VERIFIED,RESOLVED
2008-10-22 01:03:27 PDT,bugzilla,Keywords,,verifyme
