When, Who, What, Added, Removed
1999-07-23 10:57:29 PDT,cmaximus,URL,,http://mobay.mcom.com/stacktraces/bugxxxxx
1999-07-23 10:57:29 PDT,cmaximus,QA Contact,claudius,phillip
1999-07-23 20:31:08 PDT,Crysgem,OS,All,Mac System 8.5
1999-07-23 20:31:08 PDT,Crysgem,Priority,P2,P3
1999-08-04 10:46:42 PDT,eric,Status,RESOLVED,NEW
1999-08-04 10:46:42 PDT,eric,Resolution,FIXED,---
1999-08-04 10:46:42 PDT,eric,Last Resolved,1999-08-04 10:46:42,
1999-08-04 12:35:10 PDT,Crysgem,Status,VERIFIED,RESOLVED
