When, Who, What, Added, Removed
1999-07-27 06:32:04 PDT,chofmann,Blocks,10575,
1999-07-30 15:47:35 PDT,don,Priority,P2,P3
1999-07-30 15:47:35 PDT,don,Target Milestone,M10,
1999-08-13 12:38:44 PDT,don,Summary,[FEATURE] Links from logs to LXR or cvsblame,[FEATURE]: Links from logs to LXR or cvsblame.
1999-08-13 12:38:44 PDT,don,Priority,P3,P2
1999-08-18 11:26:02 PDT,slamm,Status,ASSIGNED,NEW
1999-08-25 17:58:41 PDT,slamm,Status,RESOLVED,ASSIGNED
1999-08-25 17:58:41 PDT,slamm,Resolution,FIXED,---
1999-08-25 17:58:41 PDT,slamm,Last Resolved,1999-08-25 17:58:41,
1999-12-22 18:39:37 PST,don,Blocks,,10575
2001-03-01 13:23:20 PST,endico,Target Milestone,---,M10
2014-06-16 14:00:49 PDT,nobody,Product,Webtools Graveyard,Webtools
