When, Who, What, Added, Removed
1999-07-23 10:30:48 PDT,selmer,Priority,P2,P3
1999-07-23 11:52:57 PDT,dp,Assignee,vidur,trudelle
1999-07-30 12:03:05 PDT,vidur,Status,RESOLVED,NEW
1999-07-30 12:03:05 PDT,vidur,Resolution,FIXED,---
1999-07-30 12:03:05 PDT,vidur,Last Resolved,1999-07-30 12:03:05,
1999-07-30 17:23:30 PDT,ckritzer,Status,VERIFIED,RESOLVED
2000-01-20 19:02:04 PST,leger,Component,XP Toolkit/Widgets: XUL,XUL
2008-07-31 02:46:53 PDT,timeless,Component,XUL,XP Toolkit/Widgets: XUL
2008-07-31 02:46:53 PDT,timeless,QA Contact,xptoolkit.widgets,ckritzer
