When, Who, What, Added, Removed
1999-07-23 10:56:30 PDT,cmaximus,QA Contact,claudius,phillip
1999-07-23 10:56:30 PDT,cmaximus,URL,http://mobay.mcom.com/stacktraces/bug10401.html,http://mobay.mcom.com/stacktraces/bugxxxxx.html
1999-07-26 21:27:39 PDT,leger,Hardware,All,Macintosh
1999-07-26 21:27:39 PDT,leger,Target Milestone,M9,
1999-08-05 16:46:30 PDT,eric,Status,RESOLVED,NEW
1999-08-05 16:46:30 PDT,eric,Resolution,FIXED,---
1999-08-05 16:46:30 PDT,eric,Last Resolved,1999-08-05 16:46:30,
1999-08-09 19:28:34 PDT,cmaximus,Status,VERIFIED,RESOLVED
