When, Who, What, Added, Removed
1999-07-23 13:06:24 PDT,don,Priority,P1,P3
1999-07-23 13:06:24 PDT,don,Target Milestone,M9,
1999-07-27 18:17:24 PDT,jaymoz,Summary,[PP]Customize dialog for sidebar is not complete,Customize dialog for sidebar is not complete
1999-07-29 11:06:31 PDT,jaymoz,Status,RESOLVED,NEW
1999-07-29 11:06:31 PDT,jaymoz,Resolution,FIXED,---
1999-07-29 11:06:31 PDT,jaymoz,Last Resolved,1999-07-29 11:06:31,
1999-07-29 11:06:56 PDT,jaymoz,Status,VERIFIED,RESOLVED
2004-11-22 17:25:08 PST,myk,Product,Seamonkey,Browser
