When, Who, What, Added, Removed
1999-07-23 18:27:20 PDT,morse,Assignee,don,morse
1999-07-29 11:00:19 PDT,don,Priority,P1,P3
1999-07-29 11:00:19 PDT,don,Assignee,davidm,don
1999-07-29 11:00:19 PDT,don,Target Milestone,M9,
1999-08-05 13:45:07 PDT,chofmann,Blocks,11349,
1999-08-09 11:13:25 PDT,morse,Blocks,11465,
1999-08-09 11:41:00 PDT,paulmac,Summary,[BLOCKER] Edit | Wallet | Safe Form Fill dialog is not drawn correctly,Edit | Wallet | Safe Form Fill dialog is not drawn correctly
1999-08-09 11:41:00 PDT,paulmac,Severity,blocker,normal
1999-08-10 19:09:48 PDT,davidm,Depends on,11611,
1999-08-11 10:56:32 PDT,jaymoz,Hardware,All,PC
1999-08-11 10:56:32 PDT,jaymoz,OS,All,Windows 98
1999-08-13 10:43:41 PDT,chofmann,Whiteboard,is this fixed now?,
1999-08-13 12:33:34 PDT,davidm,Assignee,morse,davidm
1999-08-13 12:41:17 PDT,morse,Depends on,11016,
1999-08-13 12:41:50 PDT,morse,Status,ASSIGNED,NEW
1999-08-13 13:25:12 PDT,morse,Status,RESOLVED,ASSIGNED
1999-08-13 13:25:12 PDT,morse,Resolution,FIXED,---
1999-08-13 13:25:12 PDT,morse,Last Resolved,1999-08-13 13:25:12,
1999-08-17 02:23:55 PDT,paulmac,Status,VERIFIED,RESOLVED
2008-09-05 18:04:14 PDT,dolske,Target Milestone,---,M9
2008-09-05 18:04:14 PDT,dolske,Product,Toolkit,Core
2008-09-05 18:04:14 PDT,dolske,Version,unspecified,Trunk
2008-09-05 18:04:14 PDT,dolske,Component,Form Manager,Form Manager
2008-09-05 18:04:14 PDT,dolske,Assignee,nobody,morse
2008-09-05 18:04:14 PDT,dolske,QA Contact,form.manager,paulmac
