When, Who, What, Added, Removed
1999-07-23 17:00:52 PDT,gayatrib,Assignee,pollmann,selmer
1999-07-23 17:44:36 PDT,pollmann,Assignee,evaughan,pollmann
1999-07-23 17:44:36 PDT,pollmann,URL,resource:/res/profile/pm.xul,
1999-08-04 10:53:57 PDT,eric,Status,RESOLVED,NEW
1999-08-04 10:53:57 PDT,eric,Resolution,FIXED,---
1999-08-04 10:53:57 PDT,eric,Last Resolved,1999-08-04 10:53:57,
1999-08-11 14:34:20 PDT,agracebush,Status,VERIFIED,RESOLVED
2000-01-20 09:25:06 PST,leger,Component,Profile Manager BackEnd,Profile Manager
