When, Who, What, Added, Removed
1998-10-09 12:50:01 PDT,dbaron,Summary,CSS vertical-align problems; reflow strange,CSS vertical-align
1998-10-17 10:23:35 PDT,peterl-retired,Status,ASSIGNED,NEW
1998-11-05 15:30:15 PST,peterl-retired,Status,NEW,ASSIGNED
1998-11-05 15:30:15 PST,peterl-retired,Assignee,kipp,peterl
1998-11-13 08:50:12 PST,kipp,Status,ASSIGNED,NEW
1999-02-23 11:59:58 PST,kipp,Status,RESOLVED,ASSIGNED
1999-02-23 11:59:58 PST,kipp,Resolution,FIXED,---
1999-02-23 11:59:58 PST,kipp,Last Resolved,1999-02-23 11:59:58,
1999-02-24 12:00:19 PST,dbaron,Status,VERIFIED,RESOLVED
