When, Who, What, Added, Removed
1999-07-23 18:47:28 PDT,morse,Status,ASSIGNED,NEW
1999-07-23 18:47:28 PDT,morse,Target Milestone,M11,
1999-07-28 08:34:49 PDT,morse,Summary,[RFE] Autofill: Mozilla Tool for Users to Map Site Form Fields into Table,Autofill: Mozilla Tool for Users to Map Site Form Fields into Table
1999-09-02 09:37:39 PDT,morse,Target Milestone,M12,M11
1999-09-09 11:10:00 PDT,morse,Target Milestone,M14,M12
1999-10-03 09:47:55 PDT,morse,Status,RESOLVED,ASSIGNED
1999-10-03 09:47:55 PDT,morse,Resolution,FIXED,---
1999-10-03 09:47:55 PDT,morse,Last Resolved,1999-10-03 09:47:55,
1999-10-31 00:13:04 PDT,paulmac,Status,REOPENED,RESOLVED
1999-10-31 00:13:17 PDT,paulmac,Resolution,---,FIXED
1999-10-31 01:29:55 PST,morse,Status,ASSIGNED,REOPENED
1999-10-31 01:29:55 PST,morse,Target Milestone,M12,M14
1999-11-07 07:03:41 PST,morse,Status,RESOLVED,ASSIGNED
1999-11-07 07:03:41 PST,morse,Resolution,FIXED,---
1999-11-07 07:03:41 PST,morse,Last Resolved,1999-11-07 07:03:41,1999-10-03 09:47:55
1999-11-09 21:10:41 PST,paulmac,Status,VERIFIED,RESOLVED
2002-10-13 11:09:48 PDT,brant,Severity,enhancement,major
2008-09-05 18:04:15 PDT,dolske,Product,Toolkit,Core
2008-09-05 18:04:15 PDT,dolske,Version,unspecified,Trunk
2008-09-05 18:04:15 PDT,dolske,Component,Form Manager,Form Manager
2008-09-05 18:04:15 PDT,dolske,Assignee,nobody,morse
2008-09-05 18:04:15 PDT,dolske,QA Contact,form.manager,paulmac
2008-09-05 18:04:15 PDT,dolske,Target Milestone,---,M12
