When, Who, What, Added, Removed
1999-07-23 12:22:32 PDT,nisheeth_mozilla,Status,ASSIGNED,NEW
1999-07-23 12:22:32 PDT,nisheeth_mozilla,Target Milestone,M9,
1999-07-23 18:05:20 PDT,nisheeth_mozilla,Summary,Update the XML documentation on mozilla.org,Update the XML documentation on mozila.org
1999-08-05 20:49:44 PDT,nisheeth_mozilla,Summary,TASK: Update the XML documentation on mozilla.org,Update the XML documentation on mozilla.org
1999-08-05 20:50:13 PDT,nisheeth_mozilla,Summary,[TASK] Update the XML documentation on mozilla.org,TASK: Update the XML documentation on mozilla.org
1999-08-10 15:28:16 PDT,nisheeth_mozilla,Target Milestone,M10,M9
1999-08-28 00:04:50 PDT,nisheeth_mozilla,Target Milestone,M11,M10
1999-09-21 22:26:28 PDT,nisheeth_mozilla,Target Milestone,M13,M11
2000-01-14 11:13:04 PST,nisheeth_mozilla,Target Milestone,M15,M13
2000-04-04 14:36:02 PDT,nisheeth_mozilla,Target Milestone,M16,M15
2000-04-07 15:04:00 PDT,rickg,Target Milestone,M17,M16
2000-05-05 22:41:13 PDT,ekrock,Keywords,helpwanted,
2000-08-13 22:53:58 PDT,nisheeth_mozilla,Keywords,nsbeta3,
2000-08-13 22:53:58 PDT,nisheeth_mozilla,Whiteboard,[nsbeta3-],
2000-08-24 18:33:23 PDT,christinehoff4,QA Contact,petersen,chrisd
2001-01-03 14:03:54 PST,hjtoi-bugzilla,Keywords,,helpwanted, nsbeta3
2001-01-03 14:03:54 PST,hjtoi-bugzilla,Whiteboard,,[nsbeta3-]
2001-01-03 14:03:54 PST,hjtoi-bugzilla,Status,NEW,ASSIGNED
2001-01-03 14:03:54 PST,hjtoi-bugzilla,Assignee,heikki,nisheeth
2001-01-03 14:03:54 PST,hjtoi-bugzilla,Target Milestone,mozilla1.0,M17
2001-03-15 15:39:25 PST,hjtoi-bugzilla,OS,All,Windows NT
2001-03-15 15:39:25 PST,hjtoi-bugzilla,Hardware,All,PC
2001-10-23 16:25:22 PDT,hjtoi-bugzilla,Target Milestone,mozilla0.9.9,mozilla1.0
2002-01-17 16:13:07 PST,hjtoi-bugzilla,Status,RESOLVED,NEW
2002-01-17 16:13:07 PST,hjtoi-bugzilla,Resolution,FIXED,---
2002-01-17 16:13:07 PST,hjtoi-bugzilla,Last Resolved,2002-01-17 16:13:07,
2002-12-02 17:12:28 PST,rakeshmishra,QA Contact,rakeshmishra,petersen
