When, Who, What, Added, Removed
1999-08-02 16:42:27 PDT,nhottanscp,Status,ASSIGNED,NEW
1999-08-02 16:42:27 PDT,nhottanscp,Target Milestone,M10,
1999-08-10 12:34:35 PDT,nhottanscp,Status,RESOLVED,ASSIGNED
1999-08-10 12:34:35 PDT,nhottanscp,Resolution,FIXED,---
1999-08-10 12:34:35 PDT,nhottanscp,Last Resolved,1999-08-10 12:34:35,
1999-09-16 18:13:56 PDT,msanz,QA Contact,marina,momoi
2000-02-19 13:22:48 PST,momoi,Status,VERIFIED,RESOLVED
2004-11-22 17:26:45 PST,myk,Product,Core,MailNews
2008-07-31 04:30:00 PDT,nobody,Product,MailNews Core,Core
