When, Who, What, Added, Removed
1999-07-23 12:50:08 PDT,lchiang,Summary,[blocker] [PP] opening Inbox crashes apprunner, can't receive or read mail,opening Inbox crashes apprunner, can't receive or read mail
1999-07-23 12:50:08 PDT,lchiang,Target Milestone,M9,
1999-07-23 16:38:28 PDT,lchiang,Summary,[PP] opening Inbox crashes apprunner, can't receive or read mail,[blocker] [PP] opening Inbox crashes apprunner, can't receive or read mail
1999-07-23 16:38:28 PDT,lchiang,Severity,critical,blocker
1999-07-24 08:36:32 PDT,sspitzer,Assignee,sspitzer,phil
1999-07-24 08:37:06 PDT,sspitzer,Status,ASSIGNED,NEW
1999-07-25 17:28:19 PDT,sspitzer,Status,RESOLVED,ASSIGNED
1999-07-25 17:28:19 PDT,sspitzer,Resolution,FIXED,---
1999-07-25 17:28:19 PDT,sspitzer,Last Resolved,1999-07-25 17:28:19,
1999-07-26 16:46:43 PDT,fenella,Status,VERIFIED,RESOLVED
2004-11-22 17:25:08 PST,myk,Product,Seamonkey,Browser
