When, Who, What, Added, Removed
1999-07-23 13:47:27 PDT,endico,Status,RESOLVED,NEW
1999-07-23 13:47:27 PDT,endico,Resolution,FIXED,---
1999-07-23 13:47:27 PDT,endico,Last Resolved,1999-07-23 13:47:27,
1999-07-23 13:47:54 PDT,endico,Status,CLOSED,RESOLVED
2000-01-13 10:58:14 PST,schwarz,Status,NEW,CLOSED
2000-01-13 10:58:14 PST,schwarz,Assignee,schwarz,mwelch
2000-01-13 11:02:21 PST,schwarz,Status,RESOLVED,NEW
2000-01-13 11:02:21 PST,schwarz,Last Resolved,2000-01-13 11:02:21,1999-07-23 13:47:27
2000-01-27 10:33:54 PST,junruh,Status,CLOSED,RESOLVED
2000-02-21 10:10:05 PST,leger,Component,Security: General,Security
