When, Who, What, Added, Removed
1999-07-27 20:23:32 PDT,morse,Component,Internationalization,HTML Dialogs
1999-07-27 20:23:32 PDT,morse,Assignee,tao,davidm
1999-07-27 21:32:55 PDT,morse,Status,RESOLVED,NEW
1999-07-27 21:32:55 PDT,morse,Resolution,FIXED,---
1999-07-27 21:32:55 PDT,morse,Last Resolved,1999-07-27 21:32:55,
1999-07-27 22:38:37 PDT,tao,Status,REOPENED,RESOLVED
1999-07-27 22:38:56 PDT,tao,Resolution,---,FIXED
1999-08-19 13:55:58 PDT,tao,Resolution,FIXED,---
1999-08-19 13:55:58 PDT,tao,Last Resolved,1999-08-19 13:55:58,1999-07-27 21:32:55
1999-08-19 13:55:58 PDT,tao,Status,RESOLVED,REOPENED
1999-08-24 09:22:09 PDT,cpratt,Status,VERIFIED,RESOLVED
