When, Who, What, Added, Removed
1999-07-27 17:57:38 PDT,dveditz,Priority,P1,P3
1999-07-27 17:57:38 PDT,dveditz,Assignee,dougt,dveditz
1999-07-27 17:57:38 PDT,dveditz,Target Milestone,M9,
1999-07-31 11:25:29 PDT,dougt,Assignee,sgehani,dougt
1999-07-31 16:55:50 PDT,samir_bugzilla,Target Milestone,M10,M9
1999-08-15 13:35:40 PDT,samir_bugzilla,Status,ASSIGNED,NEW
1999-08-19 02:49:50 PDT,samir_bugzilla,Status,RESOLVED,ASSIGNED
1999-08-19 02:49:50 PDT,samir_bugzilla,Resolution,FIXED,---
1999-08-19 02:49:50 PDT,samir_bugzilla,Last Resolved,1999-08-19 02:49:50,
1999-08-25 18:22:29 PDT,jimmykenlee,Status,VERIFIED,RESOLVED
