When, Who, What, Added, Removed
1999-07-23 15:50:04 PDT,teruko,Summary,If not typed the last "/", the page is not loaded,If not typed the last "/", the page is not loaded
1999-07-23 15:50:04 PDT,teruko,Priority,P2,P3
1999-07-23 15:50:04 PDT,teruko,Target Milestone,M9,
1999-07-23 16:01:19 PDT,gagan,Status,ASSIGNED,NEW
1999-07-23 16:42:26 PDT,gagan,Summary,If not typed the last "/", the page is not loaded (redirects not being followed),If not typed the last "/", the page is not loaded
1999-07-29 07:05:38 PDT,chofmann,Blocks,10730,
1999-07-29 17:23:45 PDT,gagan,Status,NEW,ASSIGNED
1999-07-29 17:23:45 PDT,gagan,Assignee,rpotts,gagan
1999-07-29 23:40:35 PDT,rpotts,Status,RESOLVED,NEW
1999-07-29 23:40:35 PDT,rpotts,Resolution,FIXED,---
1999-07-29 23:40:35 PDT,rpotts,Last Resolved,1999-07-29 23:40:35,
1999-07-31 12:37:43 PDT,paulmac,Status,VERIFIED,RESOLVED
