When, Who, What, Added, Removed
1998-10-09 14:44:33 PDT,peterl-retired,Component,Layout,Style System
1998-10-09 14:44:33 PDT,peterl-retired,Assignee,kipp,peterl
1998-10-14 22:24:36 PDT,kipp,Status,ASSIGNED,NEW
1998-11-20 14:42:10 PST,kipp,Last Resolved,1998-11-20 14:42:10,
1998-11-20 14:42:10 PST,kipp,Status,RESOLVED,ASSIGNED
1998-11-20 14:42:10 PST,kipp,Resolution,FIXED,---
1998-11-24 10:58:42 PST,dbaron,Status,REOPENED,RESOLVED
1998-12-09 15:53:04 PST,kipp,Status,RESOLVED,REOPENED
1998-12-09 15:53:04 PST,kipp,Last Resolved,1998-12-09 15:53:04,1998-11-20 14:42:10
1999-02-03 12:19:43 PST,sujay,QA Contact,3847,
1999-02-09 14:34:04 PST,dbaron,URL,http://www.w3.org/Style/CSS/Test/current/sec412.htm,http://www.w3.org/Style/CSS/Test/current/sec5505.htm
1999-02-09 14:34:04 PST,dbaron,Status,VERIFIED,RESOLVED
