When, Who, What, Added, Removed
1999-07-23 15:44:03 PDT,sfraser_bugs,Assignee,sfraser,don
1999-07-23 15:44:44 PDT,sfraser_bugs,Status,RESOLVED,NEW
1999-07-23 15:44:44 PDT,sfraser_bugs,Resolution,FIXED,---
1999-07-23 15:44:44 PDT,sfraser_bugs,Last Resolved,1999-07-23 15:44:44,
1999-07-23 18:21:11 PDT,pmock,Summary,[PP] [Blocker] regression, can't launch Apprunner,[PP] regression, can't launch Apprunner
1999-08-30 21:10:17 PDT,leger,QA Contact,pmock,leger
1999-08-30 21:10:17 PDT,leger,Target Milestone,M9,
1999-08-31 08:37:13 PDT,pmock,Status,VERIFIED,RESOLVED
2004-11-22 17:25:08 PST,myk,Product,Seamonkey,Browser
