When, Who, What, Added, Removed
1999-07-26 22:17:23 PDT,leger,Summary,Unix: Multiple copies sometimes broken[PP],Unix: Multiple copies sometimes broken
1999-08-02 14:17:34 PDT,trudelle,Priority,P2,P3
1999-08-02 14:17:34 PDT,trudelle,Assignee,mcafee,trudelle
1999-08-02 14:17:34 PDT,trudelle,Target Milestone,M9,
1999-08-06 14:12:25 PDT,pavlov,Assignee,pavlov,mcafee
1999-08-06 14:12:25 PDT,pavlov,Target Milestone,M10,M9
1999-08-06 14:12:25 PDT,pavlov,Summary,[PP] Multiple copies sometimes broken,Unix: Multiple copies sometimes broken[PP]
1999-08-06 14:13:10 PDT,pavlov,Status,ASSIGNED,NEW
1999-08-19 13:49:34 PDT,pavlov,Status,RESOLVED,ASSIGNED
1999-08-19 13:49:34 PDT,pavlov,Resolution,FIXED,---
1999-08-19 13:49:34 PDT,pavlov,Severity,major,normal
1999-08-19 13:49:34 PDT,pavlov,Last Resolved,1999-08-19 13:49:34,
1999-10-06 22:55:48 PDT,paulmac,Status,VERIFIED,RESOLVED
