When, Who, What, Added, Removed
1999-07-23 16:57:34 PDT,peterl-retired,Assignee,rickg,peterl
1999-07-23 16:57:34 PDT,peterl-retired,Summary,<span> not contained by <p>,display: block is being inherited from parent
1999-07-23 16:57:34 PDT,peterl-retired,Component,Parser,Style System
1999-07-25 10:52:06 PDT,rickg,Status,RESOLVED,NEW
1999-07-25 10:52:06 PDT,rickg,Resolution,FIXED,---
1999-07-25 10:52:06 PDT,rickg,Last Resolved,1999-07-25 10:52:06,
1999-07-30 21:37:39 PDT,christinehoff4,Status,VERIFIED,RESOLVED
2012-11-03 05:04:03 PDT,srinivas.rv,CC,srinivas.rv,
