When, Who, What, Added, Removed
1999-07-23 16:35:47 PDT,laurel,QA Contact,nbaca,lchiang
1999-08-02 11:45:26 PDT,scottputterman,Blocks,11091,
1999-08-24 10:35:39 PDT,sol,Whiteboard,[PR1],
1999-08-29 00:39:53 PDT,hyatt,Status,RESOLVED,ASSIGNED
1999-08-29 00:39:53 PDT,hyatt,Resolution,FIXED,---
1999-08-29 00:39:53 PDT,hyatt,Last Resolved,1999-08-29 00:39:53,
1999-09-03 14:23:49 PDT,nbaca,Status,VERIFIED,RESOLVED
2004-11-22 17:26:45 PST,myk,Product,Core,MailNews
2008-07-31 04:30:00 PDT,nobody,Product,MailNews Core,Core
