When, Who, What, Added, Removed
1999-07-26 21:14:55 PDT,leger,Target Milestone,M9,
1999-07-29 07:05:38 PDT,chofmann,Blocks,10730,
1999-08-03 18:54:04 PDT,warrensomebody,Target Milestone,M10,M9
1999-09-24 20:23:33 PDT,chofmann,Target Milestone,M11,M10
1999-10-06 03:18:06 PDT,warrensomebody,Assignee,warren,rpotts
1999-10-06 21:11:28 PDT,warrensomebody,Target Milestone,M13,M11
1999-10-27 01:06:28 PDT,warrensomebody,Status,ASSIGNED,NEW
1999-10-28 20:31:51 PDT,warrensomebody,Last Resolved,1999-10-28 20:31:51,
1999-10-28 20:31:51 PDT,warrensomebody,Status,RESOLVED,ASSIGNED
1999-10-28 20:31:51 PDT,warrensomebody,Resolution,FIXED,---
1999-10-31 00:13:48 PDT,paulmac,Status,VERIFIED,RESOLVED
