When, Who, What, Added, Removed
1999-07-23 18:22:34 PDT,phillip,URL,http://wetnap.mcom.com/seamonkey/bugs/bug10433.html,
1999-07-23 18:22:34 PDT,phillip,QA Contact,phillip,janc
1999-07-23 20:20:28 PDT,rickg,Assignee,kmcclusk,rickg
1999-07-26 14:46:11 PDT,kmcclusk,Assignee,evaughan,kmcclusk
1999-07-27 11:46:32 PDT,phillip,OS,All,Linux
1999-07-27 11:46:32 PDT,phillip,Hardware,All,PC
1999-08-04 10:54:52 PDT,eric,Status,ASSIGNED,NEW
1999-08-05 18:17:04 PDT,eric,Status,RESOLVED,ASSIGNED
1999-08-05 18:17:04 PDT,eric,Resolution,FIXED,---
1999-08-05 18:17:04 PDT,eric,Last Resolved,1999-08-05 18:17:04,
1999-09-14 17:17:00 PDT,phillip,Status,VERIFIED,RESOLVED
