When, Who, What, Added, Removed
1999-07-23 20:15:40 PDT,morse,Status,ASSIGNED,NEW
1999-07-23 20:15:40 PDT,morse,Target Milestone,M10,
1999-08-18 14:58:17 PDT,morse,Status,RESOLVED,ASSIGNED
1999-08-18 14:58:17 PDT,morse,Resolution,FIXED,---
1999-08-18 14:58:17 PDT,morse,Last Resolved,1999-08-18 14:58:17,
1999-08-19 14:23:07 PDT,paulmac,Whiteboard,asked reporter,
1999-08-19 20:02:28 PDT,mscott,Whiteboard,,asked reporter
1999-08-19 20:02:28 PDT,mscott,Status,VERIFIED,RESOLVED
2004-11-22 17:25:08 PST,myk,Product,Seamonkey,Browser
