When, Who, What, Added, Removed
1999-07-23 18:31:18 PDT,phillip,QA Contact,phillip,gerardok
1999-08-17 20:56:31 PDT,mdubinko,Whiteboard,[TESTCASE],
1999-10-18 00:28:04 PDT,jar,Blocks,16654,
1999-11-02 18:29:02 PST,ekrock,Target Milestone,M12,M11
1999-12-02 15:06:37 PST,gerardok,QA Contact,gerardok,phillip
1999-12-09 01:01:57 PST,buster,Whiteboard,[TESTCASE] fix attached, awaiting review,[TESTCASE]
2000-01-14 18:31:20 PST,vidur,Status,NEW,ASSIGNED
2000-01-14 18:31:20 PST,vidur,Assignee,pollmann,vidur
2000-01-14 18:31:20 PST,vidur,Target Milestone,,M13
2000-01-21 13:48:50 PST,ekrock,Keywords,testcase,
2000-02-01 16:26:16 PST,pollmann,Target Milestone,M14,
2000-02-01 16:26:16 PST,pollmann,Status,ASSIGNED,NEW
2000-02-05 21:02:47 PST,michael.j.lowe,Keywords,patch,
2000-02-05 21:02:47 PST,michael.j.lowe,Whiteboard,fix attached, awaiting review,[TESTCASE] fix attached, awaiting review
2000-02-09 12:33:59 PST,gerardok,Keywords,beta1,
2000-02-09 16:51:57 PST,daver,Whiteboard,[PDT-]fix attached, awaiting review,fix attached, awaiting review
2000-02-10 17:24:06 PST,pollmann,Status,RESOLVED,ASSIGNED
2000-02-10 17:24:06 PST,pollmann,Resolution,FIXED,---
2000-02-10 17:24:06 PST,pollmann,Last Resolved,2000-02-10 17:24:06,
2000-09-12 12:05:14 PDT,jcarpenter0524,QA Contact,janc,gerardok
2001-02-22 21:40:08 PST,ian,Component,DOM HTML,DOM Level 1
2001-03-06 16:18:18 PST,desale,QA Contact,desale,janc
2001-06-05 12:05:47 PDT,desale,QA Contact,stummala,desale
2001-06-08 16:31:52 PDT,stummala,Status,VERIFIED,RESOLVED
2001-06-15 01:21:22 PDT,stummala,Resolution,---,FIXED
2001-06-15 01:21:22 PDT,stummala,Status,REOPENED,VERIFIED
2001-09-21 08:10:46 PDT,fabian,CC,hidday,
2001-09-28 10:24:34 PDT,stummala,Keywords,vtrunk,
2001-09-28 10:24:34 PDT,stummala,Status,RESOLVED,REOPENED
2001-09-28 10:24:34 PDT,stummala,Resolution,FIXED,---
2001-09-28 10:24:34 PDT,stummala,Last Resolved,2001-09-28 10:24:34,2000-02-10 17:24:06
2001-12-14 11:19:16 PST,stummala,Status,VERIFIED,RESOLVED
2008-07-31 02:25:56 PDT,timeless,Component,DOM: Core & HTML,DOM: HTML
2008-07-31 02:25:56 PDT,timeless,QA Contact,general,stummala
