When, Who, What, Added, Removed
1999-08-03 18:19:46 PDT,cathleennscp,Blocks,11020,
1999-08-12 16:21:24 PDT,cathleennscp,Target Milestone,M12,
1999-08-30 13:41:04 PDT,cathleennscp,Blocks,12806,
1999-11-03 16:40:20 PST,cathleennscp,Target Milestone,M13,M12
1999-12-13 11:13:45 PST,kevinyen,Depends on,19165,
1999-12-13 13:10:11 PST,leger,Whiteboard,[PDT-],
1999-12-13 13:10:11 PST,leger,Assignee,dveditz,cathleen
1999-12-13 13:54:04 PST,dveditz,Status,ASSIGNED,NEW
1999-12-15 13:18:46 PST,kevinyen,Whiteboard,,[PDT-]
1999-12-15 13:18:46 PST,kevinyen,Summary,[Beta] No Re-Start required during Install and First Run process,[Dogfood] No Re-Start required during Install and First Run process
2000-01-03 10:44:46 PST,kevinyen,Priority,P1,P3
2000-01-04 14:19:03 PST,bugzilla,Depends on,21882,
2000-01-11 09:40:34 PST,dbragg,Status,NEW,ASSIGNED
2000-01-11 09:40:34 PST,dbragg,Assignee,cathleen,dveditz
2000-01-14 15:13:47 PST,ssu0262,Blocks,23222,
2000-01-14 15:39:34 PST,cathleennscp,Target Milestone,M14,M13
2000-01-18 12:50:01 PST,kevinyen,Summary,[BETA] No Re-Start required during Install and First Run process,[Beta] No Re-Start required during Install and First Run process
2000-01-31 18:11:01 PST,cathleennscp,Keywords,beta1,
2000-02-02 16:41:04 PST,leger,Summary,No Re-Start required during Install and First Run process,[BETA] No Re-Start required during Install and First Run process
2000-02-02 16:41:04 PST,leger,Whiteboard,[PDT+],
2000-02-03 16:00:11 PST,cathleennscp,Resolution,FIXED,---
2000-02-03 16:00:11 PST,cathleennscp,Last Resolved,2000-02-03 16:00:11,
2000-02-03 16:00:11 PST,cathleennscp,Status,RESOLVED,NEW
2000-02-03 16:07:25 PST,agracebush,Status,VERIFIED,RESOLVED
2004-11-22 17:25:08 PST,myk,Product,Seamonkey,Browser
