When, Who, What, Added, Removed
1998-10-09 18:01:43 PDT,kipp,Status,ASSIGNED,NEW
1998-10-27 11:36:32 PST,kipp,Summary,CSS background-attachment,CSS background-position and background-attachment
1999-01-06 18:16:32 PST,kipp,Severity,normal,enhancement
1999-03-16 19:36:27 PST,kipp,Status,NEW,ASSIGNED
1999-03-16 19:36:27 PST,kipp,Assignee,troy,kipp
1999-03-18 10:36:46 PST,christinehoff4,QA Contact,4110,4144
1999-03-23 17:31:19 PST,troy,Status,ASSIGNED,NEW
1999-04-02 11:32:40 PST,troy,Target Milestone,M6,M4
1999-04-02 11:39:48 PST,troy,Target Milestone,M5,M6
1999-04-24 20:12:20 PDT,troy,Status,NEW,ASSIGNED
1999-04-24 20:12:20 PDT,troy,Component,Compositor,Layout
1999-04-24 20:12:20 PDT,troy,Assignee,beard,troy
1999-04-25 14:26:55 PDT,beard,Assignee,michaelp,beard
1999-04-25 14:28:53 PDT,beard,Assignee,kmcclusk,michaelp
1999-04-27 13:59:59 PDT,karnaze,Target Milestone,M6,M5
1999-05-04 11:27:58 PDT,kmcclusk,Status,ASSIGNED,NEW
1999-05-04 11:27:58 PDT,kmcclusk,Target Milestone,M7,M6
1999-05-18 08:13:36 PDT,ian,Summary,{css1} CSS background-attachment,CSS background-attachment
1999-05-20 11:15:00 PDT,kmcclusk,Assignee,beard,kmcclusk
1999-05-20 11:15:00 PDT,kmcclusk,Status,NEW,ASSIGNED
1999-05-21 12:29:28 PDT,beard,Status,ASSIGNED,NEW
1999-06-11 23:10:58 PDT,beard,Target Milestone,M8,M7
1999-08-04 17:51:23 PDT,beard,Target Milestone,M11,M9
1999-09-18 15:57:12 PDT,beard,Target Milestone,M14,M11
1999-09-27 06:10:17 PDT,ian,Whiteboard,12008 should be rechecked once this is resolved.,
2000-01-13 15:58:13 PST,ian,Keywords,css1,
2000-02-05 19:42:15 PST,michael.j.lowe,Summary,CSS background-attachment,{css1} CSS background-attachment
2000-02-09 12:47:00 PST,beard,Status,RESOLVED,ASSIGNED
2000-02-09 12:47:00 PST,beard,Resolution,FIXED,---
2000-02-09 12:47:00 PST,beard,Last Resolved,2000-02-09 12:47:00,
2000-02-21 16:11:34 PST,christinehoff4,Keywords,verifyme,
2000-02-21 16:35:13 PST,ian,Status,VERIFIED,RESOLVED
2008-10-22 01:03:23 PDT,bugzilla,Keywords,,verifyme
2009-01-22 10:17:43 PST,nobody,Product,Core Graveyard,Core
