When, Who, What, Added, Removed
1999-07-30 14:26:21 PDT,pnunn,Status,ASSIGNED,NEW
1999-08-16 16:45:03 PDT,pnunn,Target Milestone,M10,
1999-08-19 17:11:22 PDT,pnunn,Status,RESOLVED,ASSIGNED
1999-08-19 17:11:22 PDT,pnunn,Resolution,FIXED,---
1999-08-19 17:11:22 PDT,pnunn,Last Resolved,1999-08-19 17:11:22,
1999-08-31 18:12:42 PDT,elig,Whiteboard,[8.31.99] Page won't load in any browser; can't verify.,
1999-09-07 16:32:54 PDT,elig,Whiteboard,,[8.31.99] Page won't load in any browser; can't verify.
1999-09-07 17:02:58 PDT,elig,Status,VERIFIED,RESOLVED
