When, Who, What, Added, Removed
1999-07-24 13:49:09 PDT,troy,Assignee,peterl,troy
1999-07-24 14:07:08 PDT,peterl-retired,Component,XUL,Layout
1999-07-24 14:07:08 PDT,peterl-retired,Assignee,trudelle,peterl
1999-08-02 14:26:39 PDT,trudelle,Assignee,evaughan,trudelle
1999-08-04 10:55:56 PDT,eric,Status,ASSIGNED,NEW
1999-08-05 18:17:26 PDT,eric,Target Milestone,M10,
1999-08-27 17:04:38 PDT,eric,Status,RESOLVED,ASSIGNED
1999-08-27 17:04:38 PDT,eric,Resolution,FIXED,---
1999-08-27 17:04:38 PDT,eric,Last Resolved,1999-08-27 17:04:38,
1999-09-02 15:56:27 PDT,chrispetersen,Status,VERIFIED,RESOLVED
2000-01-20 19:00:41 PST,leger,Component,XP Toolkit/Widgets: XUL,XUL
2008-07-31 02:46:55 PDT,timeless,Component,XUL,XP Toolkit/Widgets: XUL
2008-07-31 02:46:55 PDT,timeless,QA Contact,xptoolkit.widgets,chrispetersen
