When, Who, What, Added, Removed
1999-07-27 22:39:08 PDT,scottputterman,Status,RESOLVED,NEW
1999-07-27 22:39:08 PDT,scottputterman,Resolution,WORKSFORME,---
1999-07-27 22:39:08 PDT,scottputterman,Last Resolved,1999-07-27 22:39:08,
1999-07-28 07:11:21 PDT,bugzilla,Target Milestone,M9,
1999-07-28 10:19:34 PDT,lchiang,Status,VERIFIED,RESOLVED
1999-07-28 10:47:41 PDT,scottputterman,Status,REOPENED,VERIFIED
1999-07-28 10:47:56 PDT,scottputterman,Resolution,---,WORKSFORME
1999-07-28 10:49:03 PDT,scottputterman,Summary,Resizing messenger compose merges toolbars.,Mousing over Editor toolbar in Messenger Compose has strange results
1999-08-04 13:31:37 PDT,bugzilla,Status,NEW,REOPENED
1999-08-04 13:31:37 PDT,bugzilla,Assignee,troy,ducarroz
1999-08-04 19:50:34 PDT,troy,Assignee,hyatt,troy
1999-08-06 14:08:16 PDT,scottputterman,Blocks,11091,
1999-08-16 02:44:28 PDT,hyatt,Status,ASSIGNED,NEW
1999-08-24 15:34:02 PDT,sol,Whiteboard,[PR1],
1999-08-29 00:52:42 PDT,hyatt,Status,RESOLVED,ASSIGNED
1999-08-29 00:52:42 PDT,hyatt,Resolution,FIXED,---
1999-08-29 00:52:42 PDT,hyatt,Last Resolved,1999-08-29 00:52:42,1999-07-27 22:39:08
1999-10-07 16:42:37 PDT,fenella,Status,VERIFIED,RESOLVED
2004-11-22 17:26:45 PST,myk,Product,Core,MailNews
2008-07-31 04:30:00 PDT,nobody,Product,MailNews Core,Core
