When, Who, What, Added, Removed
1999-07-25 02:40:23 PDT,gagan,Assignee,rpotts,gagan
1999-07-26 21:17:37 PDT,leger,Target Milestone,M9,
1999-07-27 09:02:23 PDT,morse,Severity,blocker,normal
1999-07-27 09:03:03 PDT,morse,Summary,[BLOCK] Error on OpenInputStream,Error on OpenInputStream
1999-07-27 09:03:03 PDT,morse,Priority,P1,P3
1999-08-02 15:41:03 PDT,warrensomebody,Summary,Error on OpenInputStream for http channel,[BLOCK] Error on OpenInputStream
1999-08-12 15:36:58 PDT,warrensomebody,Summary,Implement OpenInputStream for http channel,Error on OpenInputStream for http channel
1999-08-20 10:13:14 PDT,morse,Blocks,7530,
1999-08-20 12:21:27 PDT,leger,Target Milestone,M10,M9
1999-08-20 13:10:13 PDT,dbaron,Blocks,10593,
1999-09-16 08:59:21 PDT,dbaron,Blocks,9075,
1999-09-24 20:15:24 PDT,chofmann,Severity,critical,blocker
1999-09-25 09:43:11 PDT,chofmann,Target Milestone,M11,M10
1999-09-28 03:28:52 PDT,ian,Blocks,15027,
1999-09-28 03:31:08 PDT,ian,Whiteboard,Blocking QA of XHTML support,
1999-09-28 03:31:08 PDT,ian,Blocks,,15027
1999-09-28 03:36:10 PDT,ian,Blocks,15027,
1999-09-29 04:52:32 PDT,ian,Severity,blocker,critical
1999-09-29 04:52:32 PDT,ian,Whiteboard,Blocking all valid XML parsing; blocking QA of XHTML support,Blocking QA of XHTML support
1999-09-29 04:52:32 PDT,ian,Summary,[BLOCKER] Implement OpenInputStream for http channel,Implement OpenInputStream for http channel
1999-10-12 19:53:55 PDT,nisheeth_mozilla,Assignee,nisheeth,rpotts
1999-10-19 15:57:32 PDT,nisheeth_mozilla,Summary,[BLOCKER] External entity loading should be asynchronous,[BLOCKER] Implement OpenInputStream for http channel
1999-10-19 15:57:32 PDT,nisheeth_mozilla,Status,ASSIGNED,NEW
1999-10-20 22:19:22 PDT,jar,Blocks,16950,
1999-10-21 16:33:34 PDT,nisheeth_mozilla,Summary,[DOGFOOD] [BLOCKER] External entity loading should be asynchronous,[BLOCKER] External entity loading should be asynchronous
1999-10-25 18:59:52 PDT,nisheeth_mozilla,Status,RESOLVED,ASSIGNED
1999-10-25 18:59:52 PDT,nisheeth_mozilla,Resolution,FIXED,---
1999-10-25 18:59:52 PDT,nisheeth_mozilla,Last Resolved,1999-10-25 18:59:52,
1999-10-25 19:40:19 PDT,nisheeth_mozilla,Blocks,15270,
1999-10-30 23:07:23 PDT,paulmac,Status,VERIFIED,RESOLVED
