When, Who, What, Added, Removed
1999-07-26 10:49:09 PDT,waterson,Status,ASSIGNED,NEW
1999-07-26 10:49:09 PDT,waterson,Target Milestone,M10,
1999-08-06 16:26:01 PDT,waterson,Blocks,11414,
1999-08-06 16:47:08 PDT,mozilla,Blocks,11417,
1999-08-25 02:40:24 PDT,mozilla,Priority,P1,P3
1999-09-14 15:40:25 PDT,waterson,Depends on,13815,
1999-09-22 01:00:27 PDT,mozilla,Blocks,14442,
1999-10-27 11:09:12 PDT,waterson,Summary,[DOGFOOD] Inserting into RDF_Sequences messes up,Inserting into RDF_Sequences messes up
1999-10-27 17:04:05 PDT,leger,Whiteboard,[PDT+],
1999-11-03 17:52:22 PST,waterson,Target Milestone,M12,M11
1999-11-15 21:54:52 PST,jar,Blocks,18951,
1999-11-16 14:48:51 PST,waterson,Status,RESOLVED,ASSIGNED
1999-11-16 14:48:51 PST,waterson,Resolution,FIXED,---
1999-11-16 14:48:51 PST,waterson,Last Resolved,1999-11-16 14:48:51,
1999-11-29 16:09:23 PST,desale,Status,VERIFIED,RESOLVED
2000-07-02 18:32:48 PDT,jar,Blocks,,18951
