When, Who, What, Added, Removed
1998-10-14 22:24:50 PDT,kipp,Status,ASSIGNED,NEW
1998-10-27 11:39:35 PST,kipp,Status,NEW,ASSIGNED
1998-10-27 11:39:35 PST,kipp,Assignee,peterl,kipp
1998-11-18 11:16:43 PST,peterl-retired,Status,ASSIGNED,NEW
1999-04-02 15:58:53 PST,peterl-retired,Target Milestone,M7,
1999-05-09 13:36:17 PDT,christinehoff4,QA Contact,4110,4144
1999-05-21 10:25:31 PDT,ian,Summary,{css1} word-spacing and letter-spacing,CSS word-spacing and letter-spacing
1999-08-05 10:56:01 PDT,peterl-retired,Target Milestone,M11,M10
1999-10-26 15:29:28 PDT,pierre,Whiteboard,need to contact the WG for clarification,
2000-01-13 15:58:15 PST,ian,Keywords,css1,
2000-02-05 23:40:17 PST,michael.j.lowe,Summary,word-spacing and letter-spacing,{css1} word-spacing and letter-spacing
2000-04-07 14:39:18 PDT,rickg,Target Milestone,M17,M16
2000-06-12 04:05:11 PDT,pierre,Target Milestone,Future,M17
2000-06-14 18:23:51 PDT,ekrock,Keywords,nsbeta3,
2000-06-14 18:28:40 PDT,ekrock,Keywords,rtm,
2000-06-16 02:46:58 PDT,pierre,Summary,letter-spacing should apply on space characters too,word-spacing and letter-spacing
2000-06-16 02:46:58 PDT,pierre,Status,NEW,ASSIGNED
2000-06-16 02:46:58 PDT,pierre,Assignee,erik,pierre
2000-06-16 02:46:58 PDT,pierre,CC,pierre,
2000-06-16 02:46:58 PDT,pierre,Target Milestone,M20,Future
2000-06-16 02:46:58 PDT,pierre,Whiteboard,,need to contact the WG for clarification
2000-06-19 14:57:02 PDT,erik,Status,ASSIGNED,NEW
2000-07-20 11:18:59 PDT,ekrock,Keywords,correctness,
2000-08-02 02:30:26 PDT,ian,Whiteboard,hit during nsbeta2 standards compliance testing,
2000-08-15 15:04:27 PDT,ftang,Whiteboard,nsbeta3+, hit during nsbeta2 standards compliance testing,hit during nsbeta2 standards compliance testing
2000-08-15 15:04:27 PDT,ftang,CC,ekrock,
2000-08-17 08:42:43 PDT,pierre,Severity,normal,enhancement
2000-08-17 08:42:43 PDT,pierre,Target Milestone,M18,M20
2000-08-24 14:23:01 PDT,jaimejr,CC,buster,
2000-08-29 16:19:48 PDT,ftang,Status,NEW,ASSIGNED
2000-08-29 16:19:48 PDT,ftang,Priority,P4,P2
2000-08-29 16:19:48 PDT,ftang,Assignee,shanjian,erik
2000-08-29 18:12:03 PDT,ekrock,Keywords,relnote,
2000-08-29 18:12:03 PDT,ekrock,Whiteboard,[nsbeta3-] hit during nsbeta2 standards compliance testing,nsbeta3+, hit during nsbeta2 standards compliance testing
2000-08-29 18:12:03 PDT,ekrock,Target Milestone,Future,M18
2000-09-01 01:32:11 PDT,ian,Summary,letter-spacing should apply on space characters too [INLINE],letter-spacing should apply on space characters too
2000-09-27 16:59:30 PDT,ian,Whiteboard,[nsbeta3-] hit during nsbeta2 standards compliance testing (py8ieh:file bug for whitespace of letter spacing to be shared either side of glyphs like leading, and collapsed at line starts and ends, propose same to WG),[nsbeta3-] hit during nsbeta2 standards compliance testing
2000-09-28 08:09:16 PDT,pierre,Whiteboard,[fix in hand][nsbeta3-] hit during nsbeta2 standards compliance testing (py8ieh:file bug for whitespace of letter spacing to be shared either side of glyphs like leading, and collapsed at line starts and ends, propose same to WG),[nsbeta3-] hit during nsbeta2 standards compliance testing (py8ieh:file bug for whitespace of letter spacing to be shared either side of glyphs like leading, and collapsed at line starts and ends, propose same to WG)
2000-09-28 08:09:16 PDT,pierre,Priority,P2,P4
2000-09-28 08:09:16 PDT,pierre,Assignee,pierre,shanjian
2000-09-28 08:09:16 PDT,pierre,Target Milestone,M19,Future
2000-09-28 08:09:38 PDT,pierre,Status,ASSIGNED,NEW
2000-09-28 18:35:18 PDT,pierre,Keywords,,relnote
2000-09-28 18:35:18 PDT,pierre,Whiteboard,[fix in hand]hit during nsbeta2 standards compliance testing,[fix in hand][nsbeta3-] hit during nsbeta2 standards compliance testing (py8ieh:file bug for whitespace of letter spacing to be shared either side of glyphs like leading, and collapsed at line starts and ends, propose same to WG)
2000-09-29 13:55:47 PDT,karnaze,Whiteboard,[rtm+] [fix in hand]hit during nsbeta2 standards compliance testing,[fix in hand]hit during nsbeta2 standards compliance testing
2000-10-02 16:46:34 PDT,michaell,Whiteboard,[rtm++] [fix in hand]hit during nsbeta2 standards compliance testing,[rtm+] [fix in hand]hit during nsbeta2 standards compliance testing
2000-10-09 01:48:32 PDT,pierre,Status,RESOLVED,ASSIGNED
2000-10-09 01:48:32 PDT,pierre,Resolution,FIXED,---
2000-10-09 01:48:32 PDT,pierre,Last Resolved,2000-10-09 01:48:32,
2000-10-11 17:43:20 PDT,christinehoff4,Keywords,vtrunk,
2000-11-02 12:18:35 PST,christinehoff4,Status,VERIFIED,RESOLVED
