When, Who, What, Added, Removed
1999-07-26 11:31:48 PDT,tao,Whiteboard,the language portion is hardcoded now,
1999-07-26 21:17:58 PDT,leger,Target Milestone,M9,
1999-07-29 07:05:38 PDT,chofmann,Blocks,10730,
1999-08-13 11:29:31 PDT,jud,Assignee,tague,valeski
1999-08-13 11:29:31 PDT,jud,Target Milestone,M10,M9
1999-08-13 15:34:50 PDT,tague,Status,ASSIGNED,NEW
1999-08-20 16:49:13 PDT,tague,Status,NEW,ASSIGNED
1999-08-20 16:49:13 PDT,tague,Assignee,valeski,tague
1999-08-26 17:16:58 PDT,Chris.Yeh,Blocks,12562,
1999-08-30 16:49:02 PDT,warrensomebody,Blocks,12833,
1999-09-13 11:12:37 PDT,jud,Status,ASSIGNED,NEW
1999-09-13 11:41:19 PDT,jud,Whiteboard,Wan-teh, PR_GetSystemInfo() appears hosed.,the language portion is hardcoded now
1999-09-21 08:51:18 PDT,jud,Target Milestone,M13,M10
1999-11-10 08:11:46 PST,wtc,Depends on,15738,
2000-01-07 15:50:26 PST,jud,Whiteboard,,Wan-teh, PR_GetSystemInfo() appears hosed.
2000-01-07 15:50:26 PST,jud,Status,NEW,ASSIGNED
2000-01-07 15:50:26 PST,jud,Assignee,shaver,valeski
2000-01-18 23:10:04 PST,shaver,Whiteboard,waiting on UA service checkin, early M14,
2000-01-18 23:10:04 PST,shaver,Status,ASSIGNED,NEW
2000-01-18 23:10:04 PST,shaver,Depends on,24336,
2000-01-18 23:10:04 PST,shaver,Target Milestone,M14,M13
2000-01-18 23:37:49 PST,shaver,Depends on,,24336
2000-01-18 23:39:29 PST,shaver,Depends on,24336,
2000-02-01 19:40:42 PST,chofmann,Keywords,beta1,
2000-02-02 17:14:36 PST,phil,Whiteboard,[PDT+] waiting on UA service checkin, early M14,waiting on UA service checkin, early M14
2000-02-02 17:14:36 PST,phil,Status,NEW,ASSIGNED
2000-02-02 17:14:36 PST,phil,Assignee,valeski,shaver
2000-02-02 17:20:25 PST,jud,Assignee,shaver,valeski
2000-02-07 03:38:28 PST,matty_is_a_geek,CC,? matty, sdagley@,? sdagley
2000-02-07 10:03:27 PST,tao,CC,? sdagley,? tague, sdagley@
2000-02-07 13:10:01 PST,jud,Assignee,valeski,shaver
2000-02-07 23:20:19 PST,jud,Last Resolved,2000-02-07 23:20:19,
2000-02-07 23:20:19 PST,jud,Status,RESOLVED,NEW
2000-02-07 23:20:19 PST,jud,Resolution,FIXED,---
2000-02-09 15:00:09 PST,paulmac,QA Contact,tever,paulmac
2000-02-14 19:16:47 PST,tever,Status,VERIFIED,RESOLVED
