When, Who, What, Added, Removed
1999-07-25 17:13:57 PDT,scc-obsolete,Status,ASSIGNED,NEW
1999-07-25 17:13:57 PDT,scc-obsolete,Target Milestone,M9,
1999-08-10 14:50:42 PDT,scc-obsolete,Target Milestone,M10,M9
1999-09-24 15:58:38 PDT,leger,Target Milestone,M11,M10
1999-10-21 11:37:30 PDT,scc-obsolete,Target Milestone,M16,M11
1999-10-21 11:37:30 PDT,scc-obsolete,Summary,Remove conditional specialization in |nsISupports|,nsISupportsUtils.h and nsISupports.idl need comments describing the tricky things in them (or the tricky things need to go)
2000-01-12 23:03:26 PST,scc-obsolete,Status,RESOLVED,ASSIGNED
2000-01-12 23:03:26 PST,scc-obsolete,Resolution,FIXED,---
2000-01-12 23:03:26 PST,scc-obsolete,Last Resolved,2000-01-12 23:03:26,
