When, Who, What, Added, Removed
1999-07-25 15:28:05 PDT,mscott,Target Milestone,M9,
1999-07-27 01:37:50 PDT,gagan,Status,RESOLVED,NEW
1999-07-27 01:37:50 PDT,gagan,Resolution,FIXED,---
1999-07-27 01:37:50 PDT,gagan,Last Resolved,1999-07-27 01:37:50,
1999-07-27 11:03:43 PDT,mscott,Status,VERIFIED,RESOLVED
1999-07-27 11:03:43 PDT,mscott,QA Contact,mscott,lchiang
1999-07-29 16:28:57 PDT,lchiang,Component,Networking-Mail,Necko
2004-11-22 17:26:45 PST,myk,Product,Core,MailNews
2008-07-31 04:30:00 PDT,nobody,Product,MailNews Core,Core
