When, Who, What, Added, Removed
1999-07-26 15:50:36 PDT,run2000,Whiteboard,[MAKINGTEST] -- run2000@geocities.com,
1999-07-26 17:25:22 PDT,run2000,Whiteboard,[TESTCASE],[MAKINGTEST] -- run2000@geocities.com
1999-07-27 09:30:13 PDT,elig,Assignee,pnunn,don
1999-07-27 09:30:13 PDT,elig,QA Contact,elig,leger
1999-07-27 09:30:26 PDT,elig,Component,ImageLib,Browser-General
1999-07-30 15:38:29 PDT,pnunn,Assignee,rickg,pnunn
1999-08-06 02:24:39 PDT,rickg,Assignee,vidur,rickg
1999-08-16 18:15:52 PDT,vidur,Status,ASSIGNED,NEW
1999-08-16 18:15:52 PDT,vidur,Target Milestone,M10,
1999-08-17 16:45:16 PDT,vidur,Whiteboard,[TESTCASE] Fix available. Waiting for tree to open.,[TESTCASE]
1999-08-19 15:27:34 PDT,vidur,Resolution,FIXED,---
1999-08-19 15:27:34 PDT,vidur,Last Resolved,1999-08-19 15:27:34,
1999-08-19 15:27:34 PDT,vidur,Status,RESOLVED,ASSIGNED
1999-08-27 18:53:41 PDT,run2000,Status,VERIFIED,RESOLVED
