When, Who, What, Added, Removed
1999-07-26 10:00:57 PDT,lchiang,Severity,blocker,normal
1999-07-26 12:13:56 PDT,leger,Whiteboard,BLOCKER CONFIRMED,
1999-07-26 12:13:56 PDT,leger,Priority,P1,P3
1999-07-26 12:13:56 PDT,leger,Target Milestone,M9,
1999-07-29 22:12:58 PDT,scottputterman,Status,RESOLVED,NEW
1999-07-29 22:12:58 PDT,scottputterman,Resolution,FIXED,---
1999-07-29 22:12:58 PDT,scottputterman,Last Resolved,1999-07-29 22:12:58,
1999-07-30 09:28:14 PDT,lchiang,Status,VERIFIED,RESOLVED
2004-11-22 17:25:08 PST,myk,Product,Seamonkey,Browser
