When, Who, What, Added, Removed
1999-08-02 11:42:32 PDT,troy,Status,RESOLVED,NEW
1999-08-02 11:42:32 PDT,troy,Resolution,REMIND,---
1999-08-02 11:42:32 PDT,troy,Last Resolved,1999-08-02 11:42:32,
1999-08-12 09:44:19 PDT,chrispetersen,Status,VERIFIED,RESOLVED
1999-10-03 14:07:01 PDT,ian,Summary,{css2} inherit on w/h on abs pos elements,inherit on w/h on abs pos elements
1999-10-09 08:31:38 PDT,dbaron,Status,REOPENED,VERIFIED
1999-10-09 10:15:14 PDT,troy,Status,NEW,REOPENED
1999-10-09 10:15:14 PDT,troy,Assignee,peterl,troy
1999-10-09 10:15:24 PDT,troy,Resolution,---,REMIND
1999-10-22 16:48:36 PDT,pierre,Whiteboard,need to contact the WG for clarification,
1999-11-10 19:48:45 PST,pierre,Status,RESOLVED,ASSIGNED
1999-11-10 19:48:45 PST,pierre,Resolution,FIXED,---
1999-11-10 19:48:45 PST,pierre,Last Resolved,1999-11-10 19:48:45,1999-08-02 11:42:32
1999-11-10 21:41:13 PST,troy,Status,REOPENED,RESOLVED
1999-11-10 21:41:23 PST,troy,Resolution,---,FIXED
1999-11-10 21:44:51 PST,troy,Status,ASSIGNED,REOPENED
1999-11-10 22:03:51 PST,troy,Status,NEW,ASSIGNED
1999-11-10 22:03:51 PST,troy,Assignee,troy,pierre
1999-11-10 22:03:59 PST,troy,Status,ASSIGNED,NEW
2000-01-13 16:08:23 PST,ian,Keywords,css2,
2000-02-05 23:49:46 PST,michael.j.lowe,Summary,inherit on w/h on abs pos elements,{css2} inherit on w/h on abs pos elements
2000-04-05 13:14:45 PDT,troy,Target Milestone,M17,M15
2000-04-18 10:12:41 PDT,troy,Status,RESOLVED,ASSIGNED
2000-04-18 10:12:41 PDT,troy,Resolution,FIXED,---
2000-04-18 10:12:41 PDT,troy,Last Resolved,2000-04-18 10:12:41,1999-11-10 19:48:45
2000-07-14 15:21:26 PDT,chrispetersen,Status,VERIFIED,RESOLVED
