When, Who, What, Added, Removed
1999-08-02 16:27:09 PDT,trudelle,Assignee,evaughan,trudelle
1999-08-02 16:27:09 PDT,trudelle,Target Milestone,M11,
1999-08-23 17:58:43 PDT,eric,Assignee,slamm,evaughan
1999-09-20 15:00:18 PDT,slamm,Status,RESOLVED,NEW
1999-09-20 15:00:18 PDT,slamm,Resolution,FIXED,---
1999-09-20 15:00:18 PDT,slamm,Last Resolved,1999-09-20 15:00:18,
2000-01-20 19:02:39 PST,leger,Component,XP Toolkit/Widgets: XUL,XUL
2000-03-08 05:44:17 PST,ckritzer,QA Contact,jrgm,ckritzer
2008-07-31 02:46:57 PDT,timeless,Component,XUL,XP Toolkit/Widgets: XUL
2008-07-31 02:46:57 PDT,timeless,QA Contact,xptoolkit.widgets,jrgmorrison
