When, Who, What, Added, Removed
1998-10-14 22:25:02 PDT,kipp,Status,ASSIGNED,NEW
1998-10-16 18:06:42 PDT,kipp,Status,RESOLVED,ASSIGNED
1998-10-16 18:06:42 PDT,kipp,Resolution,FIXED,---
1998-10-16 18:06:42 PDT,kipp,Last Resolved,1998-10-16 18:06:42,
1998-10-23 14:07:41 PDT,dbaron,Status,REOPENED,RESOLVED
1998-10-23 14:08:17 PDT,dbaron,Resolution,---,FIXED
1998-11-23 14:30:42 PST,kipp,Status,ASSIGNED,REOPENED
1998-11-23 14:30:51 PST,kipp,Status,RESOLVED,ASSIGNED
1998-11-23 14:30:51 PST,kipp,Resolution,FIXED,---
1998-11-23 14:30:51 PST,kipp,Last Resolved,1998-11-23 14:30:51,1998-10-16 18:06:42
1998-11-24 11:34:33 PST,dbaron,Status,REOPENED,RESOLVED
1998-12-07 16:57:48 PST,kipp,Status,RESOLVED,REOPENED
1998-12-07 16:57:48 PST,kipp,Last Resolved,1998-12-07 16:57:48,1998-11-23 14:30:51
1999-02-08 12:33:07 PST,sujay,QA Contact,4110,
1999-02-09 14:13:44 PST,dbaron,Status,VERIFIED,RESOLVED
