When, Who, What, Added, Removed
1999-07-26 10:02:00 PDT,lchiang,Severity,critical,normal
1999-07-26 10:02:00 PDT,lchiang,QA Contact,esther,lchiang
1999-07-26 10:37:30 PDT,esther,Severity,blocker,critical
1999-07-26 11:13:19 PDT,lchiang,Target Milestone,M9,
1999-07-26 12:14:37 PDT,leger,Whiteboard,BLOCKER CONFIRMED,
1999-07-26 12:14:37 PDT,leger,Priority,P1,P3
1999-07-26 13:23:39 PDT,hangas,Status,ASSIGNED,NEW
1999-07-26 14:51:37 PDT,sspitzer,Severity,major,blocker
1999-07-26 15:08:32 PDT,lchiang,Whiteboard,,BLOCKER CONFIRMED
1999-08-06 10:01:39 PDT,hangas,Depends on,11388,
1999-08-06 10:01:39 PDT,hangas,Target Milestone,M10,M9
1999-08-12 09:34:20 PDT,sol,Whiteboard,[PR1],
1999-09-10 16:28:20 PDT,hangas,Status,RESOLVED,ASSIGNED
1999-09-10 16:28:20 PDT,hangas,Resolution,FIXED,---
1999-09-10 16:28:20 PDT,hangas,Last Resolved,1999-09-10 16:28:20,
1999-09-22 15:31:16 PDT,esther,Status,VERIFIED,RESOLVED
2004-11-22 17:25:08 PST,myk,Product,Seamonkey,Browser
