When, Who, What, Added, Removed
1999-07-26 09:35:30 PDT,troy,Assignee,kipp,troy
1999-08-08 09:33:08 PDT,kipp,Assignee,troy,kipp
1999-08-08 09:51:48 PDT,troy,Assignee,kipp,troy
1999-08-08 09:55:55 PDT,kipp,Status,ASSIGNED,NEW
1999-08-08 09:55:55 PDT,kipp,Target Milestone,M11,
1999-09-14 08:12:28 PDT,kipp,Target Milestone,M14,M11
1999-09-17 10:57:53 PDT,kipp,Summary,{feature} min/max-width and max-height not working for replaced elements,min/max-width and max-height not working for replaced elements
1999-09-17 10:57:53 PDT,kipp,Target Milestone,M17,M14
1999-09-30 18:58:41 PDT,christinehoff4,QA Contact,chrisd,petersen
1999-10-25 16:10:37 PDT,kipp,Last Resolved,1999-10-25 16:10:37,
1999-10-25 16:10:37 PDT,kipp,Status,RESOLVED,ASSIGNED
1999-10-25 16:10:37 PDT,kipp,Resolution,FIXED,---
1999-11-13 15:22:51 PST,dbaron,Status,VERIFIED,RESOLVED
