When, Who, What, Added, Removed
1999-10-01 22:32:53 PDT,michael.j.lowe,Assignee,pavlov,don
1999-11-04 15:05:47 PST,pavlov,Severity,critical,normal
1999-11-04 15:05:47 PST,pavlov,Assignee,blizzard,pavlov
1999-11-04 15:05:47 PST,pavlov,Target Milestone,M15,
1999-11-19 06:47:35 PST,leger,Component,Build Config,Browser-General
1999-11-19 06:47:35 PST,leger,QA Contact,granrose,leger
1999-11-30 08:40:46 PST,blizzard,Status,RESOLVED,NEW
1999-11-30 08:40:46 PST,blizzard,Resolution,WONTFIX,---
1999-11-30 08:40:46 PST,blizzard,Last Resolved,1999-11-30 08:40:46,
2000-01-06 13:16:43 PST,granrosebugs,Status,VERIFIED,RESOLVED
2000-01-26 13:41:17 PST,dmose,Status,REOPENED,VERIFIED
2000-01-26 13:41:17 PST,dmose,CC,dmose,
2000-01-27 07:16:40 PST,leger,Resolution,---,WONTFIX
2000-02-21 19:51:08 PST,tor,CC,tor,
2000-03-03 19:16:33 PST,blizzard,Status,RESOLVED,REOPENED
2000-03-03 19:16:33 PST,blizzard,Resolution,FIXED,---
2000-03-03 19:16:33 PST,blizzard,Last Resolved,2000-03-03 19:16:33,1999-11-30 08:40:46
2000-04-14 16:00:43 PDT,granrosebugs,Status,VERIFIED,RESOLVED
2000-04-17 11:12:24 PDT,blizzard,Status,NEW,VERIFIED
2000-04-17 11:12:24 PDT,blizzard,Assignee,blizzard,blizzard
2000-04-17 12:24:47 PDT,blizzard,Status,RESOLVED,NEW
2000-04-17 12:24:47 PDT,blizzard,Last Resolved,2000-04-17 12:24:47,2000-03-03 19:16:33
2000-04-17 12:25:28 PDT,blizzard,Status,VERIFIED,RESOLVED
2004-11-22 17:25:08 PST,myk,Product,Seamonkey,Browser
