When, Who, What, Added, Removed
1999-07-26 01:46:49 PDT,nisheeth_mozilla,Summary,Linux crash on startup,,Linux crash on startup,
1999-07-26 01:46:49 PDT,nisheeth_mozilla,Status,ASSIGNED,NEW
1999-07-26 10:30:52 PDT,nisheeth_mozilla,Status,RESOLVED,ASSIGNED
1999-07-26 10:30:52 PDT,nisheeth_mozilla,Resolution,FIXED,---
1999-07-26 10:30:52 PDT,nisheeth_mozilla,Last Resolved,1999-07-26 10:30:52,
1999-07-26 22:23:06 PDT,leger,Summary,[PP]Linux crash on startup,,Linux crash on startup,
1999-07-26 22:23:06 PDT,leger,Target Milestone,M9,
2000-04-25 05:56:46 PDT,leger,Keywords,crash,
2000-08-18 15:45:02 PDT,jcarpenter0524,Status,VERIFIED,RESOLVED
