When, Who, What, Added, Removed
1998-10-09 18:05:53 PDT,kipp,Status,ASSIGNED,NEW
1998-12-07 16:58:35 PST,kipp,Status,NEW,ASSIGNED
1998-12-07 16:58:35 PST,kipp,Assignee,peterl,kipp
1998-12-08 13:48:28 PST,peterl-retired,Status,ASSIGNED,NEW
1999-04-02 15:59:44 PST,peterl-retired,Target Milestone,M7,
1999-05-09 13:36:48 PDT,christinehoff4,QA Contact,4110,4144
1999-05-18 06:47:39 PDT,ian,Whiteboard,suggested fix included,
1999-05-18 06:47:39 PDT,ian,Summary,{css1} CSS list-style-position not supported,CSS list-style-position not supported
1999-05-18 06:47:39 PDT,ian,Severity,normal,enhancement
1999-08-05 10:56:07 PDT,peterl-retired,Target Milestone,M11,M10
1999-09-10 14:56:26 PDT,peterl-retired,Status,RESOLVED,ASSIGNED
1999-09-10 14:56:26 PDT,peterl-retired,Resolution,FIXED,---
1999-09-10 14:56:26 PDT,peterl-retired,Last Resolved,1999-09-10 14:56:26,
1999-09-10 15:51:49 PDT,dbaron,Status,REOPENED,RESOLVED
1999-09-10 16:33:27 PDT,peterl-retired,Last Resolved,1999-09-10 16:33:27,1999-09-10 14:56:26
1999-09-10 16:33:27 PDT,peterl-retired,Status,RESOLVED,REOPENED
1999-09-16 11:42:42 PDT,christinehoff4,Status,VERIFIED,RESOLVED
2000-01-13 15:58:17 PST,ian,Keywords,css1,
