When, Who, What, Added, Removed
1999-12-08 10:04:13 PST,elig,Component,HTMLTables,HTML Dialogs
1999-12-08 10:04:13 PST,elig,QA Contact,chrisd,
1999-12-08 12:42:00 PST,christinehoff4,Status,VERIFIED,RESOLVED
2000-12-25 17:42:17 PST,bugzilla,Status,REOPENED,VERIFIED
2000-12-25 17:43:20 PST,bugzilla,Status,RESOLVED,REOPENED
2000-12-25 17:43:20 PST,bugzilla,Resolution,FIXED,---
2000-12-25 17:43:20 PST,bugzilla,Last Resolved,2000-12-25 17:43:20,
2000-12-25 17:48:25 PST,bugzilla,Status,VERIFIED,RESOLVED
2009-02-16 08:18:13 PST,bzbarsky,Flags,in-testsuite+,
2015-02-19 22:15:56 PST,lhansen,Depends on,1134974,
2015-02-20 14:56:50 PST,lhansen,Depends on,,1134974
