When, Who, What, Added, Removed
1999-07-30 14:36:16 PDT,beard,Status,ASSIGNED,NEW
1999-08-31 22:35:07 PDT,beard,Target Milestone,M11,
1999-09-08 13:34:03 PDT,rods,Severity,blocker,normal
1999-09-14 13:59:52 PDT,alecf,Blocks,12069,
1999-09-20 08:17:39 PDT,rods,Summary,[blocker] Overlappng views with native windows clip each other,[blocker] Views do not clip scrollbars correctly
1999-09-20 13:28:14 PDT,nbaca,Blocks,14296,
1999-09-21 14:31:54 PDT,lchiang,Blocks,11091,
1999-10-13 10:20:10 PDT,rubydoo123,QA Contact,claudius,beppe
1999-10-21 15:54:39 PDT,lchiang,Summary,[DOGFOOD] [blocker] Overlappng views with native windows clip each other,[blocker] Overlappng views with native windows clip each other
1999-10-21 18:30:37 PDT,jar,Whiteboard,[PDT+],
1999-11-08 21:15:57 PST,chofmann,Status,RESOLVED,ASSIGNED
1999-11-08 21:15:57 PST,chofmann,Resolution,FIXED,---
1999-11-08 21:15:57 PST,chofmann,Last Resolved,1999-11-08 21:15:57,
1999-11-23 13:34:03 PST,cmaximus,Status,REOPENED,RESOLVED
1999-11-23 15:23:04 PST,leger,Resolution,---,FIXED
1999-11-23 15:33:59 PST,leger,Target Milestone,M12,M11
1999-11-23 17:54:49 PST,leger,Status,NEW,REOPENED
1999-11-23 17:54:49 PST,leger,Assignee,rods,beard
1999-11-29 11:10:46 PST,rods,Status,RESOLVED,NEW
1999-11-29 11:10:46 PST,rods,Resolution,FIXED,---
1999-11-29 11:10:46 PST,rods,Last Resolved,1999-11-29 11:10:46,1999-11-08 21:15:57
1999-11-29 15:09:29 PST,paulmac,Status,VERIFIED,RESOLVED
