When, Who, What, Added, Removed
1999-07-28 07:19:24 PDT,bugzilla,Status,ASSIGNED,NEW
1999-07-28 07:19:24 PDT,bugzilla,Target Milestone,M10,
1999-08-24 15:37:04 PDT,sol,Whiteboard,[PR1],
1999-08-31 17:50:43 PDT,bugzilla,Status,RESOLVED,ASSIGNED
1999-08-31 17:50:43 PDT,bugzilla,Resolution,FIXED,---
1999-08-31 17:50:43 PDT,bugzilla,Last Resolved,1999-08-31 17:50:43,
1999-10-06 16:28:16 PDT,laurel,Status,VERIFIED,RESOLVED
2004-11-22 17:26:45 PST,myk,Product,Core,MailNews
2008-07-31 04:30:00 PDT,nobody,Product,MailNews Core,Core
