When, Who, What, Added, Removed
1999-07-26 09:34:27 PDT,rhp,Status,ASSIGNED,NEW
1999-07-26 09:34:27 PDT,rhp,Target Milestone,M9,
1999-07-26 10:25:26 PDT,rhp,Status,NEW,ASSIGNED
1999-07-26 10:25:26 PDT,rhp,Assignee,akkana,rhp
1999-07-26 11:10:40 PDT,akkzilla,Status,RESOLVED,NEW
1999-07-26 11:10:40 PDT,akkzilla,Resolution,FIXED,---
1999-07-26 11:10:40 PDT,akkzilla,Last Resolved,1999-07-26 11:10:40,
1999-07-26 11:13:09 PDT,lchiang,Severity,blocker,normal
1999-08-17 10:16:55 PDT,lchiang,QA Contact,esther,lchiang
1999-08-17 14:48:58 PDT,esther,Status,VERIFIED,RESOLVED
2004-11-22 17:26:45 PST,myk,Product,Core,MailNews
2008-07-31 04:30:00 PDT,nobody,Product,MailNews Core,Core
