When, Who, What, Added, Removed
1999-07-26 13:28:04 PDT,hyatt,Status,RESOLVED,NEW
1999-07-26 13:28:04 PDT,hyatt,Resolution,FIXED,---
1999-07-26 13:28:04 PDT,hyatt,Last Resolved,1999-07-26 13:28:04,
1999-07-26 21:12:13 PDT,ckritzer,Whiteboard,Will check on 1999072709 build,
1999-07-30 18:09:43 PDT,ckritzer,Whiteboard,,Will check on 1999072709 build
1999-07-30 18:11:43 PDT,ckritzer,Status,REOPENED,RESOLVED
1999-08-02 17:35:25 PDT,leger,Resolution,---,FIXED
1999-08-04 18:46:11 PDT,hyatt,Last Resolved,1999-08-04 18:46:11,1999-07-26 13:28:04
1999-08-04 18:46:11 PDT,hyatt,Status,RESOLVED,ASSIGNED
1999-08-04 18:46:11 PDT,hyatt,Resolution,FIXED,---
1999-08-17 15:19:22 PDT,ckritzer,Status,VERIFIED,RESOLVED
2000-01-20 18:59:06 PST,leger,Component,XP Toolkit/Widgets: XUL,XUL
2008-07-31 02:46:58 PDT,timeless,Component,XUL,XP Toolkit/Widgets: XUL
2008-07-31 02:46:58 PDT,timeless,QA Contact,xptoolkit.widgets,ckritzer
