When, Who, What, Added, Removed
1999-08-03 21:04:31 PDT,dbaron,Component,Event Handling,Browser-General
1999-08-03 21:04:31 PDT,dbaron,Assignee,joki,don
1999-08-07 16:44:12 PDT,mats,Whiteboard,[TESTCASE],
1999-08-30 21:13:08 PDT,leger,QA Contact,janc,leger
1999-12-22 14:22:17 PST,joki,Target Milestone,M13,
2000-01-07 17:54:58 PST,dbaron,Summary,[EVENTTARG]Can't click on text to follow link, but can click on underline,Can't click on text to follow link, but can click on underline
2000-01-17 17:43:56 PST,ekrock,Summary,[EVENTTARG] Can't click on text to follow link, but can click on underline,[EVENTTARG]Can't click on text to follow link, but can click on underline
2000-01-17 17:43:56 PST,ekrock,Target Milestone,M16,M13
2000-01-18 07:21:03 PST,joki,Status,RESOLVED,NEW
2000-01-18 07:21:03 PST,joki,Resolution,FIXED,---
2000-01-18 07:21:03 PST,joki,Last Resolved,2000-01-18 07:21:03,
2000-03-21 11:24:03 PST,jcarpenter0524,Keywords,verifyme,
2000-06-23 16:20:08 PDT,asa,Status,VERIFIED,RESOLVED
