When, Who, What, Added, Removed
1999-07-26 14:43:09 PDT,rickg,Status,RESOLVED,NEW
1999-07-26 14:43:09 PDT,rickg,Resolution,FIXED,---
1999-07-26 14:43:09 PDT,rickg,Last Resolved,1999-07-26 14:43:09,
1999-08-16 19:55:47 PDT,jcarpenter0524,Hardware,All,PC
1999-08-16 19:55:47 PDT,jcarpenter0524,OS,All,Windows NT
1999-08-16 19:55:47 PDT,jcarpenter0524,Status,REOPENED,RESOLVED
1999-08-16 19:56:02 PDT,jcarpenter0524,Resolution,---,FIXED
1999-08-18 09:43:15 PDT,harishd,Status,NEW,REOPENED
1999-08-18 09:43:15 PDT,harishd,Assignee,harishd,rickg
1999-08-18 10:12:10 PDT,harishd,Target Milestone,M10,
1999-08-25 14:42:31 PDT,harishd,Status,RESOLVED,NEW
1999-08-25 14:42:31 PDT,harishd,Resolution,FIXED,---
1999-08-25 14:42:31 PDT,harishd,Last Resolved,1999-08-25 14:42:31,1999-07-26 14:43:09
1999-09-01 18:21:33 PDT,jcarpenter0524,Status,VERIFIED,RESOLVED
