When, Who, What, Added, Removed
1999-07-26 22:24:31 PDT,leger,Summary,[PP]Mailnews Integration Issue,Mailnews Integration Issue
1999-07-26 22:24:31 PDT,leger,Product,MailNews,Browser
1999-07-26 22:24:31 PDT,leger,Component,Back End,Browser-General
1999-07-26 22:24:31 PDT,leger,Assignee,phil,don
1999-07-26 22:24:31 PDT,leger,QA Contact,lchiang,leger
1999-07-27 09:57:11 PDT,mozilla,Assignee,dp,phil
1999-07-27 10:05:45 PDT,dp,Assignee,hyatt,dp
1999-07-27 11:56:59 PDT,hyatt,Assignee,don,hyatt
1999-09-07 14:37:52 PDT,don,Summary,[BETA][PP]Mailnews Integration Issue,[PP]Mailnews Integration Issue
1999-09-07 14:37:52 PDT,don,Severity,normal,minor
1999-09-07 14:37:52 PDT,don,Priority,P1,P3
1999-09-07 14:37:52 PDT,don,Target Milestone,M11,
1999-09-20 15:36:00 PDT,lchiang,Blocks,11091,
1999-11-03 09:04:21 PST,lchiang,Target Milestone,M12,M11
1999-12-21 17:07:01 PST,don,Target Milestone,M15,M13
1999-12-22 19:23:18 PST,don,Summary,[PP]Mailnews Integration Issue,[BETA][PP]Mailnews Integration Issue
2000-01-23 16:39:29 PST,michael.j.lowe,Keywords,pp,
2000-02-18 03:26:06 PST,michael.j.lowe,Summary,Mailnews Integration Issue,[PP]Mailnews Integration Issue
2000-03-19 16:30:07 PST,jgmyers,Summary,Mailnews in menus when component not installed,Mailnews Integration Issue
2000-04-04 19:55:29 PDT,selmer,Target Milestone,M16,M15
2000-05-03 12:36:33 PDT,verah,Target Milestone,M18,M16
2000-05-03 14:11:42 PDT,scottputterman,Assignee,putterman,don
2000-07-17 23:13:19 PDT,timeless,Keywords,4xp, b3mail, polish, ui,pp
2000-07-17 23:13:19 PDT,timeless,CC,timeless,
2000-07-18 18:17:51 PDT,selmer,Keywords,nsbeta3,
2000-07-18 18:19:32 PDT,selmer,Keywords,,b3mail
2000-07-27 15:45:10 PDT,scottputterman,Whiteboard,[nsbeta3-],
2000-08-06 23:01:45 PDT,scottputterman,Target Milestone,Future,M18
2000-11-16 16:43:24 PST,stephend,QA Contact,stephend,lchiang
2000-11-17 13:56:10 PST,timeless,Hardware,All,PC
2000-11-17 13:56:10 PST,timeless,OS,All,Linux
2000-11-17 13:56:10 PST,timeless,Component,Mail Window Front End,Mail Back End
2000-11-17 13:56:10 PST,timeless,Assignee,timeless,putterman
2000-11-17 13:56:10 PST,timeless,Target Milestone,mozilla1.0,Future
2000-11-17 13:56:10 PST,timeless,Keywords,helpwanted,nsbeta3
2001-05-22 01:09:48 PDT,benc,CC,watching,
2001-09-15 16:58:11 PDT,stephend,Status,RESOLVED,NEW
2001-09-15 16:58:11 PDT,stephend,Resolution,FIXED,---
2001-09-15 16:58:11 PDT,stephend,Last Resolved,2001-09-15 16:58:11,
2001-09-23 19:55:35 PDT,stephend,Status,VERIFIED,RESOLVED
2004-11-22 17:25:08 PST,myk,Product,Seamonkey,Browser
