When, Who, What, Added, Removed
1999-07-26 14:37:38 PDT,cpratt,Summary,[PP] Printing crashes Apprunner,Printing crashes Apprunner
1999-07-26 14:39:09 PDT,cpratt,Summary,Printing crashes Apprunner,[PP] Printing crashes Apprunner
1999-07-26 14:39:09 PDT,cpratt,OS,Linux,Windows NT
1999-07-26 15:19:02 PDT,dcone,Status,ASSIGNED,NEW
1999-07-26 15:25:57 PDT,cpratt,Summary,Printing frames crashes Apprunner,Printing crashes Apprunner
1999-08-03 15:58:23 PDT,leger,Hardware,All,PC
1999-08-04 13:45:12 PDT,chofmann,Blocks,11275,
1999-08-10 19:55:01 PDT,sspitzer,Blocks,10895,
1999-08-18 14:06:21 PDT,dcone,Status,RESOLVED,ASSIGNED
1999-08-18 14:06:21 PDT,dcone,Resolution,FIXED,---
1999-08-18 14:06:21 PDT,dcone,Last Resolved,1999-08-18 14:06:21,
1999-08-19 13:53:41 PDT,chrispetersen,Status,VERIFIED,RESOLVED
