When, Who, What, Added, Removed
1998-10-14 22:25:06 PDT,kipp,Status,ASSIGNED,NEW
1998-12-07 16:59:51 PST,kipp,Status,NEW,ASSIGNED
1998-12-07 16:59:51 PST,kipp,Assignee,peterl,kipp
1999-04-02 15:38:46 PST,peterl-retired,Assignee,michaelp,peterl
1999-04-02 15:38:46 PST,peterl-retired,Target Milestone,M5,M4
1999-04-07 13:33:08 PDT,michaelp,Assignee,kmcclusk,michaelp
1999-04-09 14:39:45 PDT,kmcclusk,Status,RESOLVED,NEW
1999-04-09 14:39:45 PDT,kmcclusk,Resolution,FIXED,---
1999-04-09 14:39:45 PDT,kmcclusk,Last Resolved,1999-04-09 14:39:45,
1999-04-12 15:54:52 PDT,dbaron,Status,VERIFIED,RESOLVED
