When, Who, What, Added, Removed
1999-07-26 14:55:08 PDT,samir_bugzilla,Priority,P2,P3
1999-07-26 21:30:13 PDT,leger,Summary,[PP]RFE: Need standalone version of Un-AppleSingle routines,RFE: Need standalone version of Un-AppleSingle routines
1999-07-30 16:11:00 PDT,samir_bugzilla,Assignee,sgehani,dougt
1999-07-31 02:19:14 PDT,samir_bugzilla,Status,RESOLVED,NEW
1999-07-31 02:19:14 PDT,samir_bugzilla,Resolution,FIXED,---
1999-07-31 02:19:14 PDT,samir_bugzilla,Last Resolved,1999-07-31 02:19:14,
1999-08-02 14:50:04 PDT,jimmykenlee,Status,VERIFIED,RESOLVED
