When, Who, What, Added, Removed
1999-07-26 13:51:18 PDT,terry,Status,RESOLVED,NEW
1999-07-26 13:51:18 PDT,terry,Resolution,FIXED,---
1999-07-26 13:51:18 PDT,terry,Last Resolved,1999-07-26 13:51:18,
2001-03-06 22:32:23 PST,justdave,Status,VERIFIED,RESOLVED
2001-09-03 00:28:59 PDT,justdave,Product,Bugzilla,Webtools
2001-09-03 00:28:59 PDT,justdave,Version,unspecified,other
2001-09-03 00:28:59 PDT,justdave,Component,Bugzilla-General,Bugzilla
2001-09-03 00:28:59 PDT,justdave,QA Contact,matty,
2001-09-03 00:28:59 PDT,justdave,Target Milestone,Bugzilla old,---
2012-12-18 20:46:20 PST,nobody,QA Contact,default-qa,matty_is_a_geek
