When, Who, What, Added, Removed
1999-07-27 17:47:32 PDT,dveditz,Summary,If Communicator 4.x is open XPInstall doesn't update registry,If Communication is open, you can not successfully install software
1999-08-02 12:04:01 PDT,cathleennscp,Severity,blocker,critical
1999-08-02 12:04:01 PDT,cathleennscp,Priority,P1,P3
1999-08-02 12:04:01 PDT,cathleennscp,Target Milestone,M9,
1999-08-03 12:18:04 PDT,cathleennscp,Severity,critical,blocker
1999-08-03 18:07:52 PDT,cathleennscp,Blocks,11020,
1999-08-03 18:55:40 PDT,cathleennscp,Summary,[feature] If Communicator 4.x is open XPInstall doesn't update registry,If Communicator 4.x is open XPInstall doesn't update registry
1999-08-09 15:26:04 PDT,cathleennscp,Target Milestone,M10,M9
1999-08-30 13:40:53 PDT,cathleennscp,Blocks,12805,
1999-08-31 19:44:44 PDT,dveditz,Target Milestone,M14,M10
1999-09-22 11:35:30 PDT,dveditz,Summary,[feature] Need a new version registry for mozilla,[feature] If Communicator 4.x is open XPInstall doesn't update registry
2000-02-01 13:43:02 PST,cathleennscp,Keywords,beta1,
2000-02-04 04:59:03 PST,leger,Whiteboard,[NEED INFO,
2000-02-04 07:17:57 PST,leger,Whiteboard,[NEED INFO],[NEED INFO
2000-02-08 19:38:38 PST,cathleennscp,Whiteboard,,[NEED INFO]
2000-02-08 23:12:04 PST,jar,Whiteboard,[NEED INFO],
2000-02-08 23:50:07 PST,dveditz,Whiteboard,,[NEED INFO]
2000-02-09 17:08:30 PST,leger,Whiteboard,[PDT+],
2000-02-11 08:25:35 PST,dveditz,Status,ASSIGNED,NEW
2000-02-11 16:22:44 PST,dveditz,Whiteboard,[PDT+] 2/15,[PDT+]
2000-02-14 17:32:18 PST,dveditz,Status,RESOLVED,ASSIGNED
2000-02-14 17:32:18 PST,dveditz,Resolution,FIXED,---
2000-02-14 17:32:18 PST,dveditz,Last Resolved,2000-02-14 17:32:18,
2000-02-15 14:41:21 PST,jimmykenlee,Status,VERIFIED,RESOLVED
