When, Who, What, Added, Removed
1999-07-26 16:22:11 PDT,pollmann,Status,ASSIGNED,NEW
1999-07-26 16:22:25 PDT,pollmann,Target Milestone,M9,
1999-07-27 11:39:26 PDT,pollmann,Status,RESOLVED,ASSIGNED
1999-07-27 11:39:26 PDT,pollmann,Resolution,FIXED,---
1999-07-27 11:39:26 PDT,pollmann,Last Resolved,1999-07-27 11:39:26,
1999-07-30 17:12:08 PDT,Crysgem,URL,http://www.mozillazine.org/talkback.html?article=698,
1999-07-30 17:12:08 PDT,Crysgem,Status,REOPENED,RESOLVED
1999-07-30 17:28:10 PDT,leger,Resolution,---,FIXED
1999-08-02 16:13:44 PDT,pollmann,Status,ASSIGNED,REOPENED
1999-08-02 17:34:38 PDT,pollmann,URL,http://bugzilla.mozilla.org/show_bug.cgi?id=10538,http://www.mozillazine.org/talkback.html?article=698
1999-08-02 17:34:38 PDT,pollmann,Summary,Document not reflowing after form submission.,Lots of forms aren't submitting due to some recent change.
1999-08-02 17:34:38 PDT,pollmann,Status,RESOLVED,ASSIGNED
1999-08-02 17:34:38 PDT,pollmann,Resolution,FIXED,---
1999-08-02 17:34:38 PDT,pollmann,Last Resolved,1999-08-02 17:34:38,1999-07-27 11:39:26
1999-08-14 13:47:50 PDT,cpratt,Status,VERIFIED,RESOLVED
