When, Who, What, Added, Removed
1998-10-09 18:36:01 PDT,kipp,Status,ASSIGNED,NEW
1998-10-30 09:23:32 PST,peterl-retired,Status,RESOLVED,ASSIGNED
1998-10-30 09:23:32 PST,peterl-retired,Resolution,FIXED,---
1998-10-30 09:23:32 PST,peterl-retired,Last Resolved,1998-10-30 09:23:32,
1998-12-04 16:08:00 PST,glynn,Status,REOPENED,RESOLVED
1998-12-04 18:02:09 PST,glynn,Status,RESOLVED,REOPENED
1998-12-04 18:02:09 PST,glynn,Last Resolved,1998-12-04 18:02:09,1998-10-30 09:23:32
1998-12-04 18:02:20 PST,glynn,Status,VERIFIED,RESOLVED
