When, Who, What, Added, Removed
1999-07-27 17:56:22 PDT,dveditz,Assignee,sgehani,dveditz
1999-07-27 17:56:22 PDT,dveditz,Target Milestone,M9,
1999-07-27 17:56:22 PDT,dveditz,Priority,P1,P3
1999-08-15 13:35:51 PDT,samir_bugzilla,Status,ASSIGNED,NEW
1999-08-16 16:14:00 PDT,samir_bugzilla,Depends on,9148,
1999-08-16 16:14:00 PDT,samir_bugzilla,Target Milestone,M12,M10
2000-01-04 16:30:33 PST,jimmykenlee,Status,REOPENED,RESOLVED
2000-01-04 18:39:51 PST,samir_bugzilla,Status,ASSIGNED,REOPENED
2000-01-04 18:39:51 PST,samir_bugzilla,Target Milestone,M14,M12
2000-01-04 18:47:14 PST,samir_bugzilla,Resolution,---,FIXED
2000-01-19 19:11:11 PST,samir_bugzilla,Status,RESOLVED,ASSIGNED
2000-01-19 19:11:11 PST,samir_bugzilla,Resolution,FIXED,---
2000-01-19 19:11:11 PST,samir_bugzilla,Last Resolved,2000-01-19 19:11:11,
2000-01-24 11:53:42 PST,jimmykenlee,Status,VERIFIED,RESOLVED
