When, Who, What, Added, Removed
1998-10-09 18:36:28 PDT,kipp,Assignee,michaelp,kipp
1999-04-07 16:46:53 PDT,michaelp,Status,NEW,ASSIGNED
1999-04-07 16:46:53 PDT,michaelp,Assignee,kmcclusk,michaelp
1999-04-07 16:46:53 PDT,michaelp,Target Milestone,M5,M4
1999-04-09 15:49:01 PDT,kmcclusk,Status,ASSIGNED,NEW
1999-04-09 15:49:01 PDT,kmcclusk,Target Milestone,M7,M5
1999-04-14 12:40:41 PDT,kmcclusk,Assignee,peterl,kmcclusk
1999-04-14 12:40:41 PDT,kmcclusk,Status,NEW,ASSIGNED
1999-04-14 14:35:18 PDT,peterl-retired,Assignee,dcone,peterl
1999-04-21 06:41:10 PDT,dcone,Status,ASSIGNED,NEW
1999-05-27 07:14:53 PDT,dcone,Target Milestone,M8,M7
1999-06-09 13:45:09 PDT,dcone,Component,Style System,Layout
1999-06-09 13:54:17 PDT,chrispetersen,QA Contact,chrisd,petersen
1999-06-16 20:07:14 PDT,ian,Summary,{css1} Dashed and dotted borders have ugly corners,Dashed and dotted borders have ugly corners
1999-06-30 11:47:45 PDT,dcone,Target Milestone,M13,M8
1999-10-26 08:04:10 PDT,dcone,Status,RESOLVED,ASSIGNED
1999-10-26 08:04:10 PDT,dcone,Resolution,FIXED,---
1999-10-26 08:04:10 PDT,dcone,Last Resolved,1999-10-26 08:04:10,
1999-11-16 12:41:37 PST,christinehoff4,Status,VERIFIED,RESOLVED
2000-01-13 15:59:06 PST,ian,Keywords,css1,
