When, Who, What, Added, Removed
1999-07-27 16:33:58 PDT,waterson,Status,ASSIGNED,NEW
1999-07-27 16:33:58 PDT,waterson,Target Milestone,M10,
1999-08-06 16:19:21 PDT,waterson,Blocks,11413,
2000-01-20 19:01:15 PST,leger,Component,XP Toolkit/Widgets: XUL,XUL
2000-03-29 12:15:23 PST,waterson,Target Milestone,M20,M15
2000-04-10 23:10:43 PDT,paulmac,QA Contact,jrgm,paulmac
2000-06-09 09:23:36 PDT,waterson,Keywords,helpwanted,
2000-06-09 09:23:36 PDT,waterson,Target Milestone,Future,M20
2002-02-08 09:03:23 PST,fabian,Depends on,124412,
2002-12-14 03:10:14 PST,nrm,CC,nrm,
2003-05-21 08:07:19 PDT,ajvincent,CC,ajvincent,
2004-05-27 19:33:21 PDT,bzbarsky,Status,RESOLVED,ASSIGNED
2004-05-27 19:33:21 PDT,bzbarsky,Resolution,FIXED,---
2004-05-27 19:33:21 PDT,bzbarsky,Last Resolved,2004-05-27 19:33:21,
2008-07-31 02:46:59 PDT,timeless,Component,XUL,XP Toolkit/Widgets: XUL
2008-07-31 02:46:59 PDT,timeless,QA Contact,xptoolkit.widgets,jrgmorrison
