When, Who, What, Added, Removed
1999-07-26 17:09:21 PDT,mscott,Assignee,putterman,mscott
1999-07-27 22:27:06 PDT,scottputterman,Hardware,All,PC
1999-07-27 22:27:06 PDT,scottputterman,OS,All,Windows NT
1999-07-27 22:43:51 PDT,scottputterman,Target Milestone,M10,
1999-08-08 09:21:35 PDT,scottputterman,Status,ASSIGNED,NEW
1999-08-24 15:15:22 PDT,scottputterman,Status,RESOLVED,ASSIGNED
1999-08-24 15:15:22 PDT,scottputterman,Resolution,FIXED,---
1999-08-24 15:15:22 PDT,scottputterman,Last Resolved,1999-08-24 15:15:22,
1999-08-31 10:45:40 PDT,bsharma,Status,VERIFIED,RESOLVED
1999-09-13 12:25:01 PDT,leger,Resolution,---,FIXED
1999-09-15 17:41:08 PDT,lchiang,Target Milestone,,M10
1999-09-16 10:55:08 PDT,phil,Target Milestone,M11,
1999-09-16 18:08:23 PDT,scottputterman,Status,RESOLVED,REOPENED
1999-09-16 18:08:23 PDT,scottputterman,Resolution,FIXED,---
1999-09-16 18:08:23 PDT,scottputterman,Last Resolved,1999-09-16 18:08:23,1999-08-24 15:15:22
1999-11-11 17:51:19 PST,lchiang,Status,VERIFIED,RESOLVED
2004-11-22 17:26:45 PST,myk,Product,Core,MailNews
2008-07-31 04:30:00 PDT,nobody,Product,MailNews Core,Core
