When, Who, What, Added, Removed
1999-08-04 20:07:21 PDT,jud,Status,RESOLVED,NEW
1999-08-04 20:07:21 PDT,jud,Resolution,FIXED,---
1999-08-04 20:07:21 PDT,jud,Last Resolved,1999-08-04 20:07:21,
1999-11-18 14:30:05 PST,ben.bucksch,Status,REOPENED,RESOLVED
1999-11-18 15:21:06 PST,ben.bucksch,Resolution,---,FIXED
1999-11-19 06:50:20 PST,leger,Component,Necko,Browser-General
1999-11-19 06:50:20 PST,leger,QA Contact,tever,leger
1999-11-19 10:12:49 PST,warrensomebody,Status,RESOLVED,REOPENED
1999-11-19 10:12:49 PST,warrensomebody,Resolution,FIXED,---
1999-11-19 10:12:49 PST,warrensomebody,Last Resolved,1999-11-19 10:12:49,1999-08-04 20:07:21
2000-05-10 15:42:56 PDT,tever,Status,VERIFIED,RESOLVED
