When, Who, What, Added, Removed
1998-10-09 18:36:53 PDT,kipp,Status,ASSIGNED,NEW
1999-03-20 14:28:03 PST,kipp,Status,NEW,ASSIGNED
1999-03-20 14:28:03 PST,kipp,Component,HTMLTables,Layout
1999-03-20 14:28:03 PST,kipp,Assignee,karnaze,kipp
1999-03-22 17:18:03 PST,karnaze,Status,ASSIGNED,NEW
1999-05-20 15:35:35 PDT,dbaron,Summary,{css1}BORDER attribute incorrectly overriding CSS rules,Thin top/bottom borders are thinner inside tables
1999-05-21 15:26:43 PDT,ian,Summary,{css1} BORDER attribute incorrectly overriding CSS rules,{css1}BORDER attribute incorrectly overriding CSS rules
1999-05-21 17:39:05 PDT,christinehoff4,QA Contact,4110,4144
1999-06-25 16:27:44 PDT,ian,Blocks,1163,
1999-06-27 11:44:58 PDT,ekrock,Whiteboard,[TESTCASE],
1999-07-26 18:33:11 PDT,karnaze,Target Milestone,M10,M9
1999-09-01 19:44:03 PDT,karnaze,Status,RESOLVED,ASSIGNED
1999-09-01 19:44:03 PDT,karnaze,Resolution,FIXED,---
1999-09-01 19:44:03 PDT,karnaze,Last Resolved,1999-09-01 19:44:03,
1999-09-10 09:48:58 PDT,dbaron,Status,VERIFIED,RESOLVED
2000-01-13 15:59:07 PST,ian,Keywords,css1,
