When, Who, What, Added, Removed
1999-08-13 14:12:16 PDT,don,Component,Necko,Browser-General
1999-08-13 14:12:16 PDT,don,Assignee,gagan,don
1999-08-16 15:07:21 PDT,warrensomebody,Assignee,valeski,gagan
1999-08-16 15:07:21 PDT,warrensomebody,Target Milestone,M10,
1999-08-30 16:46:12 PDT,warrensomebody,Blocks,12834,
1999-08-31 16:15:56 PDT,warrensomebody,Blocks,,12834
1999-08-31 20:45:25 PDT,leger,QA Contact,paulmac,leger
1999-09-21 08:29:28 PDT,jud,Target Milestone,M14,M10
1999-11-09 21:02:37 PST,warrensomebody,Blocks,12834,
1999-12-09 14:44:43 PST,mcafee,Summary,FTP time/date data incorrect,FTP time data incorrect
1999-12-09 14:44:43 PST,mcafee,Hardware,All,PC
1999-12-09 14:44:43 PST,mcafee,OS,All,Windows 98
2000-01-26 09:02:45 PST,jud,Keywords,beta1,
2000-01-28 18:02:38 PST,leger,Whiteboard,[PDT+],
2000-02-09 00:06:05 PST,jud,Status,RESOLVED,NEW
2000-02-09 00:06:05 PST,jud,Resolution,FIXED,---
2000-02-09 00:06:05 PST,jud,Last Resolved,2000-02-09 00:06:05,
2000-02-10 16:14:24 PST,paulmac,Status,VERIFIED,RESOLVED
2011-08-05 22:28:00 PDT,asa,CC,,asa
