When, Who, What, Added, Removed
1999-08-04 10:58:53 PDT,eric,Status,ASSIGNED,NEW
1999-08-05 18:22:33 PDT,eric,Target Milestone,M10,
1999-09-09 17:25:30 PDT,eric,Status,RESOLVED,ASSIGNED
1999-09-09 17:25:30 PDT,eric,Resolution,FIXED,---
1999-09-09 17:25:30 PDT,eric,Last Resolved,1999-09-09 17:25:30,
1999-09-20 14:14:43 PDT,ckritzer,QA Contact,hyatt,ckritzer
1999-11-29 15:09:08 PST,ckritzer,QA Contact,ckritzer,hyatt
2000-01-20 19:01:57 PST,leger,Component,XP Toolkit/Widgets: XUL,XUL
2000-03-08 05:43:47 PST,ckritzer,QA Contact,jrgm,ckritzer
2008-07-31 02:47:00 PDT,timeless,Component,XUL,XP Toolkit/Widgets: XUL
2008-07-31 02:47:00 PDT,timeless,QA Contact,xptoolkit.widgets,jrgmorrison
