When, Who, What, Added, Removed
1999-07-26 22:51:39 PDT,tague,Severity,blocker,normal
1999-07-26 22:51:39 PDT,tague,Target Milestone,M9,
1999-08-05 09:24:48 PDT,chofmann,Assignee,tague,locka
1999-08-07 19:12:32 PDT,tague,Status,RESOLVED,NEW
1999-08-07 19:12:32 PDT,tague,Resolution,FIXED,---
1999-08-07 19:12:32 PDT,tague,Last Resolved,1999-08-07 19:12:32,
1999-08-08 16:46:57 PDT,kberk.spamaway,Blocks,9167,
1999-08-14 13:35:04 PDT,cpratt,Status,VERIFIED,RESOLVED
2012-04-04 01:09:47 PDT,nobody,Product,Core Graveyard,Core
2012-04-04 01:09:47 PDT,nobody,Component,Embedding: ActiveX Wrapper,Embedding: ActiveX Wrapper
