When, Who, What, Added, Removed
1999-09-07 18:53:05 PDT,bruce,Depends on,13283,
1999-09-21 17:37:14 PDT,chofmann,Summary,MLK:  2380 bytes leaked,MLK:
1999-09-28 23:00:36 PDT,chofmann,Blocks,14516,
2000-01-23 16:50:33 PST,michael.j.lowe,Keywords,mlk,
2000-02-21 14:02:43 PST,pierre,Status,NEW,ASSIGNED
2000-02-21 14:02:43 PST,pierre,Assignee,attinasi,pierre
2000-02-24 09:51:45 PST,attinasi,Status,ASSIGNED,NEW
2000-02-24 15:40:19 PST,attinasi,Resolution,FIXED,---
2000-02-24 15:40:19 PST,attinasi,Last Resolved,2000-02-24 15:40:19,
2000-02-24 15:40:19 PST,attinasi,Status,RESOLVED,ASSIGNED
2000-02-25 18:31:47 PST,christinehoff4,Keywords,verifyme,
2000-04-24 11:29:36 PDT,christinehoff4,Whiteboard,4/24: verification by reporter/assigned engineer requested.,
2000-07-07 17:42:19 PDT,attinasi,Status,VERIFIED,RESOLVED
2008-10-22 01:22:52 PDT,bugzilla,Keywords,,verifyme
