When, Who, What, Added, Removed
1999-07-27 07:25:42 PDT,karnaze,Status,ASSIGNED,NEW
1999-07-27 07:25:42 PDT,karnaze,Target Milestone,M10,
1999-08-06 07:13:46 PDT,klein_sh,Whiteboard,[TESTCASE] klein_sh@inter.net.il,
1999-09-06 10:36:57 PDT,mats,Hardware,All,Macintosh
1999-09-06 10:36:57 PDT,mats,OS,All,Mac System 8.6
1999-11-07 20:26:53 PST,karnaze,Status,RESOLVED,ASSIGNED
1999-11-07 20:26:53 PST,karnaze,Resolution,FIXED,---
1999-11-07 20:26:53 PST,karnaze,Last Resolved,1999-11-07 20:26:53,
1999-11-16 16:25:21 PST,christinehoff4,Status,VERIFIED,RESOLVED
