When, Who, What, Added, Removed
1999-07-27 02:07:08 PDT,warrensomebody,Status,ASSIGNED,NEW
1999-08-02 14:46:51 PDT,warrensomebody,Target Milestone,M9,
1999-08-02 20:33:12 PDT,warrensomebody,Status,NEW,ASSIGNED
1999-08-02 20:33:12 PDT,warrensomebody,Component,Layout,Necko
1999-08-02 20:33:12 PDT,warrensomebody,Assignee,rickg,warren
1999-08-02 20:33:12 PDT,warrensomebody,Summary,low-memory crash [was: necko 0726 crashes trying to load any verification test],necko 0726 crashes trying to load any verification test
1999-08-06 02:16:44 PDT,rickg,Status,ASSIGNED,NEW
1999-08-06 02:16:44 PDT,rickg,Target Milestone,M11,M9
1999-09-29 23:13:05 PDT,rickg,Status,NEW,ASSIGNED
1999-09-29 23:13:05 PDT,rickg,Assignee,nisheeth,rickg
1999-10-20 22:19:22 PDT,jar,Blocks,16950,
1999-10-27 13:27:20 PDT,nisheeth_mozilla,Status,ASSIGNED,NEW
1999-10-27 15:45:19 PDT,nisheeth_mozilla,Status,RESOLVED,ASSIGNED
1999-10-27 15:45:19 PDT,nisheeth_mozilla,Resolution,FIXED,---
1999-10-27 15:45:19 PDT,nisheeth_mozilla,Last Resolved,1999-10-27 15:45:19,
1999-10-31 00:18:56 PDT,paulmac,Status,VERIFIED,RESOLVED
