When, Who, What, Added, Removed
1999-07-26 22:16:29 PDT,dp,Status,ASSIGNED,NEW
1999-07-26 22:16:29 PDT,dp,Target Milestone,M11,
1999-09-03 10:47:55 PDT,edburns,Status,NEW,ASSIGNED
1999-09-10 17:13:59 PDT,dp,Assignee,edburns,dp
1999-09-10 17:13:59 PDT,dp,Target Milestone,M15,M11
1999-09-14 13:53:21 PDT,edburns,Assignee,dp,edburns
1999-10-03 07:56:11 PDT,dp,Status,RESOLVED,NEW
1999-10-03 07:56:11 PDT,dp,Resolution,FIXED,---
1999-10-03 07:56:11 PDT,dp,Last Resolved,1999-10-03 07:56:11,
1999-10-04 16:18:19 PDT,edburns,Depends on,14891, 15132,
1999-10-07 17:43:54 PDT,edburns,Blocks,15793,
2008-07-31 02:39:27 PDT,timeless,Component,XPCOM,XPCOM Registry
2008-07-31 02:39:27 PDT,timeless,QA Contact,xpcom,dp
