When, Who, What, Added, Removed
1999-07-27 02:24:11 PDT,mike+mozilla,Assignee,rogerl,mccabe
1999-08-04 15:10:21 PDT,rogerl,Status,ASSIGNED,NEW
1999-09-24 15:23:39 PDT,rogerl,Status,NEW,ASSIGNED
1999-09-24 15:23:39 PDT,rogerl,Component,Event Handling,Javascript Engine
1999-09-24 15:23:39 PDT,rogerl,Assignee,joki,rogerl
1999-12-22 14:14:43 PST,joki,Target Milestone,M14,
2000-01-17 18:34:12 PST,ekrock,Summary,[4.xP] onerror function doesn't work like it does for 4.x,onerror function doesn't work like it does for 4.x
2000-01-17 18:34:12 PST,ekrock,Target Milestone,M16,M14
2000-01-28 10:49:39 PST,leger,Keywords,4xp,
2000-02-03 18:24:34 PST,leger,QA Contact,janc,cbegle
2000-02-05 20:22:20 PST,michael.j.lowe,Summary,onerror function doesn't work like it does for 4.x,[4.xP] onerror function doesn't work like it does for 4.x
2000-04-23 23:50:55 PDT,joki,Status,RESOLVED,NEW
2000-04-23 23:50:55 PDT,joki,Resolution,FIXED,---
2000-04-23 23:50:55 PDT,joki,Last Resolved,2000-04-23 23:50:55,
2000-07-27 14:32:54 PDT,ckritzer,QA Contact,ckritzer,janc
2000-09-25 12:42:29 PDT,bugzillaabuse,QA Contact,lorca,ckritzer
2001-01-29 10:26:25 PST,ian,QA Contact,gerardok,lorca
2001-06-15 15:18:47 PDT,madhur,QA Contact,madhur,gerardok
2001-07-31 12:57:41 PDT,luis,Status,VERIFIED,RESOLVED
