When, Who, What, Added, Removed
1999-07-28 13:04:22 PDT,dbaron,URL,http://www.fas.harvard.edu/~dbaron/tmp/ns/M8/stock-ticker.xul,http://www.fas.harvard.edu/~dbaron/tmp/ns/stock-ticker.xul
1999-08-02 17:37:23 PDT,trudelle,Assignee,evaughan,trudelle
1999-08-05 18:24:25 PDT,eric,Target Milestone,M10,
1999-09-09 17:26:15 PDT,eric,Status,ASSIGNED,NEW
1999-09-09 17:26:15 PDT,eric,Target Milestone,M11,M10
1999-09-21 21:32:01 PDT,eric,Resolution,FIXED,---
1999-09-21 21:32:01 PDT,eric,Last Resolved,1999-09-21 21:32:01,
1999-09-21 21:32:01 PDT,eric,Status,RESOLVED,ASSIGNED
1999-10-28 08:42:35 PDT,ckritzer,Status,VERIFIED,RESOLVED
2000-01-20 19:03:15 PST,leger,Component,XP Toolkit/Widgets: XUL,XUL
2008-07-31 02:47:02 PDT,timeless,Component,XUL,XP Toolkit/Widgets: XUL
2008-07-31 02:47:02 PDT,timeless,QA Contact,xptoolkit.widgets,ckritzer
