When, Who, What, Added, Removed
1999-07-29 00:05:39 PDT,rickg,Status,ASSIGNED,NEW
1999-08-24 12:30:35 PDT,rickg,Status,NEW,ASSIGNED
1999-08-24 12:30:35 PDT,rickg,Assignee,kipp,rickg
1999-08-26 14:59:51 PDT,kipp,Status,ASSIGNED,NEW
1999-08-26 14:59:51 PDT,kipp,Priority,P1,P3
1999-08-26 14:59:51 PDT,kipp,Target Milestone,M10,
1999-08-27 15:05:00 PDT,kipp,Status,RESOLVED,ASSIGNED
1999-08-27 15:05:00 PDT,kipp,Resolution,FIXED,---
1999-08-27 15:05:00 PDT,kipp,Last Resolved,1999-08-27 15:05:00,
1999-09-01 18:31:43 PDT,jcarpenter0524,Whiteboard,[19990901] Bruce, is this fixed for you?,
1999-09-02 10:13:50 PDT,jcarpenter0524,QA Contact,bruce,janc
2000-03-06 11:50:28 PST,buster,Status,NEW,RESOLVED
2000-03-06 11:50:28 PST,buster,Assignee,buster,kipp
2000-03-06 18:16:58 PST,buster,Status,RESOLVED,NEW
2000-03-06 18:16:58 PST,buster,Last Resolved,2000-03-06 18:16:58,1999-08-27 15:05:00
2000-03-06 18:17:26 PST,buster,Status,VERIFIED,RESOLVED
