When, Who, What, Added, Removed
1999-12-22 14:15:00 PST,joki,Target Milestone,M13,
2000-01-14 17:59:58 PST,joki,Target Milestone,M14,M13
2000-01-17 18:34:43 PST,ekrock,Target Milestone,M16,M14
2000-05-05 07:49:08 PDT,joki,Status,RESOLVED,NEW
2000-05-05 07:49:08 PDT,joki,Resolution,FIXED,---
2000-05-05 07:49:08 PDT,joki,Last Resolved,2000-05-05 07:49:08,
2000-07-27 14:33:06 PDT,ckritzer,QA Contact,ckritzer,janc
2000-09-25 12:42:46 PDT,bugzillaabuse,QA Contact,lorca,ckritzer
2001-01-29 10:26:35 PST,ian,QA Contact,gerardok,lorca
2001-06-15 15:18:49 PDT,madhur,QA Contact,madhur,gerardok
2001-07-31 13:01:39 PDT,luis,Status,VERIFIED,RESOLVED
