When, Who, What, Added, Removed
1999-08-04 10:59:22 PDT,eric,Status,RESOLVED,NEW
1999-08-04 10:59:22 PDT,eric,Resolution,FIXED,---
1999-08-04 10:59:22 PDT,eric,Last Resolved,1999-08-04 10:59:22,
1999-08-24 20:40:00 PDT,ckritzer,Whiteboard,Back to reporter for verification...,
1999-09-20 14:06:07 PDT,ckritzer,QA Contact,bruce,ckritzer
1999-11-29 14:38:32 PST,ckritzer,QA Contact,ckritzer,bruce
2000-01-20 19:03:09 PST,leger,Component,XP Toolkit/Widgets: XUL,XUL
2000-03-08 05:43:40 PST,ckritzer,QA Contact,jrgm,ckritzer
2008-07-31 02:47:01 PDT,timeless,Component,XUL,XP Toolkit/Widgets: XUL
2008-07-31 02:47:01 PDT,timeless,QA Contact,xptoolkit.widgets,jrgmorrison
