When, Who, What, Added, Removed
1999-07-27 10:22:54 PDT,paulmac,Component,Pref UI,Necko
1999-07-27 10:22:54 PDT,paulmac,Assignee,matt,gagan
1999-07-27 10:22:54 PDT,paulmac,QA Contact,cpratt,paulmac
1999-08-02 14:43:58 PDT,don,Priority,P1,P3
1999-08-02 14:43:58 PDT,don,Target Milestone,M9,
1999-08-02 15:05:15 PDT,matt,Last Resolved,1999-08-02 15:05:15,
1999-08-02 15:05:15 PDT,matt,Status,RESOLVED,NEW
1999-08-02 15:05:15 PDT,matt,Resolution,FIXED,---
1999-08-14 13:03:48 PDT,cpratt,Status,VERIFIED,RESOLVED
2000-02-14 08:44:24 PST,leger,Component,Preferences,Pref UI
2004-11-22 17:25:08 PST,myk,Product,Seamonkey,Browser
