When, Who, What, Added, Removed
1999-07-29 11:43:18 PDT,alecf,Status,ASSIGNED,NEW
1999-07-29 11:43:18 PDT,alecf,Target Milestone,M10,
1999-08-02 22:35:41 PDT,lchiang,Summary,[PREF MIGRATION] migrate 4.5 mail.default_* news.default_* prefs,migrate 4.5 mail.default_* news.default_* prefs
1999-08-13 11:32:35 PDT,alecf,Status,NEW,ASSIGNED
1999-08-13 11:32:35 PDT,alecf,Assignee,sspitzer,alecf
1999-08-25 01:18:24 PDT,sspitzer,Status,ASSIGNED,NEW
1999-09-15 18:41:27 PDT,lchiang,Blocks,11091,
1999-09-21 13:36:13 PDT,sspitzer,Last Resolved,1999-09-21 13:36:13,
1999-09-21 13:36:13 PDT,sspitzer,Status,RESOLVED,ASSIGNED
1999-09-21 13:36:13 PDT,sspitzer,Resolution,FIXED,---
1999-10-27 15:08:57 PDT,laurel,Status,VERIFIED,RESOLVED
2004-11-22 17:26:45 PST,myk,Product,Core,MailNews
2008-07-31 04:30:00 PDT,nobody,Product,MailNews Core,Core
