When, Who, What, Added, Removed
1999-07-27 16:39:33 PDT,shuang,Assignee,matt,shuang
1999-07-29 10:59:19 PDT,don,Priority,P1,P3
1999-07-29 10:59:19 PDT,don,Target Milestone,M9,
1999-07-29 17:33:36 PDT,matt,Assignee,danm,matt
1999-07-30 16:43:32 PDT,danm.moz,Status,RESOLVED,NEW
1999-07-30 16:43:32 PDT,danm.moz,Resolution,FIXED,---
1999-07-30 16:43:32 PDT,danm.moz,Last Resolved,1999-07-30 16:43:32,
1999-08-14 12:59:49 PDT,cpratt,Status,VERIFIED,RESOLVED
2000-02-14 08:44:33 PST,leger,Component,Preferences,Pref UI
2004-11-22 17:25:08 PST,myk,Product,Seamonkey,Browser
