When, Who, What, Added, Removed
1999-07-27 10:02:45 PDT,mozilla,Target Milestone,M10,
1999-07-27 10:02:45 PDT,mozilla,Status,ASSIGNED,NEW
1999-08-02 23:32:42 PDT,lchiang,Hardware,All,PC
1999-08-02 23:32:42 PDT,lchiang,OS,All,Windows NT
1999-08-03 08:54:07 PDT,mozilla,Status,RESOLVED,ASSIGNED
1999-08-03 08:54:07 PDT,mozilla,Resolution,FIXED,---
1999-08-03 08:54:07 PDT,mozilla,Last Resolved,1999-08-03 08:54:07,
1999-08-24 14:31:38 PDT,fenella,Status,VERIFIED,RESOLVED
2004-11-22 17:26:45 PST,myk,Product,Core,MailNews
2008-07-31 04:30:00 PDT,nobody,Product,MailNews Core,Core
