When, Who, What, Added, Removed
1999-07-27 12:22:55 PDT,msanz,Depends on,6382, 6384, 6435, 6461, 6465, 6484, 6488, 6489, 6490, 6491, 6493, 6495, 6496, 6497, 6498, 6499, 6500, 6501, 6502, 6503, 7309, 7322, 8462, 10240, 10241, 10243, 10244, 10246, 10247, 10248, 10250, 10251, 10252, 10253, 10254, 10256,
1999-07-27 12:24:32 PDT,msanz,Hardware,All,PC
1999-07-27 12:28:57 PDT,msanz,Blocks,7228,
1999-07-27 13:29:00 PDT,msanz,Depends on,,6496
1999-08-05 02:57:50 PDT,chofmann,Status,ASSIGNED,NEW
1999-08-10 17:05:10 PDT,msanz,QA Contact,tao,teruko
2000-04-17 09:29:18 PDT,msanz,Status,NEW,ASSIGNED
2000-04-17 09:29:18 PDT,msanz,Assignee,msanz,chofmann
2000-04-17 09:29:47 PDT,msanz,Last Resolved,2000-04-17 09:29:47,
2000-04-17 09:29:47 PDT,msanz,Status,RESOLVED,NEW
2000-04-17 09:29:47 PDT,msanz,Resolution,FIXED,---
