When, Who, What, Added, Removed
1999-07-27 18:43:38 PDT,cmanske,Status,ASSIGNED,NEW
1999-07-27 18:43:38 PDT,cmanske,Summary,Deleting a table cell in row deletes too many cells,typing in a selected cell deletes the whole table
1999-08-02 11:37:16 PDT,cmanske,Blocks,10584,
1999-08-02 11:37:16 PDT,cmanske,Target Milestone,M11,
1999-09-14 15:54:33 PDT,cmanske,Target Milestone,M13,M11
1999-12-20 11:26:37 PST,cmanske,Status,RESOLVED,ASSIGNED
1999-12-20 11:26:37 PST,cmanske,Resolution,FIXED,---
1999-12-20 11:26:37 PST,cmanske,Last Resolved,1999-12-20 11:26:37,
1999-12-20 15:32:43 PST,sujay,Status,VERIFIED,RESOLVED
