When, Who, What, Added, Removed
1999-07-28 01:22:54 PDT,mike+mozilla,Assignee,harishd,mccabe
1999-07-28 09:52:31 PDT,cbegle,QA Contact,chrisd,cbegle
1999-08-02 11:12:51 PDT,harishd,Depends on,10703,
1999-08-02 13:08:41 PDT,cbegle,Component,XML,Javascript Engine
1999-08-02 15:13:11 PDT,harishd,Target Milestone,M9,
1999-08-02 18:41:03 PDT,harishd,Status,ASSIGNED,NEW
1999-08-10 14:54:09 PDT,harishd,Target Milestone,M10,M9
1999-08-10 17:46:25 PDT,harishd,Priority,P2,P3
1999-08-16 16:42:56 PDT,harishd,Depends on,11992,
1999-08-20 13:10:13 PDT,dbaron,Depends on,10456,
1999-09-09 09:43:32 PDT,harishd,Target Milestone,M14,M10
1999-09-09 09:43:56 PDT,harishd,Priority,P4,P2
1999-10-14 16:50:28 PDT,harishd,Status,NEW,ASSIGNED
1999-10-14 16:50:28 PDT,harishd,Assignee,nisheeth,harishd
1999-10-25 20:26:21 PDT,nisheeth_mozilla,Status,ASSIGNED,NEW
1999-11-03 15:53:01 PST,nisheeth_mozilla,Status,RESOLVED,ASSIGNED
1999-11-03 15:53:01 PST,nisheeth_mozilla,Resolution,FIXED,---
1999-11-03 15:53:01 PST,nisheeth_mozilla,Target Milestone,M11,M14
1999-11-03 15:53:01 PST,nisheeth_mozilla,Last Resolved,1999-11-03 15:53:01,
1999-11-13 17:31:46 PST,dbaron,Status,VERIFIED,RESOLVED
