When, Who, What, Added, Removed
1999-07-27 11:45:21 PDT,mozilla,Status,ASSIGNED,NEW
1999-07-27 11:45:21 PDT,mozilla,Target Milestone,M10,
1999-07-27 11:48:09 PDT,lchiang,QA Contact,fenella,lchiang
1999-07-27 18:30:27 PDT,mozilla,Status,RESOLVED,ASSIGNED
1999-07-27 18:30:27 PDT,mozilla,Resolution,FIXED,---
1999-07-27 18:30:27 PDT,mozilla,Last Resolved,1999-07-27 18:30:27,
1999-08-13 11:44:11 PDT,fenella,Status,VERIFIED,RESOLVED
2004-11-22 17:26:45 PST,myk,Product,Core,MailNews
2008-07-31 04:30:00 PDT,nobody,Product,MailNews Core,Core
