When, Who, What, Added, Removed
1999-07-27 16:57:15 PDT,sspitzer,Status,ASSIGNED,NEW
1999-07-27 16:57:15 PDT,sspitzer,Target Milestone,M9,
1999-07-27 22:23:27 PDT,lchiang,OS,All,Windows NT
1999-07-27 22:23:27 PDT,lchiang,Severity,major,normal
1999-07-28 10:30:42 PDT,mscott,Component,Networking-Mail,Necko
1999-08-01 21:38:14 PDT,sspitzer,Summary,[DOGFOOD] Necko: Posting news messages doesn't work,Necko: Posting news messages doesn't work
1999-08-01 21:38:14 PDT,sspitzer,Priority,P1,P3
1999-08-09 19:21:08 PDT,sspitzer,Status,RESOLVED,ASSIGNED
1999-08-09 19:21:08 PDT,sspitzer,Resolution,FIXED,---
1999-08-09 19:21:08 PDT,sspitzer,Last Resolved,1999-08-09 19:21:08,
1999-08-18 14:43:38 PDT,fenella,Status,VERIFIED,RESOLVED
2004-11-22 17:26:45 PST,myk,Product,Core,MailNews
2008-07-31 04:30:00 PDT,nobody,Product,MailNews Core,Core
