When, Who, What, Added, Removed
1998-10-14 22:25:41 PDT,kipp,Status,ASSIGNED,NEW
1999-03-20 17:15:53 PST,kipp,Status,NEW,ASSIGNED
1999-03-20 17:15:53 PST,kipp,Component,HTMLTables,Layout
1999-03-20 17:15:53 PST,kipp,Assignee,karnaze,kipp
1999-03-22 17:18:40 PST,karnaze,Status,ASSIGNED,NEW
1999-03-31 20:49:40 PST,karnaze,Status,NEW,ASSIGNED
1999-03-31 20:49:40 PST,karnaze,Assignee,kipp,karnaze
1999-04-01 10:18:01 PST,kipp,Status,RESOLVED,NEW
1999-04-01 10:18:01 PST,kipp,Resolution,FIXED,---
1999-04-01 10:18:01 PST,kipp,Last Resolved,1999-04-01 10:18:01,
1999-04-05 12:51:32 PDT,chrispetersen,Status,VERIFIED,RESOLVED
