When, Who, What, Added, Removed
1999-07-27 12:27:20 PDT,msanz,Depends on,10336, 10338, 10339, 10341, 10343, 10357, 10358, 10362, 10363,
1999-07-27 12:28:57 PDT,msanz,Blocks,7228,
1999-08-05 02:58:54 PDT,chofmann,Status,ASSIGNED,NEW
1999-08-19 17:47:57 PDT,msanz,QA Contact,msanz,teruko
2000-02-01 18:23:02 PST,chofmann,Last Resolved,2000-02-01 18:23:02,
2000-02-01 18:23:02 PST,chofmann,Status,RESOLVED,ASSIGNED
2000-02-01 18:23:02 PST,chofmann,Resolution,FIXED,---
2000-02-01 18:23:02 PST,chofmann,Severity,normal,critical
2001-04-03 08:45:16 PDT,msanz,Status,VERIFIED,RESOLVED
