When, Who, What, Added, Removed
1999-07-27 13:27:07 PDT,lchiang,Assignee,putterman,phil
1999-07-27 13:27:07 PDT,lchiang,QA Contact,nbaca,lchiang
1999-07-27 13:30:10 PDT,scottputterman,Assignee,hyatt,putterman
1999-08-02 11:45:41 PDT,scottputterman,Blocks,11091,
1999-08-05 22:32:19 PDT,scottputterman,Whiteboard,[DOGFOOD] Mailnews needs this fixed for dogfood,
1999-08-19 19:13:21 PDT,phil,Severity,blocker,normal
1999-08-19 19:13:21 PDT,phil,Blocks,12176,11091
1999-08-29 00:37:28 PDT,hyatt,Status,RESOLVED,ASSIGNED
1999-08-29 00:37:28 PDT,hyatt,Resolution,FIXED,---
1999-08-29 00:37:28 PDT,hyatt,Last Resolved,1999-08-29 00:37:28,
1999-09-01 18:13:44 PDT,nbaca,Status,REOPENED,RESOLVED
1999-09-01 18:14:20 PDT,nbaca,Resolution,---,FIXED
1999-09-18 12:43:19 PDT,lchiang,Blocks,11091,
1999-09-18 12:50:59 PDT,lchiang,Blocks,,12176
1999-09-21 15:50:02 PDT,scottputterman,Status,NEW,REOPENED
1999-09-21 15:50:02 PDT,scottputterman,Assignee,putterman,hyatt
1999-09-27 13:21:28 PDT,scottputterman,Blocks,15008,
1999-10-18 00:17:32 PDT,jar,Blocks,16654,
1999-10-19 15:54:08 PDT,phil,Summary,[DOGFOOD] Folder pane's account entry is gone after scrolling up & down,Folder pane's account entry is gone after scrolling up & down
1999-10-20 12:50:36 PDT,scottputterman,Status,RESOLVED,NEW
1999-10-20 12:50:36 PDT,scottputterman,Resolution,FIXED,---
1999-10-20 12:50:36 PDT,scottputterman,Last Resolved,1999-10-20 12:50:36,1999-08-29 00:37:28
1999-11-01 15:05:24 PST,nbaca,Status,VERIFIED,RESOLVED
2004-11-22 17:25:08 PST,myk,Product,Seamonkey,Browser
