When, Who, What, Added, Removed
1999-07-27 16:05:24 PDT,peterl-retired,Status,RESOLVED,NEW
1999-07-27 16:05:24 PDT,peterl-retired,Resolution,WONTFIX,---
1999-07-27 16:05:24 PDT,peterl-retired,Last Resolved,1999-07-27 16:05:24,
1999-07-27 19:51:08 PDT,eric,Status,REOPENED,RESOLVED
1999-07-27 20:07:54 PDT,peterl-retired,Assignee,troy,peterl
1999-07-27 20:07:54 PDT,peterl-retired,Status,NEW,REOPENED
1999-07-27 20:31:02 PDT,troy,Status,ASSIGNED,NEW
1999-07-27 21:21:54 PDT,troy,Resolution,---,WONTFIX
1999-07-27 21:27:42 PDT,troy,Depends on,10636,
1999-07-27 21:27:42 PDT,troy,Blocks,10636,
1999-08-06 15:20:13 PDT,karnaze,Depends on,,10636
1999-08-06 15:20:13 PDT,karnaze,Blocks,,10636
1999-08-28 08:36:19 PDT,troy,Target Milestone,M12,
1999-09-13 15:59:39 PDT,troy,Status,RESOLVED,ASSIGNED
1999-09-13 15:59:39 PDT,troy,Resolution,REMIND,---
1999-09-13 15:59:39 PDT,troy,Last Resolved,1999-09-13 15:59:39,1999-07-27 16:05:24
1999-09-23 14:44:04 PDT,chrispetersen,Status,VERIFIED,RESOLVED
2002-04-29 14:03:08 PDT,choess,Status,REOPENED,VERIFIED
2002-04-29 14:03:08 PDT,choess,Resolution,---,REMIND
2002-04-29 14:03:08 PDT,choess,CC,,troy
2002-07-12 22:42:17 PDT,choess,Status,NEW,REOPENED
2002-07-12 22:42:17 PDT,choess,Assignee,attinasi,troy
2002-08-29 02:49:11 PDT,leon.zhang,CC,leon.zhang,
2003-01-13 02:28:30 PST,leon.zhang,CC,,leon.zhang
2003-02-16 10:04:11 PST,bzbarsky,CC,bzbarsky, roc+moz, dbaron,
2003-03-06 14:31:29 PST,mfedyk,CC,mfedyk,
2003-04-14 14:38:39 PDT,bzbarsky,Blocks,201983,
2003-06-07 17:17:54 PDT,choess,Assignee,block-and-inline,attinasi
2003-06-07 17:17:54 PDT,choess,QA Contact,ian,petersen
2003-06-07 17:17:54 PDT,choess,Component,Layout: Block & Inline,Layout
2003-06-07 18:42:24 PDT,bzbarsky,Priority,--,P3
2003-06-07 18:42:24 PDT,bzbarsky,CC,choess,
2003-06-07 18:42:24 PDT,bzbarsky,Target Milestone,---,M12
2003-11-09 11:01:41 PST,waazup,Flags,blocking1.6b?,
2003-11-09 11:40:29 PST,waazup,CC,waazup,
2003-11-09 11:43:41 PST,dbaron,Flags,blocking1.6b-,blocking1.6b?
2005-09-05 06:13:46 PDT,mats,Attachment #194911                Flags,review?(dbaron), superreview?(dbaron),
2005-09-05 06:21:38 PDT,magicdice,CC,magicdice,
2005-09-28 17:16:11 PDT,dbaron,Attachment #194911                Flags,review+, superreview+,review?(dbaron), superreview?(dbaron)
2006-09-12 04:23:54 PDT,mats,OS,All,Windows NT
2006-09-12 04:23:54 PDT,mats,Assignee,mats.palmgren,layout.block-and-inline
2008-01-06 20:13:57 PST,ryanvm,CC,ryanvm,
2009-08-23 20:15:02 PDT,philringnalda,QA Contact,layout.block-and-inline,ian
2009-12-12 09:12:48 PST,arif.seti,Flags,blocking1.9.2?, wanted1.9.2?, wanted-fennec1.0?, blocking1.9.0.16?, blocking1.9.0.17?, blocking1.8.1.next?, wanted1.8.1.x?, in-testsuite+, in-litmus+,
2009-12-12 10:03:19 PST,dbaron,Flags,blocking1.9.2-, wanted1.9.2-,blocking1.9.2?, wanted1.9.2?
2009-12-14 14:04:54 PST,dveditz,Flags,blocking1.9.0.16-, blocking1.8.1.next-,blocking1.9.0.16?, blocking1.9.0.17?, blocking1.8.1.next?, wanted1.8.1.x?
2009-12-14 14:05:28 PST,samuel.sidler+old,CC,samuel.sidler,
2009-12-14 14:05:28 PST,samuel.sidler+old,Flags,,wanted-fennec1.0?, in-testsuite+, in-litmus+
2010-07-27 09:07:55 PDT,nidaisfree,CC,nidaisfree,
2010-07-27 09:26:37 PDT,bzbarsky,blocking2.0,?,---
2010-07-27 11:54:57 PDT,dbaron,Severity,minor,critical
2010-08-01 19:47:09 PDT,dbaron,blocking2.0,-,?
2012-01-28 07:39:07 PST,mats,Status,RESOLVED,NEW
2012-01-28 07:39:07 PST,mats,Resolution,FIXED,---
2012-01-28 07:39:07 PST,mats,Assignee,nobody,matspal
2012-01-28 07:39:07 PST,mats,Last Resolved,2012-01-28 07:39:07,1999-09-13 15:59:39
