When, Who, What, Added, Removed
1999-07-27 14:12:38 PDT,lchiang,Severity,major,normal
1999-07-28 14:46:58 PDT,scottputterman,Assignee,jfrancis,phil
1999-08-12 10:58:20 PDT,hamerly,Target Milestone,M10,M9
1999-08-23 17:40:31 PDT,fenella,Status,RESOLVED,ASSIGNED
1999-08-23 17:40:31 PDT,fenella,Resolution,FIXED,---
1999-08-23 17:40:31 PDT,fenella,Last Resolved,1999-08-23 17:40:31,
1999-08-23 17:40:57 PDT,fenella,Status,VERIFIED,RESOLVED
2004-11-22 17:26:45 PST,myk,Product,Core,MailNews
2008-07-31 04:30:00 PDT,nobody,Product,MailNews Core,Core
