When, Who, What, Added, Removed
1999-07-27 12:55:53 PDT,lchiang,QA Contact,esther,lchiang
1999-07-27 12:55:53 PDT,lchiang,Assignee,hangas,phil
1999-07-27 13:09:15 PDT,hangas,Status,ASSIGNED,NEW
1999-07-27 13:09:15 PDT,hangas,Severity,blocker,normal
1999-07-27 13:09:15 PDT,hangas,Target Milestone,M9,
1999-07-28 22:08:23 PDT,hangas,Status,RESOLVED,ASSIGNED
1999-07-28 22:08:23 PDT,hangas,Resolution,FIXED,---
1999-07-28 22:08:23 PDT,hangas,Last Resolved,1999-07-28 22:08:23,
1999-08-02 16:47:23 PDT,esther,Status,VERIFIED,RESOLVED
2004-11-22 17:25:08 PST,myk,Product,Seamonkey,Browser
