When, Who, What, Added, Removed
1999-07-28 17:31:00 PDT,jaymoz,Status,RESOLVED,NEW
1999-07-28 17:31:00 PDT,jaymoz,Resolution,FIXED,---
1999-07-28 17:31:00 PDT,jaymoz,Last Resolved,1999-07-28 17:31:00,
1999-07-28 17:31:08 PDT,jaymoz,Status,VERIFIED,RESOLVED
1999-07-30 11:10:01 PDT,jaymoz,Status,REOPENED,VERIFIED
1999-07-30 16:17:59 PDT,leger,Resolution,---,FIXED
1999-08-03 15:52:00 PDT,leger,Summary,[PP]can't close editor or messenger windows,can't close editor or messenger windows
1999-08-07 00:50:07 PDT,buster,Status,NEW,REOPENED
1999-08-07 00:50:07 PDT,buster,Assignee,brade,buster
1999-08-07 00:50:07 PDT,buster,Target Milestone,M9,
1999-08-09 08:27:51 PDT,brade,Status,ASSIGNED,NEW
1999-08-11 10:37:12 PDT,chofmann,Whiteboard,can we use the work around? is the fix still needed for m9?,
1999-08-11 12:52:37 PDT,brade,Target Milestone,M10,M9
1999-08-27 14:04:10 PDT,brade,Depends on,11304,
1999-08-31 08:04:19 PDT,brade,Whiteboard,,can we use the work around? is the fix still needed for m9?
1999-08-31 08:04:19 PDT,brade,Target Milestone,M11,M10
1999-09-13 21:31:08 PDT,brade,Status,RESOLVED,ASSIGNED
1999-09-13 21:31:08 PDT,brade,Resolution,FIXED,---
1999-09-13 21:31:08 PDT,brade,Last Resolved,1999-09-13 21:31:08,1999-07-28 17:31:00
1999-09-15 13:30:15 PDT,sujay,Status,VERIFIED,RESOLVED
