When, Who, What, Added, Removed
1999-08-03 15:51:27 PDT,leger,Status,RESOLVED,NEW
1999-08-03 15:51:27 PDT,leger,Resolution,LATER,---
1999-08-03 15:51:27 PDT,leger,Target Milestone,M9,
1999-08-03 15:51:27 PDT,leger,Last Resolved,1999-08-03 15:51:27,
1999-11-19 13:38:04 PST,elig,Status,VERIFIED,RESOLVED
1999-11-19 13:38:04 PST,elig,QA Contact,elig,leger
2002-04-29 11:54:41 PDT,choess,Resolution,---,LATER
2002-04-29 11:54:41 PDT,choess,Status,REOPENED,VERIFIED
2002-04-29 11:55:17 PDT,choess,Status,RESOLVED,REOPENED
2002-04-29 11:55:17 PDT,choess,Resolution,FIXED,---
2002-04-29 11:55:17 PDT,choess,Last Resolved,2002-04-29 11:55:17,1999-08-03 15:51:27
2004-11-22 17:25:08 PST,myk,Product,Seamonkey,Browser
