When, Who, What, Added, Removed
1999-07-27 13:23:00 PDT,momoi,Blocks,8899,
1999-07-27 13:25:24 PDT,momoi,Target Milestone,M9,
1999-07-27 13:56:24 PDT,ftang,Status,ASSIGNED,NEW
1999-07-27 18:57:48 PDT,ftang,Status,RESOLVED,ASSIGNED
1999-07-27 18:57:48 PDT,ftang,Resolution,FIXED,---
1999-07-27 18:57:48 PDT,ftang,Last Resolved,1999-07-27 18:57:48,
1999-07-30 16:22:35 PDT,momoi,Status,VERIFIED,RESOLVED
2004-11-22 17:26:45 PST,myk,Product,Core,MailNews
2008-07-31 04:30:00 PDT,nobody,Product,MailNews Core,Core
