When, Who, What, Added, Removed
1999-08-02 18:05:33 PDT,nisheeth_mozilla,Status,ASSIGNED,NEW
1999-08-02 18:05:33 PDT,nisheeth_mozilla,Target Milestone,M9,
1999-08-09 03:05:53 PDT,nisheeth_mozilla,Status,NEW,ASSIGNED
1999-08-09 03:05:53 PDT,nisheeth_mozilla,Assignee,harishd,nisheeth
1999-08-09 10:42:12 PDT,harishd,Target Milestone,M10,M9
1999-08-09 10:42:44 PDT,harishd,Status,ASSIGNED,NEW
1999-08-09 18:04:34 PDT,harishd,Priority,P1,P3
1999-08-24 16:12:53 PDT,harishd,Status,RESOLVED,ASSIGNED
1999-08-24 16:12:53 PDT,harishd,Resolution,FIXED,---
1999-08-24 16:12:53 PDT,harishd,Last Resolved,1999-08-24 16:12:53,
2000-01-03 17:51:44 PST,christinehoff4,Whiteboard,1/3: Clarification requested from assigned engineer prior to verification,
2000-07-14 11:43:49 PDT,bsharma,Status,VERIFIED,RESOLVED
