When, Who, What, Added, Removed
1999-07-27 16:32:34 PDT,waterson,Status,ASSIGNED,NEW
1999-07-27 16:32:34 PDT,waterson,Target Milestone,M9,
1999-07-27 22:21:58 PDT,waterson,Last Resolved,1999-07-27 22:21:58,
1999-07-27 22:21:58 PDT,waterson,Status,RESOLVED,ASSIGNED
1999-07-27 22:21:58 PDT,waterson,Resolution,FIXED,---
1999-07-27 22:29:15 PDT,lchiang,Whiteboard,[Perf],
1999-11-10 15:59:09 PST,lchiang,Status,VERIFIED,RESOLVED
2004-11-22 17:26:45 PST,myk,Product,Core,MailNews
2008-07-31 04:30:00 PDT,nobody,Product,MailNews Core,Core
