When, Who, What, Added, Removed
1999-07-27 16:53:45 PDT,cpratt,Component,Browser-General,RDF
1999-07-27 16:53:45 PDT,cpratt,Assignee,law,don
1999-08-02 10:07:42 PDT,law,Status,ASSIGNED,NEW
1999-08-02 10:07:42 PDT,law,Target Milestone,M10,
1999-09-17 19:02:55 PDT,law,Whiteboard,[HELP WANTED],
1999-10-20 13:50:09 PDT,law,Last Resolved,1999-10-20 13:50:09,
1999-10-20 13:50:09 PDT,law,Status,RESOLVED,ASSIGNED
1999-10-20 13:50:09 PDT,law,Resolution,FIXED,---
1999-11-30 11:54:31 PST,paulmac,QA Contact,elig,phillip
1999-12-06 16:00:14 PST,elig,Summary,[PP] [DOGFOOD] Mac - Can't download files,[PP] Mac - Can't download files
1999-12-06 16:00:14 PST,elig,Status,REOPENED,RESOLVED
1999-12-06 16:00:25 PST,elig,Resolution,---,FIXED
1999-12-06 17:21:53 PST,law,Whiteboard,,[HELP WANTED]
1999-12-06 17:21:53 PST,law,Status,ASSIGNED,REOPENED
1999-12-06 17:21:53 PST,law,Target Milestone,M12,M11
1999-12-06 17:29:15 PST,leger,Whiteboard,[PDT+],
1999-12-07 10:48:18 PST,law,Whiteboard,[PDT+] Estimated date of completion: 1999/12/08,[PDT+]
1999-12-07 14:58:26 PST,don,Target Milestone,M13,M12
1999-12-07 14:58:26 PST,don,Priority,P2,P3
1999-12-10 14:37:53 PST,law,Whiteboard,,[PDT+] Estimated date of completion: 1999/12/08
1999-12-10 17:28:57 PST,jar,Whiteboard,[PDT-],
1999-12-16 16:38:40 PST,bugzilla,Component,XPApps,Browser-General
1999-12-21 14:50:14 PST,elig,QA Contact,sairuh,elig
1999-12-21 15:24:41 PST,bugzilla,Depends on,21550,
1999-12-22 21:53:52 PST,don,Whiteboard,,[PDT-]
1999-12-22 21:53:52 PST,don,Summary,[PP] Mac - Can't download files,[PP] [DOGFOOD] Mac - Can't download files
1999-12-22 21:53:52 PST,don,Target Milestone,M15,M13
2000-01-03 12:28:20 PST,bugzilla,Summary,Can't download files, downloading issues,[PP] Mac - Can't download files
2000-01-03 12:28:20 PST,bugzilla,Hardware,All,Macintosh
2000-01-03 12:28:20 PST,bugzilla,OS,All,Mac System 8.5
2000-04-05 13:33:04 PDT,don,Target Milestone,M16,M15
2000-05-03 16:08:20 PDT,verah,Keywords,nsbeta2,
2000-05-03 16:08:20 PDT,verah,Target Milestone,M17,M16
2000-05-12 14:17:21 PDT,jrgmorrison,CC,jrgm,
2000-05-12 14:17:21 PDT,jrgmorrison,Depends on,38376,
2000-05-12 14:19:39 PDT,jrgmorrison,Depends on,38245,38376
2000-05-12 14:24:56 PDT,leger,Whiteboard,[nsbeta2+],
2000-05-25 18:10:49 PDT,don,Target Milestone,M18,M17
2000-06-08 19:39:27 PDT,law,Status,RESOLVED,ASSIGNED
2000-06-08 19:39:27 PDT,law,Resolution,FIXED,---
2000-06-08 19:39:27 PDT,law,Last Resolved,2000-06-08 19:39:27,1999-10-20 13:50:09
2000-06-14 16:57:44 PDT,leger,QA Contact,tever,sairuh
2000-06-26 14:24:31 PDT,tever,Status,VERIFIED,RESOLVED
2004-11-23 18:54:58 PST,myk,Product,Mozilla Application Suite,Core
