When, Who, What, Added, Removed
1999-07-29 12:34:18 PDT,blizzard,Status,RESOLVED,NEW
1999-07-29 12:34:18 PDT,blizzard,Resolution,FIXED,---
1999-07-29 12:34:18 PDT,blizzard,Last Resolved,1999-07-29 12:34:18,
1999-10-13 11:56:33 PDT,cmaximus,Status,VERIFIED,RESOLVED
2000-04-17 11:12:46 PDT,blizzard,Status,NEW,VERIFIED
2000-04-17 11:12:46 PDT,blizzard,Assignee,blizzard,blizzard
2000-04-17 12:25:52 PDT,blizzard,Status,RESOLVED,NEW
2000-04-17 12:25:52 PDT,blizzard,Last Resolved,2000-04-17 12:25:52,1999-07-29 12:34:18
2000-04-17 12:26:14 PDT,blizzard,Status,VERIFIED,RESOLVED
