When, Who, What, Added, Removed
1999-07-27 22:26:23 PDT,lchiang,Summary,There is no autocompletion done for Display name,There is no autocompletion done for Display name
1999-07-27 22:26:23 PDT,lchiang,QA Contact,esther,lchiang
1999-07-28 22:07:57 PDT,hangas,Status,ASSIGNED,NEW
1999-07-28 22:07:57 PDT,hangas,Target Milestone,M9,
1999-08-02 16:22:52 PDT,hangas,Resolution,FIXED,---
1999-08-02 16:22:52 PDT,hangas,Last Resolved,1999-08-02 16:22:52,
1999-08-02 16:22:52 PDT,hangas,Status,RESOLVED,ASSIGNED
1999-08-04 13:57:44 PDT,esther,Status,VERIFIED,RESOLVED
2004-11-22 17:25:08 PST,myk,Product,Seamonkey,Browser
