When, Who, What, Added, Removed
1999-07-27 18:29:27 PDT,bruce,Assignee,don,mcmullen
1999-08-02 14:31:30 PDT,don,Assignee,dp,don
1999-08-02 14:57:33 PDT,dp,Assignee,neeti,dp
1999-08-06 12:42:32 PDT,neeti,Status,ASSIGNED,NEW
1999-08-06 12:42:32 PDT,neeti,Target Milestone,M10,
1999-08-26 09:15:59 PDT,neeti,Resolution,FIXED,---
1999-08-26 09:15:59 PDT,neeti,Last Resolved,1999-08-26 09:15:59,
1999-08-26 09:15:59 PDT,neeti,Status,RESOLVED,ASSIGNED
1999-08-30 18:15:17 PDT,paulmac,Status,VERIFIED,RESOLVED
2000-02-14 08:31:48 PST,leger,Component,Preferences: Backend,libPref
