When, Who, What, Added, Removed
1999-07-27 17:27:49 PDT,ekrock,Summary,{dom2} style.fontSize broken in M8?,style.fontSize broken in M8?
1999-07-29 10:37:30 PDT,ekrock,Whiteboard,[TESTCASE],
1999-08-31 21:15:02 PDT,vidur,Status,RESOLVED,NEW
1999-08-31 21:15:02 PDT,vidur,Resolution,FIXED,---
1999-08-31 21:15:02 PDT,vidur,Last Resolved,1999-08-31 21:15:02,
2000-10-06 16:17:16 PDT,vladimire,Status,REOPENED,RESOLVED
2000-10-06 16:17:16 PDT,vladimire,Resolution,---,FIXED
2000-10-09 12:50:18 PDT,ekrock,Whiteboard,[rtm need info],[TESTCASE]
2000-10-09 12:50:18 PDT,ekrock,QA Contact,gerardok,vidur
2000-10-09 12:50:18 PDT,ekrock,Keywords,regression, rtm, testcase,
2000-10-11 04:11:23 PDT,ian,Keywords,correctness,
2000-10-11 04:11:23 PDT,ian,Whiteboard,[rtm need info]  INVALID?,[rtm need info]
2000-10-11 04:11:23 PDT,ian,CC,py8ieh=bugzilla,
2000-10-22 20:00:23 PDT,dbaron,CC,dbaron,
2000-11-02 14:48:16 PST,vidur,Status,NEW,REOPENED
2000-11-02 14:48:16 PST,vidur,Assignee,jst,vidur
2000-11-03 11:11:12 PST,phil,Whiteboard,[rtm-]  INVALID?,[rtm need info]  INVALID?
2000-11-20 21:59:29 PST,jst,Assignee,pierre,jst
2000-11-20 23:35:53 PST,dbaron,Summary,Should CSS parser be in quirks mode for parsing from DOM?,{dom2} style.fontSize broken in M8?
2000-12-21 00:25:29 PST,pierre,Whiteboard,,[rtm-]  INVALID?
2000-12-21 00:25:29 PST,pierre,Summary,DOM should set CSS parser in quirks mode when needed,Should CSS parser be in quirks mode for parsing from DOM?
2000-12-21 00:25:29 PST,pierre,Assignee,jst,pierre
2000-12-21 00:25:29 PST,pierre,QA Contact,vidur,gerardok
2000-12-21 09:20:50 PST,jst,Status,ASSIGNED,NEW
2000-12-21 09:20:50 PST,jst,Target Milestone,Future,---
2001-02-22 20:47:31 PST,ian,Keywords,dom2,
2001-02-22 21:25:42 PST,ian,Component,DOM Style,DOM Level 2
2001-02-22 22:54:37 PST,ian,QA Contact,ian,vidur
2001-08-01 02:16:03 PDT,basic,CC,_basic,
2001-09-25 07:20:39 PDT,bzbarsky,CC,bzbarsky,
2001-09-25 07:25:32 PDT,bzbarsky,Status,NEW,ASSIGNED
2001-09-25 07:25:32 PDT,bzbarsky,Assignee,bzbarsky,jst
2001-09-25 07:25:32 PDT,bzbarsky,CC,jst,
2001-09-25 07:25:32 PDT,henrik,CC,bugs_it,
2001-09-25 07:55:11 PDT,bzbarsky,Blocks,95336,
2001-10-19 06:54:56 PDT,bzbarsky,Status,RESOLVED,NEW
2001-10-19 06:54:56 PDT,bzbarsky,Resolution,FIXED,---
2001-10-19 06:54:56 PDT,bzbarsky,Last Resolved,2001-10-19 06:54:56,1999-08-31 21:15:02
2014-04-26 03:06:27 PDT,basic,CC,,basic
