When, Who, What, Added, Removed
1999-07-27 17:25:36 PDT,hangas,Summary,Vcard from 4.x can not be completely viewed,Vcard from 4.x can not be completely viewed
1999-07-27 22:27:33 PDT,lchiang,QA Contact,esther,lchiang
1999-07-28 16:31:14 PDT,esther,Assignee,rhp,hangas
1999-07-28 16:47:07 PDT,rhp,Status,ASSIGNED,NEW
1999-07-28 16:47:07 PDT,rhp,Target Milestone,M10,
1999-08-19 16:19:48 PDT,phil,Status,NEW,ASSIGNED
1999-08-19 16:19:48 PDT,phil,Assignee,jefft,rhp
1999-08-27 13:12:25 PDT,phil,Target Milestone,M11,M10
1999-08-29 10:46:00 PDT,jefft,Status,ASSIGNED,NEW
1999-09-20 11:05:35 PDT,sol,Target Milestone,M12,M11
1999-09-20 15:52:24 PDT,lchiang,Blocks,11091,
1999-11-06 06:53:39 PST,jefft,Status,NEW,ASSIGNED
1999-11-06 06:53:39 PST,jefft,Assignee,rhp,jefft
1999-11-06 06:56:36 PST,rhp,Summary,[DOGFOOD] Vcard from 4.x can not be completely viewed,Vcard from 4.x can not be completely viewed
1999-11-06 06:56:36 PST,rhp,Status,ASSIGNED,NEW
1999-11-08 17:05:54 PST,leger,Whiteboard,[PDT-],
1999-12-01 08:53:03 PST,rhp,Target Milestone,M13,M12
2000-01-06 08:04:25 PST,rhp,Status,RESOLVED,ASSIGNED
2000-01-06 08:04:25 PST,rhp,Resolution,FIXED,---
2000-01-06 08:04:25 PST,rhp,Last Resolved,2000-01-06 08:04:25,
2000-01-25 10:04:48 PST,esther,Status,VERIFIED,RESOLVED
2004-11-22 17:25:08 PST,myk,Product,Seamonkey,Browser
