When, Who, What, Added, Removed
1999-08-02 12:08:25 PDT,dmose,Version,other,
1999-08-02 12:16:32 PDT,leger,Component,Parser,Browser-General
1999-08-02 12:16:32 PDT,leger,QA Contact,janc,leger
1999-08-02 14:32:08 PDT,don,Assignee,rickg,don
1999-08-02 22:14:52 PDT,rickg,Assignee,petersen,rickg
1999-08-03 09:20:04 PDT,chrispetersen,Status,RESOLVED,NEW
1999-08-03 09:20:04 PDT,chrispetersen,Resolution,FIXED,---
1999-08-03 09:20:04 PDT,chrispetersen,Last Resolved,1999-08-03 09:20:04,
1999-08-03 09:26:50 PDT,chrispetersen,Status,VERIFIED,RESOLVED
