When, Who, What, Added, Removed
1999-07-28 09:54:17 PDT,dp,Target Milestone,M9,
1999-07-28 09:54:17 PDT,dp,Status,ASSIGNED,NEW
1999-07-28 09:54:17 PDT,dp,Severity,major,normal
1999-08-06 10:46:59 PDT,dp,Status,RESOLVED,ASSIGNED
1999-08-06 10:46:59 PDT,dp,Resolution,FIXED,---
1999-08-06 10:46:59 PDT,dp,Last Resolved,1999-08-06 10:46:59,
1999-08-09 14:03:52 PDT,rubydoo123,Whiteboard,[19990809] wiating for reply from reporter,
1999-08-09 15:54:20 PDT,rubydoo123,Whiteboard,[19990809] waiting for reply from reporter,[19990809] wiating for reply from reporter
1999-08-10 04:24:04 PDT,rginda,Status,VERIFIED,RESOLVED
2000-01-23 16:08:45 PST,michael.j.lowe,Keywords,patch,
