When, Who, What, Added, Removed
1999-07-27 21:27:42 PDT,troy,Depends on,10606,
1999-07-27 21:27:42 PDT,troy,Blocks,10606,
1999-08-06 15:20:13 PDT,karnaze,Status,ASSIGNED,NEW
1999-08-06 15:20:13 PDT,karnaze,Depends on,,10606
1999-08-06 15:20:13 PDT,karnaze,Blocks,,10606
1999-08-06 15:20:13 PDT,karnaze,Target Milestone,M10,
1999-08-31 22:23:50 PDT,karnaze,Target Milestone,M12,M10
2000-02-13 11:04:59 PST,karnaze,Status,RESOLVED,ASSIGNED
2000-02-13 11:04:59 PST,karnaze,Resolution,FIXED,---
2000-02-13 11:04:59 PST,karnaze,Last Resolved,2000-02-13 11:04:59,
2000-02-21 16:18:28 PST,christinehoff4,Keywords,verifyme,
2000-07-12 11:19:59 PDT,junruh,Status,VERIFIED,RESOLVED
2008-10-22 01:10:47 PDT,bugzilla,Keywords,,verifyme
