When, Who, What, Added, Removed
1999-07-27 20:36:00 PDT,morse,Status,ASSIGNED,NEW
1999-07-27 21:11:51 PDT,morse,Status,NEW,ASSIGNED
1999-07-27 21:11:51 PDT,morse,Assignee,pollmann,morse
1999-07-27 22:17:01 PDT,pollmann,Status,ASSIGNED,NEW
1999-07-27 23:16:13 PDT,pollmann,Whiteboard,Proposed fix available.,
1999-07-27 23:16:13 PDT,pollmann,Status,NEW,ASSIGNED
1999-07-27 23:16:13 PDT,pollmann,Assignee,peterl,pollmann
1999-07-27 23:18:08 PDT,pollmann,Summary,REGRESSION: AutoFill Sign-ons:  "Remove" button doesn't work,AutoFill Sign-ons:  "Remove" button doesn't work
1999-07-27 23:18:08 PDT,pollmann,Hardware,All,PC
1999-07-27 23:18:08 PDT,pollmann,OS,All,Windows 95
1999-07-27 23:18:08 PDT,pollmann,Component,Style System,Autofill
1999-07-29 14:01:29 PDT,morse,Status,RESOLVED,NEW
1999-07-29 14:01:29 PDT,morse,Resolution,WORKSFORME,---
1999-07-29 14:01:29 PDT,morse,Last Resolved,1999-07-29 14:01:29,
1999-07-29 17:27:32 PDT,paulmac,Status,REOPENED,RESOLVED
1999-07-29 17:27:48 PDT,paulmac,Status,RESOLVED,REOPENED
1999-07-29 17:27:48 PDT,paulmac,Resolution,FIXED,WORKSFORME
1999-07-29 17:27:48 PDT,paulmac,Last Resolved,1999-07-29 17:27:48,1999-07-29 14:01:29
1999-07-30 20:09:33 PDT,paulmac,Status,VERIFIED,RESOLVED
