When, Who, What, Added, Removed
1999-07-27 23:26:04 PDT,hangas,Assignee,davidm,hangas
1999-07-27 23:27:05 PDT,hangas,Hardware,All,PC
1999-07-27 23:27:05 PDT,hangas,OS,All,Windows NT
1999-07-28 10:22:39 PDT,lchiang,QA Contact,nbaca,lchiang
1999-07-28 15:01:22 PDT,davidm,Status,ASSIGNED,NEW
1999-07-31 00:16:44 PDT,don,Priority,P2,P3
1999-07-31 00:16:44 PDT,don,Target Milestone,M9,
1999-08-02 17:32:01 PDT,davidm,Status,RESOLVED,ASSIGNED
1999-08-02 17:32:01 PDT,davidm,Resolution,FIXED,---
1999-08-02 17:32:01 PDT,davidm,Last Resolved,1999-08-02 17:32:01,
1999-08-04 16:06:00 PDT,nbaca,Status,VERIFIED,RESOLVED
2004-11-22 17:25:08 PST,myk,Product,Seamonkey,Browser
