When, Who, What, Added, Removed
1999-07-31 02:33:08 PDT,gagan,Status,RESOLVED,NEW
1999-07-31 02:33:08 PDT,gagan,Resolution,FIXED,---
1999-07-31 02:33:08 PDT,gagan,Last Resolved,1999-07-31 02:33:08,
1999-07-31 16:03:45 PDT,paulmac,Status,REOPENED,RESOLVED
1999-07-31 16:03:55 PDT,paulmac,Resolution,---,FIXED
1999-08-02 13:41:54 PDT,warrensomebody,Target Milestone,M9,
1999-08-02 18:06:55 PDT,gagan,Status,NEW,REOPENED
1999-08-02 18:06:55 PDT,gagan,Assignee,rpotts,gagan
1999-08-02 18:06:55 PDT,gagan,Summary,NS_NewURL constructs incorrect URL (Redirects related!),NS_NewURL constructs incorrect URL
1999-08-12 15:43:26 PDT,warrensomebody,Assignee,gagan,rpotts
1999-08-12 17:01:48 PDT,chofmann,Target Milestone,M10,M9
1999-09-16 12:46:39 PDT,gagan,Status,ASSIGNED,NEW
1999-09-16 13:46:59 PDT,paulmac,QA Contact,tever,paulmac
1999-09-20 16:13:08 PDT,gagan,Status,NEW,ASSIGNED
1999-09-20 16:13:08 PDT,gagan,Assignee,don,gagan
1999-09-21 14:48:03 PDT,don,Priority,P1,P3
1999-09-21 14:48:03 PDT,don,Assignee,radha,don
1999-09-21 14:48:03 PDT,don,Target Milestone,M11,M10
1999-09-21 15:52:19 PDT,radha,Status,ASSIGNED,NEW
1999-11-03 15:51:46 PST,radha,Target Milestone,M12,M11
1999-11-19 12:15:09 PST,radha,Summary,[DOGFOOD] NS_NewURL constructs incorrect URL (Redirects related!),NS_NewURL constructs incorrect URL (Redirects related!)
1999-11-19 15:15:52 PST,rickg,Whiteboard,[PDT+],
1999-11-22 15:02:27 PST,don,Whiteboard,[PDT+] 11/26 completion,[PDT+]
1999-11-23 12:09:41 PST,radha,Target Milestone,M13,M12
1999-11-29 16:53:25 PST,don,Whiteboard,,[PDT+] 11/26 completion
1999-11-29 16:53:25 PST,don,Summary,NS_NewURL constructs incorrect URL (Redirects related!),[DOGFOOD] NS_NewURL constructs incorrect URL (Redirects related!)
1999-12-14 14:44:55 PST,radha,Status,NEW,ASSIGNED
1999-12-14 14:44:55 PST,radha,Assignee,warren,radha
2000-01-14 02:34:30 PST,warrensomebody,Assignee,rpotts,warren
2000-01-14 14:11:32 PST,rpotts,Target Milestone,M15,M13
2000-04-06 15:27:03 PDT,warrensomebody,Target Milestone,M16,M15
2000-04-16 01:59:50 PDT,andreas.otte,Status,RESOLVED,NEW
2000-04-16 01:59:50 PDT,andreas.otte,Resolution,FIXED,---
2000-04-16 01:59:50 PDT,andreas.otte,Last Resolved,2000-04-16 01:59:50,1999-07-31 02:33:08
2001-01-03 14:59:27 PST,tever,Status,VERIFIED,RESOLVED
