When, Who, What, Added, Removed
1999-07-28 10:38:03 PDT,scottputterman,Assignee,karnaze,hyatt
1999-07-28 13:32:49 PDT,karnaze,Assignee,hyatt,karnaze
1999-07-30 09:54:31 PDT,waterson,Assignee,waterson,hyatt
1999-07-30 10:01:35 PDT,waterson,Status,ASSIGNED,NEW
1999-07-30 10:01:35 PDT,waterson,Target Milestone,M9,
1999-07-30 10:01:35 PDT,waterson,Whiteboard,fix ready to go,
1999-07-30 17:12:13 PDT,waterson,Status,RESOLVED,ASSIGNED
1999-07-30 17:12:13 PDT,waterson,Resolution,FIXED,---
1999-07-30 17:12:13 PDT,waterson,Last Resolved,1999-07-30 17:12:13,
1999-07-31 12:41:19 PDT,scottputterman,Status,VERIFIED,RESOLVED
2004-11-22 17:25:08 PST,myk,Product,Seamonkey,Browser
