When, Who, What, Added, Removed
1999-07-28 12:16:56 PDT,buster,Status,ASSIGNED,NEW
1999-07-28 12:17:25 PDT,buster,Blocks,10673,
1999-07-28 15:47:38 PDT,buster,Blocks,10632,
1999-08-02 15:50:34 PDT,buster,Status,RESOLVED,ASSIGNED
1999-08-02 15:50:34 PDT,buster,Resolution,FIXED,---
1999-08-02 15:50:34 PDT,buster,Last Resolved,1999-08-02 15:50:34,
1999-08-10 12:31:38 PDT,sujay,Status,VERIFIED,RESOLVED
1999-10-12 10:29:55 PDT,leger,Whiteboard,[PDT+],
1999-11-08 15:39:02 PST,rubydoo123,Blocks,12658,
