When, Who, What, Added, Removed
1999-07-28 13:02:51 PDT,lchiang,Hardware,All,PC
1999-07-28 13:02:51 PDT,lchiang,OS,All,Windows NT
1999-07-28 13:02:51 PDT,lchiang,QA Contact,esther,lchiang
1999-07-29 23:06:52 PDT,scottputterman,Summary,[FEATURE][DOGFOOD]deleting a message should select a new one.,deleting a message should select a new one.
1999-07-29 23:06:52 PDT,scottputterman,Blocks,10791,
1999-07-29 23:06:52 PDT,scottputterman,Target Milestone,M10,
1999-08-02 11:48:35 PDT,scottputterman,Blocks,11091,
1999-08-10 08:23:56 PDT,scottputterman,Status,ASSIGNED,NEW
1999-08-24 15:42:21 PDT,sol,Whiteboard,[PR1],
1999-08-29 17:34:16 PDT,scottputterman,Target Milestone,M11,M10
1999-09-16 10:47:58 PDT,phil,Resolution,FIXED,---
1999-09-16 10:47:58 PDT,phil,Last Resolved,1999-09-16 10:47:58,
1999-09-16 10:47:58 PDT,phil,Status,RESOLVED,ASSIGNED
1999-09-22 16:38:44 PDT,esther,Status,VERIFIED,RESOLVED
2004-11-22 17:25:08 PST,myk,Product,Seamonkey,Browser
