When, Who, What, Added, Removed
1999-07-28 08:53:23 PDT,cathleennscp,Target Milestone,M10,
1999-08-03 18:19:46 PDT,cathleennscp,Blocks,11020,
1999-08-03 18:55:57 PDT,cathleennscp,Summary,[feature] binding is not supported in patching,binding is not supported in patching
1999-08-12 19:37:02 PDT,cathleennscp,Status,ASSIGNED,NEW
1999-08-30 13:40:53 PDT,cathleennscp,Blocks,12805,
1999-08-30 19:32:49 PDT,cathleennscp,Status,RESOLVED,ASSIGNED
1999-08-30 19:32:49 PDT,cathleennscp,Resolution,FIXED,---
1999-08-30 19:32:49 PDT,cathleennscp,Last Resolved,1999-08-30 19:32:49,
1999-09-17 14:59:43 PDT,jimmykenlee,Status,VERIFIED,RESOLVED
