When, Who, What, Added, Removed
1999-07-28 10:27:29 PDT,lchiang,Severity,major,normal
1999-07-28 10:27:29 PDT,lchiang,QA Contact,fenella,lchiang
1999-07-28 10:27:29 PDT,lchiang,Hardware,All,PC
1999-07-28 10:27:29 PDT,lchiang,OS,All,Windows NT
1999-07-30 13:16:53 PDT,scottputterman,Summary,[FEATURE][DOGFOOD] Need to implement next unread message,[DOGFOOD] Need to implement next unread message
1999-07-30 13:16:53 PDT,scottputterman,Blocks,10791,
1999-07-30 13:54:25 PDT,scottputterman,Target Milestone,M10,
1999-08-02 08:07:13 PDT,scottputterman,Depends on,8335,
1999-08-02 11:48:20 PDT,scottputterman,Blocks,11091,
1999-08-10 08:24:16 PDT,scottputterman,Status,ASSIGNED,NEW
1999-08-22 23:19:41 PDT,scottputterman,Resolution,FIXED,---
1999-08-22 23:19:41 PDT,scottputterman,Last Resolved,1999-08-22 23:19:41,
1999-08-22 23:19:41 PDT,scottputterman,Status,RESOLVED,ASSIGNED
1999-09-09 10:32:03 PDT,fenella,Status,VERIFIED,RESOLVED
2004-11-22 17:25:08 PST,myk,Product,Seamonkey,Browser
