When, Who, What, Added, Removed
1999-07-28 11:08:01 PDT,buster,Summary,[DOGFOOD] table dialog problem, entering table width,table dialog problem, entering table width
1999-07-28 11:51:25 PDT,cmanske,Status,ASSIGNED,NEW
1999-07-28 11:51:25 PDT,cmanske,Target Milestone,M9,
1999-08-02 11:28:45 PDT,cmanske,Summary,Test filtering of numeric input in GFX Ender widgets,[DOGFOOD] table dialog problem, entering table width
1999-08-02 11:28:45 PDT,cmanske,Target Milestone,M11,M9
1999-09-23 11:07:22 PDT,brade,Hardware,All,PC
1999-09-23 11:07:22 PDT,brade,OS,All,Windows NT
1999-09-23 12:05:49 PDT,cmanske,Target Milestone,M12,M11
1999-10-10 14:27:19 PDT,cmanske,Status,RESOLVED,ASSIGNED
1999-10-10 14:27:19 PDT,cmanske,Resolution,FIXED,---
1999-10-10 14:27:19 PDT,cmanske,Last Resolved,1999-10-10 14:27:19,
1999-10-12 12:31:38 PDT,sujay,Status,VERIFIED,RESOLVED
