When, Who, What, Added, Removed
1999-07-28 12:17:25 PDT,buster,Depends on,10654,
1999-07-29 17:02:16 PDT,sfraser_bugs,Summary,[DOGFOOD] Selection refresh problem after apply style.,[DOGFOOD] Actions result in unexpected selections
1999-07-29 17:11:12 PDT,sfraser_bugs,Assignee,kin,buster
1999-07-30 10:55:52 PDT,kinmoz,Status,ASSIGNED,NEW
1999-07-30 10:55:52 PDT,kinmoz,Target Milestone,M10,
1999-08-02 15:51:35 PDT,buster,Blocks,10632,
1999-08-27 11:59:49 PDT,akkzilla,Blocks,12658,
1999-08-31 13:46:44 PDT,kinmoz,Last Resolved,1999-08-31 13:46:44,
1999-08-31 13:46:44 PDT,kinmoz,Status,RESOLVED,ASSIGNED
1999-08-31 13:46:44 PDT,kinmoz,Resolution,FIXED,---
1999-09-03 14:25:49 PDT,sujay,Status,VERIFIED,RESOLVED
1999-10-12 10:21:17 PDT,leger,Whiteboard,[PDT+],
