When, Who, What, Added, Removed
1999-07-28 17:15:49 PDT,buster,Summary,[PP]adding lines to list gives small boxes,[PP]adding lines to list gives small boxes
1999-07-28 17:15:49 PDT,buster,Assignee,jfrancis,buster
1999-08-01 00:35:39 PDT,mozeditor,Target Milestone,M10,
1999-09-13 14:04:26 PDT,buster,Target Milestone,M12,M11
1999-09-13 15:30:20 PDT,buster,Summary,numbers from numbered list missing,[PP]adding lines to list gives small boxes
1999-09-13 15:30:20 PDT,buster,Status,NEW,ASSIGNED
1999-09-13 15:30:20 PDT,buster,Component,Layout,Editor
1999-09-13 15:30:20 PDT,buster,Assignee,kipp,jfrancis
1999-09-13 15:31:09 PDT,buster,Summary,numbers from numbered list missing when a <P> is in an <LI>,numbers from numbered list missing
1999-09-14 08:00:28 PDT,kipp,Status,ASSIGNED,NEW
1999-09-14 08:00:28 PDT,kipp,Target Milestone,M11,M12
1999-09-14 17:30:41 PDT,kipp,Last Resolved,1999-09-14 17:30:41,
1999-09-14 17:30:41 PDT,kipp,Status,RESOLVED,ASSIGNED
1999-09-14 17:30:41 PDT,kipp,Resolution,FIXED,---
1999-09-15 15:07:22 PDT,sujay,Status,VERIFIED,RESOLVED
