When, Who, What, Added, Removed
1999-07-28 13:33:01 PDT,sfraser_bugs,Status,ASSIGNED,NEW
1999-08-10 12:57:37 PDT,sfraser_bugs,Target Milestone,M10,
1999-08-27 11:59:49 PDT,akkzilla,Blocks,12658,
1999-09-24 12:43:27 PDT,sfraser_bugs,Status,NEW,ASSIGNED
1999-09-24 12:43:27 PDT,sfraser_bugs,Assignee,jfrancis,sfraser
1999-10-06 13:51:00 PDT,mozeditor,Assignee,buster,jfrancis
1999-10-12 10:22:06 PDT,leger,Whiteboard,[PDT+],
1999-10-18 15:53:39 PDT,buster,Status,ASSIGNED,NEW
1999-10-21 15:57:06 PDT,jar,Blocks,16654,
1999-10-27 21:51:44 PDT,jar,Blocks,17432,
1999-10-28 09:31:48 PDT,rubydoo123,Priority,P1,P3
1999-11-02 07:17:31 PST,buster,Target Milestone,M12,M11
1999-11-03 16:20:29 PST,jar,Blocks,17907,
1999-11-10 11:21:00 PST,jar,Blocks,18471,
1999-11-11 11:25:07 PST,rubydoo123,Whiteboard,[PDT+] [no firm start/end date yet],[PDT+]
1999-11-15 22:01:33 PST,jar,Blocks,18951,
1999-11-18 16:46:13 PST,ftang,Depends on,19130,
1999-11-24 13:00:23 PST,kinmoz,Assignee,kin,buster
1999-11-24 13:00:23 PST,kinmoz,Status,NEW,ASSIGNED
1999-11-24 13:01:50 PST,kinmoz,Status,ASSIGNED,NEW
1999-11-24 17:54:48 PST,rubydoo123,Whiteboard,[PDT+] [by 12/10],[PDT+] [no firm start/end date yet]
1999-11-29 10:09:51 PST,kinmoz,Status,RESOLVED,ASSIGNED
1999-11-29 10:09:51 PST,kinmoz,Resolution,FIXED,---
1999-11-29 10:09:51 PST,kinmoz,Last Resolved,1999-11-29 10:09:51,
1999-11-29 16:03:47 PST,sujay,Status,VERIFIED,RESOLVED
1999-12-05 23:30:17 PST,jar,Blocks,20870,
2000-07-02 18:10:23 PDT,jar,Blocks,,17432
2000-07-02 18:14:34 PDT,jar,Blocks,,17907
2000-07-02 18:26:36 PDT,jar,Blocks,,18471
2000-07-02 18:32:48 PDT,jar,Blocks,,18951
2000-07-02 18:57:09 PDT,jar,Blocks,,20870
