When, Who, What, Added, Removed
1999-08-05 14:59:38 PDT,sfraser_bugs,Assignee,jfrancis,sfraser
1999-08-06 03:30:30 PDT,mozeditor,Assignee,buster,jfrancis
1999-08-07 00:50:25 PDT,buster,Target Milestone,M10,
1999-08-09 13:44:21 PDT,buster,Summary,[DOGFOOD] Cannot set selection between consecutive <BR> tags,[DOGFOOD] Cannot set selection between blocks
1999-08-13 12:44:34 PDT,buster,Assignee,mjudge,buster
1999-08-27 11:59:49 PDT,akkzilla,Blocks,12658,
1999-09-20 12:51:28 PDT,mjudge,Status,RESOLVED,NEW
1999-09-20 12:51:28 PDT,mjudge,Resolution,FIXED,---
1999-09-20 12:51:28 PDT,mjudge,Last Resolved,1999-09-20 12:51:28,
1999-09-22 11:00:23 PDT,sujay,Status,VERIFIED,RESOLVED
1999-10-12 10:20:55 PDT,leger,Whiteboard,[PDT+],
