When, Who, What, Added, Removed
1999-07-28 19:13:33 PDT,brendan,Component,Layout,Javascript Engine
1999-07-28 19:13:33 PDT,brendan,Assignee,tao,brendan
1999-07-28 21:13:22 PDT,tao,Status,ASSIGNED,NEW
1999-07-28 21:13:22 PDT,tao,Target Milestone,M9,
1999-07-29 13:26:24 PDT,brendan,URL,http://lxr.mozilla.org/seamonkey/source/intl/strres/tests/strres-test.xul,http://lxr.mozilla.org/mozilla/source/intl/strres/tests/strres-test.js
1999-07-29 13:53:24 PDT,cbegle,QA Contact,teruko,cbegle
1999-07-30 12:33:21 PDT,tao,Whiteboard,Need to determine where to convert the escape-unicode,
1999-07-30 12:33:21 PDT,tao,Severity,critical,blocker
1999-07-30 12:33:21 PDT,tao,Priority,P1,P3
1999-07-30 12:33:21 PDT,tao,Target Milestone,M10,M9
1999-08-02 10:03:27 PDT,tao,Blocks,7820,
1999-08-04 10:59:39 PDT,tao,Assignee,ftang,tao
1999-08-04 10:59:39 PDT,tao,Whiteboard,Need a converter for escape-unicode,Need to determine where to convert the escape-unicode
1999-08-04 10:59:39 PDT,tao,Status,NEW,ASSIGNED
1999-08-06 12:22:59 PDT,ftang,Status,ASSIGNED,NEW
1999-08-12 01:42:41 PDT,ftang,Depends on,11725,
1999-08-12 01:44:24 PDT,ftang,Assignee,tao,ftang
1999-08-12 01:44:24 PDT,ftang,Status,NEW,ASSIGNED
1999-08-19 16:07:42 PDT,tao,Status,RESOLVED,NEW
1999-08-19 16:07:42 PDT,tao,Resolution,FIXED,---
1999-08-19 16:07:42 PDT,tao,Last Resolved,1999-08-19 16:07:42,
1999-09-29 16:46:06 PDT,teruko,Status,VERIFIED,RESOLVED
