When, Who, What, Added, Removed
1999-07-28 18:42:12 PDT,cmanske,Component,XP Toolkit/Widgets,Editor
1999-07-28 18:42:12 PDT,cmanske,Assignee,danm,cmanske
1999-08-03 15:42:41 PDT,leger,Whiteboard,[Perf],
1999-08-06 12:07:40 PDT,danm.moz,Target Milestone,M11,
1999-08-30 15:02:08 PDT,trudelle,Blocks,12671,
1999-10-12 17:14:07 PDT,leger,Whiteboard,[PDT+][Perf],[Perf]
1999-11-16 11:54:40 PST,danm.moz,Status,RESOLVED,NEW
1999-11-16 11:54:40 PST,danm.moz,Resolution,FIXED,---
1999-11-16 11:54:40 PST,danm.moz,Last Resolved,1999-11-16 11:54:40,
1999-11-30 09:19:32 PST,sujay,Status,VERIFIED,RESOLVED
