When, Who, What, Added, Removed
1999-07-30 17:11:13 PDT,waterson,Status,RESOLVED,NEW
1999-07-30 17:11:13 PDT,waterson,Resolution,FIXED,---
1999-07-30 17:11:13 PDT,waterson,Last Resolved,1999-07-30 17:11:13,
1999-08-02 11:39:08 PDT,scottputterman,Blocks,11091,
1999-08-13 11:57:22 PDT,waterson,Status,REOPENED,RESOLVED
1999-08-13 11:57:22 PDT,waterson,Target Milestone,M10,
1999-08-16 13:53:24 PDT,leger,Resolution,---,FIXED
1999-08-16 15:09:49 PDT,lchiang,Whiteboard,[Perf],
1999-08-16 15:09:49 PDT,lchiang,Blocks,9161,
1999-09-14 16:26:33 PDT,waterson,Resolution,FIXED,---
1999-09-14 16:26:33 PDT,waterson,Last Resolved,1999-09-14 16:26:33,1999-07-30 17:11:13
1999-09-14 16:26:33 PDT,waterson,Status,RESOLVED,REOPENED
1999-09-14 16:30:11 PDT,waterson,Status,REOPENED,RESOLVED
1999-09-14 16:31:54 PDT,phil,Resolution,---,FIXED
1999-11-18 23:39:29 PST,waterson,Status,RESOLVED,REOPENED
1999-11-18 23:39:29 PST,waterson,Resolution,FIXED,---
1999-11-18 23:39:29 PST,waterson,Last Resolved,1999-11-18 23:39:29,1999-09-14 16:26:33
1999-11-23 16:51:11 PST,lchiang,QA Contact,suresh,lchiang
2000-02-21 15:17:23 PST,skasinathan,Status,VERIFIED,RESOLVED
2004-11-22 17:25:08 PST,myk,Product,Seamonkey,Browser
