When, Who, What, Added, Removed
1999-08-02 15:54:44 PDT,buster,Summary,[PP]selection highlight not working,[PP]selection highlight not working
1999-08-02 15:54:44 PDT,buster,Severity,major,normal
1999-08-02 15:54:44 PDT,buster,Priority,P2,P3
1999-08-02 15:54:44 PDT,buster,Assignee,akkana,buster
1999-08-02 16:03:16 PDT,akkzilla,Status,RESOLVED,NEW
1999-08-02 16:03:16 PDT,akkzilla,Resolution,WORKSFORME,---
1999-08-02 16:03:16 PDT,akkzilla,Last Resolved,1999-08-02 16:03:16,
1999-08-03 13:21:14 PDT,sujay,Status,REOPENED,RESOLVED
1999-08-05 10:20:56 PDT,leger,Hardware,Sun,Other
1999-08-05 10:20:56 PDT,leger,Resolution,---,WORKSFORME
1999-08-05 11:53:37 PDT,akkzilla,Summary,[PP] Solaris: XOR selection highlight not working,[PP]selection highlight not working
1999-08-05 11:53:37 PDT,akkzilla,Status,NEW,REOPENED
1999-08-05 11:53:37 PDT,akkzilla,Assignee,ramiro,akkana
1999-09-02 04:59:52 PDT,ramiro,Assignee,mcafee,ramiro
1999-09-07 00:30:21 PDT,mcafee,Target Milestone,M1,
1999-09-07 00:33:54 PDT,mcafee,Target Milestone,M12,M1
1999-09-15 17:23:22 PDT,mcafee,OS,BSDI,Linux
1999-09-15 17:23:22 PDT,mcafee,Component,Event Handling,Editor
1999-09-15 17:23:22 PDT,mcafee,Depends on,13916,
1999-09-17 10:14:44 PDT,mcafee,Depends on,13160,13916
1999-11-30 10:27:31 PST,don,Target Milestone,M13,M12
1999-12-23 05:08:56 PST,don,Target Milestone,M14,M13
2000-01-23 16:45:48 PST,michael.j.lowe,Keywords,pp,
2000-02-11 00:04:24 PST,mcafee,Target Milestone,M15,M14
2000-02-11 20:33:44 PST,michael.j.lowe,Summary,Solaris: XOR selection highlight not working,[PP] Solaris: XOR selection highlight not working
2000-04-05 13:38:58 PDT,don,Target Milestone,M16,M15
2000-05-03 16:17:53 PDT,verah,Target Milestone,M18,M16
2000-05-25 14:32:55 PDT,don,Target Milestone,M21,M18
2000-05-31 22:50:45 PDT,mcafee,Status,RESOLVED,NEW
2000-05-31 22:50:45 PDT,mcafee,Resolution,FIXED,---
2000-05-31 22:50:45 PDT,mcafee,Last Resolved,2000-05-31 22:50:45,1999-08-02 16:03:16
2000-06-13 10:05:04 PDT,sujay,Status,VERIFIED,RESOLVED
