When, Who, What, Added, Removed
1999-07-28 16:30:19 PDT,buster,Summary,[BLOCKER] Infinitely repeating text causes hang,Infinitely repeating text causes hang
1999-07-28 16:30:19 PDT,buster,Severity,blocker,normal
1999-07-28 16:30:19 PDT,buster,Priority,P1,P3
1999-07-28 16:30:19 PDT,buster,Assignee,jfrancis,buster
1999-07-28 17:11:05 PDT,mozeditor,Status,ASSIGNED,NEW
1999-07-29 16:42:19 PDT,mozeditor,Status,RESOLVED,ASSIGNED
1999-07-29 16:42:19 PDT,mozeditor,Resolution,FIXED,---
1999-07-29 16:42:19 PDT,mozeditor,Last Resolved,1999-07-29 16:42:19,
1999-08-03 15:31:13 PDT,lchiang,Status,VERIFIED,RESOLVED
