When, Who, What, Added, Removed
1999-07-28 16:14:35 PDT,lchiang,Whiteboard,[Perf],
1999-07-30 09:54:50 PDT,waterson,Status,ASSIGNED,NEW
1999-07-30 10:00:10 PDT,waterson,Status,NEW,ASSIGNED
1999-08-02 11:48:03 PDT,scottputterman,Blocks,11091,
1999-08-05 22:35:24 PDT,scottputterman,Whiteboard,[Perf][DOGFOOD] Mailnews needs for dogfood,[Perf]
1999-08-19 19:09:14 PDT,phil,Whiteboard,[Perf][DOGFOOD][BLOCKER] Mailnews needs for dogfood,[Perf][DOGFOOD] Mailnews needs for dogfood
1999-08-19 19:09:14 PDT,phil,Severity,blocker,normal
1999-08-19 19:09:14 PDT,phil,Blocks,12176,11091
1999-08-22 00:26:17 PDT,hyatt,Status,NEW,ASSIGNED
1999-08-22 00:26:17 PDT,hyatt,Assignee,putterman,hyatt
1999-08-22 23:18:47 PDT,scottputterman,Status,RESOLVED,NEW
1999-08-22 23:18:47 PDT,scottputterman,Resolution,FIXED,---
1999-08-22 23:18:47 PDT,scottputterman,Last Resolved,1999-08-22 23:18:47,
1999-10-07 16:53:53 PDT,esther,Depends on,15094,
1999-10-07 18:23:24 PDT,phil,Blocks,,12176
1999-11-22 18:01:12 PST,lchiang,QA Contact,suresh,lchiang
2000-02-21 14:55:28 PST,skasinathan,Status,VERIFIED,RESOLVED
2001-10-30 10:24:24 PST,cmanske,CC,TucsonTester2,
2004-11-22 17:25:08 PST,myk,Product,Seamonkey,Browser
