When, Who, What, Added, Removed
1999-08-03 15:52:27 PDT,leger,Summary,[PP]GetFolder: "Mac Shutdown" as target erroneously uses Startup Items instead,GetFolder: "Mac Shutdown" as target erroneously uses Startup Items instead
1999-08-06 08:48:18 PDT,cathleennscp,Assignee,sgehani,cathleen
1999-08-06 08:48:18 PDT,cathleennscp,Target Milestone,M10,
1999-08-15 13:36:04 PDT,samir_bugzilla,Status,ASSIGNED,NEW
1999-08-20 18:38:23 PDT,samir_bugzilla,Status,RESOLVED,ASSIGNED
1999-08-20 18:38:23 PDT,samir_bugzilla,Resolution,FIXED,---
1999-08-20 18:38:23 PDT,samir_bugzilla,Last Resolved,1999-08-20 18:38:23,
1999-08-25 18:33:18 PDT,jimmykenlee,Status,VERIFIED,RESOLVED
