When, Who, What, Added, Removed
1998-10-11 18:26:46 PDT,scullin,Assignee,kipp,scullin
1998-10-12 07:41:44 PDT,kipp,Status,ASSIGNED,NEW
1998-10-15 16:33:45 PDT,kipp,Status,NEW,ASSIGNED
1998-10-15 16:33:45 PDT,kipp,Assignee,rpotts,kipp
1998-11-23 17:53:08 PST,leger,URL,http://localhost:80,
1998-11-24 06:43:07 PST,leger,Status,RESOLVED,NEW
1998-11-24 06:43:07 PST,leger,Resolution,FIXED,---
1998-11-24 06:43:07 PST,leger,Last Resolved,1998-11-24 06:43:07,
1999-02-01 15:02:14 PST,rubydoo123,QA Contact,1193,
1999-02-03 14:59:15 PST,elig,Status,VERIFIED,RESOLVED
2008-07-31 04:30:00 PDT,nobody,Product,Core Graveyard,Core
