When, Who, What, Added, Removed
1999-07-28 16:51:22 PDT,jonesev,Whiteboard,[TESTCASE] HTML should recieve events,
1999-07-28 16:51:22 PDT,jonesev,Depends on,3140,
1999-08-28 17:12:11 PDT,dbaron,Component,Parser,DOM Level 0
1999-08-28 17:12:11 PDT,dbaron,Assignee,rickg,vidur
1999-08-30 00:06:01 PDT,rickg,Component,DOM Level 1,Parser
1999-08-30 00:06:01 PDT,rickg,Assignee,vidur,rickg
2000-01-21 13:51:07 PST,ekrock,Keywords,testcase,
2000-03-08 17:23:23 PST,vidur,Target Milestone,M18,
2000-08-07 11:18:13 PDT,jst,Status,RESOLVED,ASSIGNED
2000-08-07 11:18:13 PDT,jst,Resolution,FIXED,---
2000-08-07 11:18:13 PDT,jst,Last Resolved,2000-08-07 11:18:13,
2001-02-22 21:17:27 PST,ian,Component,DOM Events,DOM Level 1
2001-06-05 12:00:24 PDT,desale,QA Contact,stummala,desale
2001-07-18 14:45:50 PDT,stummala,Status,VERIFIED,RESOLVED
