When, Who, What, Added, Removed
1999-07-28 17:22:43 PDT,esther,QA Contact,nbaca,lchiang
1999-07-28 17:22:43 PDT,esther,Assignee,hyatt,mscott
1999-07-28 17:48:53 PDT,hyatt,Assignee,danm,hyatt
1999-07-29 14:06:03 PDT,danm.moz,Status,ASSIGNED,NEW
1999-07-29 14:06:03 PDT,danm.moz,Target Milestone,M9,
1999-07-30 16:55:01 PDT,danm.moz,Whiteboard,workaround checked in; real fix pending,
1999-08-07 13:50:48 PDT,danm.moz,Status,RESOLVED,ASSIGNED
1999-08-07 13:50:48 PDT,danm.moz,Resolution,FIXED,---
1999-08-07 13:50:48 PDT,danm.moz,Last Resolved,1999-08-07 13:50:48,
1999-08-17 11:24:08 PDT,nbaca,Status,VERIFIED,RESOLVED
2002-01-29 17:58:58 PST,scottputterman,Depends on,66868,
2004-11-22 17:25:08 PST,myk,Product,Seamonkey,Browser
