When, Who, What, Added, Removed
1999-08-17 16:48:12 PDT,vidur,Status,ASSIGNED,NEW
1999-08-17 16:48:12 PDT,vidur,Target Milestone,M10,
1999-08-20 14:33:33 PDT,vidur,Status,NEW,ASSIGNED
1999-08-20 14:33:33 PDT,vidur,Assignee,troy,vidur
1999-08-20 15:32:18 PDT,troy,Component,Compositor,DOM Level 2
1999-08-20 15:32:18 PDT,troy,Assignee,beard,troy
1999-08-31 21:45:04 PDT,beard,Status,ASSIGNED,NEW
1999-08-31 21:58:03 PDT,beard,Status,RESOLVED,ASSIGNED
1999-08-31 21:58:03 PDT,beard,Resolution,FIXED,---
1999-08-31 21:58:03 PDT,beard,Last Resolved,1999-08-31 21:58:03,
2009-01-22 10:17:43 PST,nobody,Product,Core Graveyard,Core
