When, Who, What, Added, Removed
1999-07-28 19:28:15 PDT,waterson,Status,ASSIGNED,NEW
1999-07-28 19:28:15 PDT,waterson,Target Milestone,M9,
1999-08-06 16:26:01 PDT,waterson,Blocks,11414,
1999-09-14 10:35:50 PDT,johng,Status,NEW,ASSIGNED
1999-09-14 10:35:50 PDT,johng,Assignee,phillip,waterson
1999-09-14 11:04:40 PDT,phillip,Assignee,waterson,phillip
1999-09-14 11:08:47 PDT,phillip,Status,RESOLVED,NEW
1999-09-14 11:08:47 PDT,phillip,Resolution,FIXED,---
1999-09-14 11:08:47 PDT,phillip,Last Resolved,1999-09-14 11:08:47,
1999-09-14 16:36:48 PDT,phillip,OS,All,Windows 95
1999-09-14 16:36:48 PDT,phillip,Status,REOPENED,RESOLVED
1999-09-14 16:36:48 PDT,phillip,Hardware,All,PC
1999-09-14 16:37:39 PDT,phillip,Resolution,---,FIXED
1999-09-14 17:20:46 PDT,waterson,Status,RESOLVED,REOPENED
1999-09-14 17:20:46 PDT,waterson,Resolution,FIXED,---
1999-09-14 17:20:46 PDT,waterson,Last Resolved,1999-09-14 17:20:46,1999-09-14 11:08:47
1999-09-14 17:51:18 PDT,phillip,Status,VERIFIED,RESOLVED
