When, Who, What, Added, Removed
1999-07-28 23:18:38 PDT,karnaze,Assignee,kmcclusk,karnaze
1999-07-30 13:24:09 PDT,kmcclusk,Assignee,pierre,kmcclusk
1999-07-30 13:24:09 PDT,kmcclusk,Summary,[PP][Mac]Have to click twice to get checkbox to uncheck the first time,Have to click twice to get checkbox to uncheck the first time
1999-08-07 11:10:27 PDT,pierre,Status,RESOLVED,NEW
1999-08-07 11:10:27 PDT,pierre,Resolution,FIXED,---
1999-08-07 11:10:27 PDT,pierre,Last Resolved,1999-08-07 11:10:27,
1999-08-09 13:12:14 PDT,mikepinkerton,Status,REOPENED,RESOLVED
1999-08-10 12:21:55 PDT,leger,Resolution,---,FIXED
1999-09-13 18:34:37 PDT,pierre,Status,ASSIGNED,REOPENED
1999-09-13 18:34:37 PDT,pierre,Target Milestone,M11,
1999-09-24 12:46:44 PDT,pierre,Status,RESOLVED,ASSIGNED
1999-09-24 12:46:44 PDT,pierre,Resolution,FIXED,---
1999-09-24 12:46:44 PDT,pierre,Last Resolved,1999-09-24 12:46:44,1999-08-07 11:10:27
1999-10-25 18:52:41 PDT,ckritzer,Status,VERIFIED,RESOLVED
