When, Who, What, Added, Removed
1999-07-29 18:48:34 PDT,dbaron,Summary,CSS2 text-shadow not implemented,CSS text shaodw not implemented
1999-07-29 18:48:34 PDT,dbaron,Severity,enhancement,major
1999-07-29 18:48:34 PDT,dbaron,Component,Layout,DOM Level 2
1999-07-29 18:48:34 PDT,dbaron,Assignee,troy,vidur
1999-07-29 18:52:18 PDT,troy,Assignee,kipp,troy
1999-08-08 07:01:51 PDT,kipp,Summary,{feature} CSS2 text-shadow not implemented,CSS2 text-shadow not implemented
1999-08-08 07:01:51 PDT,kipp,Status,ASSIGNED,NEW
1999-08-08 07:01:51 PDT,kipp,Severity,normal,enhancement
1999-08-08 07:01:51 PDT,kipp,Priority,P5,P3
1999-08-08 07:01:51 PDT,kipp,Target Milestone,M15,
1999-08-28 15:17:00 PDT,ian,Status,RESOLVED,ASSIGNED
1999-08-28 15:17:00 PDT,ian,Resolution,LATER,---
1999-08-28 15:17:00 PDT,ian,Last Resolved,1999-08-28 15:17:00,
1999-08-28 15:17:00 PDT,ian,Summary,{feature} {css2} text-shadow not implemented,{feature} CSS2 text-shadow not implemented
2000-01-13 16:07:26 PST,ian,Keywords,css2,
2000-03-06 11:50:23 PST,buster,Status,NEW,RESOLVED
2000-03-06 11:50:23 PST,buster,Assignee,buster,kipp
2000-03-06 19:05:58 PST,buster,Last Resolved,2000-03-06 19:05:58,1999-08-28 15:17:00
2000-03-06 19:05:58 PST,buster,Status,RESOLVED,NEW
2000-10-27 00:26:39 PDT,ian,Keywords,correctness,
2000-10-27 00:26:39 PDT,ian,Summary,RFE: text-shadow not implemented,{feature} {css2} text-shadow not implemented
2000-10-27 00:26:39 PDT,ian,Status,REOPENED,RESOLVED
2000-10-27 00:26:39 PDT,ian,Resolution,---,LATER
2000-10-27 00:26:39 PDT,ian,Severity,enhancement,normal
2000-10-27 00:26:39 PDT,ian,QA Contact,ian,vidur
2000-10-27 00:26:39 PDT,ian,Target Milestone,Future,M15
2000-10-27 11:26:21 PDT,christinehoff4,CC,chrisd,
2001-04-20 21:10:29 PDT,thomas.swan,CC,tswan,
2001-04-26 17:08:13 PDT,ian,Keywords,nsbeta1,
2001-04-30 07:35:19 PDT,hoju,CC,hoju,
2001-05-19 23:41:42 PDT,hoju,CC,thornesa,
2001-07-11 17:05:03 PDT,ian,Whiteboard,[Hixie-PF],
2001-07-24 23:34:53 PDT,cplyon,CC,damon_vaughan,
2001-08-11 21:30:01 PDT,caillon,CC,caillon,
2001-08-28 01:22:57 PDT,kazhik,CC,kazhik,
2001-09-27 12:16:40 PDT,basic,CC,_basic,
2001-10-04 16:31:14 PDT,kmcclusk,Status,NEW,REOPENED
2001-10-04 16:31:14 PDT,kmcclusk,Assignee,attinasi,buster
2001-10-04 16:31:14 PDT,henrik,CC,bugs_it,
2001-10-10 19:53:18 PDT,asa,Blocks,104166,
2001-10-21 01:14:03 PDT,bugmail,CC,greg,
2001-11-08 16:27:07 PST,dr,Summary,CSS 2 text-shadow property not implemented,RFE: text-shadow not implemented
2001-11-08 16:27:07 PST,dr,Severity,minor,enhancement
2001-11-08 16:27:07 PST,dr,CC,dr,
2001-11-08 16:49:20 PST,bugmail,Summary,Implement CSS Level 2 "text-shadow" property,CSS 2 text-shadow property not implemented
2001-11-26 09:01:03 PST,hoju,CC,nikolai,
2001-11-27 18:40:22 PST,rubydoo123,Whiteboard,[Hixie-PF][bae:20011127],[Hixie-PF]
2001-11-29 16:49:50 PST,mail,CC,dylans,
2002-01-06 09:41:31 PST,Daniel.Steinberger,CC,Daniel.Steinberger,
2002-01-27 10:20:19 PST,Chris244,CC,Chris244,
2002-03-12 20:24:06 PST,bugzilla_kl,CC,kl,
2002-03-21 10:53:28 PST,basic,CC,,_basic
2002-03-29 03:09:05 PST,piskozub,CC,piskozub,
2002-04-02 12:57:51 PST,dbaron,CC,brantgurganus2001,
2002-04-02 13:20:13 PST,dr,CC,,dr
2002-04-02 13:22:29 PST,megabyte,CC,ask,
2002-05-16 06:34:10 PDT,chrisbolt,CC,chris-mozilla,
2002-05-17 06:12:38 PDT,karl,CC,huftis,
2002-05-30 01:48:14 PDT,sunsear,CC,sunsear,
2002-06-03 12:03:39 PDT,christinehoff4,CC,,chrisd
2002-06-03 13:53:39 PDT,madhur,CC,madhur,
2002-06-28 12:25:57 PDT,nick,CC,nick,
2002-07-25 08:07:39 PDT,agustinmfernandez,CC,amfc,
2002-09-04 18:39:18 PDT,bamm,Blocks,137350,
2002-10-09 14:20:56 PDT,bugzilla,Whiteboard,[Hixie-PF][bae:20011127] Read comment 43 before adding useless comments.,[Hixie-PF][bae:20011127]
2002-10-09 16:24:09 PDT,caillon,Keywords,helpwanted,
2002-10-09 16:24:09 PDT,caillon,Assignee,nobody,attinasi
2002-10-15 15:12:17 PDT,bugs,CC,bugs,
2002-10-23 06:06:30 PDT,burnus,CC,burnus,
2002-11-13 10:12:52 PST,lasse,CC,lasse,
2002-12-10 18:00:16 PST,nrm,CC,nrm,
2002-12-11 14:40:20 PST,Quicksilver,CC,Quicksilver,
2002-12-16 22:28:57 PST,samuel,CC,samuel,
2002-12-27 06:56:10 PST,bugzilla,CC,jose.jeria,
2003-01-01 05:48:56 PST,markushuebner,CC,markush,
2003-01-03 10:13:23 PST,smontagu,CC,smontagu,
2003-01-06 22:55:29 PST,bzbarsky,CC,jan-jr-ent,
2003-04-04 13:16:45 PST,piers,CC,piersc,
2003-04-04 13:17:37 PST,cbiesinger,CC,cbiesinger,
2003-04-28 01:53:46 PDT,bugzilla,CC,,jose.jeria
2003-05-27 22:55:33 PDT,jlp.bugs,CC,jlp,
2003-06-17 14:45:20 PDT,cbiesinger,Summary,Implement CSS Level 2/3 "text-shadow" property,Implement CSS Level 2 "text-shadow" property
2003-06-18 03:03:05 PDT,dtomaszuk,CC,dtomaszuk,
2003-08-02 13:39:09 PDT,dbaron,Component,Layout: Fonts and Text,Layout
2003-08-26 06:18:10 PDT,liori,CC,liori,
2003-08-26 07:23:23 PDT,nikolai,CC,,nikolai
2003-09-18 01:55:32 PDT,steffen.wilberg,CC,steffen.wilberg,
2003-10-25 10:02:40 PDT,erik,CC,erik,
2003-10-25 18:53:08 PDT,berkut.bugzilla,CC,berkut1337,
2003-10-31 11:29:19 PST,tpowellmoz,CC,tpowellmoz,
2003-11-04 23:16:49 PST,bugzilla,CC,08.6422421,
2003-11-08 22:07:59 PST,deegg,CC,deegg,
2003-11-13 00:49:42 PST,keeda,CC,keeda,
2003-11-23 02:05:11 PST,bugzilla,URL,http://whatdoiknow.org/other/shadow.html,http://www.dizoglio.com/~bugzilla/text-shadow.html
2003-11-28 20:49:37 PST,schapel,Whiteboard,[Hixie-PF][bae:20011127][parity-safari] Read comment 43 before adding useless comments.,[Hixie-PF][bae:20011127] Read comment 43 before adding useless comments.
2003-12-05 05:05:18 PST,peter.nilsson,CC,peter.nilsson,
2003-12-10 23:32:11 PST,sekundes,CC,umbbs,
2003-12-12 12:40:33 PST,will.rickards,CC,williamr,
2003-12-15 05:42:52 PST,annevk,Summary,Implement CSS2 text-shadow property,Implement CSS Level 2/3 "text-shadow" property
2003-12-15 06:49:43 PST,cbiesinger,Summary,Implement CSS2/3 text-shadow property,Implement CSS2 text-shadow property
2003-12-15 11:26:45 PST,annevk,Keywords,css3,
2003-12-17 09:18:03 PST,pascalc,CC,pascal.chevrel,
2003-12-17 16:22:56 PST,seb,CC,seb,
2003-12-21 18:32:37 PST,Bugzilla-alanjstrBugs,CC,9quawbieby0001,
2003-12-26 17:31:54 PST,ezh,CC,ezh,
2004-01-07 12:50:51 PST,bugzilla-mozilla-20000923,CC,silver,
2004-01-20 17:48:47 PST,zedorg,CC,col,
2004-01-26 07:06:08 PST,aha,CC,aha,
2004-01-26 07:12:53 PST,aha,Blocks,163993,
2004-01-26 08:02:14 PST,david,CC,dmajda-misc,
2004-01-26 09:59:48 PST,wlevine,CC,yakgoatcamel,
2004-02-28 03:22:41 PST,hskupin,CC,bugzilla,
2004-04-11 02:34:55 PDT,sekundes,Blocks,104960,
2004-04-20 12:38:42 PDT,tdanner,CC,tdanner,
2004-04-30 22:42:38 PDT,ryan,CC,info,
2004-05-13 02:19:55 PDT,amotohiko_mozillafirebird,CC,amotohiko_mozillafirebird,
2004-06-01 10:52:20 PDT,masayuki,CC,masayuki,
2004-06-01 23:38:47 PDT,bugzilla,CC,hassman,
2004-06-08 10:04:20 PDT,Bugzilla-alanjstrBugs,CC,tbjtwub02,9quawbieby0001
2004-06-09 05:25:28 PDT,droth,CC,droth,
2004-07-31 14:04:15 PDT,jhenry,CC,jhenry,
2004-08-13 17:27:40 PDT,xavier.lepaul,CC,xavier.lepaul,
2004-08-28 07:17:35 PDT,e|vo,CC,e|vo,
2004-09-12 11:26:20 PDT,pivisko,CC,pivo,
2004-10-19 00:45:40 PDT,bugspam.Callek,CC,116057,
2004-10-19 14:07:19 PDT,bugzilla1,CC,bugzilla,
2004-11-04 20:52:28 PST,firefox,CC,firefox,
2004-12-17 05:25:41 PST,annevk,CC,bug,
2004-12-19 02:34:53 PST,michael.arnauts+mozilla,CC,michaelarnauts2,
2004-12-21 10:52:08 PST,bmo,CC,lbenne01,
2005-01-27 09:45:43 PST,minghong,CC,minghong,
2005-02-04 02:11:24 PST,n-roeser,CC,n-roeser,
2005-02-05 13:14:48 PST,luke-jr+mozillabugs,CC,luke-jr+mozillabugs,
2005-02-28 01:42:07 PST,taken.spc,CC,taken.spc,
2005-03-10 04:13:58 PST,smanux,CC,smanux,
2005-03-14 11:35:58 PST,piers,CC,,piers
2005-03-23 20:34:00 PST,amotohiko_mozillafirebird,CC,,amotohiko_mozillafirebird
2005-03-26 08:35:55 PST,pcvrcek,CC,cvrcek,
2005-04-05 05:29:37 PDT,kae,CC,kae,
2005-05-03 03:28:38 PDT,ogi,CC,ogi,
2005-05-26 10:49:09 PDT,mozilla,Blocks,,163993
2005-06-05 15:06:39 PDT,BoxerBoi76,CC,BoxerBoi76,
2005-06-23 12:39:13 PDT,rishi.maharaj,CC,rishi_maharaj,
2005-06-25 22:45:43 PDT,firefox,CC,,firefox
2005-07-23 15:20:10 PDT,xtc4uall,CC,xtc4uall,
2005-07-29 12:06:33 PDT,BoxerBoi76,Flags,blocking-aviary2.0?,
2005-08-24 22:17:52 PDT,opera.wang,CC,wangvisual,
2005-09-01 05:50:30 PDT,moz,CC,mozilla,
2005-09-12 04:54:22 PDT,pcvrcek,CC,,cvrcek
2005-09-13 08:45:36 PDT,bamm,CC,bamm,
2005-09-19 16:30:15 PDT,cbiesinger,Priority,P1,P5
2005-09-19 16:30:15 PDT,cbiesinger,Assignee,cbiesinger,nobody
2005-09-19 16:30:15 PDT,cbiesinger,Target Milestone,mozilla1.9alpha,Future
2005-09-19 16:31:48 PDT,cbiesinger,Keywords,,helpwanted
2005-09-19 16:31:48 PDT,cbiesinger,Blocks,251414,
2005-09-20 10:17:09 PDT,cbiesinger,Attachment #196808                Flags,review?(dbaron), superreview?(dbaron),
2005-09-22 00:26:30 PDT,michael.arnauts+mozilla,CC,,michael.arnauts
2005-09-22 11:02:50 PDT,cbiesinger,CC,mnyromyr,
2005-09-22 20:19:17 PDT,basic,CC,basic,
2005-09-22 20:52:01 PDT,dbaron,Attachment #196808                Flags,review-, superreview-,review?(dbaron), superreview?(dbaron)
2005-09-25 14:28:25 PDT,cbiesinger,Attachment #196808                Attachment is obsolete,1,0
2005-09-25 14:28:25 PDT,cbiesinger,Attachment #197362                Flags,review?(dbaron), superreview?(dbaron),
2005-09-26 01:39:51 PDT,jwalden+fxhelp,CC,jwalden+bmo,
2005-09-28 17:24:33 PDT,cbiesinger,Attachment #197362                Flags,,review?(dbaron), superreview?(dbaron)
2005-09-28 17:24:33 PDT,cbiesinger,Attachment #197362                Attachment is obsolete,1,0
2005-09-28 17:44:02 PDT,cbiesinger,Attachment #197778                Flags,review?(dbaron), superreview?(dbaron),
2005-10-04 06:24:34 PDT,listy,CC,listy,
2005-10-06 16:29:35 PDT,mhewitt,CC,FLFQRDNOHDVY,
2005-10-13 15:18:52 PDT,moz,CC,moz,
2005-10-13 15:34:02 PDT,dbaron,Depends on,308409,
2005-10-16 13:08:32 PDT,pirat,CC,pirat,
2005-10-26 20:25:58 PDT,goodvin,CC,goodvin,
2005-10-31 10:07:58 PST,hubert+bmo,CC,hubert.gajewski,
2005-11-04 16:23:27 PST,dbaron,Attachment #197778                Flags,review-, superreview-,review?(dbaron), superreview?(dbaron)
2005-11-04 17:07:22 PST,mhewitt,CC,,uoA1uHaj
2005-11-13 22:27:57 PST,xslf,CC,xslf,
2005-11-14 03:07:21 PST,magicdice,CC,magicdice,
2005-11-21 09:22:35 PST,martijn.martijn,CC,martijn.martijn,
2005-12-03 14:19:48 PST,pcvrcek,CC,bugs,
2006-01-05 10:47:46 PST,mconnor,Flags,blocking1.8.1?,blocking-aviary2?
2006-01-05 10:54:54 PST,gavin.sharp,CC,gavin.sharp,
2006-01-29 01:14:16 PST,ispiked,CC,ispiked,
2006-01-29 11:37:30 PST,ryanvm,CC,ryanvm,
2006-01-30 12:10:06 PST,samuel.sidler+old,CC,bugzilla,
2006-02-05 11:14:38 PST,bugs-bmo,CC,unknown,
2006-02-10 06:16:40 PST,moz2,CC,moz,
2006-02-28 03:10:39 PST,ogirtd,CC,ogirtd,
2006-03-28 17:13:27 PST,cbiesinger,Attachment #197778                Attachment is obsolete,1,0
2006-04-18 10:17:57 PDT,shaver,Flags,blocking1.8.1+,blocking1.8.1?
2006-04-18 14:46:29 PDT,sendmail.to,CC,sendmail.to,
2006-05-09 19:07:31 PDT,phnixwxz1,CC,phnixwxz1,
2006-05-20 08:28:56 PDT,niederstrasser,CC,niederstrasser,
2006-05-28 16:46:35 PDT,ancestor.ak,CC,ancestor.ak,
2006-06-09 22:06:57 PDT,mnordhoff,CC,mnordhoff,
2006-06-20 01:32:40 PDT,mike,CC,pmike2001,
2006-06-28 17:32:28 PDT,mbeltzner,Flags,blocking1.8.1-,blocking1.8.1+
2006-08-25 11:18:46 PDT,samuel.sidler+old,CC,paulo.gp,
2006-12-03 07:38:41 PST,dao,CC,bugzilla,
2007-01-22 15:05:38 PST,gandalf,CC,gandalf,
2007-01-23 10:07:33 PST,ian,Flags,blocking1.9?,
2007-03-08 18:18:11 PST,dbaron,Whiteboard,[wanted-1.9][Hixie-PF][bae:20011127][parity-safari] Read comment 43 before adding useless comments.,[Hixie-PF][bae:20011127][parity-safari] Read comment 43 before adding useless comments.
2007-03-08 18:18:11 PST,dbaron,Flags,blocking1.9-,blocking1.9?
2007-04-10 09:22:37 PDT,bugs,CC,bugs,
2007-05-02 05:57:11 PDT,neil,CC,neil,
2007-05-06 23:03:54 PDT,sierkb,CC,sierkb,
2007-05-16 09:59:07 PDT,sciguyryan,CC,sciguyryan,
2007-06-22 06:30:48 PDT,xhva.net,CC,xhva.net,
2007-06-26 19:19:38 PDT,mats_a,CC,mats_a,
2007-06-27 23:15:49 PDT,marcoos+bmo,CC,marcoos+bmo,
2007-07-01 02:59:31 PDT,hultmann,CC,hultmann,
2007-07-01 07:56:26 PDT,tdanner,CC,,tdanner
2007-07-01 23:37:01 PDT,amyrose1024,CC,amyrose1024,
2007-07-16 09:57:33 PDT,dzbarsky,CC,dzbarsky,
2007-07-25 15:19:29 PDT,db48x,CC,db48x,
2007-07-25 15:29:07 PDT,dao,Whiteboard,[wanted-1.9][Hixie-PF][bae:20011127][parity-safari][parity-opera] Read comment 43 before adding useless comments.,[wanted-1.9][Hixie-PF][bae:20011127][parity-safari] Read comment 43 before adding useless comments.
2007-07-26 09:57:03 PDT,marcoos+bmo,CC,,marcoos+bmo
2007-07-28 20:23:40 PDT,yuki,CC,piro,
2007-07-29 02:55:13 PDT,wladow,CC,valastiak,
2007-10-01 22:38:20 PDT,listy,CC,,listy
2007-10-26 09:05:22 PDT,andrewm715+bugzilla,CC,andrewm715+bugzilla,
2007-10-26 09:24:48 PDT,tor,CC,tor,
2007-12-17 23:08:37 PST,dbaron,Depends on,345620,
2008-01-03 03:23:29 PST,stream,CC,stream,
2008-01-07 08:40:54 PST,sabinoffargo6,CC,sabinoffargo6,
2008-01-13 21:53:39 PST,jruderman,Blocks,410460,
2008-01-16 02:25:02 PST,reed,Flags,wanted1.9+,
2008-01-16 02:25:02 PST,reed,Whiteboard,[Hixie-PF][bae:20011127][parity-safari][parity-opera] Read comment 43 before adding useless comments.,[wanted-1.9][Hixie-PF][bae:20011127][parity-safari][parity-opera] Read comment 43 before adding useless comments.
2008-01-16 02:25:59 PST,reed,CC,reed,
2008-01-16 10:26:09 PST,kontakt,CC,jakub.rusinek,
2008-01-22 03:44:37 PST,ribeiro.breno,CC,ribeiro.breno,
2008-01-23 13:35:59 PST,wjohnston2000,CC,wesley-johnston,
2008-01-24 07:13:21 PST,john,CC,john,
2008-01-29 23:20:11 PST,jruderman,Keywords,perf,
2008-01-30 15:54:42 PST,rlanday,CC,RLanday,
2008-02-11 16:34:59 PST,djcater+bugzilla,CC,DJCater,
2008-02-17 16:59:41 PST,BijuMailList,CC,BijuMailList,
2008-02-20 07:02:58 PST,webmaster,CC,webmaster,
2008-02-29 10:37:42 PST,torres.dark,CC,torres.dark,
2008-03-04 07:02:40 PST,d-kalck,CC,d-kalck,
2008-03-08 07:50:46 PST,zurtex,CC,zurtex,
2008-03-13 03:11:45 PDT,jo.hermans,CC,henry.fai.hang.chan,
2008-03-18 18:16:55 PDT,rflint,Blocks,414728,
2008-03-18 18:20:36 PDT,asa,Blocks,,414728
2008-03-18 23:18:57 PDT,dbaron,Alias,text-shadow,
2008-03-19 00:46:41 PDT,dao,Blocks,414728,
2008-03-19 02:45:03 PDT,jose.fandos,CC,jose.fandos,
2008-03-19 02:52:11 PDT,dao,Target Milestone,---,mozilla1.9alpha1
2008-03-19 02:52:11 PDT,dao,Keywords,,css2
2008-03-19 02:52:11 PDT,dao,Summary,Implement CSS3 text-shadow property,Implement CSS2/3 text-shadow property
2008-03-19 02:52:11 PDT,dao,Severity,normal,minor
2008-03-19 02:52:51 PDT,dao,Attachment #216587                Attachment is obsolete,1,0
2008-03-19 03:00:05 PDT,dao,Blocks,69710,
2008-03-19 03:02:04 PDT,dao,Blocks,,137350
2008-03-19 07:45:40 PDT,cbiesinger,Summary,Implement CSS2/3 text-shadow property,Implement CSS3 text-shadow property
2008-03-19 07:59:42 PDT,cbiesinger,Summary,Implement CSS3 text-shadow property,Implement CSS2/3 text-shadow property
2008-03-23 20:31:42 PDT,fullmetaljacket.xp+bugmail,CC,fullmetaljacket.xp+bugmail,
2008-04-01 22:14:36 PDT,dbaron,CC,ventnor.bugzilla,
2008-04-03 11:52:03 PDT,kenz.gelsoft,CC,kenz.gelsoft,
2008-04-04 01:06:50 PDT,ventnor.bugzilla,Assignee,ventnor.bugzilla,cbiesinger
2008-04-04 01:14:10 PDT,pavlov,CC,pavlov,
2008-04-04 01:15:24 PDT,ventnor.bugzilla,Attachment #313556                Flags,review?(roc), superreview?(dbaron),
2008-04-04 01:58:05 PDT,roc,CC,roc,
2008-04-07 11:32:53 PDT,Bugzilla-alanjstrBugs,CC,,BugzillaOnFix-alanjstrBugs
2008-04-07 22:46:40 PDT,listy,CC,listy,
2008-04-09 14:16:08 PDT,macoafi,CC,mac,
2008-04-16 20:29:27 PDT,roc,Flags,wanted1.9-, wanted-next+,wanted1.9+
2008-04-16 21:23:33 PDT,ventnor.bugzilla,Attachment #313556                Flags,,review?(roc), superreview?(dbaron)
2008-04-16 21:23:33 PDT,ventnor.bugzilla,Attachment #313556                Attachment is obsolete,1,0
2008-04-16 23:20:40 PDT,ventnor.bugzilla,Attachment #316161                Attachment is obsolete,1,0
2008-04-16 23:20:40 PDT,ventnor.bugzilla,Attachment #316170                Flags,review?(roc), superreview?(dbaron),
2008-04-18 01:40:32 PDT,ehsan,CC,ehsan.akhgari,
2008-04-20 14:04:58 PDT,xfsunoles,CC,xfsunoles,
2008-05-03 07:51:16 PDT,ventnor.bugzilla,Attachment #316170                Attachment is obsolete,1,0
2008-05-03 07:51:16 PDT,ventnor.bugzilla,Attachment #319170                Flags,review?(roc), superreview?(dbaron),
2008-05-03 07:51:16 PDT,ventnor.bugzilla,Attachment #316170                Flags,,review?(roc), superreview?(dbaron)
2008-05-16 04:50:09 PDT,ventnor.bugzilla,Attachment #319170                Attachment is obsolete,1,0
2008-05-16 04:50:09 PDT,ventnor.bugzilla,Attachment #321236                Flags,review?(roc), superreview?(dbaron),
2008-05-16 04:50:09 PDT,ventnor.bugzilla,Attachment #319170                Flags,,review?(roc), superreview?(dbaron)
2008-05-16 21:01:04 PDT,ventnor.bugzilla,Attachment #321354                Flags,review?(roc), superreview?(dbaron),
2008-05-16 21:01:04 PDT,ventnor.bugzilla,Attachment #321236                Flags,,review?(roc), superreview?(dbaron)
2008-05-16 21:01:04 PDT,ventnor.bugzilla,Attachment #321236                Attachment is obsolete,1,0
2008-05-17 02:32:15 PDT,ventnor.bugzilla,Attachment #321354                Attachment is obsolete,1,0
2008-05-17 02:32:15 PDT,ventnor.bugzilla,Attachment #321356                Attachment is obsolete,1,0
2008-05-17 02:32:15 PDT,ventnor.bugzilla,Attachment #321365                Flags,review?(roc), superreview?(dbaron),
2008-05-17 02:32:15 PDT,ventnor.bugzilla,Attachment #321354                Flags,,review?(roc), superreview?(dbaron)
2008-05-17 20:51:13 PDT,ventnor.bugzilla,Attachment #321365                Attachment is obsolete,1,0
2008-05-17 20:51:13 PDT,ventnor.bugzilla,Attachment #321455                Flags,review?(roc), superreview?(dbaron),
2008-05-17 20:51:13 PDT,ventnor.bugzilla,Attachment #321365                Flags,,review?(roc), superreview?(dbaron)
2008-05-18 19:07:18 PDT,ventnor.bugzilla,Attachment #321455                Flags,,review?(roc), superreview?(dbaron)
2008-05-18 19:07:18 PDT,ventnor.bugzilla,Attachment #321455                Attachment is obsolete,1,0
2008-05-18 19:07:18 PDT,ventnor.bugzilla,Attachment #321545                Flags,review?(roc), superreview?(dbaron),
2008-05-18 19:17:39 PDT,dbaron,Attachment #321545                Flags,superreview+,superreview?(dbaron)
2008-05-18 19:27:18 PDT,ventnor.bugzilla,Attachment #321545                Attachment is obsolete,1,0
2008-05-18 19:27:18 PDT,ventnor.bugzilla,Attachment #321549                Flags,review?(roc),
2008-05-18 19:27:18 PDT,ventnor.bugzilla,Attachment #321545                Flags,,review?(roc)
2008-05-19 03:54:58 PDT,diegoliz,CC,diegoliz,
2008-05-22 20:21:26 PDT,ventnor.bugzilla,Attachment #321549                Attachment is obsolete,1,0
2008-05-22 20:21:26 PDT,ventnor.bugzilla,Attachment #322218                Flags,review?(roc), superreview?(roc),
2008-05-22 20:21:26 PDT,ventnor.bugzilla,Attachment #321549                Flags,,review?(roc)
2008-05-26 15:57:04 PDT,hex,CC,earle,
2008-06-03 19:15:25 PDT,ventnor.bugzilla,Flags,wanted1.9.1?,
2008-06-05 01:02:42 PDT,ventnor.bugzilla,Attachment #323833                Flags,review?(dbaron), superreview?(dbaron),
2008-06-05 19:52:32 PDT,ventnor.bugzilla,Attachment #323833                Attachment is obsolete,1,0
2008-06-05 19:52:32 PDT,ventnor.bugzilla,Attachment #323833                Flags,,review?(dbaron), superreview?(dbaron)
2008-06-05 22:12:06 PDT,roc,Depends on,437563,
2008-06-06 00:09:08 PDT,ventnor.bugzilla,Attachment #322218                Attachment is obsolete,1,0
2008-06-06 00:09:08 PDT,ventnor.bugzilla,Attachment #324002                Flags,review?(roc), superreview?(roc),
2008-06-06 00:09:08 PDT,ventnor.bugzilla,Attachment #322218                Flags,,review?(roc), superreview?(roc)
2008-06-06 04:30:23 PDT,spitfire.kuden,CC,spitfire.kuden,
2008-06-06 04:55:09 PDT,ventnor.bugzilla,Attachment #324002                Attachment is obsolete,1,0
2008-06-06 04:55:09 PDT,ventnor.bugzilla,Attachment #324032                Flags,review?(roc), superreview?(roc),
2008-06-06 04:55:09 PDT,ventnor.bugzilla,Attachment #324002                Flags,,review?(roc), superreview?(roc)
2008-06-08 18:58:14 PDT,ventnor.bugzilla,Attachment #324032                Attachment is obsolete,1,0
2008-06-08 18:58:14 PDT,ventnor.bugzilla,Attachment #324230                Flags,review?(roc), superreview?(roc),
2008-06-08 18:58:14 PDT,ventnor.bugzilla,Attachment #324032                Flags,,review?(roc), superreview?(roc)
2008-06-08 23:00:25 PDT,ventnor.bugzilla,Attachment #324248                Flags,review?(roc), superreview?(roc),
2008-06-08 23:00:25 PDT,ventnor.bugzilla,Attachment #324230                Flags,,review?(roc), superreview?(roc)
2008-06-08 23:00:25 PDT,ventnor.bugzilla,Attachment #324230                Attachment is obsolete,1,0
2008-06-09 00:31:13 PDT,ventnor.bugzilla,Attachment #324238                Attachment is obsolete,1,0
2008-06-09 00:31:13 PDT,ventnor.bugzilla,Attachment #324248                Attachment is obsolete,1,0
2008-06-09 00:31:13 PDT,ventnor.bugzilla,Attachment #324251                Flags,review?(roc), superreview?(roc),
2008-06-09 00:31:13 PDT,ventnor.bugzilla,Attachment #324248                Flags,,review?(roc), superreview?(roc)
2008-06-09 21:54:43 PDT,ventnor.bugzilla,Attachment #324251                Attachment is obsolete,1,0
2008-06-09 21:54:43 PDT,ventnor.bugzilla,Attachment #324393                Flags,review?(roc), superreview?(roc),
2008-06-09 21:54:43 PDT,ventnor.bugzilla,Attachment #324251                Flags,,review?(roc), superreview?(roc)
2008-06-10 02:06:25 PDT,ventnor.bugzilla,Attachment #324393                Flags,,review?(roc), superreview?(roc)
2008-06-10 02:06:25 PDT,ventnor.bugzilla,Attachment #324393                Attachment is obsolete,1,0
2008-06-10 02:06:25 PDT,ventnor.bugzilla,Attachment #324420                Flags,review?(roc), superreview?(roc),
2008-06-10 02:51:05 PDT,dao,Blocks,438302,
2008-06-10 02:53:19 PDT,ventnor.bugzilla,Attachment #324420                Attachment is obsolete,1,0
2008-06-10 02:53:19 PDT,ventnor.bugzilla,Attachment #324424                Flags,review?(roc), superreview?(roc),
2008-06-10 02:53:19 PDT,ventnor.bugzilla,Attachment #324420                Flags,,review?(roc), superreview?(roc)
2008-06-10 03:26:48 PDT,ventnor.bugzilla,Attachment #324424                Attachment is obsolete,1,0
2008-06-10 03:26:48 PDT,ventnor.bugzilla,Attachment #324427                Flags,review?(roc), superreview?(roc),
2008-06-10 03:26:48 PDT,ventnor.bugzilla,Attachment #324424                Flags,,review?(roc), superreview?(roc)
2008-06-10 03:50:44 PDT,ventnor.bugzilla,Attachment #324427                Attachment is obsolete,1,0
2008-06-10 03:50:44 PDT,ventnor.bugzilla,Attachment #324428                Flags,review?(roc), superreview?(roc),
2008-06-10 03:50:44 PDT,ventnor.bugzilla,Attachment #324427                Flags,,review?(roc), superreview?(roc)
2008-06-10 04:07:06 PDT,ventnor.bugzilla,Attachment #324429                Flags,review?(roc), superreview?(roc),
2008-06-10 04:07:06 PDT,ventnor.bugzilla,Attachment #324428                Flags,,review?(roc), superreview?(roc)
2008-06-10 04:07:06 PDT,ventnor.bugzilla,Attachment #324428                Attachment is obsolete,1,0
2008-06-10 04:46:05 PDT,ventnor.bugzilla,Attachment #324429                Attachment is obsolete,1,0
2008-06-10 04:46:05 PDT,ventnor.bugzilla,Attachment #324433                Flags,review?(roc), superreview?(roc),
2008-06-10 04:46:05 PDT,ventnor.bugzilla,Attachment #324429                Flags,,review?(roc), superreview?(roc)
2008-06-10 15:12:34 PDT,roc,Attachment #324433                Flags,review+, superreview+,review?(roc), superreview?(roc)
2008-06-10 22:54:36 PDT,ventnor.bugzilla,Attachment #324433                Attachment is obsolete,1,0
2008-06-10 23:00:37 PDT,ventnor.bugzilla,Keywords,checkin-needed,
2008-06-10 23:48:53 PDT,dao,Blocks,438517,
2008-06-10 23:49:21 PDT,dao,Blocks,,438302
2008-06-10 23:50:27 PDT,dao,Blocks,,69710
2008-06-10 23:50:48 PDT,dao,Blocks,,414728
2008-06-11 01:33:17 PDT,ventnor.bugzilla,Attachment #324582                Attachment is obsolete,1,0
2008-06-11 01:49:13 PDT,ventnor.bugzilla,Attachment #324583                Attachment is obsolete,1,0
2008-06-11 01:55:15 PDT,ventnor.bugzilla,Attachment #324595                Attachment is obsolete,1,0
2008-06-11 19:42:57 PDT,roc,Status,RESOLVED,NEW
2008-06-11 19:42:57 PDT,roc,Resolution,FIXED,---
2008-06-11 19:42:57 PDT,roc,Last Resolved,2008-06-11 19:42:57,2000-03-06 19:05:58
2008-06-11 20:37:45 PDT,level,CC,level,
2008-06-11 21:00:50 PDT,ventnor.bugzilla,Keywords,,checkin-needed
2008-06-11 22:51:23 PDT,roc,Status,REOPENED,RESOLVED
2008-06-11 22:51:23 PDT,roc,Resolution,---,FIXED
2008-06-11 22:53:02 PDT,hskupin,Keywords,dev-doc-complete,
2008-06-12 00:04:08 PDT,ventnor.bugzilla,Attachment #324593                Attachment is obsolete,1,0
2008-06-12 00:04:08 PDT,ventnor.bugzilla,Attachment #324744                Flags,review?(roc), superreview?(roc),
2008-06-12 02:02:16 PDT,roc,Attachment #324744                Flags,review+, superreview+,review?(roc), superreview?(roc)
2008-06-12 02:07:37 PDT,ventnor.bugzilla,Attachment #324744                Attachment is obsolete,1,0
2008-06-12 15:05:10 PDT,roc,Status,RESOLVED,REOPENED
2008-06-12 15:05:10 PDT,roc,Resolution,FIXED,---
2008-06-12 15:05:10 PDT,roc,Last Resolved,2008-06-12 15:05:10,2008-06-11 19:42:57
2008-06-13 10:44:51 PDT,jonathan_haas,CC,jonathan_haas,
2008-06-15 02:16:23 PDT,jypenator,CC,teoli2003,
2008-06-15 04:46:56 PDT,phiw2,CC,phiw,
2008-06-15 11:44:10 PDT,martijn.martijn,Depends on,439343,
2008-06-16 01:48:40 PDT,dao,Flags,in-testsuite+,
2008-06-16 01:48:40 PDT,dao,Whiteboard,[Hixie-PF][parity-safari][parity-opera],[Hixie-PF][bae:20011127][parity-safari][parity-opera] Read comment 43 before adding useless comments.
2008-06-16 01:48:40 PDT,dao,Target Milestone,mozilla1.9.1,---
2008-06-16 07:24:47 PDT,martijn.martijn,Depends on,439430,
2008-06-17 11:38:18 PDT,bugs,CC,bugs,
2008-06-26 04:17:53 PDT,pike,CC,pike,
2008-06-28 13:23:58 PDT,thornesa.we34,CC,thornesa.we34,thornesa
2008-07-05 07:06:08 PDT,jeresig,CC,jresig,
2008-07-09 13:13:17 PDT,hskupin,URL,http://www.w3.org/Style/Examples/007/text-shadow,http://whatdoiknow.org/other/shadow.html
2008-07-09 13:13:17 PDT,hskupin,Status,VERIFIED,RESOLVED
2008-07-09 13:13:17 PDT,hskupin,Target Milestone,mozilla1.9.1a1,mozilla1.9.1
2008-07-11 07:36:34 PDT,xtc4uall,Flags,,wanted1.9.1?
2008-07-11 23:36:08 PDT,ogi,CC,,ogi
2008-07-12 11:10:42 PDT,martijn.martijn,Depends on,444925,
2008-07-29 15:31:51 PDT,supernova00,Depends on,448447,
2008-08-08 22:01:36 PDT,ventnor.bugzilla,Depends on,449519,
2008-08-15 07:54:15 PDT,macoafi,CC,,mac
2008-08-23 17:01:04 PDT,simon.bugzilla,CC,simon.bugzilla,
2008-09-22 21:17:55 PDT,mozdiav,CC,mozdiav,
2008-11-07 14:00:07 PST,dao,Depends on,463712,
2008-11-09 01:46:02 PST,henry.fai.hang.chan,CC,,henry.fai.hang.chan
2009-07-08 16:44:01 PDT,mardeg,Depends on,503188,
2009-07-11 20:18:45 PDT,level,CC,,level
2009-08-27 09:25:26 PDT,mardeg,Depends on,512988,
2010-03-05 08:46:29 PST,deprecationmail,CC,bugzilla,
2010-05-04 00:01:10 PDT,dao,Whiteboard,[Hixie-PF][parity-webkit][parity-opera],[Hixie-PF][parity-safari][parity-opera]
2010-07-09 07:39:42 PDT,stream,Depends on,577672,
2010-07-17 17:46:45 PDT,moz,Depends on,485388,
2011-05-08 08:00:46 PDT,josh,Depends on,655590,
2014-04-26 03:31:56 PDT,basic,CC,,basic
