When, Who, What, Added, Removed
1999-08-16 14:40:48 PDT,norrisboyd,Status,ASSIGNED,NEW
1999-08-26 10:06:00 PDT,norrisboyd,Target Milestone,M11,
1999-08-27 08:36:22 PDT,norrisboyd,Blocks,12633,
1999-10-26 15:34:40 PDT,norrisboyd,Target Milestone,M13,M11
1999-12-16 16:37:06 PST,norrisboyd,Status,RESOLVED,ASSIGNED
1999-12-16 16:37:06 PST,norrisboyd,Resolution,FIXED,---
1999-12-16 16:37:06 PST,norrisboyd,Last Resolved,1999-12-16 16:37:06,
2000-02-15 13:44:18 PST,junruh,Status,VERIFIED,RESOLVED
2000-02-21 10:28:54 PST,leger,Component,Security: General,Security
