When, Who, What, Added, Removed
1999-07-29 07:05:38 PDT,chofmann,Blocks,10730,
1999-07-29 07:33:39 PDT,chofmann,Summary,sched META refresh needs to be implemented for necko,META refresh needs to be implemented for necko
1999-07-31 12:46:08 PDT,paulmac,URL,http://www.ais-gmbh.de/,
1999-08-02 14:27:57 PDT,warrensomebody,Target Milestone,M10,
1999-08-02 16:30:10 PDT,vidur,Blocks,7585,
1999-08-03 08:39:32 PDT,jud,Blocks,,7585
1999-08-03 08:43:56 PDT,jud,URL,,http://www.ais-gmbh.de/
1999-08-03 08:43:56 PDT,jud,Status,ASSIGNED,NEW
1999-08-03 08:44:49 PDT,jud,URL,http://www.excite.com,
1999-08-03 14:50:07 PDT,jud,Status,RESOLVED,ASSIGNED
1999-08-03 14:50:07 PDT,jud,Resolution,FIXED,---
1999-08-03 14:50:07 PDT,jud,Last Resolved,1999-08-03 14:50:07,
1999-08-09 20:55:20 PDT,paulmac,Status,VERIFIED,RESOLVED
1999-08-19 16:30:02 PDT,leger,Target Milestone,M9,M10
