When, Who, What, Added, Removed
1999-07-29 07:17:06 PDT,chofmann,Summary,sched - async dns win (rpotts, 2d),sched - async dns win (rpotts, 2d)
1999-07-29 07:17:06 PDT,chofmann,Blocks,10730,
1999-08-02 14:45:20 PDT,warrensomebody,Target Milestone,M10,
1999-08-30 16:50:59 PDT,warrensomebody,Blocks,12836,
1999-09-25 08:43:52 PDT,chofmann,Target Milestone,M11,M10
1999-11-05 11:26:46 PST,warrensomebody,Assignee,gordon,rpotts
1999-11-05 11:26:46 PST,warrensomebody,Target Milestone,M12,M11
1999-11-22 17:26:15 PST,gordon,Status,ASSIGNED,NEW
1999-11-22 17:27:12 PST,gordon,Priority,P1,P3
1999-12-08 19:31:03 PST,chofmann,Target Milestone,M13,M12
1999-12-12 21:27:46 PST,jar,Blocks,21564,
1999-12-16 10:36:55 PST,leger,Summary,[BETA]sched - async dns win (rpotts, 2d),sched - async dns win (rpotts, 2d)
1999-12-16 10:36:55 PST,leger,Hardware,All,PC
1999-12-20 00:59:31 PST,jar,Blocks,22176,
2000-01-11 16:32:55 PST,gordon,Target Milestone,M15,M13
2000-01-17 23:09:12 PST,jar,Blocks,24206,
2000-02-04 05:16:59 PST,leger,Keywords,beta1,
2000-02-04 07:34:44 PST,leger,Keywords,meta,beta1
2000-02-04 07:34:44 PST,leger,Whiteboard,[PDT-],
2000-02-18 23:26:51 PST,alan-lists,CC,asj,
2000-03-07 15:51:50 PST,warrensomebody,Resolution,FIXED,---
2000-03-07 15:51:50 PST,warrensomebody,Last Resolved,2000-03-07 15:51:50,
2000-03-07 15:51:50 PST,warrensomebody,Status,RESOLVED,ASSIGNED
2000-04-05 00:37:09 PDT,paulmac,Status,VERIFIED,RESOLVED
2000-04-05 00:37:09 PDT,paulmac,QA Contact,tever,paulmac
2000-07-02 19:11:00 PDT,jar,Blocks,,21564
2000-07-04 21:26:07 PDT,jar,Blocks,,22176
2000-07-06 00:39:27 PDT,jar,Blocks,,24206
