When, Who, What, Added, Removed
1999-07-29 07:26:55 PDT,chofmann,Summary,sched - integrate dns w/ socket transport (rick, gordon, 1d),sched - integrate dns w/ socket transport (rick, gordon, 1d)
1999-07-29 07:26:55 PDT,chofmann,Assignee,rpotts,gagan
1999-07-29 07:26:55 PDT,chofmann,Blocks,10730,
1999-08-02 14:45:34 PDT,warrensomebody,Target Milestone,M10,
1999-09-21 01:04:18 PDT,rpotts,Status,RESOLVED,NEW
1999-09-21 01:04:18 PDT,rpotts,Resolution,FIXED,---
1999-09-21 01:04:18 PDT,rpotts,Last Resolved,1999-09-21 01:04:18,
1999-09-24 17:17:26 PDT,paulmac,Status,VERIFIED,RESOLVED
