When, Who, What, Added, Removed
1999-07-29 07:38:30 PDT,chofmann,Summary,sched - MakeAbsolute performance (supporting large files) (gagan, ),sched - MakeAbsolute performance (supporting large files) (gagan, )
1999-07-29 07:38:30 PDT,chofmann,Blocks,10730,
1999-08-02 13:46:13 PDT,warrensomebody,Target Milestone,M11,
1999-08-03 15:43:05 PDT,leger,Whiteboard,[Perf],
1999-08-30 16:54:29 PDT,warrensomebody,Blocks,12838,
1999-09-09 11:13:40 PDT,warrensomebody,Blocks,13449,
1999-09-09 12:08:40 PDT,warrensomebody,Severity,major,normal
1999-09-09 13:33:21 PDT,peterl-retired,URL,http://www.w3.org/TR/REC-CSS2/,
1999-09-09 15:31:42 PDT,warrensomebody,Depends on,11677,
1999-09-14 20:11:41 PDT,troy,Blocks,11702,
1999-09-20 16:30:42 PDT,gagan,Status,ASSIGNED,NEW
1999-09-20 16:30:42 PDT,gagan,Target Milestone,M13,M11
1999-09-23 13:15:58 PDT,gagan,Status,NEW,ASSIGNED
1999-09-23 13:15:58 PDT,gagan,Assignee,valeski,gagan
1999-11-03 15:59:04 PST,jar,Blocks,17907,
1999-11-04 12:13:10 PST,jud,Status,ASSIGNED,NEW
1999-11-04 12:33:41 PST,jud,Status,NEW,ASSIGNED
1999-11-04 12:33:41 PST,jud,Assignee,gagan,valeski
1999-11-10 01:02:12 PST,gagan,Status,ASSIGNED,NEW
2000-01-04 17:36:18 PST,warrensomebody,Resolution,FIXED,---
2000-01-04 17:36:18 PST,warrensomebody,Last Resolved,2000-01-04 17:36:18,
2000-01-04 17:36:18 PST,warrensomebody,Status,RESOLVED,ASSIGNED
2000-01-04 17:54:06 PST,paulmac,Status,VERIFIED,RESOLVED
2000-02-16 13:35:39 PST,warrensomebody,Status,REOPENED,VERIFIED
2000-02-16 13:35:39 PST,warrensomebody,Resolution,---,FIXED
2000-02-16 13:35:39 PST,warrensomebody,CC,troy,
2000-02-16 13:35:39 PST,warrensomebody,Target Milestone,M15,M13
2000-02-16 13:36:34 PST,warrensomebody,Status,NEW,REOPENED
2000-02-16 13:36:34 PST,warrensomebody,Assignee,warren,gagan
2000-02-16 13:36:34 PST,warrensomebody,CC,,warren
2000-02-16 13:36:58 PST,warrensomebody,Keywords,perf,
2000-02-16 13:36:58 PST,warrensomebody,Whiteboard,,[Perf]
2000-02-16 14:30:43 PST,warrensomebody,CC,andreas.otte,
2000-02-18 13:18:35 PST,andreas.otte,CC,putterman,
2000-02-22 14:49:47 PST,troy,Keywords,beta1,
2000-02-22 18:40:09 PST,leger,Whiteboard,[NEED INFO],
2000-02-23 14:08:52 PST,leger,Whiteboard,[PDT+],[NEED INFO]
2000-02-23 14:52:34 PST,warrensomebody,Target Milestone,M14,M15
2000-02-24 22:22:23 PST,warrensomebody,Status,RESOLVED,NEW
2000-02-24 22:22:23 PST,warrensomebody,Resolution,FIXED,---
2000-02-24 22:22:23 PST,warrensomebody,Last Resolved,2000-02-24 22:22:23,2000-01-04 17:36:18
2000-02-29 19:10:24 PST,paulmac,Status,VERIFIED,RESOLVED
2000-07-02 18:14:34 PDT,jar,Blocks,,17907
