When, Who, What, Added, Removed
1999-07-29 07:41:23 PDT,chofmann,Summary,sched - get ftp download going (judson, 2d),sched - get ftp download going (judson, 2d)
1999-07-29 07:41:23 PDT,chofmann,Blocks,10730,
1999-08-02 14:46:22 PDT,warrensomebody,Target Milestone,M9,
1999-08-13 11:32:42 PDT,jud,Status,ASSIGNED,NEW
1999-08-13 11:32:42 PDT,jud,Target Milestone,M10,M9
1999-08-30 16:46:12 PDT,warrensomebody,Blocks,12834,
1999-08-31 16:30:08 PDT,warrensomebody,Depends on,12904,
1999-09-10 16:14:28 PDT,morse,Blocks,7530,
1999-09-21 08:51:47 PDT,jud,Target Milestone,M13,M10
1999-09-22 11:33:20 PDT,jud,Whiteboard,waiting on save as dialog stuff from bill law.,
1999-09-23 12:26:32 PDT,trudelle,Blocks,14740,
1999-10-10 10:21:16 PDT,jud,Assignee,law,valeski
1999-10-10 10:21:16 PDT,jud,Status,NEW,ASSIGNED
1999-10-12 17:41:43 PDT,leger,Whiteboard,[PDT+]waiting on save as dialog stuff from bill law.,waiting on save as dialog stuff from bill law.
1999-10-14 09:44:38 PDT,law,Status,ASSIGNED,NEW
1999-10-20 22:27:47 PDT,jar,Blocks,16950,
1999-10-27 21:57:46 PDT,jar,Blocks,17432,
1999-11-03 15:59:04 PST,jar,Blocks,17907,
1999-11-04 12:01:59 PST,paulmac,QA Contact,tever,paulmac
1999-11-09 17:18:03 PST,don,Target Milestone,M12,M13
1999-11-10 11:51:49 PST,jar,Blocks,18471,
1999-11-10 16:48:41 PST,don,Whiteboard,[PDT+] 11/26??? completion,[PDT+]waiting on save as dialog stuff from bill law.
1999-11-10 16:48:41 PST,don,Priority,P1,P3
1999-11-10 18:50:28 PST,don,Whiteboard,[PDT+] 11/19 completion,[PDT+] 11/26??? completion
1999-11-16 16:47:18 PST,law,Last Resolved,1999-11-16 16:47:18,
1999-11-16 16:47:18 PST,law,Status,RESOLVED,ASSIGNED
1999-11-16 16:47:18 PST,law,Resolution,FIXED,---
1999-11-23 17:25:00 PST,tever,Status,VERIFIED,RESOLVED
2000-07-02 18:10:23 PDT,jar,Blocks,,17432
2000-07-02 18:14:34 PDT,jar,Blocks,,17907
2000-07-02 18:26:36 PDT,jar,Blocks,,18471
