When, Who, What, Added, Removed
1999-07-29 07:48:01 PDT,chofmann,Blocks,10730,
1999-08-02 14:47:22 PDT,warrensomebody,Target Milestone,M10,
1999-08-31 16:17:12 PDT,warrensomebody,Blocks,12833,
1999-09-21 02:18:42 PDT,rpotts,Status,ASSIGNED,NEW
1999-09-21 02:18:42 PDT,rpotts,Target Milestone,M13,M10
2000-01-06 17:31:59 PST,warrensomebody,Assignee,gagan,rpotts
2000-01-06 17:31:59 PST,warrensomebody,Target Milestone,M14,M13
2000-01-06 17:31:59 PST,warrensomebody,Status,NEW,ASSIGNED
2000-01-16 15:17:49 PST,gagan,Status,ASSIGNED,NEW
2000-01-24 15:52:00 PST,David.R.Gardiner,Blocks,23679,
2000-01-28 19:48:35 PST,warrensomebody,Keywords,beta1,
2000-02-04 05:02:24 PST,leger,Whiteboard,[NEED INFO],
2000-02-04 16:39:35 PST,rbelmar,Severity,critical,normal
2000-02-04 16:56:36 PST,lyecies,Keywords,perf,
2000-02-04 16:56:36 PST,lyecies,Whiteboard,[PDT-],[NEED INFO]
2000-02-08 01:10:22 PST,gagan,Blocks,26637,
2000-03-07 18:39:58 PST,ruslan,Status,NEW,ASSIGNED
2000-03-07 18:39:58 PST,ruslan,Assignee,ruslan,gagan
2000-03-10 14:31:32 PST,rbelmar,CC,rbelmar,
2000-03-13 19:57:15 PST,ruslan,Status,RESOLVED,NEW
2000-03-13 19:57:15 PST,ruslan,Resolution,FIXED,---
2000-03-13 19:57:15 PST,ruslan,Last Resolved,2000-03-13 19:57:15,
2000-03-13 23:52:03 PST,paulmac,QA Contact,tever,paulmac
2000-03-16 14:42:13 PST,junruh,Blocks,,26637
2000-06-26 17:21:43 PDT,tever,Status,VERIFIED,RESOLVED
