When, Who, What, Added, Removed
1999-07-29 07:22:19 PDT,chofmann,Summary,sched-  async dns unix (intc, 2d),sched-  async dns unix (intc, 2d)
1999-07-29 07:22:19 PDT,chofmann,Blocks,10730,
1999-07-29 12:51:11 PDT,warrensomebody,Assignee,gordon,warren
1999-08-02 13:59:44 PDT,warrensomebody,Target Milestone,M10,
1999-08-04 14:15:03 PDT,gordon,Status,ASSIGNED,NEW
1999-08-30 16:50:59 PDT,warrensomebody,Blocks,12836,
1999-09-24 17:43:24 PDT,chofmann,Target Milestone,M11,M10
1999-11-04 12:09:38 PST,gordon,Target Milestone,M12,M11
1999-11-22 17:26:36 PST,gordon,Priority,P1,P3
1999-11-30 17:20:38 PST,warrensomebody,Status,NEW,ASSIGNED
1999-11-30 17:20:38 PST,warrensomebody,Assignee,dp,gordon
1999-12-01 10:13:35 PST,dp,Status,ASSIGNED,NEW
1999-12-07 16:12:14 PST,dp,Target Milestone,M14,M12
2000-01-06 17:29:57 PST,warrensomebody,Blocks,7428,
2000-01-27 12:04:58 PST,dp,Status,NEW,ASSIGNED
2000-01-27 12:04:58 PST,dp,Assignee,warren,dp
2000-01-27 12:04:58 PST,dp,Target Milestone,M15,M14
2000-01-28 13:07:56 PST,gordon,Assignee,gordon,warren
2000-02-22 14:29:05 PST,jgmyers,CC,jgmyers,
2000-03-28 23:09:51 PST,warrensomebody,Keywords,beta2,
2000-03-29 16:25:38 PST,gordon,Target Milestone,M16,M15
2000-04-06 15:24:45 PDT,warrensomebody,Target Milestone,M17,M16
2000-04-07 14:33:13 PDT,warrensomebody,Target Milestone,M16,M17
2000-04-07 16:04:07 PDT,warrensomebody,Whiteboard,no duration estimate!,
2000-04-07 18:47:45 PDT,paulmac,QA Contact,tever,paulmac
2000-04-13 11:37:07 PDT,gordon,Whiteboard,3d,no duration estimate!
2000-04-13 11:37:07 PDT,gordon,Summary,sched-  async dns unix,sched-  async dns unix (intc, 2d)
2000-04-13 11:37:07 PDT,gordon,Status,ASSIGNED,NEW
2000-04-19 15:23:39 PDT,leger,Keywords,nsbeta2,
2000-04-27 17:57:37 PDT,leger,Keywords,,beta2
2000-04-27 17:57:37 PDT,leger,Whiteboard,[nsbeta2+][5/16][FEATURE]3d,3d
2000-05-04 10:17:10 PDT,wtc,CC,wtc,
2000-05-08 13:08:33 PDT,jud,Blocks,18007,
2000-05-30 18:07:59 PDT,leger,Whiteboard,[nsbeta2-][FEATURE]3d,[nsbeta2+][5/16][FEATURE]3d
2000-06-09 00:37:15 PDT,jelwell,CC,syd,
2000-08-21 16:10:20 PDT,gagan,Target Milestone,Future,M16
2000-09-04 17:49:07 PDT,jce2,CC,jce2,
2000-09-04 17:49:07 PDT,jce2,Keywords,nsbeta3,
2000-09-08 14:27:16 PDT,gagan,Whiteboard,[nsbeta2-][FEATURE]3d[nsbeta3-],[nsbeta2-][FEATURE]3d
2000-11-22 10:50:35 PST,darin.moz,CC,darin,
2001-01-16 17:14:51 PST,darin.moz,Blocks,61683,
2001-01-16 17:15:32 PST,darin.moz,Status,NEW,ASSIGNED
2001-01-16 17:15:32 PST,darin.moz,Assignee,darin,gordon
2001-01-24 09:00:56 PST,bzbarsky,Blocks,66404,
2001-02-06 15:19:56 PST,darin.moz,Target Milestone,mozilla0.9,Future
2001-02-22 16:17:38 PST,darin.moz,Status,RESOLVED,NEW
2001-02-22 16:17:38 PST,darin.moz,Resolution,FIXED,---
2001-02-22 16:17:38 PST,darin.moz,Last Resolved,2001-02-22 16:17:38,
2001-02-23 02:20:09 PST,adam,CC,adam,
2001-02-24 08:20:17 PST,ben.bucksch,CC,ben.bucksch,
2001-05-15 15:35:58 PDT,tever,Status,VERIFIED,RESOLVED
