When, Who, What, Added, Removed
1999-07-29 07:08:36 PDT,chofmann,Blocks,10730,
1999-07-29 07:08:36 PDT,chofmann,Summary,sched - async dns mac (gordon, 2d),sched - async dns mac (gordon, 2d)
1999-08-02 13:59:27 PDT,warrensomebody,Target Milestone,M10,
1999-08-04 14:14:51 PDT,gordon,Status,ASSIGNED,NEW
1999-08-30 16:50:59 PDT,warrensomebody,Blocks,12836,
1999-09-10 12:51:38 PDT,gordon,OS,Mac System 8.6,Windows 95
1999-09-10 12:51:38 PDT,gordon,Priority,P1,P3
1999-09-10 12:52:01 PDT,gordon,Hardware,Macintosh,PC
1999-09-24 17:39:51 PDT,chofmann,Target Milestone,M11,M10
1999-10-20 22:27:47 PDT,jar,Blocks,16950,
1999-10-24 23:01:31 PDT,jar,Summary,[Arch]sched - async dns mac (gordon, 2d),sched - async dns mac (gordon, 2d)
1999-10-27 21:57:46 PDT,jar,Blocks,17432,
1999-11-03 15:59:04 PST,jar,Blocks,17907,
1999-11-05 18:27:46 PST,gordon,Target Milestone,M12,M11
1999-11-10 11:51:49 PST,jar,Blocks,18471,
1999-12-08 19:33:57 PST,chofmann,Target Milestone,M13,M12
1999-12-12 21:27:46 PST,jar,Blocks,21564,
1999-12-20 00:59:31 PST,jar,Blocks,22176,
2000-01-11 16:32:34 PST,gordon,Target Milestone,M15,M13
2000-01-17 23:09:12 PST,jar,Blocks,24206,
2000-03-07 15:51:49 PST,warrensomebody,Status,RESOLVED,ASSIGNED
2000-03-07 15:51:49 PST,warrensomebody,Resolution,FIXED,---
2000-03-07 15:51:49 PST,warrensomebody,Last Resolved,2000-03-07 15:51:49,
2000-04-05 00:36:22 PDT,paulmac,Status,VERIFIED,RESOLVED
2000-04-05 00:36:22 PDT,paulmac,QA Contact,tever,paulmac
2000-07-02 18:10:23 PDT,jar,Blocks,,17432
2000-07-02 18:14:34 PDT,jar,Blocks,,17907
2000-07-02 18:26:36 PDT,jar,Blocks,,18471
2000-07-02 19:11:00 PDT,jar,Blocks,,21564
2000-07-04 21:26:07 PDT,jar,Blocks,,22176
2000-07-06 00:39:27 PDT,jar,Blocks,,24206
2002-08-16 08:45:41 PDT,benc,Summary,DNS: [Arch]sched - async dns mac (gordon, 2d),[Arch]sched - async dns mac (gordon, 2d)
