When, Who, What, Added, Removed
1999-08-13 14:09:56 PDT,don,Component,Form Submission,Browser-General
1999-08-13 14:09:56 PDT,don,Assignee,karnaze,don
1999-08-13 14:12:29 PDT,karnaze,Assignee,kmcclusk,karnaze
1999-08-18 13:50:54 PDT,kmcclusk,Status,ASSIGNED,NEW
1999-08-18 17:08:42 PDT,kmcclusk,Target Milestone,M10,
1999-08-20 16:17:57 PDT,kmcclusk,Resolution,FIXED,---
1999-08-20 16:17:57 PDT,kmcclusk,Last Resolved,1999-08-20 16:17:57,
1999-08-20 16:17:57 PDT,kmcclusk,Status,RESOLVED,ASSIGNED
1999-09-15 13:01:02 PDT,leger,QA Contact,cpratt,leger
1999-09-15 13:49:29 PDT,cpratt,Status,VERIFIED,RESOLVED
