When, Who, What, Added, Removed
1999-07-29 07:52:53 PDT,chofmann,Depends on,10739,
1999-07-29 07:52:53 PDT,chofmann,Blocks,10730,
1999-08-04 09:29:24 PDT,neeti,Status,ASSIGNED,NEW
1999-08-04 09:29:24 PDT,neeti,Target Milestone,M9,
1999-08-06 11:56:16 PDT,neeti,Status,RESOLVED,ASSIGNED
1999-08-06 11:56:16 PDT,neeti,Resolution,FIXED,---
1999-08-06 11:56:16 PDT,neeti,Last Resolved,1999-08-06 11:56:16,
1999-08-06 14:59:54 PDT,neeti,Blocks,10021,
1999-08-09 20:55:52 PDT,paulmac,Status,VERIFIED,RESOLVED
