When, Who, What, Added, Removed
1999-08-11 16:45:14 PDT,cathleennscp,Target Milestone,M10,
1999-09-16 17:12:08 PDT,dveditz,Status,RESOLVED,NEW
1999-09-16 17:12:08 PDT,dveditz,Resolution,FIXED,---
1999-09-16 17:12:08 PDT,dveditz,Last Resolved,1999-09-16 17:12:08,
1999-10-20 12:09:37 PDT,jimmykenlee,Status,REOPENED,RESOLVED
1999-10-25 17:25:27 PDT,leger,Resolution,---,FIXED
1999-10-25 19:03:46 PDT,dveditz,Status,RESOLVED,REOPENED
1999-10-25 19:03:46 PDT,dveditz,Resolution,FIXED,---
1999-10-25 19:03:46 PDT,dveditz,Last Resolved,1999-10-25 19:03:46,1999-09-16 17:12:08
1999-11-02 10:56:36 PST,jimmykenlee,Status,VERIFIED,RESOLVED
