When, Who, What, Added, Removed
1999-08-06 10:29:25 PDT,dp,Status,RESOLVED,NEW
1999-08-06 10:29:25 PDT,dp,Resolution,FIXED,---
1999-08-06 10:29:25 PDT,dp,Last Resolved,1999-08-06 10:29:25,
1999-08-06 10:29:37 PDT,dp,Target Milestone,M9,
1999-08-09 18:14:38 PDT,rubydoo123,Whiteboard,[19990809] waiting for good Linux build,
1999-08-27 15:43:01 PDT,phillip,Status,REOPENED,RESOLVED
1999-08-27 15:43:01 PDT,phillip,QA Contact,phillip,beppe
1999-08-27 15:43:23 PDT,phillip,Resolution,---,FIXED
1999-08-28 03:10:45 PDT,bratell,Target Milestone,M10,M9
1999-08-30 07:59:26 PDT,dp,Status,NEW,REOPENED
1999-08-30 07:59:26 PDT,dp,Assignee,rickg,dp
1999-09-13 11:28:36 PDT,rickg,Assignee,ramiro,rickg
1999-09-28 16:24:51 PDT,dp,Status,RESOLVED,NEW
1999-09-28 16:24:51 PDT,dp,Resolution,FIXED,---
1999-09-28 16:24:51 PDT,dp,Last Resolved,1999-09-28 16:24:51,1999-08-06 10:29:25
1999-11-30 11:59:23 PST,paulmac,Status,VERIFIED,RESOLVED
