When, Who, What, Added, Removed
1999-08-11 16:45:28 PDT,cathleennscp,Target Milestone,M10,
1999-09-07 11:36:49 PDT,dougt,Status,RESOLVED,NEW
1999-09-07 11:36:49 PDT,dougt,Resolution,FIXED,---
1999-09-07 11:36:49 PDT,dougt,Last Resolved,1999-09-07 11:36:49,
1999-09-10 14:54:26 PDT,jimmykenlee,Status,REOPENED,RESOLVED
1999-09-13 07:35:40 PDT,dougt,Status,ASSIGNED,REOPENED
1999-09-13 09:58:39 PDT,leger,Resolution,---,FIXED
1999-09-13 12:23:40 PDT,dougt,Last Resolved,1999-09-13 12:23:40,1999-09-07 11:36:49
1999-09-13 12:23:40 PDT,dougt,Status,RESOLVED,ASSIGNED
1999-09-13 12:23:40 PDT,dougt,Resolution,FIXED,---
1999-09-17 15:54:45 PDT,jimmykenlee,Status,VERIFIED,RESOLVED
