When, Who, What, Added, Removed
1999-08-02 12:05:08 PDT,cathleennscp,Severity,blocker,normal
1999-08-02 12:05:08 PDT,cathleennscp,Priority,P1,P3
1999-08-02 12:05:08 PDT,cathleennscp,Target Milestone,M9,
1999-08-08 18:36:43 PDT,dveditz,Status,ASSIGNED,NEW
1999-08-11 00:16:18 PDT,dveditz,Status,RESOLVED,ASSIGNED
1999-08-11 00:16:18 PDT,dveditz,Resolution,FIXED,---
1999-08-11 00:16:18 PDT,dveditz,Last Resolved,1999-08-11 00:16:18,
1999-09-29 15:44:31 PDT,jimmykenlee,Status,VERIFIED,RESOLVED
