When, Who, What, Added, Removed
1999-07-29 15:07:07 PDT,mcafee,Assignee,sdagley,don
1999-07-29 15:41:31 PDT,pmock,Summary,Mac Necko build fails to load browser if you have a space in path,[BLOCKER] Mac Necko 19992818-m9 build fails to load browser
1999-07-29 15:41:31 PDT,pmock,Severity,normal,blocker
1999-08-03 15:53:38 PDT,leger,Summary,[PP]Mac Necko build fails to load browser if you have a space in path,Mac Necko build fails to load browser if you have a space in path
1999-08-03 16:06:57 PDT,sdagley,Status,RESOLVED,NEW
1999-08-03 16:06:57 PDT,sdagley,Resolution,FIXED,---
1999-08-03 16:06:57 PDT,sdagley,Target Milestone,M9,
1999-08-03 16:06:57 PDT,sdagley,Last Resolved,1999-08-03 16:06:57,
1999-08-06 16:02:53 PDT,pmock,Status,VERIFIED,RESOLVED
2004-11-22 17:25:08 PST,myk,Product,Seamonkey,Browser
