When, Who, What, Added, Removed
1998-10-13 09:36:55 PDT,karnaze,Status,ASSIGNED,NEW
1998-10-26 14:18:22 PST,karnaze,Status,NEW,ASSIGNED
1998-10-26 14:18:22 PST,karnaze,Assignee,rods,karnaze
1998-11-10 10:26:46 PST,rods,Status,ASSIGNED,NEW
1998-12-11 05:33:33 PST,rods,Status,RESOLVED,ASSIGNED
1998-12-11 05:33:33 PST,rods,Resolution,REMIND,---
1998-12-11 05:33:33 PST,rods,Last Resolved,1998-12-11 05:33:33,
1999-04-06 14:56:22 PDT,christinehoff4,QA Contact,4137,
1999-04-18 20:52:36 PDT,rods,Status,REOPENED,RESOLVED
1999-04-18 20:52:49 PDT,rods,Status,NEW,REOPENED
1999-04-18 20:52:49 PDT,rods,Assignee,evaughan,rods
1999-04-26 17:15:00 PDT,eric,Assignee,kmcclusk,evaughan
1999-05-04 11:31:03 PDT,kmcclusk,Status,ASSIGNED,NEW
1999-05-04 11:31:03 PDT,kmcclusk,Target Milestone,M7,
1999-06-02 11:10:26 PDT,kmcclusk,Target Milestone,M8,M7
1999-06-02 11:17:15 PDT,kmcclusk,Target Milestone,M9,M8
1999-06-30 15:38:13 PDT,kmcclusk,Summary,[NATIVE]CSS borders don't work on input elements,CSS borders don't work on input elements
1999-07-01 14:14:50 PDT,kmcclusk,Target Milestone,M15,M9
1999-08-20 10:48:11 PDT,kmcclusk,Status,RESOLVED,ASSIGNED
1999-08-20 10:48:11 PDT,kmcclusk,Resolution,FIXED,REMIND
1999-08-20 10:48:11 PDT,kmcclusk,Last Resolved,1999-08-20 10:48:11,1998-12-11 05:33:33
1999-08-23 15:22:18 PDT,cpratt,Status,VERIFIED,RESOLVED
