When, Who, What, Added, Removed
1999-07-29 13:58:15 PDT,laurel,QA Contact,esther,lchiang
1999-07-29 15:02:08 PDT,laurel,Summary,[PP] Move Message does a copy message POP.,Move Message does a copy message POP.
1999-07-29 15:04:06 PDT,scottputterman,Status,ASSIGNED,NEW
1999-07-29 18:34:44 PDT,laurel,Summary,[PP] Move Message does a copy message.,[PP] Move Message does a copy message POP.
1999-08-03 09:28:48 PDT,scottputterman,Status,RESOLVED,ASSIGNED
1999-08-03 09:28:48 PDT,scottputterman,Resolution,FIXED,---
1999-08-03 09:28:48 PDT,scottputterman,Last Resolved,1999-08-03 09:28:48,
1999-08-17 16:01:19 PDT,esther,Status,VERIFIED,RESOLVED
2004-11-22 17:26:45 PST,myk,Product,Core,MailNews
2008-07-31 04:30:00 PDT,nobody,Product,MailNews Core,Core
