When, Who, What, Added, Removed
1999-07-29 14:29:21 PDT,cpratt,QA Contact,cpratt,leger
1999-08-02 14:58:36 PDT,don,Component,XPApps,Browser-General
1999-08-02 14:58:36 PDT,don,Assignee,davidm,don
1999-08-02 14:58:36 PDT,don,Target Milestone,M11,
1999-08-10 15:02:21 PDT,davidm,Status,RESOLVED,NEW
1999-08-10 15:02:21 PDT,davidm,Resolution,FIXED,---
1999-08-10 15:02:21 PDT,davidm,Last Resolved,1999-08-10 15:02:21,
1999-08-24 09:58:21 PDT,cpratt,Status,VERIFIED,RESOLVED
2004-11-23 18:54:58 PST,myk,Product,Mozilla Application Suite,Core
