When, Who, What, Added, Removed
1999-07-29 13:42:28 PDT,chofmann,Summary,Ender Feature Tracking,Ender Feature Tracking
1999-07-29 13:42:28 PDT,chofmann,Depends on,,10770
1999-07-29 13:42:28 PDT,chofmann,Blocks,7229,10770
1999-08-07 00:50:36 PDT,buster,Target Milestone,M15,
1999-10-04 09:25:41 PDT,buster,Assignee,beppe,buster
1999-10-27 09:47:44 PDT,rubydoo123,Depends on,16359,
1999-10-27 10:06:34 PDT,rubydoo123,Depends on,12022,
1999-10-28 07:50:46 PDT,rubydoo123,Target Milestone,M18,M15
1999-12-01 08:55:58 PST,rubydoo123,Status,ASSIGNED,NEW
2000-05-24 11:03:58 PDT,rubydoo123,Depends on,,16359
2000-07-24 10:09:59 PDT,rubydoo123,Target Milestone,M20,M18
2000-07-27 13:02:03 PDT,rubydoo123,Depends on,,6259
2000-08-08 16:35:36 PDT,rubydoo123,Status,RESOLVED,ASSIGNED
2000-08-08 16:35:36 PDT,rubydoo123,Resolution,FIXED,---
2000-08-08 16:35:36 PDT,rubydoo123,Last Resolved,2000-08-08 16:35:36,
2000-09-12 16:44:53 PDT,sujay,Status,VERIFIED,RESOLVED
2001-08-05 01:52:28 PDT,rjesup,Depends on,7251,
2001-08-05 07:57:17 PDT,piskozub,Depends on,,7251
