When, Who, What, Added, Removed
1998-10-14 22:25:51 PDT,kipp,Status,ASSIGNED,NEW
1999-03-23 19:08:30 PST,kipp,Severity,minor,normal
1999-03-23 19:08:30 PST,kipp,Priority,P4,P2
1999-03-23 19:12:35 PST,kipp,Summary,{inc} incremental reflow bug,incremental reflow bug
1999-04-03 13:59:27 PST,kipp,URL,http://www.tuko.com/u/paquin/temple.html,http://people.netscape.com/paquin/temple.html
1999-04-03 13:59:27 PST,kipp,Status,RESOLVED,ASSIGNED
1999-04-03 13:59:27 PST,kipp,Resolution,FIXED,---
1999-04-03 13:59:27 PST,kipp,Last Resolved,1999-04-03 13:59:27,
1999-04-06 11:24:49 PDT,chrispetersen,Status,VERIFIED,RESOLVED
