When, Who, What, Added, Removed
1999-07-30 14:40:33 PDT,beard,Status,ASSIGNED,NEW
1999-08-31 23:15:59 PDT,beard,Component,XPApps,Views
1999-08-31 23:15:59 PDT,beard,Assignee,don,beard
1999-08-31 23:15:59 PDT,beard,Status,NEW,ASSIGNED
1999-10-13 10:38:40 PDT,rubydoo123,QA Contact,don,beppe
1999-10-28 11:37:06 PDT,don,Component,XP Toolkit/Widgets,XPApps
1999-10-28 11:37:06 PDT,don,Assignee,davidm,don
1999-10-28 11:37:16 PDT,don,Assignee,danm,davidm
1999-11-03 18:14:08 PST,danm.moz,Target Milestone,M16,
2000-02-20 01:25:33 PST,mpt,CC,mpt,
2000-03-15 13:56:55 PST,danm.moz,Status,RESOLVED,NEW
2000-03-15 13:56:55 PST,danm.moz,Resolution,FIXED,---
2000-03-15 13:56:55 PST,danm.moz,Last Resolved,2000-03-15 13:56:55,
2000-12-29 22:42:12 PST,bugzilla,QA Contact,jrgm,don
2000-12-29 22:42:12 PST,bugzilla,CC,blakeross,
