When, Who, What, Added, Removed
1999-07-29 15:05:52 PDT,akkzilla,Summary,crash in nsPageMgr::Release on editor exit,
1999-07-30 01:10:47 PDT,warrensomebody,Status,ASSIGNED,NEW
1999-08-03 19:33:59 PDT,warrensomebody,Target Milestone,M9,
1999-08-13 15:17:48 PDT,chofmann,Summary,"file|exit" and "file|close" always crashes,crash in nsPageMgr::Release on editor exit
1999-08-13 15:17:48 PDT,chofmann,Status,NEW,ASSIGNED
1999-08-13 15:17:48 PDT,chofmann,Assignee,hyatt,warren
1999-08-13 15:45:17 PDT,hyatt,Status,ASSIGNED,NEW
1999-08-13 16:50:14 PDT,hyatt,Status,RESOLVED,ASSIGNED
1999-08-13 16:50:14 PDT,hyatt,Resolution,FIXED,---
1999-08-13 16:50:14 PDT,hyatt,Last Resolved,1999-08-13 16:50:14,
1999-08-23 16:44:18 PDT,rubydoo123,Status,VERIFIED,RESOLVED
