When, Who, What, Added, Removed
1999-07-30 01:12:27 PDT,warrensomebody,Status,RESOLVED,NEW
1999-07-30 01:12:27 PDT,warrensomebody,Resolution,INVALID,---
1999-07-30 01:12:27 PDT,warrensomebody,Last Resolved,1999-07-30 01:12:27,
1999-07-30 15:50:31 PDT,pnunn,Status,REOPENED,RESOLVED
1999-07-30 16:18:21 PDT,leger,Resolution,---,INVALID
1999-08-02 14:30:16 PDT,warrensomebody,Status,ASSIGNED,REOPENED
1999-08-02 14:30:16 PDT,warrensomebody,Target Milestone,M9,
1999-08-12 20:40:47 PDT,warrensomebody,Status,NEW,ASSIGNED
1999-08-12 20:40:47 PDT,warrensomebody,Assignee,rpotts,warren
1999-08-19 23:37:00 PDT,rpotts,Status,ASSIGNED,NEW
1999-08-19 23:37:00 PDT,rpotts,Target Milestone,M10,M9
1999-08-27 15:55:50 PDT,rpotts,Resolution,FIXED,---
1999-08-27 15:55:50 PDT,rpotts,Last Resolved,1999-08-27 15:55:50,1999-07-30 01:12:27
1999-08-27 15:55:50 PDT,rpotts,Status,RESOLVED,ASSIGNED
1999-08-30 18:16:22 PDT,paulmac,QA Contact,elig,paulmac
1999-08-31 18:45:13 PDT,elig,QA Contact,paulmac,elig
1999-09-01 09:46:16 PDT,paulmac,Status,VERIFIED,RESOLVED
