When, Who, What, Added, Removed
1999-07-29 15:22:33 PDT,karnaze,Assignee,buster,karnaze
1999-08-02 15:48:04 PDT,buster,Component,Necko,HTML Form Controls
1999-08-02 15:48:04 PDT,buster,Assignee,warren,buster
1999-08-02 15:48:04 PDT,buster,Priority,P2,P3
1999-08-02 16:50:57 PDT,warrensomebody,Status,ASSIGNED,NEW
1999-08-02 16:50:57 PDT,warrensomebody,Target Milestone,M9,
1999-08-04 12:49:16 PDT,buster,Blocks,11267,
1999-08-05 15:14:40 PDT,warrensomebody,Status,NEW,ASSIGNED
1999-08-05 15:14:40 PDT,warrensomebody,Assignee,rpotts,warren
1999-08-19 23:09:12 PDT,rpotts,Status,ASSIGNED,NEW
1999-08-19 23:09:12 PDT,rpotts,Target Milestone,M10,M9
1999-08-27 15:51:19 PDT,rpotts,Status,RESOLVED,ASSIGNED
1999-08-27 15:51:19 PDT,rpotts,Resolution,FIXED,---
1999-08-27 15:51:19 PDT,rpotts,Last Resolved,1999-08-27 15:51:19,
1999-09-13 17:57:47 PDT,phillip,Status,VERIFIED,RESOLVED
2011-09-11 07:10:22 PDT,h_graen,CC,h_graen,
