When, Who, What, Added, Removed
1999-08-03 09:29:33 PDT,scottputterman,Resolution,FIXED,---
1999-08-03 09:29:33 PDT,scottputterman,Target Milestone,M11,
1999-08-03 09:29:33 PDT,scottputterman,Last Resolved,1999-08-03 09:29:33,
1999-08-03 09:29:33 PDT,scottputterman,Status,RESOLVED,NEW
1999-08-03 09:29:53 PDT,scottputterman,Status,REOPENED,RESOLVED
1999-08-03 09:30:07 PDT,scottputterman,Resolution,---,FIXED
1999-08-03 09:30:19 PDT,scottputterman,Status,ASSIGNED,REOPENED
1999-08-24 15:52:19 PDT,sol,Whiteboard,[PR1],
1999-10-22 19:34:50 PDT,pmock,QA Contact,pmock,lchiang
1999-11-01 11:26:05 PST,lchiang,Hardware,All,PC
1999-11-01 11:26:05 PST,lchiang,OS,All,Windows NT
2000-01-31 14:22:30 PST,scottputterman,Status,RESOLVED,ASSIGNED
2000-01-31 14:22:30 PST,scottputterman,Resolution,FIXED,---
2000-01-31 14:22:30 PST,scottputterman,Last Resolved,2000-01-31 14:22:30,1999-08-03 09:29:33
2000-02-25 17:38:11 PST,laurel,CC,phil,
2000-02-25 17:39:13 PST,laurel,CC,laurel,
2000-03-06 15:47:51 PST,laurel,Status,VERIFIED,RESOLVED
2000-03-06 15:50:07 PST,scottputterman,CC,jefft,
2004-11-22 17:25:08 PST,myk,Product,Seamonkey,Browser
