When, Who, What, Added, Removed
1999-07-29 16:29:29 PDT,lchiang,Summary,[PP] Necko: Messenger hangs trying to send or recieve mail,[PP] Messenger hangs trying to send or recieve mail
1999-07-29 16:29:29 PDT,lchiang,Component,Networking-Mail,Necko
1999-07-29 17:16:19 PDT,mscott,Assignee,mscott,gagan
1999-07-29 17:16:19 PDT,mscott,Target Milestone,M9,
1999-07-29 17:18:22 PDT,mscott,Status,ASSIGNED,NEW
1999-07-29 17:19:02 PDT,lchiang,Summary,[PP][blocker] Necko: Messenger hangs trying to send or recieve mail,[PP] Necko: Messenger hangs trying to send or recieve mail
1999-07-29 23:59:38 PDT,mcafee,Priority,P1,P3
1999-07-30 12:05:42 PDT,mscott,Whiteboard,Looks like a necko problem with blocking writes on the mac,
1999-07-30 16:33:08 PDT,mscott,Status,NEW,ASSIGNED
1999-07-30 16:33:08 PDT,mscott,Component,Necko,Networking-Mail
1999-07-30 16:33:08 PDT,mscott,Assignee,gordon,mscott
1999-07-30 21:30:32 PDT,lchiang,Product,Browser,MailNews
1999-08-04 14:11:56 PDT,gordon,Status,ASSIGNED,NEW
1999-08-05 13:45:07 PDT,chofmann,Blocks,11349,
1999-08-10 15:01:55 PDT,nbaca,Blocks,7010,
1999-08-12 17:58:25 PDT,warrensomebody,Status,RESOLVED,ASSIGNED
1999-08-12 17:58:25 PDT,warrensomebody,Resolution,FIXED,---
1999-08-12 17:58:25 PDT,warrensomebody,Last Resolved,1999-08-12 17:58:25,
1999-08-13 11:13:29 PDT,pmock,Status,VERIFIED,RESOLVED
