When, Who, What, Added, Removed
1999-08-02 11:31:01 PDT,robinf,Blocks,10544,
1999-08-20 11:20:46 PDT,robinf,Priority,P1,P3
1999-09-21 17:52:02 PDT,gayatrib,Status,ASSIGNED,NEW
1999-10-13 13:13:25 PDT,vparthas,Status,NEW,ASSIGNED
1999-10-13 13:13:25 PDT,vparthas,Assignee,varada,gayatrib
1999-10-13 13:13:32 PDT,vparthas,Status,ASSIGNED,NEW
1999-10-18 11:59:26 PDT,vparthas,Target Milestone,M14,
1999-10-22 18:48:13 PDT,vparthas,Blocks,17110,
1999-10-22 20:41:50 PDT,vparthas,Status,RESOLVED,ASSIGNED
1999-10-22 20:41:50 PDT,vparthas,Resolution,FIXED,---
1999-10-22 20:41:50 PDT,vparthas,Last Resolved,1999-10-22 20:41:50,
1999-10-28 13:06:53 PDT,bmartin,Status,VERIFIED,RESOLVED
