When, Who, What, Added, Removed
1999-07-29 15:50:48 PDT,scottputterman,Summary,[FEATURE] Save messages,[FEATURE] Save messges
1999-07-29 15:50:48 PDT,scottputterman,Blocks,10791,
1999-07-29 15:50:48 PDT,scottputterman,Target Milestone,M9,
1999-07-29 16:11:44 PDT,lchiang,Hardware,All,PC
1999-07-29 16:11:44 PDT,lchiang,OS,All,Windows NT
1999-08-24 15:52:47 PDT,sol,Whiteboard,[PR1],
1999-09-20 15:52:42 PDT,lchiang,Blocks,11091,
1999-10-07 08:33:07 PDT,jefft,Status,RESOLVED,ASSIGNED
1999-10-07 08:33:07 PDT,jefft,Resolution,FIXED,---
1999-10-07 08:33:07 PDT,jefft,Last Resolved,1999-10-07 08:33:07,
1999-11-11 17:51:46 PST,lchiang,QA Contact,esther,lchiang
1999-11-21 09:37:33 PST,esther,Status,REOPENED,RESOLVED
1999-11-21 09:38:06 PST,esther,Resolution,---,FIXED
1999-11-22 09:35:08 PST,leger,Target Milestone,M12,M11
1999-11-22 16:13:12 PST,jefft,Status,ASSIGNED,REOPENED
1999-11-23 14:06:07 PST,jefft,Blocks,1775,
1999-11-23 14:34:25 PST,jefft,Last Resolved,1999-11-23 14:34:25,1999-10-07 08:33:07
1999-11-23 14:34:25 PST,jefft,Status,RESOLVED,ASSIGNED
1999-11-23 14:34:25 PST,jefft,Resolution,FIXED,---
1999-11-24 13:59:30 PST,esther,Status,VERIFIED,RESOLVED
2004-11-22 17:26:45 PST,myk,Product,Core,MailNews
2008-07-31 04:30:00 PDT,nobody,Product,MailNews Core,Core
