When, Who, What, Added, Removed
1999-07-29 15:48:44 PDT,scottputterman,Blocks,10791,
1999-07-29 15:48:44 PDT,scottputterman,Target Milestone,M9,
1999-07-29 16:11:10 PDT,lchiang,QA Contact,fenella,lchiang
1999-08-02 11:57:15 PDT,jefft,Status,ASSIGNED,NEW
1999-08-02 11:57:15 PDT,jefft,Target Milestone,M10,M9
1999-08-02 18:31:01 PDT,jefft,Status,RESOLVED,ASSIGNED
1999-08-02 18:31:01 PDT,jefft,Resolution,FIXED,---
1999-08-02 18:31:01 PDT,jefft,Last Resolved,1999-08-02 18:31:01,
1999-08-16 10:59:57 PDT,fenella,Status,VERIFIED,RESOLVED
2004-11-22 17:26:45 PST,myk,Product,Core,MailNews
2008-07-31 04:30:00 PDT,nobody,Product,MailNews Core,Core
