When, Who, What, Added, Removed
1999-07-29 15:51:48 PDT,scottputterman,Blocks,10791,
1999-07-29 15:51:48 PDT,scottputterman,Target Milestone,M9,
1999-07-29 16:12:16 PDT,lchiang,Hardware,All,PC
1999-07-29 16:12:16 PDT,lchiang,OS,All,Windows NT
1999-07-29 16:12:16 PDT,lchiang,QA Contact,pmock,lchiang
1999-08-24 15:53:10 PDT,sol,Whiteboard,[PR1],
1999-09-20 15:52:53 PDT,lchiang,Blocks,11091,
1999-10-07 08:36:41 PDT,jefft,Whiteboard,[PR1] Waiting for necko's url dispatching and helper app registration work,[PR1]
1999-11-01 15:17:23 PST,jefft,Target Milestone,M12,M11
1999-12-01 17:07:42 PST,phil,Target Milestone,M13,M12
2000-01-12 15:22:04 PST,jefft,Target Milestone,M14,M13
2000-02-07 22:01:28 PST,lchiang,Keywords,beta1,
2000-02-08 11:07:54 PST,sol,Keywords,,beta1
2000-02-08 11:07:54 PST,sol,Whiteboard,Waiting for necko's url dispatching and helper app registration work,[PR1] Waiting for necko's url dispatching and helper app registration work
2000-03-17 15:28:16 PST,jefft,Target Milestone,M16,M14
2000-03-23 15:11:30 PST,jefft,Whiteboard,ETA ??? - depends on necko mime registration component,Waiting for necko's url dispatching and helper app registration work
2000-03-29 06:50:19 PST,jefft,Depends on,13784,
2000-04-03 18:38:40 PDT,selmer,Priority,P2,P3
2000-05-02 15:52:35 PDT,jefft,Whiteboard,,ETA ??? - depends on necko mime registration component
2000-05-02 15:52:35 PDT,jefft,Status,NEW,ASSIGNED
2000-05-02 15:52:35 PDT,jefft,Assignee,mscott,jefft
2000-05-18 14:47:38 PDT,lchiang,Keywords,nsbeta2,
2000-05-18 14:47:38 PDT,lchiang,Severity,major,normal
2000-05-23 15:47:07 PDT,leger,Whiteboard,[nsbeta2+],
2000-06-08 14:51:27 PDT,scottputterman,Whiteboard,[nsbeta2+] ETA 6/19,[nsbeta2+]
2000-06-20 13:36:29 PDT,leger,Whiteboard,[nsbeta2+]Exception Feature -  ETA 6/19,[nsbeta2+] ETA 6/19
2000-06-22 02:57:30 PDT,mscott,Status,ASSIGNED,NEW
2000-06-22 23:39:17 PDT,mscott,Last Resolved,2000-06-22 23:39:17,
2000-06-22 23:39:17 PDT,mscott,Status,RESOLVED,ASSIGNED
2000-06-22 23:39:17 PDT,mscott,Resolution,FIXED,---
2000-06-25 17:22:16 PDT,pmock,Status,VERIFIED,RESOLVED
2004-11-22 17:26:45 PST,myk,Product,Core,MailNews
2008-07-31 04:30:00 PDT,nobody,Product,MailNews Core,Core
