When, Who, What, Added, Removed
1998-10-14 22:25:55 PDT,kipp,Status,ASSIGNED,NEW
1998-10-31 16:27:54 PST,kipp,Status,RESOLVED,ASSIGNED
1998-10-31 16:27:54 PST,kipp,Resolution,FIXED,---
1998-10-31 16:27:54 PST,kipp,Last Resolved,1998-10-31 16:27:54,
1999-01-28 16:15:08 PST,elig,Status,VERIFIED,RESOLVED
1999-02-09 15:42:47 PST,dbaron,URL,http://www.fas.harvard.edu/~dbaron/tests/nglayout/topmarg2.html,
1999-02-09 15:42:47 PST,dbaron,Status,REOPENED,VERIFIED
1999-02-09 15:57:10 PST,elig,QA Contact,3847,
1999-02-09 15:57:20 PST,elig,Resolution,---,FIXED
1999-02-09 16:49:59 PST,jcarpenter0524,QA Contact,4110,3847
1999-03-25 07:59:26 PST,kipp,Summary,{vmargin} top/bottom block margins and floaters don't mix well,top/bottom block margins and floaters don't mix well
1999-03-25 16:11:26 PST,kipp,Severity,major,normal
1999-03-26 17:26:47 PST,kipp,Status,RESOLVED,ASSIGNED
1999-03-26 17:26:47 PST,kipp,Resolution,FIXED,---
1999-03-26 17:26:47 PST,kipp,Last Resolved,1999-03-26 17:26:47,1998-10-31 16:27:54
1999-03-31 09:55:45 PST,dbaron,Status,REOPENED,RESOLVED
1999-03-31 10:30:00 PST,kipp,Status,ASSIGNED,REOPENED
1999-03-31 10:30:08 PST,kipp,Resolution,---,FIXED
1999-03-31 17:38:29 PST,kipp,Status,RESOLVED,ASSIGNED
1999-03-31 17:38:29 PST,kipp,Resolution,FIXED,---
1999-03-31 17:38:29 PST,kipp,Last Resolved,1999-03-31 17:38:29,1999-03-26 17:26:47
1999-04-05 07:54:14 PDT,leger,Target Milestone,M4,
1999-04-06 09:18:38 PDT,dbaron,Status,VERIFIED,RESOLVED
