When, Who, What, Added, Removed
1999-08-05 12:15:24 PDT,leger,Summary,[BLOCKER]Build number is not correct in navigator-tes1.xul file,Build number is not correct in navigator-tes1.xul file
1999-08-05 12:15:24 PDT,leger,Severity,blocker,normal
1999-08-05 16:34:17 PDT,leger,Blocks,11349,
1999-08-05 20:02:05 PDT,chofmann,Assignee,bsharma,don
1999-08-06 11:34:20 PDT,bsharma,Status,RESOLVED,NEW
1999-08-06 11:34:20 PDT,bsharma,Resolution,FIXED,---
1999-08-06 11:34:20 PDT,bsharma,Last Resolved,1999-08-06 11:34:20,
1999-08-10 10:30:44 PDT,bsharma,Status,VERIFIED,RESOLVED
1999-09-15 14:31:56 PDT,bsharma,Status,REOPENED,VERIFIED
1999-09-16 07:46:16 PDT,leger,Resolution,---,FIXED
1999-09-16 11:13:07 PDT,bsharma,Status,RESOLVED,REOPENED
1999-09-16 11:13:07 PDT,bsharma,Resolution,FIXED,---
1999-09-16 11:13:07 PDT,bsharma,Last Resolved,1999-09-16 11:13:07,1999-08-06 11:34:20
1999-11-22 12:05:19 PST,leger,QA Contact,bsharma,leger
1999-11-22 12:05:19 PST,leger,Status,VERIFIED,RESOLVED
2004-11-22 17:25:08 PST,myk,Product,Seamonkey,Browser
