When, Who, What, Added, Removed
1999-07-29 15:54:37 PDT,scottputterman,Blocks,10791,
1999-07-29 15:54:37 PDT,scottputterman,Target Milestone,M10,
1999-07-29 16:12:54 PDT,lchiang,Hardware,All,PC
1999-07-29 16:12:54 PDT,lchiang,OS,All,Windows NT
1999-07-29 18:43:37 PDT,scottputterman,Summary,[FEATURE] Delete Imap Folder/Move folder to Trash.,[FEATURE] Delete Imap Folder
1999-08-10 17:54:28 PDT,jefft,Status,RESOLVED,ASSIGNED
1999-08-10 17:54:28 PDT,jefft,Resolution,FIXED,---
1999-08-10 17:54:28 PDT,jefft,Last Resolved,1999-08-10 17:54:28,
1999-08-12 15:58:11 PDT,fenella,Status,REOPENED,RESOLVED
1999-08-12 15:59:31 PDT,fenella,Resolution,---,FIXED
1999-08-24 08:31:56 PDT,mozilla,Status,NEW,REOPENED
1999-08-24 08:31:56 PDT,mozilla,Assignee,bienvenu,jefft
1999-08-24 15:54:18 PDT,sol,Whiteboard,[PR1],
1999-08-29 21:08:13 PDT,mozilla,Assignee,jefft,bienvenu
1999-08-30 10:23:05 PDT,jefft,Status,ASSIGNED,NEW
1999-08-31 16:43:40 PDT,jefft,Target Milestone,M11,M10
1999-09-01 17:53:17 PDT,jefft,Depends on,10208,
1999-09-03 10:12:40 PDT,jefft,Status,RESOLVED,ASSIGNED
1999-09-03 10:12:40 PDT,jefft,Resolution,FIXED,---
1999-09-03 10:12:40 PDT,jefft,Last Resolved,1999-09-03 10:12:40,1999-08-10 17:54:28
1999-10-13 13:29:01 PDT,huang,Status,VERIFIED,RESOLVED
2004-11-22 17:26:45 PST,myk,Product,Core,MailNews
2008-07-31 04:30:00 PDT,nobody,Product,MailNews Core,Core
