When, Who, What, Added, Removed
1999-07-29 15:53:13 PDT,scottputterman,Blocks,10791,
1999-07-29 15:53:13 PDT,scottputterman,Target Milestone,M9,
1999-07-29 16:12:38 PDT,lchiang,Hardware,All,PC
1999-07-29 16:12:38 PDT,lchiang,OS,All,Windows NT
1999-07-29 16:12:38 PDT,lchiang,QA Contact,pmock,lchiang
1999-08-24 15:53:30 PDT,sol,Whiteboard,[PR1],
1999-09-20 15:53:36 PDT,lchiang,Blocks,11091,
1999-09-29 14:56:08 PDT,jefft,Status,RESOLVED,ASSIGNED
1999-09-29 14:56:08 PDT,jefft,Resolution,FIXED,---
1999-09-29 14:56:08 PDT,jefft,Last Resolved,1999-09-29 14:56:08,
1999-10-11 18:32:27 PDT,pmock,Depends on,16145,
1999-10-21 15:25:36 PDT,pmock,Status,VERIFIED,RESOLVED
2004-11-22 17:26:45 PST,myk,Product,Core,MailNews
2008-07-31 04:30:00 PDT,nobody,Product,MailNews Core,Core
