When, Who, What, Added, Removed
1999-07-29 16:26:10 PDT,mozilla,Assignee,danm,rjc
1999-07-30 15:03:05 PDT,danm.moz,Assignee,slamm,danm
1999-08-02 14:49:45 PDT,don,Priority,P1,P3
1999-08-02 14:49:45 PDT,don,Target Milestone,M9,
1999-08-02 16:08:38 PDT,cmaximus,QA Contact,claudius,phillip
1999-08-04 14:15:07 PDT,slamm,Status,RESOLVED,NEW
1999-08-04 14:15:07 PDT,slamm,Resolution,FIXED,---
1999-08-04 14:15:07 PDT,slamm,Last Resolved,1999-08-04 14:15:07,
1999-08-09 17:57:28 PDT,cmaximus,Status,VERIFIED,RESOLVED
