When, Who, What, Added, Removed
1999-08-02 17:10:09 PDT,selmer,Status,ASSIGNED,NEW
1999-08-02 17:10:09 PDT,selmer,Severity,enhancement,normal
1999-08-02 17:10:09 PDT,selmer,Target Milestone,M15,
1999-08-24 11:24:21 PDT,robinf,Status,NEW,ASSIGNED
1999-08-24 11:24:21 PDT,robinf,Assignee,varada,selmer
1999-09-03 10:38:26 PDT,vparthas,Status,ASSIGNED,NEW
1999-10-22 18:58:11 PDT,vparthas,Blocks,17110,
1999-10-26 14:18:20 PDT,vparthas,Last Resolved,1999-10-26 14:18:20,
1999-10-26 14:18:20 PDT,vparthas,Status,RESOLVED,ASSIGNED
1999-10-26 14:18:20 PDT,vparthas,Resolution,FIXED,---
1999-10-28 15:05:45 PDT,bmartin,Status,REOPENED,RESOLVED
1999-10-28 15:06:02 PDT,bmartin,Resolution,---,FIXED
1999-10-29 13:28:16 PDT,vparthas,Status,NEW,REOPENED
1999-10-29 13:28:16 PDT,vparthas,Assignee,robinf,varada
1999-11-08 10:36:20 PST,robinf,Status,ASSIGNED,NEW
2000-01-11 11:31:20 PST,bmartin,Status,NEW,ASSIGNED
2000-01-11 11:31:20 PST,bmartin,Assignee,varada,robinf
2000-01-11 13:38:13 PST,vparthas,Status,RESOLVED,NEW
2000-01-11 13:38:13 PST,vparthas,Resolution,FIXED,---
2000-01-11 13:38:13 PST,vparthas,Last Resolved,2000-01-11 13:38:13,1999-10-26 14:18:20
2000-02-14 08:15:41 PST,bmartin,Status,VERIFIED,RESOLVED
2000-02-14 11:33:13 PST,robinf,Summary,RFE: Wire Help buttons to point to online or local HTML doc,RFE: Wire Help buttons to point to online HTML doc
2000-02-14 11:33:13 PST,robinf,Status,REOPENED,VERIFIED
2000-02-14 11:33:13 PST,robinf,Resolution,---,FIXED
2000-03-17 15:48:10 PST,vparthas,Whiteboard,[Candidacy Approved] 3 hours,
2000-03-17 15:48:10 PST,vparthas,Status,ASSIGNED,REOPENED
2000-03-17 15:48:10 PST,vparthas,Severity,normal,enhancement
2000-03-23 15:26:37 PST,bmartin,Blocks,33097,
2000-03-27 16:46:17 PST,vparthas,Resolution,FIXED,---
2000-03-27 16:46:17 PST,vparthas,Last Resolved,2000-03-27 16:46:17,2000-01-11 13:38:13
2000-03-27 16:46:17 PST,vparthas,Status,RESOLVED,ASSIGNED
2000-03-31 15:47:20 PST,bmartin,Status,VERIFIED,RESOLVED
