When,Who,What,Added,Removed
2009-09-10 11:44:04 PDT,anodelman,Blocks,515701,
2009-09-10 14:21:16 PDT,dmoore,Assignee,phong,server-ops
2009-09-10 14:21:16 PDT,dmoore,CC,dmoore,
2009-09-11 10:39:26 PDT,phong,Flags,colo-trip+,
2009-09-11 12:02:52 PDT,phong,CC,,dmoore
2009-09-11 15:19:25 PDT,phong,Status,RESOLVED,NEW
2009-09-11 15:19:25 PDT,phong,Resolution,FIXED,---
2009-09-11 15:19:25 PDT,phong,Last Resolved,2009-09-11 15:19:25,
2015-03-12 08:17:16 PDT,nobody,Product,mozilla.org Graveyard,mozilla.org
