When,Who,What,Added,Removed
2009-09-14 15:47:23 PDT,mozillamarcia.knous,CC,justdave,
2009-09-21 11:21:39 PDT,pavlov,Severity,critical,normal
2009-09-21 12:43:51 PDT,justdave,Assignee,justdave,marcia
2009-09-21 12:43:51 PDT,justdave,Last Resolved,2009-09-21 12:43:51,
2009-09-21 12:43:51 PDT,justdave,Status,RESOLVED,NEW
2009-09-21 12:43:51 PDT,justdave,Resolution,FIXED,---
2011-06-26 22:54:48 PDT,nobody,Product,bugzilla.mozilla.org,mozilla.org
2011-06-26 22:54:48 PDT,nobody,Component,Administration,Bugzilla: Keywords & Components
