When,Who,What,Added,Removed
2009-09-10 11:32:26 PDT,ben,tracking-fennec,?,---
2009-09-10 11:35:43 PDT,21,CC,21,
2009-10-15 09:27:48 PDT,ben,Depends on,504524, 517153, 519339,
2009-10-15 09:47:53 PDT,madhava,CC,madhava,
2009-10-15 10:12:54 PDT,ben,Blocks,504390,
2009-10-15 10:30:18 PDT,jwalden+bmo,CC,jwalden+bmo,
2009-10-20 11:37:19 PDT,mark.finkle,Priority,P1,--
2009-10-20 11:37:19 PDT,mark.finkle,CC,mark.finkle,
2009-12-03 10:53:05 PST,pavlov,tracking-fennec,1.0-,?
2010-01-08 11:53:27 PST,mozaakash,Status,RESOLVED,NEW
2010-01-08 11:53:27 PST,mozaakash,Resolution,FIXED,---
2010-01-08 11:53:27 PST,mozaakash,CC,adesai,
2010-01-08 11:53:27 PST,mozaakash,Last Resolved,2010-01-08 11:53:27,
2010-01-08 11:53:54 PST,mozaakash,Status,VERIFIED,RESOLVED
2010-02-23 22:03:00 PST,mozaakash,Component,Panning/Zooming,General
