When,Who,What,Added,Removed
2009-09-10 11:54:57 PDT,tdowner,CC,tyler.downer,
2009-09-10 11:54:57 PDT,tdowner,Keywords,hang,
2009-09-10 11:54:57 PDT,tdowner,Version,3.5 Branch,unspecified
2009-09-10 11:54:57 PDT,tdowner,Severity,major,critical
2009-09-10 14:55:16 PDT,tdowner,Status,RESOLVED,UNCONFIRMED
2009-09-10 14:55:16 PDT,tdowner,Resolution,INVALID,---
2009-09-10 14:55:16 PDT,tdowner,Last Resolved,2009-09-10 14:55:16,
2009-09-10 15:32:35 PDT,hskupin,Status,UNCONFIRMED,RESOLVED
2009-09-10 15:32:35 PDT,hskupin,Resolution,---,INVALID
2009-09-10 15:32:35 PDT,hskupin,CC,hskupin,
2009-09-12 11:12:53 PDT,jk,CC,jk,
2009-09-13 08:32:21 PDT,hskupin,CC,dstansby,
2009-09-15 12:01:43 PDT,doug.heacock,CC,doug.heacock,
2009-09-15 15:55:30 PDT,hskupin,Status,NEW,UNCONFIRMED
2009-09-15 15:55:30 PDT,hskupin,CC,mak77, smichaud,
2009-09-15 15:55:30 PDT,hskupin,Ever confirmed,1,0
2009-09-15 15:55:30 PDT,hskupin,Keywords,perf,
2009-09-23 17:04:54 PDT,smichaud,Summary,[10.6] Browser freezing when clicking 'Help',Browser freezing when clicking 'Help'
2009-09-26 07:41:40 PDT,alex,CC,alex,
2009-10-02 07:00:52 PDT,bob,CC,bclary,
2009-10-10 10:00:49 PDT,hskupin,Status,ASSIGNED,NEW
2009-10-10 10:00:49 PDT,hskupin,Assignee,smichaud,nobody
2009-10-10 10:00:49 PDT,hskupin,Flags,blocking-firefox3.6?,
2009-10-10 11:40:35 PDT,bob,CC,cbook,
2009-10-12 12:32:59 PDT,mozillamarcia.knous,CC,marcia,
2009-10-15 16:11:27 PDT,smichaud,Attachment #402427                Attachment is obsolete,1,0
2009-10-15 16:11:27 PDT,smichaud,Attachment #404346                Attachment is obsolete,1,0
2009-10-15 16:11:27 PDT,smichaud,Attachment #406560                Flags,review?(joshmoz),
2009-10-15 16:12:28 PDT,smichaud,Attachment #406561                Flags,review?(joshmoz),
2009-10-15 16:13:15 PDT,smichaud,Attachment #406562                Flags,review?(joshmoz),
2009-10-15 16:28:00 PDT,smichaud,Attachment #406561                Flags,,review?(joshmoz)
2009-10-15 16:28:00 PDT,smichaud,Attachment #406561                Attachment is obsolete,1,0
2009-10-15 16:28:00 PDT,smichaud,Attachment #406569                Flags,review?(joshmoz),
2009-10-26 09:02:20 PDT,mbeltzner,Keywords,regression,
2009-10-26 09:02:20 PDT,mbeltzner,Priority,P2,--
2009-10-26 09:02:20 PDT,mbeltzner,Flags,blocking-firefox3.6+,blocking-firefox3.6?
2009-11-03 18:41:14 PST,jaas,Attachment #406560                Flags,review+,review?(joshmoz)
2009-11-04 08:21:56 PST,highmind63,CC,highmind63,
2009-11-04 08:26:26 PST,smichaud,Status,RESOLVED,ASSIGNED
2009-11-04 08:26:26 PST,smichaud,Resolution,FIXED,---
2009-11-04 08:26:26 PST,smichaud,Last Resolved,2009-11-04 08:26:26,2009-09-10 14:55:16
2009-11-06 13:11:14 PST,jaas,Attachment #406569                Flags,review+,review?(joshmoz)
2009-11-06 13:57:05 PST,smichaud,status1.9.2,beta2-fixed,---
2009-11-06 15:00:17 PST,hskupin,Status,VERIFIED,RESOLVED
2009-11-06 15:00:17 PST,hskupin,Target Milestone,Firefox 3.7a1,---
2009-11-06 17:42:19 PST,hskupin,Status,RESOLVED,VERIFIED
2009-11-06 17:42:19 PST,hskupin,Last Resolved,2009-11-06 17:42:19,2009-11-04 08:26:26
2009-11-08 05:24:09 PST,hskupin,Keywords,verified1.9.2,
2009-11-08 14:59:18 PST,jaas,Attachment #406562                Flags,review+,review?(joshmoz)
2009-11-09 08:16:54 PST,smichaud,Attachment #406562                Flags,approval1.9.1.7?,
2009-12-18 11:43:06 PST,dveditz,Attachment #406562                Flags,approval1.9.1.8+,approval1.9.1.8?
2009-12-18 16:13:27 PST,ehsan,CC,ehsan.akhgari,
2009-12-18 16:13:27 PST,ehsan,status1.9.1,.8-fixed,---
2010-01-25 16:02:52 PST,edilee,CC,t.fitz,
