When,Who,What,Added,Removed
2009-09-10 12:08:38 PDT,rsx11m.pub,Flags,blocking-thunderbird3?,
2009-09-10 13:17:04 PDT,clarkbw,CC,clarkbw,
2009-09-11 15:23:30 PDT,dmose,Keywords,relnote,
2009-09-11 15:23:30 PDT,dmose,Flags,blocking-thunderbird3-, wanted-thunderbird3+,blocking-thunderbird3?
2009-09-15 12:51:04 PDT,rsx11m.pub,CC,r.bhatia,
2009-09-16 05:34:19 PDT,rsx11m.pub,Depends on,516884,
2009-09-20 19:28:58 PDT,baffoni,CC,baffoni,
2009-10-19 16:05:08 PDT,rsx11m.pub,Resolution,FIXED,---
2009-10-19 16:05:08 PDT,rsx11m.pub,Last Resolved,2009-10-19 16:05:08,
2009-10-19 16:05:08 PDT,rsx11m.pub,Whiteboard,[fixed by bug 516884],
2009-10-19 16:05:08 PDT,rsx11m.pub,Status,RESOLVED,NEW
2009-10-19 17:24:21 PDT,squibblyflabbetydoo,CC,,squibblyflabbetydoo
2012-06-20 03:07:06 PDT,standard8,Keywords,,relnote
