When,Who,What,Added,Removed
2009-09-10 13:20:45 PDT,mark.finkle,tracking-fennec,?,---
2009-09-10 15:45:56 PDT,21,CC,21,
2009-09-11 06:30:28 PDT,21,Attachment #400020                Flags,review?(mark.finkle),
2009-09-11 06:35:32 PDT,mark.finkle,Attachment #400020                Flags,review+,review?(mark.finkle)
2009-09-11 06:46:43 PDT,mark.finkle,Attachment #400020                Flags,review-,review+
2009-09-11 07:20:19 PDT,21,Attachment #400025                Flags,review?(mark.finkle),
2009-09-11 07:20:19 PDT,21,Attachment #400020                Attachment is obsolete,1,0
2009-09-11 07:29:47 PDT,mark.finkle,Attachment #400025                Flags,review+,review?(mark.finkle)
2009-09-11 07:45:42 PDT,mark.finkle,Status,RESOLVED,NEW
2009-09-11 07:45:42 PDT,mark.finkle,Resolution,FIXED,---
2009-09-11 07:45:42 PDT,mark.finkle,Last Resolved,2009-09-11 07:45:42,
2009-09-14 10:56:00 PDT,mozaakash,Status,VERIFIED,RESOLVED
2009-09-14 10:56:00 PDT,mozaakash,CC,adesai,
2010-02-23 22:14:04 PST,mozaakash,Component,Bookmarks,General
2011-06-12 02:26:32 PDT,dao,Assignee,21,nobody
2013-12-10 09:59:03 PST,nobody,tracking-fennec,---,?
