When,Who,What,Added,Removed
2009-09-10 13:06:48 PDT,gal,CC,jseward,
2009-09-10 13:06:56 PDT,gal,Assignee,gal,general
2009-09-10 13:10:50 PDT,dmandelin,CC,dmandelin,
2009-09-10 17:55:47 PDT,ryanvm,CC,ryanvm,
2009-12-08 13:52:07 PST,gal,CC,dvander,
2009-12-08 13:52:19 PST,gal,Hardware,All,x86
2009-12-08 13:52:19 PST,gal,OS,All,Mac OS X
2009-12-08 13:52:19 PST,gal,Priority,P2,--
2009-12-08 15:43:12 PST,gal,Attachment #416623                Attachment is obsolete,1,0
2009-12-08 16:14:35 PST,dvander,Attachment #416651                Attachment is obsolete,1,0
2009-12-09 03:47:49 PST,dvander,Attachment #416658                Attachment is obsolete,1,0
2009-12-09 17:06:13 PST,dvander,Attachment #416740                Attachment is obsolete,1,0
2009-12-09 17:06:13 PST,dvander,Attachment #416842                Flags,review?(gal),
2009-12-10 15:34:04 PST,gal,Attachment #416842                Flags,review+,review?(gal)
2009-12-10 17:40:34 PST,dvander,Status,ASSIGNED,NEW
2009-12-10 17:40:34 PST,dvander,Assignee,dvander,gal
2009-12-10 17:40:34 PST,dvander,Attachment #416842                Attachment is obsolete,1,0
2009-12-10 17:40:34 PST,dvander,Attachment #417020                Flags,review?(gal),
2009-12-11 01:34:09 PST,gal,Attachment #417020                Flags,review+,review?(gal)
2009-12-11 19:11:12 PST,dvander,Whiteboard,fixed-in-tracemonkey,
2009-12-16 02:02:44 PST,dvander,Blocks,534745,
2009-12-16 02:02:59 PST,dvander,Depends on,534745,
2009-12-16 02:02:59 PST,dvander,Blocks,,534745
2009-12-16 18:44:19 PST,dvander,Depends on,535474,
2009-12-18 08:10:26 PST,sayrer,Last Resolved,2009-12-18 08:10:26,
2009-12-18 08:10:26 PST,sayrer,Status,RESOLVED,ASSIGNED
2009-12-18 08:10:26 PST,sayrer,Resolution,FIXED,---
2009-12-18 08:10:26 PST,sayrer,CC,sayrer,
2009-12-19 14:01:08 PST,gary,Depends on,535930,
2010-02-18 17:19:55 PST,gary,Depends on,546611,
