When,Who,What,Added,Removed
2009-09-10 15:43:54 PDT,kairo,CC,bugzilla, kairo,
2009-09-10 15:43:54 PDT,kairo,Depends on,473045,
2009-09-10 23:40:16 PDT,antoine.mozilla,CC,turmelantoine,
2009-09-23 00:58:46 PDT,bzcc,CC,bzcc,
2009-10-25 06:32:54 PDT,jasonb,Summary,SeaMonkey jumplist behaviour on Windows 7 broken by bug 473045.,Individual SeaMonkey components are not properly handled by the Windows 7 taskbar.
2009-10-25 06:32:54 PDT,jasonb,Depends on,,473045
2009-10-25 06:32:54 PDT,jasonb,Blocks,473045,
2009-11-06 17:46:26 PST,bugzilla-mozilla-20000923,CC,silver,
2009-11-13 05:02:16 PST,jasonb,Blocks,,473045
2009-11-13 05:02:16 PST,jasonb,Summary,Individual SeaMonkey components are not properly handled by the Windows 7 taskbar.,SeaMonkey jumplist behaviour on Windows 7 broken by bug 473045.
2009-12-29 05:39:29 PST,kairo,Depends on,505925, 521141,
2010-04-20 15:49:42 PDT,jmathies,CC,jmathies,
2010-04-21 07:44:43 PDT,jmathies,Depends on,560846,505925
2010-04-21 07:46:40 PDT,jmathies,Depends on,,521141
2010-05-15 06:18:06 PDT,kairo,status-seamonkey2.1,?,---
2010-05-15 08:58:56 PDT,jmathies,Blocks,566138,
2010-06-24 02:11:42 PDT,dominique,CC,dominique,
2010-09-07 20:06:26 PDT,bugspam.Callek,CC,bugspam.Callek,
2010-09-07 20:06:26 PDT,bugspam.Callek,status-seamonkey2.1,wanted,?
2010-10-18 05:37:13 PDT,tymerkaev,CC,tymerkaev,
2011-05-07 11:01:14 PDT,bugspam.Callek,status-seamonkey2.1,wontfix,wanted
2011-07-11 03:33:40 PDT,dkbatson,CC,dkbatson,
2011-07-12 11:35:26 PDT,philip.chee,Whiteboard,[good first bug],
2011-07-12 11:46:35 PDT,jh,CC,jh,
2011-07-12 11:51:07 PDT,rpmdisguise-nave,CC,rpmdisguise-otros,
2011-07-26 07:42:40 PDT,ewong,CC,ewong,
2011-08-01 00:15:08 PDT,bugspam.Callek,Status,ASSIGNED,NEW
2011-08-01 00:15:08 PDT,bugspam.Callek,Assignee,bugspam.Callek,nobody
2011-08-01 00:15:08 PDT,bugspam.Callek,Attachment #549725                Flags,ui-review?(bugzilla),
2011-08-01 00:16:33 PDT,bugspam.Callek,Attachment #549726                Flags,review?(bugzilla),
2011-08-03 14:12:18 PDT,bugzilla,Attachment #549726                Flags,review+,review?(bugzilla)
2011-08-09 02:55:24 PDT,bugspam.Callek,Blocks,677484,
2011-08-09 02:56:20 PDT,bugspam.Callek,Summary,Provide More Entries in the Win7 Jumplist Tasks list.,Individual SeaMonkey components are not properly handled by the Windows 7 taskbar.
2011-08-10 00:33:14 PDT,bugspam.Callek,Whiteboard,,[good first bug]
2011-08-10 00:33:14 PDT,bugspam.Callek,Status,RESOLVED,ASSIGNED
2011-08-10 00:33:14 PDT,bugspam.Callek,Resolution,FIXED,---
2011-08-10 00:33:14 PDT,bugspam.Callek,Last Resolved,2011-08-10 00:33:14,
2011-08-10 00:35:19 PDT,bugspam.Callek,Target Milestone,seamonkey2.5,---
2011-08-22 08:36:58 PDT,philip.chee,Attachment #549725                Flags,,ui-review?(bugzilla)
2011-10-20 09:26:32 PDT,jasonb,CC,,jasonb
