When,Who,What,Added,Removed
2009-09-10 14:16:54 PDT,davida,Whiteboard,[has l10n impact],
2009-09-10 14:16:54 PDT,davida,Hardware,All,x86
2009-09-10 14:16:54 PDT,davida,OS,All,Linux
2009-09-10 14:16:54 PDT,davida,CC,david.ascher,
2009-09-10 14:16:54 PDT,davida,Flags,blocking-thunderbird3+,
2009-09-10 17:06:24 PDT,bugmail,Status,ASSIGNED,NEW
2009-09-10 17:06:24 PDT,bugmail,Assignee,bugmail,nobody
2009-09-10 17:06:24 PDT,bugmail,Attachment #399895                Flags,review?(bugzilla), approval-thunderbird3?,
2009-09-10 17:06:44 PDT,bugmail,Attachment #399895                Attachment is obsolete,1,0
2009-09-10 17:06:44 PDT,bugmail,Attachment #399895                Flags,,review?(bugzilla), approval-thunderbird3?
2009-09-10 17:19:04 PDT,bugmail,Attachment #399899                Flags,review?(bugzilla),
2009-09-11 06:05:20 PDT,standard8,Attachment #399899                Flags,review+,review?(bugzilla)
2009-09-11 08:34:05 PDT,standard8,Status,RESOLVED,ASSIGNED
2009-09-11 08:34:05 PDT,standard8,Resolution,FIXED,---
2009-09-11 08:34:05 PDT,standard8,Target Milestone,Thunderbird 3.0b4,---
2009-09-11 08:34:05 PDT,standard8,Last Resolved,2009-09-11 08:34:05,
2009-09-11 08:34:05 PDT,standard8,Keywords,late-l10n,
2009-09-11 23:27:25 PDT,rimas,Status,VERIFIED,RESOLVED
2009-09-15 04:39:13 PDT,vseerror,Component,Search,Toolbars and Tabs
2009-09-15 04:39:13 PDT,vseerror,QA Contact,search,toolbars-tabs
