When,Who,What,Added,Removed
2009-09-10 13:31:36 PDT,mark.finkle,tracking-fennec,?,---
2009-09-13 15:36:53 PDT,pavlov,tracking-fennec,1.0+,?
2009-09-21 17:09:18 PDT,pavlov,tracking-fennec,1.0b4+,1.0+
2009-09-23 00:43:45 PDT,mark.finkle,Assignee,mark.finkle,nobody
2009-09-23 01:03:47 PDT,mark.finkle,Attachment #402300                Attachment is obsolete,1,0
2009-09-23 01:05:18 PDT,mark.finkle,Attachment #402302                Attachment is obsolete,1,0
2009-09-23 08:01:00 PDT,mark.finkle,Attachment #402303                Flags,review?(gavin.sharp),
2009-09-23 08:01:43 PDT,mark.finkle,Attachment #402299                Flags,review?(bugmail),
2009-09-23 08:29:18 PDT,gavin.sharp,Attachment #402303                Flags,review+,review?(gavin.sharp)
2009-09-23 09:21:04 PDT,mark.finkle,Target Milestone,B4,---
2009-09-23 09:21:04 PDT,mark.finkle,Last Resolved,2009-09-23 09:21:04,
2009-09-23 09:21:04 PDT,mark.finkle,Status,RESOLVED,NEW
2009-09-23 09:21:04 PDT,mark.finkle,Resolution,FIXED,---
2009-09-24 08:41:44 PDT,mozaakash,Status,VERIFIED,RESOLVED
2009-09-24 08:41:44 PDT,mozaakash,CC,adesai,
2009-09-28 00:08:47 PDT,blassey.bugs,Attachment #402299                Flags,review+,review?(bugmail)
2009-10-22 13:03:11 PDT,mozaakash,Flags,in-litmus?,
2009-11-30 12:33:53 PST,mozaakash,Flags,in-litmus+,in-litmus?
2010-06-28 15:22:36 PDT,dougt,Hardware,ARM,x86
2010-06-28 15:22:36 PDT,dougt,OS,Linux (embedded),Mac OS X
2010-06-28 15:22:36 PDT,dougt,Component,General,Linux/Maemo
2010-06-28 15:22:36 PDT,dougt,QA Contact,general,maemo-linux
