When,Who,What,Added,Removed
2009-09-18 02:16:42 PDT,standard8,Flags,blocking-thunderbird3+,
2009-09-18 13:37:52 PDT,bugzilla,Whiteboard,[no l10n impact],
2009-09-21 17:12:59 PDT,rebron,URL,http://trunk.mozillamessaging.com/en-US/thunderbird/3.0b4/whatsnew/,
2009-09-21 17:22:43 PDT,rebron,Blocks,518019,
2009-09-22 12:36:39 PDT,standard8,URL,http://www.mozillamessaging.com/en-US/thunderbird/3.0b4/whatsnew/,http://trunk.mozillamessaging.com/en-US/thunderbird/3.0b4/whatsnew/
2009-09-22 12:36:39 PDT,standard8,Status,RESOLVED,NEW
2009-09-22 12:36:39 PDT,standard8,Resolution,FIXED,---
2009-09-22 12:36:39 PDT,standard8,Last Resolved,2009-09-22 12:36:39,
