When,Who,What,Added,Removed
2009-09-10 14:24:56 PDT,dao,Component,General,Theme
2009-09-10 14:24:56 PDT,dao,QA Contact,general,theme
2009-09-10 23:46:01 PDT,antoine.mozilla,CC,turmelantoine,
2009-09-14 21:47:00 PDT,fullmetaljacket.xp+bugmail,CC,fullmetaljacket.xp+bugmail,
2009-09-23 01:00:39 PDT,bzcc,CC,bzcc,
2009-09-24 13:55:28 PDT,jmathies,Blocks,,473045
2009-09-24 13:56:00 PDT,jmathies,Blocks,518666,
2009-09-25 11:50:31 PDT,pablo,CC,pablo,
2009-10-01 08:40:52 PDT,jmathies,Blocks,,518666
2009-10-01 08:47:08 PDT,jmathies,Blocks,519985,
2010-05-27 09:41:46 PDT,tymerkaev,CC,tymerkaev,
2010-11-13 07:57:11 PST,darth-norman,CC,darth-norman,
2010-11-13 08:39:58 PST,jmathies,CC,jmathies,
2010-11-13 08:39:58 PST,jmathies,status2.0,?,---
2011-03-03 05:10:20 PST,dugar.siddhartha,CC,dugar.siddhartha,
2011-03-10 14:24:44 PST,robert.strong.bugs,CC,robert.bugzilla,
2011-03-14 10:29:02 PDT,kozakcsabi,CC,kozakcsabi,
2011-06-02 08:47:39 PDT,jmathies,Depends on,549472,
2011-07-14 03:58:34 PDT,jmathies,Depends on,519985,
2011-07-14 03:58:34 PDT,jmathies,Blocks,,519985
2011-07-16 22:13:28 PDT,netzen,CC,netzen,
2011-07-16 22:13:36 PDT,netzen,Assignee,netzen,nobody
2011-07-18 04:38:18 PDT,jmathies,CC,faaborg,
2011-07-18 04:40:54 PDT,netzen,Depends on,661502,
2011-07-18 04:51:12 PDT,netzen,Depends on,672177,
2011-07-18 04:54:38 PDT,netzen,Summary,Use new icons for each task in Win7 Jump list tasks,Win7 Jump list task list requires an icon for each task
2012-04-26 13:52:20 PDT,netzen,Assignee,nobody,netzen
2012-04-26 13:55:54 PDT,jaws,Status,ASSIGNED,NEW
2012-04-26 13:55:54 PDT,jaws,Assignee,jwein,nobody
2012-04-26 13:55:54 PDT,jaws,CC,jwein,
2012-04-26 13:55:54 PDT,jaws,Target Milestone,---,Firefox 3.6
2012-04-27 12:10:57 PDT,jaws,Attachment #619069                Attachment is obsolete,1,0
2012-04-27 12:10:57 PDT,jaws,Attachment #619135                Flags,review?(netzen),
2012-04-27 12:24:58 PDT,netzen,Attachment #619135                Flags,review+,review?(netzen)
2012-04-28 08:23:35 PDT,jaws,Target Milestone,Firefox 15,---
2012-04-28 08:23:35 PDT,jaws,Flags,in-testsuite-,
2012-04-29 15:57:27 PDT,ryanvm,Status,RESOLVED,ASSIGNED
2012-04-29 15:57:27 PDT,ryanvm,Resolution,FIXED,---
2012-04-29 15:57:27 PDT,ryanvm,CC,ryanvm,
2012-04-29 15:57:27 PDT,ryanvm,Last Resolved,2012-04-29 15:57:27,
2012-05-01 09:09:30 PDT,sid.bugzilla,CC,sagarwal,
2012-06-01 19:07:52 PDT,dugar.siddhartha,CC,,dugar.siddhartha
