When,Who,What,Added,Removed
2009-09-10 12:39:30 PDT,laura,Severity,blocker,major
2009-09-10 12:39:30 PDT,laura,Blocks,514755,
2009-09-10 12:41:17 PDT,smani,Assignee,shyam,server-ops
2009-09-10 12:41:17 PDT,smani,CC,shyam,
2009-09-10 12:41:57 PDT,smani,Status,RESOLVED,NEW
2009-09-10 12:41:57 PDT,smani,Resolution,FIXED,---
2009-09-10 12:41:57 PDT,smani,Last Resolved,2009-09-10 12:41:57,
2009-09-10 12:56:34 PDT,stephen.donner,Status,VERIFIED,RESOLVED
2015-03-12 08:17:16 PDT,nobody,Product,mozilla.org Graveyard,mozilla.org
