When,Who,What,Added,Removed
2009-09-10 12:48:36 PDT,rimas,Version,unspecified,Trunk
2009-09-10 12:48:36 PDT,rimas,Hardware,All,x86
2009-09-10 12:48:36 PDT,rimas,OS,All,Linux
2009-09-10 14:13:59 PDT,davida,Whiteboard,[has l10n impact],
2009-09-10 14:13:59 PDT,davida,CC,david.ascher,
2009-09-10 14:16:02 PDT,davida,Flags,blocking-thunderbird3+,
2009-09-10 18:47:31 PDT,bugmail,Status,ASSIGNED,NEW
2009-09-10 18:47:31 PDT,bugmail,Assignee,bugmail,nobody
2009-09-10 18:47:31 PDT,bugmail,Attachment #399930                Flags,review?(bugzilla),
2009-09-10 18:49:02 PDT,bugmail,Attachment #399930                Attachment is obsolete,1,0
2009-09-10 18:49:02 PDT,bugmail,Attachment #399930                Flags,,review?(bugzilla)
2009-09-10 19:01:34 PDT,bugmail,Attachment #399933                Flags,review?(bugzilla),
2009-09-11 05:47:04 PDT,standard8,Whiteboard,[has l10n impact][needs review standard8],[has l10n impact]
2009-09-11 05:47:04 PDT,standard8,Target Milestone,Thunderbird 3.0rc1,---
2009-09-14 21:52:38 PDT,ludovic,Component,Search,Toolbars and Tabs
2009-09-14 21:52:38 PDT,ludovic,QA Contact,search,toolbars-tabs
2009-09-17 10:18:37 PDT,davida,CC,clarkbw,
2009-09-21 03:20:10 PDT,standard8,Attachment #399933                Flags,review+,review?(bugzilla)
2009-09-21 03:20:58 PDT,standard8,Whiteboard,[has l10n impact][ready to land],[has l10n impact][needs review standard8]
2009-09-21 19:58:56 PDT,bugmail,Status,RESOLVED,ASSIGNED
2009-09-21 19:58:56 PDT,bugmail,Resolution,FIXED,---
2009-09-21 19:58:56 PDT,bugmail,Last Resolved,2009-09-21 19:58:56,
