When,Who,What,Added,Removed
2009-09-10 13:55:00 PDT,cmtalbert,Status,NEW,UNCONFIRMED
2009-09-10 13:55:00 PDT,cmtalbert,CC,ctalbert,
2009-09-10 13:55:00 PDT,cmtalbert,Ever confirmed,1,0
2009-09-11 05:00:05 PDT,hskupin,URL,http://github.com/mikeal/mozmill/blob/c82d61d03fb8410776877cc498c415c1ddc62cde/mozmill/extension/resource/modules/controller.js#L728,
2009-09-11 05:00:05 PDT,hskupin,CC,hskupin,
2009-09-11 05:00:30 PDT,hskupin,CC,mrogers,
2009-09-11 05:00:52 PDT,hskupin,Summary,Drag and drop doesn't work for xul elements,Drag and drop in xul
2009-12-18 17:20:18 PST,hskupin,Whiteboard,[qae-p1],
2010-03-08 16:21:53 PST,fayearthur,CC,harthur,
2010-03-08 16:48:11 PST,hskupin,Assignee,harthur,nobody
2010-03-08 16:48:11 PST,hskupin,Status,ASSIGNED,NEW
2010-05-11 16:51:59 PDT,cmtalbert,Whiteboard,[qae-p1][mozmill-1.4.2-],[qae-p1]
2010-05-17 13:56:02 PDT,joachim.herb,CC,herb,
2010-05-17 14:01:36 PDT,joachim.herb,Attachment #445805                Attachment is obsolete,1,0
2010-05-17 14:18:21 PDT,dmose,Blocks,519956,
2010-05-17 21:51:21 PDT,bugzilla.spam2,CC,bugzilla.spam2,
2010-10-04 16:02:02 PDT,hskupin,Whiteboard,[qae-p1][mozmill-1.4.2-][mozmill-1.5.2?],[qae-p1][mozmill-1.4.2-]
2010-10-04 16:02:02 PDT,hskupin,CC,gmealer,
2010-10-11 11:24:33 PDT,hskupin,Blocks,596264,
2010-10-16 05:45:14 PDT,khuey,CC,khuey,
2010-10-23 15:13:05 PDT,hskupin,Summary,Drag and drop doesn't work for chrome and content elements,Drag and drop doesn't work for xul elements
2010-12-06 16:55:50 PST,cmtalbert,Whiteboard,[qae-p1][mozmill-1.4.2-][mozmill-1.5.2+],[qae-p1][mozmill-1.4.2-][mozmill-1.5.2?]
2011-01-06 16:32:09 PST,squibblyflabbetydoo,Blocks,610964,
2011-01-10 13:00:08 PST,fayearthur,Attachment #502579                Flags,review?(ctalbert),
2011-01-11 15:07:27 PST,fayearthur,Attachment #502579                Attachment is obsolete,1,0
2011-01-11 15:07:27 PST,fayearthur,Attachment #502957                Flags,review?(ctalbert),
2011-01-11 15:07:27 PST,fayearthur,Attachment #502579                Flags,,review?(ctalbert)
2011-01-12 09:08:19 PST,cmtalbert,Attachment #502957                Flags,review+,review?(ctalbert)
2011-01-12 14:43:22 PST,fayearthur,Resolution,FIXED,---
2011-01-12 14:43:22 PST,fayearthur,Last Resolved,2011-01-12 14:43:22,
2011-01-12 14:43:22 PST,fayearthur,Status,RESOLVED,ASSIGNED
2011-01-24 10:20:52 PST,anthony.s.hughes,CC,anthony.s.hughes,
2011-01-25 11:33:20 PST,anthony.s.hughes,Attachment #506829                Flags,feedback?(hskupin),
2011-01-25 11:52:20 PST,hskupin,Attachment #506829                Flags,,feedback?(hskupin)
2011-01-25 11:55:02 PST,hskupin,Whiteboard,[qae-p1][mozmill-1.4.2-][mozmill-1.5.2+][mozmill-doc-needed],[qae-p1][mozmill-1.4.2-][mozmill-1.5.2+]
2011-01-26 10:09:23 PST,anthony.s.hughes,Status,VERIFIED,RESOLVED
