When,Who,What,Added,Removed
2009-09-22 15:10:42 PDT,jono,Severity,major,normal
2009-09-22 15:10:42 PDT,jono,Priority,P1,--
2009-09-22 15:10:42 PDT,jono,Target Milestone,0.2,0.3
2009-09-22 15:10:52 PDT,jono,Severity,enhancement,major
2009-11-16 17:40:11 PST,jono,Whiteboard,extension-core, ui,
2009-11-16 17:40:11 PST,jono,Version,0.3,0.2
2009-11-16 17:40:11 PST,jono,Target Milestone,0.4,0.2
2009-12-17 00:58:54 PST,ts.bugzilla,CC,bugs.thomas,
2010-01-25 16:41:46 PST,jono,Target Milestone,0.5,0.4
2010-03-09 15:05:26 PST,jono,Blocks,551289,
2010-04-09 15:51:32 PDT,jzhang,Whiteboard,Extension, UI,extension-core, ui
2010-04-29 03:00:03 PDT,raymond,CC,raymond,
2010-04-29 11:40:38 PDT,jono,Status,RESOLVED,NEW
2010-04-29 11:40:38 PDT,jono,Resolution,FIXED,---
2010-04-29 11:40:38 PDT,jono,Last Resolved,2010-04-29 11:40:38,
