When,Who,What,Added,Removed
2009-09-25 15:01:34 PDT,armenzg,CC,armenzg,
2009-10-26 15:29:51 PDT,benjamin,CC,benjamin,
2009-10-26 16:35:50 PDT,escapewindow+mozbugs,CC,bugmail, release, vladimir,
2009-10-27 11:16:07 PDT,vladimir,CC,beltzner,
2009-10-28 14:08:35 PDT,mozbugz,CC,dyapp03,
2009-10-28 14:12:21 PDT,jhford,CC,jford,
2009-10-28 15:11:17 PDT,highmind63,CC,highmind63,
2009-11-02 14:12:34 PST,escapewindow+mozbugs,Blocks,507024,
2009-11-04 17:40:50 PST,blassey.bugs,Attachment #410419                Flags,review?(ted.mielczarek),
2009-11-12 08:38:36 PST,ted,CC,ted.mielczarek,
2009-11-18 09:24:59 PST,ted,Attachment #410419                Flags,review-,review?(ted.mielczarek)
2009-12-04 11:16:35 PST,blassey.bugs,Attachment #410419                Attachment is obsolete,1,0
2009-12-04 11:16:35 PST,blassey.bugs,Attachment #416128                Flags,review?(ted.mielczarek),
2009-12-04 11:17:14 PST,blassey.bugs,Assignee,bugmail,nobody
2009-12-04 11:17:14 PST,blassey.bugs,Attachment #416129                Flags,review?(ted.mielczarek),
2009-12-06 21:27:54 PST,ted,Attachment #416128                Flags,review+,review?(ted.mielczarek)
2009-12-06 21:27:58 PST,ted,Attachment #416129                Flags,review+,review?(ted.mielczarek)
2009-12-10 08:17:44 PST,nthomas,Blocks,533963,
2009-12-10 09:55:09 PST,ted,Depends on,533983,
2009-12-10 10:29:27 PST,wtc,Attachment #416129                Flags,review+,
2009-12-10 15:28:45 PST,dolske,CC,dolske,
2009-12-10 20:03:16 PST,blassey.bugs,Status,RESOLVED,NEW
2009-12-10 20:03:16 PST,blassey.bugs,Resolution,FIXED,---
2009-12-10 20:03:16 PST,blassey.bugs,Last Resolved,2009-12-10 20:03:16,
2009-12-11 10:52:15 PST,blassey.bugs,Attachment #416128                Flags,approval1.9.2?,
2009-12-11 15:56:11 PST,nthomas,Status,REOPENED,RESOLVED
2009-12-11 15:56:11 PST,nthomas,Resolution,---,FIXED
2009-12-11 16:33:13 PST,blassey.bugs,Depends on,534336,
2009-12-11 17:05:13 PST,blassey.bugs,Status,RESOLVED,REOPENED
2009-12-11 17:05:13 PST,blassey.bugs,Resolution,FIXED,---
2009-12-11 17:05:13 PST,blassey.bugs,Last Resolved,2009-12-11 17:05:13,2009-12-10 20:03:16
2009-12-15 16:42:49 PST,dholbert,CC,dholbert,
2009-12-16 10:04:52 PST,dholbert,Blocks,535031,
2010-01-09 03:50:14 PST,bugzillamozillaorg_serge_20140323,Version,Trunk,Other Branch
2010-01-09 03:50:14 PST,bugzillamozillaorg_serge_20140323,Target Milestone,mozilla1.9.3a1,---
2010-01-09 03:50:14 PST,bugzillamozillaorg_serge_20140323,Flags,in-testsuite-,
2010-01-20 01:28:07 PST,john+bugzilla,OS,Windows Mobile 6 Professional,Mac OS X
2010-01-20 01:28:07 PST,john+bugzilla,CC,joduinn,
2010-02-03 16:52:01 PST,dveditz,Attachment #416128                Flags,approval1.9.2.2?,approval1.9.2?
2010-02-04 13:28:30 PST,blassey.bugs,tracking-fennec,1.0a4-wm+,---
2010-03-09 05:19:00 PST,bugzillamozillaorg_serge_20140323,Blocks,549293,
2010-03-09 17:23:38 PST,john+bugzilla,blocking1.9.2,?,---
2010-03-17 13:26:09 PDT,mbeltzner,Attachment #416128                Flags,,approval1.9.2.2?
2010-03-19 13:17:48 PDT,mbeltzner,blocking1.9.2,---,?
2010-04-03 16:54:15 PDT,bugzillamozillaorg_serge_20140323,Blocks,557042,
