When,Who,What,Added,Removed
2009-09-10 12:36:28 PDT,killjay,Flags,blocking-thunderbird3?,
2009-09-10 12:47:59 PDT,standard8,Whiteboard,[needs screenshots],
2009-09-10 13:42:56 PDT,clarkbw,CC,clarkbw,
2009-09-10 13:48:36 PDT,richard.marti,CC,richard.marti,
2009-09-10 13:51:44 PDT,ludovic,Whiteboard,,[needs screenshots]
2009-09-10 13:51:44 PDT,ludovic,Hardware,All,x86
2009-09-10 13:51:44 PDT,ludovic,CC,ludovic,
2009-09-10 13:56:13 PDT,standard8,Keywords,regression,
2009-09-10 13:56:13 PDT,standard8,CC,dmose,
2009-09-10 13:56:13 PDT,standard8,Blocks,499410,
2009-09-10 14:17:38 PDT,Peter,CC,Peter,
2009-09-10 14:22:00 PDT,davida,Severity,normal,blocker
2009-09-10 14:22:00 PDT,davida,CC,david.ascher,
2009-09-10 14:22:00 PDT,davida,Target Milestone,Thunderbird 3.0rc1,---
2009-09-10 14:22:00 PDT,davida,Flags,blocking-thunderbird3+,blocking-thunderbird3?
2009-09-11 03:19:19 PDT,bugzilla,Whiteboard,[no l10n impact],
2009-09-11 20:17:47 PDT,davida,Whiteboard,[no l10n impact][needs testing or updated patch],[no l10n impact]
2009-09-11 20:17:47 PDT,davida,Assignee,clarkbw,nobody
2009-09-13 03:12:31 PDT,omarb.public,CC,omarb.public,
2009-09-14 15:42:48 PDT,clarkbw,Attachment #400191                Attachment is obsolete,1,0
2009-09-14 15:42:48 PDT,clarkbw,Attachment #400606                Flags,review?(dmose),
2009-09-14 15:43:50 PDT,clarkbw,Component,Message Reader UI,Mail Window Front End
2009-09-14 15:43:50 PDT,clarkbw,QA Contact,message-reader,front-end
2009-09-14 15:43:50 PDT,clarkbw,Whiteboard,[no l10n impact][needs testing and review dmose],[no l10n impact][needs testing or updated patch]
2009-09-14 15:43:50 PDT,clarkbw,OS,All,Windows Vista
2009-09-14 16:16:45 PDT,dmose,Attachment #400606                Flags,review+,review?(dmose)
2009-09-14 16:17:39 PDT,dmose,Attachment #400606                Attachment is obsolete,1,0
2009-09-14 16:17:39 PDT,dmose,Attachment #400612                Flags,review+, ui-review+,
2009-09-14 16:29:14 PDT,dmose,Keywords,checkin-needed,
2009-09-14 16:29:14 PDT,dmose,Whiteboard,[no l10n impact],[no l10n impact][needs testing and review dmose]
2009-09-14 16:29:14 PDT,dmose,Target Milestone,Thunderbird 3.0b4,Thunderbird 3.0rc1
2009-09-14 16:29:29 PDT,dmose,Attachment #400612                Flags,approval-thunderbird3?,
2009-09-14 16:32:39 PDT,dmose,Keywords,,checkin-needed
2009-09-15 01:09:35 PDT,standard8,Attachment #400612                Flags,approval-thunderbird3+,approval-thunderbird3?
2009-09-15 01:32:58 PDT,standard8,Status,RESOLVED,NEW
2009-09-15 01:32:58 PDT,standard8,Resolution,FIXED,---
2009-09-15 01:32:58 PDT,standard8,Last Resolved,2009-09-15 01:32:58,
2009-09-15 05:10:57 PDT,kairo,Depends on,516679,
2009-09-15 05:12:03 PDT,kairo,CC,kairo,
2009-09-15 07:41:42 PDT,ludovic,CC,jay+MOZILLA,
