When,Who,What,Added,Removed
2009-09-10 12:25:16 PDT,jwalden+bmo,CC,jwalden+bmo,
2009-09-10 20:12:48 PDT,bzbarsky,Status,ASSIGNED,NEW
2009-09-10 20:12:48 PDT,bzbarsky,Assignee,bzbarsky,nobody
2009-09-10 20:12:48 PDT,bzbarsky,Attachment #399939                Flags,review?(jst),
2009-09-10 20:15:00 PDT,bzbarsky,Attachment #399939                Attachment is obsolete,1,0
2009-09-10 20:15:00 PDT,bzbarsky,Attachment #399940                Flags,review?(jst),
2009-09-10 20:15:00 PDT,bzbarsky,Attachment #399939                Flags,,review?(jst)
2009-09-10 21:03:41 PDT,bzbarsky,Attachment #399940                Flags,,review?(jst)
2009-09-10 21:03:41 PDT,bzbarsky,Attachment #399940                Attachment is obsolete,1,0
2009-09-10 21:03:41 PDT,bzbarsky,Attachment #399947                Flags,review?(jst),
2009-09-16 16:12:12 PDT,jst,Attachment #399947                Flags,review+, superreview+,review?(jst)
2009-09-18 11:55:56 PDT,bzbarsky,Status,RESOLVED,ASSIGNED
2009-09-18 11:55:56 PDT,bzbarsky,Resolution,FIXED,---
2009-09-18 11:55:56 PDT,bzbarsky,Flags,in-testsuite+,
2009-09-18 11:55:56 PDT,bzbarsky,Last Resolved,2009-09-18 11:55:56,
