When,Who,What,Added,Removed
2009-09-10 15:30:16 PDT,gavin.sharp,CC,gavin.sharp,
2009-09-10 15:53:39 PDT,brandon,Attachment #399859                Flags,review?,
2009-09-10 15:56:27 PDT,brandon,Attachment #399859                Flags,review?(jduell.mcbugs),review?
2009-09-13 17:38:48 PDT,fullmetaljacket.xp+bugmail,CC,fullmetaljacket.xp+bugmail,
2009-09-22 13:39:30 PDT,cbiesinger,CC,cbiesinger,
2009-09-22 16:14:58 PDT,brandon,Attachment #399859                Attachment is obsolete,1,0
2009-09-22 16:14:58 PDT,brandon,Attachment #402211                Flags,review?(jduell.mcbugs),
2009-09-22 16:14:58 PDT,brandon,Attachment #399859                Flags,,review?(jduell.mcbugs)
2009-09-22 16:15:37 PDT,brandon,Depends on,515433,
2009-09-22 16:54:52 PDT,jwalden+bmo,CC,jwalden+bmo,
2009-09-24 22:23:29 PDT,jduell.mcbugs,Attachment #402211                Flags,review+, superreview?(cbiesinger),review?(jduell.mcbugs)
2010-01-11 16:58:23 PST,brandon,Attachment #402211                Attachment is obsolete,1,0
2010-01-11 16:58:23 PST,brandon,Attachment #421161                Flags,review+, superreview?(cbiesinger),
2010-01-11 16:58:23 PST,brandon,Attachment #402211                Flags,,superreview?(cbiesinger)
2010-01-27 14:19:57 PST,brandon,Attachment #421161                Attachment is obsolete,1,0
2010-01-27 14:19:57 PST,brandon,Attachment #423856                Flags,review+, superreview?(cbiesinger),
2010-01-27 14:19:57 PST,brandon,Attachment #421161                Flags,,superreview?(cbiesinger)
2010-01-28 09:31:33 PST,brandon,Attachment #423856                Attachment is obsolete,1,0
2010-01-28 09:31:33 PST,brandon,Attachment #424022                Flags,review+, superreview?(cbiesinger),
2010-01-28 09:31:33 PST,brandon,Attachment #423856                Flags,,superreview?(cbiesinger)
2010-03-25 12:09:52 PDT,cbiesinger,Attachment #424022                Flags,superreview+,superreview?(cbiesinger)
2010-03-25 13:26:05 PDT,brandon,Keywords,checkin-needed,
2010-03-25 13:26:05 PDT,brandon,CC,dveditz,
2010-03-28 08:53:45 PDT,khuey,Keywords,,checkin-needed
2010-03-28 08:53:45 PDT,khuey,CC,me,
2010-04-01 16:42:25 PDT,brandon,Attachment #424022                Attachment is obsolete,1,0
2010-04-01 16:42:25 PDT,brandon,Attachment #436597                Flags,review+, superreview?(cbiesinger),
2010-04-05 13:40:36 PDT,brandon,Attachment #436597                Flags,,superreview?(cbiesinger)
2010-04-05 13:41:52 PDT,brandon,Attachment #436597                Attachment is obsolete,1,0
2010-04-05 13:41:52 PDT,brandon,Attachment #437106                Flags,review+, superreview+,
2010-04-05 13:42:58 PDT,brandon,Keywords,checkin-needed,
2010-04-10 14:58:42 PDT,khuey,Keywords,,checkin-needed
2010-04-10 14:58:42 PDT,khuey,Status,RESOLVED,NEW
2010-04-10 14:58:42 PDT,khuey,Resolution,FIXED,---
2010-04-10 14:58:42 PDT,khuey,Target Milestone,mozilla1.9.3a5,---
2010-04-10 14:58:42 PDT,khuey,Flags,in-testsuite?,
2010-04-10 14:58:42 PDT,khuey,Last Resolved,2010-04-10 14:58:42,
2010-05-13 04:13:56 PDT,timeless,Depends on,565617,
