When,Who,What,Added,Removed
2009-09-10 12:07:58 PDT,davida,Flags,blocking-thunderbird3?,
2009-09-11 14:00:16 PDT,standard8,Target Milestone,Thunderbird 3.0rc1,---
2009-09-11 14:00:16 PDT,standard8,Flags,blocking-thunderbird3+,blocking-thunderbird3?
2009-09-14 23:59:18 PDT,davida,Assignee,david.ascher,nobody
2009-09-14 23:59:18 PDT,davida,Attachment #400694                Flags,review?(bugzilla),
2009-09-15 00:12:29 PDT,davida,Attachment #400695                Flags,review?(bugzilla),
2009-09-16 01:08:17 PDT,bugzilla,Whiteboard,[no l10n impact],
2009-09-17 13:51:36 PDT,davida,Attachment #400694                Attachment is obsolete,1,0
2009-09-17 13:51:36 PDT,davida,Attachment #400694                Flags,,review?(bugzilla)
2009-09-17 13:52:02 PDT,davida,Whiteboard,[no l10n impact][needs review standard8],[no l10n impact]
2009-09-23 08:10:48 PDT,standard8,Attachment #400695                Flags,review+,review?(bugzilla)
2009-09-28 21:32:08 PDT,davida,Whiteboard,[no l10n impact][needs something standard8],[no l10n impact][needs review standard8]
2009-09-29 01:39:13 PDT,standard8,CC,bugzilla, ludovic,
2009-09-29 01:39:13 PDT,standard8,Flags,in-litmus?,
2009-09-29 01:39:13 PDT,standard8,Last Resolved,2009-09-29 01:39:13,
2009-09-29 01:39:13 PDT,standard8,Whiteboard,[no l10n impact],[no l10n impact][needs something standard8]
2009-09-29 01:39:13 PDT,standard8,Status,RESOLVED,NEW
2009-09-29 01:39:13 PDT,standard8,Resolution,FIXED,---
2009-09-29 05:02:29 PDT,ludovic,Flags,in-litmus+,in-litmus?
