When,Who,What,Added,Removed
2009-09-15 01:58:44 PDT,sid.bugzilla,CC,sid.bugzilla,
2009-09-18 02:16:46 PDT,standard8,Flags,blocking-thunderbird3+,
2009-09-18 11:26:42 PDT,mkmelin+mozilla,CC,mkmelin+mozilla,
2009-09-18 13:37:36 PDT,bugzilla,Whiteboard,[no l10n impact],
2009-09-21 17:13:29 PDT,rebron,URL,http://trunk.mozillamessaging.com/en-US/thunderbird/3.0b4/releasenotes/,
2009-09-21 17:22:43 PDT,rebron,Blocks,518019,
2009-09-22 10:30:38 PDT,rsx11m.pub,CC,rsx11m.pub,
2009-09-22 12:41:49 PDT,standard8,Status,RESOLVED,NEW
2009-09-22 12:41:49 PDT,standard8,Resolution,FIXED,---
2009-09-22 12:41:49 PDT,standard8,Last Resolved,2009-09-22 12:41:49,
