When,Who,What,Added,Removed
2009-09-10 13:20:30 PDT,mark.finkle,tracking-fennec,?,---
2009-09-10 16:46:48 PDT,pavlov,tracking-fennec,1.0+,?
2009-09-11 10:16:12 PDT,mark.finkle,Assignee,mark.finkle,nobody
2009-09-23 11:28:08 PDT,mark.finkle,CC,adesai,
2009-09-23 12:11:20 PDT,mark.finkle,Attachment #402411                Flags,review?(gavin.sharp),
2009-09-24 17:36:58 PDT,gavin.sharp,Attachment #402411                Flags,review+,review?(gavin.sharp)
2009-09-24 23:17:25 PDT,mark.finkle,Status,RESOLVED,NEW
2009-09-24 23:17:25 PDT,mark.finkle,Resolution,FIXED,---
2009-09-24 23:17:25 PDT,mark.finkle,Target Milestone,B4,---
2009-09-24 23:17:25 PDT,mark.finkle,Last Resolved,2009-09-24 23:17:25,
2009-09-25 09:46:49 PDT,mozaakash,Status,VERIFIED,RESOLVED
