When,Who,What,Added,Removed
2009-09-10 12:27:55 PDT,rimas,Version,unspecified,Trunk
2009-09-10 12:27:55 PDT,rimas,Hardware,All,x86
2009-09-10 12:27:55 PDT,rimas,OS,All,Linux
2009-09-10 12:32:21 PDT,rimas,URL,http://hg.mozilla.org/comm-central/file/5323930e3e01/mail/locales/en-US/chrome/messenger/glodaFacetView.properties#l71,
2009-09-10 14:27:09 PDT,bugzilla,Whiteboard,[has l10n impact],
2009-09-10 14:27:09 PDT,bugzilla,Flags,blocking-thunderbird3?,
2009-09-10 17:07:42 PDT,bugmail,Status,ASSIGNED,NEW
2009-09-10 17:07:42 PDT,bugmail,Assignee,bugmail,nobody
2009-09-10 17:07:42 PDT,bugmail,Attachment #399896                Flags,review?(bugzilla),
2009-09-10 18:58:31 PDT,bugmail,Attachment #399896                Attachment is obsolete,1,0
2009-09-10 18:58:31 PDT,bugmail,Attachment #399932                Flags,review?(bugzilla),
2009-09-10 18:58:31 PDT,bugmail,Attachment #399896                Flags,,review?(bugzilla)
2009-09-11 03:13:58 PDT,bugzilla,Keywords,l12y,
2009-09-11 05:46:37 PDT,standard8,Whiteboard,[has l10n impact][needs review standard8],[has l10n impact]
2009-09-11 05:46:37 PDT,standard8,Target Milestone,Thunderbird 3.0rc1,---
2009-09-11 05:46:37 PDT,standard8,Flags,blocking-thunderbird3+,blocking-thunderbird3?
2009-09-14 21:52:36 PDT,ludovic,Component,Search,Toolbars and Tabs
2009-09-14 21:52:36 PDT,ludovic,QA Contact,search,toolbars-tabs
2009-09-17 06:32:04 PDT,standard8,Attachment #399932                Flags,review+,review?(bugzilla)
2009-09-21 03:22:00 PDT,standard8,Whiteboard,[has l10n impact][ready to land],[has l10n impact][needs review standard8]
2009-09-23 06:13:50 PDT,bugmail,Status,RESOLVED,ASSIGNED
2009-09-23 06:13:50 PDT,bugmail,Resolution,FIXED,---
2009-09-23 06:13:50 PDT,bugmail,Last Resolved,2009-09-23 06:13:50,
