When,Who,What,Added,Removed
2009-09-10 13:07:59 PDT,standard8,Flags,blocking-thunderbird3+,
2009-09-10 21:15:41 PDT,vseerror,CC,vseerror,
2009-09-11 03:12:22 PDT,bugzilla,Whiteboard,[no l10n impact],
2009-09-11 03:55:02 PDT,bugmail,Status,ASSIGNED,NEW
2009-09-11 03:55:02 PDT,bugmail,Assignee,bugmail,nobody
2009-09-11 03:55:02 PDT,bugmail,Attachment #400001                Flags,review?(bugzilla),
2009-09-11 06:24:44 PDT,standard8,Attachment #400001                Flags,review+,review?(bugzilla)
2009-09-11 08:33:26 PDT,standard8,Last Resolved,2009-09-11 08:33:26,
2009-09-11 08:33:26 PDT,standard8,Status,RESOLVED,ASSIGNED
2009-09-11 08:33:26 PDT,standard8,Resolution,FIXED,---
