When,Who,What,Added,Removed
2009-09-11 13:51:13 PDT,laura,Assignee,cwwmozilla,nobody
2009-09-11 13:51:13 PDT,laura,CC,laura,
2009-09-11 14:03:38 PDT,krystaiceman,CC,krystaiceman,
2009-09-11 14:12:54 PDT,cww,Product,mozilla.org,support.mozilla.com
2009-09-11 14:12:54 PDT,cww,Version,other,unspecified
2009-09-11 14:12:54 PDT,cww,Component,Server Operations,General
2009-09-11 14:12:54 PDT,cww,Assignee,server-ops,cwwmozilla
2009-09-11 14:12:54 PDT,cww,QA Contact,mrz,general
2009-09-11 15:24:49 PDT,bmo2010,CC,bmo2008,
2009-09-13 09:17:48 PDT,tanner.sumo.bugs,OS,All,Windows Vista
2009-09-13 09:17:48 PDT,tanner.sumo.bugs,Hardware,All,x86
2009-09-16 14:16:35 PDT,mzeier,Assignee,shyam,server-ops
2009-09-16 21:52:00 PDT,smani,Status,RESOLVED,NEW
2009-09-16 21:52:00 PDT,smani,Resolution,FIXED,---
2009-09-16 21:52:00 PDT,smani,Last Resolved,2009-09-16 21:52:00,
2009-10-08 15:38:18 PDT,tanner.sumo.bugs,Status,VERIFIED,RESOLVED
2010-03-03 13:36:18 PST,reed,Blocks,507551,
2015-03-12 08:17:16 PDT,nobody,Product,mozilla.org Graveyard,mozilla.org
2015-06-09 18:34:14 PDT,bmo2010,Blocks,1173222,
