When,Who,What,Added,Removed
2009-09-10 15:06:57 PDT,gavin.sharp,CC,gavin.sharp,
2009-09-10 15:46:34 PDT,ted,CC,ted.mielczarek,
2009-10-29 08:50:31 PDT,catlee,CC,catlee,
2009-10-29 09:12:46 PDT,shaver,CC,shaver,
2009-10-29 09:53:29 PDT,john+bugzilla,CC,joduinn, release,
2009-10-30 09:30:19 PDT,gijskruitbosch+bugs,Status,ASSIGNED,NEW
2009-10-30 09:30:19 PDT,gijskruitbosch+bugs,Assignee,gijskruitbosch+bugs,nobody
2009-10-30 09:30:19 PDT,gijskruitbosch+bugs,Attachment #409345                Flags,review?(ted.mielczarek),
2009-11-05 15:01:44 PST,l10n,CC,l10n,
2009-11-06 04:37:03 PST,gijskruitbosch+bugs,Attachment #409345                Attachment is obsolete,1,0
2009-11-06 04:37:03 PST,gijskruitbosch+bugs,Attachment #410760                Flags,review?(ted.mielczarek),
2009-11-06 04:37:03 PST,gijskruitbosch+bugs,Attachment #409345                Flags,,review?(ted.mielczarek)
2009-11-18 09:41:28 PST,ted,CC,arne_bab,
2009-11-19 01:38:53 PST,gijskruitbosch+bugs,Attachment #410760                Attachment is obsolete,1,0
2009-11-19 01:38:53 PST,gijskruitbosch+bugs,Attachment #413296                Flags,review?(ted.mielczarek),
2009-11-19 01:38:53 PST,gijskruitbosch+bugs,Attachment #410760                Flags,,review?(ted.mielczarek)
2009-11-23 10:12:38 PST,ted,Attachment #413296                Flags,review+,review?(ted.mielczarek)
2009-12-01 18:21:00 PST,bugzillamozillaorg_serge_20140323,CC,sgautherie.bz,
2009-12-01 18:21:00 PST,bugzillamozillaorg_serge_20140323,Depends on,517417,
2009-12-01 18:21:00 PST,bugzillamozillaorg_serge_20140323,Flags,in-testsuite-,
2009-12-01 18:23:23 PST,bugzillamozillaorg_serge_20140323,CC,,sgautherie.bz
2009-12-01 18:23:23 PST,bugzillamozillaorg_serge_20140323,Blocks,524349,
2009-12-20 06:28:09 PST,gijskruitbosch+bugs,Status,RESOLVED,ASSIGNED
2009-12-20 06:28:09 PST,gijskruitbosch+bugs,Resolution,FIXED,---
2009-12-20 06:28:09 PST,gijskruitbosch+bugs,Last Resolved,2009-12-20 06:28:09,
2009-12-20 18:13:28 PST,bugzillamozillaorg_serge_20140323,Target Milestone,mozilla1.9.3a1,---
2009-12-20 18:13:28 PST,bugzillamozillaorg_serge_20140323,Flags,wanted1.9.2?,
2009-12-21 01:33:11 PST,bugzillamozillaorg_serge_20140323,Blocks,536136,524349
2009-12-21 04:09:09 PST,ted,Flags,wanted1.9.2-,wanted1.9.2?
2009-12-21 07:21:24 PST,benjamin,Depends on,536173,
2010-03-20 23:24:47 PDT,bugspam.Callek,Depends on,553877,
