When,Who,What,Added,Removed
2009-09-10 15:37:12 PDT,escapewindow+mozbugs,Component,Release Engineering,Server Operations: Tinderbox Maintenance
2009-09-10 15:37:12 PDT,escapewindow+mozbugs,Assignee,nobody,server-ops
2009-09-10 15:37:12 PDT,escapewindow+mozbugs,QA Contact,release,mrz
2009-09-10 15:37:12 PDT,escapewindow+mozbugs,CC,aki,
2009-09-10 15:55:10 PDT,nthomas,Status,ASSIGNED,NEW
2009-09-10 15:55:10 PDT,nthomas,Assignee,nthomas,nobody
2009-09-10 16:01:00 PDT,nthomas,Status,RESOLVED,ASSIGNED
2009-09-10 16:01:00 PDT,nthomas,Resolution,FIXED,---
2009-09-10 16:01:00 PDT,nthomas,Last Resolved,2009-09-10 16:01:00,
2013-08-12 21:54:08 PDT,nobody,Product,Release Engineering,mozilla.org
