When,Who,What,Added,Removed
2009-09-10 12:19:15 PDT,paul+moz,Attachment #399792                Flags,review?(laura),
2009-09-10 12:25:44 PDT,laura,Attachment #399792                Flags,review+,review?(laura)
2009-09-10 12:27:12 PDT,paul+moz,Attachment #399792                Attachment is obsolete,1,0
2009-09-10 12:27:12 PDT,paul+moz,Attachment #399794                Flags,review?(laura),
2009-09-10 12:29:25 PDT,laura,Attachment #399794                Flags,review+,review?(laura)
2009-09-10 12:33:47 PDT,paul+moz,Last Resolved,2009-09-10 12:33:47,
2009-09-10 12:33:47 PDT,paul+moz,Status,RESOLVED,NEW
2009-09-10 12:33:47 PDT,paul+moz,Resolution,FIXED,---
2009-09-10 12:34:49 PDT,paul+moz,CC,vish.mozilla,
2009-09-10 13:08:31 PDT,stephen.donner,Status,VERIFIED,RESOLVED
2009-09-10 13:17:53 PDT,djst,CC,djst,
2009-10-28 06:38:07 PDT,djst,Whiteboard,sumo_only,
