When,Who,What,Added,Removed
2009-09-10 15:44:52 PDT,21,CC,21,
2009-09-11 15:42:28 PDT,mark.finkle,CC,adesai,
2009-09-14 04:00:05 PDT,21,Depends on,516376,
2009-09-18 13:26:40 PDT,mark.finkle,CC,madhava,
2009-09-18 13:28:06 PDT,mark.finkle,tracking-fennec,?,---
2009-09-21 08:04:14 PDT,madhava,Whiteboard,[polish],
2009-09-24 09:14:28 PDT,21,Assignee,21,nobody
2009-10-10 06:22:52 PDT,21,Blocks,521561,
2009-10-10 06:37:21 PDT,21,Blocks,518152,
2009-10-10 10:33:30 PDT,BijuMailList,CC,BijuMailList,
2009-10-13 13:19:55 PDT,mark.finkle,Attachment #402591                Flags,review-,
2009-10-13 17:05:47 PDT,21,Attachment #402591                Attachment is obsolete,1,0
2009-10-13 17:05:47 PDT,21,Attachment #406143                Flags,review?(mark.finkle),
2009-10-14 13:23:49 PDT,madhava,Priority,P1,--
2009-10-14 14:51:17 PDT,pavlov,tracking-fennec,1.0+,?
2009-10-14 17:22:25 PDT,21,Attachment #406143                Attachment is obsolete,1,0
2009-10-14 17:22:25 PDT,21,Attachment #406360                Flags,review?(mark.finkle),
2009-10-14 17:22:25 PDT,21,Attachment #406143                Flags,,review?(mark.finkle)
2009-10-20 20:33:25 PDT,mark.finkle,Attachment #406360                Flags,review+,review?(mark.finkle)
2009-10-20 20:35:18 PDT,mark.finkle,Status,RESOLVED,NEW
2009-10-20 20:35:18 PDT,mark.finkle,Resolution,FIXED,---
2009-10-20 20:35:18 PDT,mark.finkle,Target Milestone,B5,---
2009-10-20 20:35:18 PDT,mark.finkle,Flags,in-testsuite?,
2009-10-20 20:35:18 PDT,mark.finkle,Last Resolved,2009-10-20 20:35:18,
2009-10-21 08:39:11 PDT,mozaakash,Status,VERIFIED,RESOLVED
2009-10-21 08:39:11 PDT,mozaakash,Flags,in-litmus?,
2009-12-21 12:18:00 PST,abillings,CC,abillings,
2009-12-21 12:18:00 PST,abillings,Flags,in-litmus+,in-litmus?
2010-02-23 22:14:16 PST,mozaakash,Component,Bookmarks,General
2010-03-02 11:34:16 PST,mark.finkle,Flags,,in-testsuite?
