When,Who,What,Added,Removed
2009-09-11 04:44:00 PDT,vseerror,CC,gary,
2009-09-11 04:46:32 PDT,vseerror,CC,bugmail,
2009-09-11 08:13:21 PDT,vseerror,CC,kent,
2009-09-13 10:14:15 PDT,davida,Priority,P2,--
2009-09-13 11:03:19 PDT,blog,CC,blog,
2009-09-14 11:59:22 PDT,mozillamarcia.knous,Status,RESOLVED,NEW
2009-09-14 11:59:22 PDT,mozillamarcia.knous,Resolution,FIXED,---
2009-09-14 11:59:22 PDT,mozillamarcia.knous,Last Resolved,2009-09-14 11:59:22,
2011-06-26 22:54:48 PDT,nobody,Product,bugzilla.mozilla.org,mozilla.org
2011-06-26 22:54:48 PDT,nobody,Component,Administration,Bugzilla: Keywords & Components
