When,Who,What,Added,Removed
2009-09-10 15:45:13 PDT,21,CC,21,
2009-09-11 03:50:48 PDT,21,Assignee,21,nobody
2009-09-11 03:50:48 PDT,21,Attachment #399999                Flags,review?(mark.finkle),
2009-09-11 05:55:15 PDT,mark.finkle,Attachment #399999                Flags,review+,review?(mark.finkle)
2009-09-11 07:24:47 PDT,mark.finkle,Status,RESOLVED,NEW
2009-09-11 07:24:47 PDT,mark.finkle,Resolution,FIXED,---
2009-09-11 07:24:47 PDT,mark.finkle,Target Milestone,B4,---
2009-09-11 07:24:47 PDT,mark.finkle,Last Resolved,2009-09-11 07:24:47,
2009-09-14 10:50:04 PDT,mozaakash,CC,adesai,
2009-09-14 10:50:04 PDT,mozaakash,Status,VERIFIED,RESOLVED
2010-02-23 22:13:52 PST,mozaakash,Component,Bookmarks,General
