When,Who,What,Added,Removed
2009-09-10 15:46:33 PDT,21,CC,21,
2009-09-10 17:45:00 PDT,mark.finkle,CC,mark.finkle,
2009-09-10 17:45:27 PDT,mark.finkle,tracking-fennec,?,---
2009-09-13 09:38:44 PDT,21,Attachment #400039                Attachment is obsolete,1,0
2009-09-13 09:38:44 PDT,21,Attachment #400363                Flags,review?(combee), review?(froystig), review?(mark.finkle),
2009-09-13 10:39:22 PDT,pavlov,tracking-fennec,1.0+,?
2009-09-13 14:36:12 PDT,roy.frostig,Attachment #400363                Flags,review-,review?(froystig)
2009-09-14 01:15:09 PDT,21,Attachment #400363                Attachment is obsolete,1,0
2009-09-14 01:15:09 PDT,21,Attachment #400449                Flags,review?(combee), review?(froystig), review?(mark.finkle),
2009-09-14 01:15:09 PDT,21,Attachment #400363                Flags,,review?(combee), review?(mark.finkle)
2009-09-14 06:50:12 PDT,ben.combee,Attachment #400449                Flags,review+,review?(combee)
2009-09-14 07:48:18 PDT,mark.finkle,Attachment #400449                Flags,review+,review?(mark.finkle)
2009-09-14 08:58:23 PDT,roy.frostig,Attachment #400449                Flags,review+,review?(froystig)
2009-09-14 09:53:04 PDT,mark.finkle,Status,RESOLVED,NEW
2009-09-14 09:53:04 PDT,mark.finkle,Resolution,FIXED,---
2009-09-14 09:53:04 PDT,mark.finkle,Assignee,21,nobody
2009-09-14 09:53:04 PDT,mark.finkle,Target Milestone,B4,---
2009-09-14 09:53:04 PDT,mark.finkle,Last Resolved,2009-09-14 09:53:04,
2009-09-15 07:06:37 PDT,mozaakash,Status,VERIFIED,RESOLVED
