When,Who,What,Added,Removed
2009-09-10 12:40:32 PDT,graphicsguru,CC,mozilla,
2009-11-11 07:43:26 PST,paul,Assignee,paulbooker,nobody
2009-11-11 07:43:26 PST,paul,CC,ian-bugzilla,
2009-12-02 10:09:35 PST,paul,Status,RESOLVED,NEW
2009-12-02 10:09:35 PST,paul,Resolution,FIXED,---
2009-12-02 10:09:35 PST,paul,Last Resolved,2009-12-02 10:09:35,
2012-12-18 15:07:46 PST,nobody,Product,Websites Graveyard,Websites
2012-12-18 15:07:46 PST,nobody,Component,spreadthunderbird.com,spreadthunderbird.com
