When,Who,What,Added,Removed
2009-09-10 16:00:16 PDT,taras.mozilla,Assignee,tglek,nobody
2009-09-11 00:34:57 PDT,arpad.borsos,CC,arpad.borsos,
2009-09-17 17:32:40 PDT,taras.mozilla,Attachment #399861                Attachment is obsolete,1,0
2009-09-17 17:36:05 PDT,taras.mozilla,Attachment #401347                Flags,review?(benjamin),
2009-09-24 06:39:18 PDT,benjamin,Attachment #401347                Flags,review+, superreview?(bzbarsky),review?(benjamin)
2009-09-24 10:49:23 PDT,philringnalda,CC,philringnalda,
2009-09-24 10:52:24 PDT,ted,CC,ted.mielczarek,
2009-09-28 21:45:48 PDT,bzbarsky,CC,bzbarsky,
2009-09-28 21:47:33 PDT,bzbarsky,Attachment #401347                Flags,superreview+,superreview?(bzbarsky)
2009-10-01 14:44:30 PDT,taras.mozilla,Depends on,520069,
2009-10-08 11:23:54 PDT,taras.mozilla,Status,RESOLVED,NEW
2009-10-08 11:23:54 PDT,taras.mozilla,Resolution,FIXED,---
2009-10-08 11:23:54 PDT,taras.mozilla,Last Resolved,2009-10-08 11:23:54,
2009-10-08 12:50:08 PDT,bugzillamozillaorg_serge_20140323,Blocks,521293,
2009-10-08 16:40:15 PDT,dholbert,CC,dholbert,
2009-10-08 16:46:50 PDT,taras.mozilla,Status,REOPENED,RESOLVED
2009-10-08 16:46:50 PDT,taras.mozilla,Resolution,---,FIXED
2009-10-08 17:20:13 PDT,highmind63,CC,highmind63,
2009-10-08 20:57:58 PDT,bugzillamozillaorg_serge_20140323,OS,All,Linux
2009-10-08 20:57:58 PDT,bugzillamozillaorg_serge_20140323,Version,Trunk,unspecified
2009-10-08 20:57:58 PDT,bugzillamozillaorg_serge_20140323,Hardware,All,x86
2009-10-09 15:30:09 PDT,taras.mozilla,Attachment #401347                Attachment is obsolete,1,0
2009-10-09 15:30:09 PDT,taras.mozilla,Attachment #405579                Flags,review+,
2009-10-09 15:30:30 PDT,taras.mozilla,Keywords,checkin-needed,
2009-10-12 12:35:06 PDT,taras.mozilla,Keywords,,checkin-needed
2009-10-12 12:35:06 PDT,taras.mozilla,Status,RESOLVED,REOPENED
2009-10-12 12:35:06 PDT,taras.mozilla,Resolution,FIXED,---
2009-10-12 12:35:06 PDT,taras.mozilla,Last Resolved,2009-10-12 12:35:06,2009-10-08 11:23:54
2009-10-12 22:47:25 PDT,gavin.sharp,CC,gavin.sharp,
2009-10-13 09:43:29 PDT,bzbarsky,Depends on,522050,
2009-10-14 10:25:28 PDT,philringnalda,Depends on,522229,
2009-10-15 22:36:59 PDT,phiw2,Depends on,522649,
2009-10-16 12:05:44 PDT,ria.klaassen,Depends on,522745,
2009-10-16 15:07:25 PDT,ria.klaassen,Depends on,,522745
2009-10-16 16:38:37 PDT,wuno,Depends on,522113,
2009-10-22 21:30:44 PDT,bugzillamozillaorg_serge_20140323,Target Milestone,mozilla1.9.3a1,---
2009-10-22 21:30:44 PDT,bugzillamozillaorg_serge_20140323,Flags,in-testsuite-,
2009-10-22 22:05:20 PDT,bugzillamozillaorg_serge_20140323,Depends on,,522113
2009-10-23 15:01:14 PDT,bugzillamozillaorg_serge_20140323,Blocks,524216,
