When,Who,What,Added,Removed
2009-09-10 15:03:57 PDT,anodelman,Blocks,515490,
2009-09-15 13:37:41 PDT,anodelman,Priority,P2,--
2009-09-15 13:37:41 PDT,anodelman,Assignee,anodelman,nobody
2009-09-15 17:01:46 PDT,anodelman,Attachment #400911                Flags,review?(catlee),
2009-09-16 14:09:22 PDT,anodelman,Attachment #400911                Attachment is obsolete,1,0
2009-09-16 14:09:22 PDT,anodelman,Attachment #401093                Flags,review?(catlee),
2009-09-16 14:09:22 PDT,anodelman,Attachment #400911                Flags,,review?(catlee)
2009-09-16 14:11:03 PDT,catlee,Attachment #401093                Flags,review+,review?(catlee)
2009-09-17 07:27:19 PDT,catlee,Attachment #401093                Flags,checked-in+,
2009-09-18 20:39:02 PDT,anodelman,Status,RESOLVED,NEW
2009-09-18 20:39:02 PDT,anodelman,Resolution,FIXED,---
2009-09-18 20:39:02 PDT,anodelman,Last Resolved,2009-09-18 20:39:02,
2013-08-12 21:54:08 PDT,nobody,Product,Release Engineering,mozilla.org
