When,Who,What,Added,Removed
2009-09-10 14:17:52 PDT,davida,Flags,blocking-thunderbird3+,
2009-09-10 14:17:52 PDT,davida,Keywords,polish,
2009-09-10 14:17:52 PDT,davida,Hardware,All,x86
2009-09-10 14:17:52 PDT,davida,OS,All,Windows XP
2009-09-10 14:17:52 PDT,davida,Assignee,david.ascher,nobody
2009-09-10 14:17:52 PDT,davida,CC,david.ascher,
2009-09-11 03:19:04 PDT,bugzilla,Whiteboard,[no l10n impact],
2009-09-11 11:25:28 PDT,davida,Attachment #400102                Flags,review?(clarkbw), ui-review?(clarkbw),
2009-09-11 11:25:47 PDT,davida,Status,NEW,UNCONFIRMED
2009-09-11 11:25:47 PDT,davida,Ever confirmed,1,0
2009-09-11 12:04:30 PDT,davida,Whiteboard,[no l10n impact][has patch needs review clarkbw],[no l10n impact]
2009-09-11 12:04:30 PDT,davida,Target Milestone,Thunderbird 3.0b4,---
2009-09-11 12:26:29 PDT,clarkbw,Attachment #400102                Flags,review+, ui-review+,review?(clarkbw), ui-review?(clarkbw)
2009-09-11 12:27:51 PDT,clarkbw,Attachment #400120                Flags,review?(david.ascher),
2009-09-11 13:17:30 PDT,davida,Attachment #400120                Flags,review+,review?(david.ascher)
2009-09-11 13:44:33 PDT,clarkbw,Whiteboard,[no l10n impact][needs approval],[no l10n impact][has patch needs review clarkbw]
2009-09-11 13:44:33 PDT,clarkbw,CC,clarkbw,
2009-09-11 14:17:33 PDT,davida,Keywords,checkin-needed,
2009-09-11 14:17:33 PDT,davida,Whiteboard,[no l10n impact],[no l10n impact][needs approval]
2009-09-11 15:03:20 PDT,standard8,Keywords,,checkin-needed
2009-09-11 15:03:20 PDT,standard8,Status,RESOLVED,NEW
2009-09-11 15:03:20 PDT,standard8,Resolution,FIXED,---
2009-09-11 15:03:20 PDT,standard8,Flags,in-testsuite-,
2009-09-11 15:03:20 PDT,standard8,Last Resolved,2009-09-11 15:03:20,
2009-09-15 04:39:14 PDT,vseerror,Component,Search,Mail Window Front End
2009-09-15 04:39:14 PDT,vseerror,QA Contact,search,front-end
