When,Who,What,Added,Removed
2009-09-10 14:21:26 PDT,dmoore,CC,dmoore,
2009-09-10 14:21:26 PDT,dmoore,Flags,colo-trip+,
2009-09-10 15:24:07 PDT,phong,Assignee,phong,server-ops
2009-09-10 15:24:07 PDT,phong,CC,phong,
2009-09-10 17:45:11 PDT,escapewindow+mozbugs,CC,aki,
2009-09-11 10:15:16 PDT,phong,Status,RESOLVED,NEW
2009-09-11 10:15:16 PDT,phong,Resolution,FIXED,---
2009-09-11 10:15:16 PDT,phong,Last Resolved,2009-09-11 10:15:16,
2015-03-12 08:17:16 PDT,nobody,Product,mozilla.org Graveyard,mozilla.org
