When,Who,What,Added,Removed
2009-09-10 13:08:51 PDT,gal,Assignee,gal,general
2009-09-10 13:09:23 PDT,gal,Attachment #399807                Flags,review?(dmandelin),
2009-09-10 13:10:26 PDT,dmandelin,Attachment #399807                Flags,review+,review?(dmandelin)
2009-09-10 13:13:00 PDT,gal,Whiteboard,fixed-in-tracemonkey,
2009-09-16 17:36:36 PDT,mrbkap,Status,RESOLVED,NEW
2009-09-16 17:36:36 PDT,mrbkap,Resolution,FIXED,---
2009-09-16 17:36:36 PDT,mrbkap,CC,mrbkap,
2009-09-16 17:36:36 PDT,mrbkap,Last Resolved,2009-09-16 17:36:36,
2009-11-04 12:04:19 PST,crowderbt,CC,crowder,
