When,Who,What,Added,Removed
2009-09-10 13:23:47 PDT,mark.finkle,tracking-fennec,?,---
2009-09-13 15:36:47 PDT,pavlov,tracking-fennec,1.0+,?
2009-09-17 07:04:09 PDT,jmaher,CC,jmaher,
2009-09-23 09:13:17 PDT,mozaakash,CC,adesai,
2009-09-23 11:08:39 PDT,mozaakash,Keywords,relnote,
2009-09-24 15:14:50 PDT,mark.finkle,Assignee,mark.finkle,nobody
2009-09-24 15:14:50 PDT,mark.finkle,Attachment #402687                Flags,review?(masayuki),
2009-09-24 20:31:51 PDT,masayuki,Attachment #402687                Flags,review+,review?(masayuki)
2009-09-24 21:42:00 PDT,mark.finkle,Status,RESOLVED,NEW
2009-09-24 21:42:00 PDT,mark.finkle,Resolution,FIXED,---
2009-09-24 21:42:00 PDT,mark.finkle,Last Resolved,2009-09-24 21:42:00,
2009-09-24 21:55:56 PDT,mark.finkle,Component,Widget: Gtk,Linux/Maemo
2009-09-24 21:55:56 PDT,mark.finkle,QA Contact,gtk,maemo-linux
2009-09-24 21:55:56 PDT,mark.finkle,Product,Core,Fennec
2009-09-24 21:56:12 PDT,mark.finkle,Attachment #402687                Flags,approval1.9.2?,
2009-09-24 21:56:21 PDT,gavin.sharp,CC,gavin.sharp,
2009-09-24 22:20:57 PDT,pavlov,Attachment #402687                Flags,approval1.9.2+,approval1.9.2?
2009-09-24 23:30:25 PDT,mark.finkle,status1.9.2,beta1-fixed,---
2009-09-29 20:15:51 PDT,mozaakash,Status,VERIFIED,RESOLVED
