When,Who,What,Added,Removed
2009-09-11 08:15:12 PDT,vseerror,CC,vseerror,
2009-09-11 12:18:54 PDT,davida,Assignee,clarkbw,nobody
2009-09-11 12:18:54 PDT,davida,CC,david.ascher,
2009-09-11 12:18:54 PDT,davida,Target Milestone,Thunderbird 3.0b4,---
2009-09-11 12:18:54 PDT,davida,Flags,blocking-thunderbird3+,
2009-09-11 13:43:01 PDT,philringnalda,CC,philringnalda,
2009-09-11 14:18:52 PDT,davida,Whiteboard,[no l10n impact],
2009-09-11 15:47:19 PDT,clarkbw,Attachment #400160                Flags,review?(philringnalda),
2009-09-11 17:24:22 PDT,clarkbw,Attachment #400160                Flags,,review?(philringnalda)
2009-09-11 17:24:22 PDT,clarkbw,Attachment #400160                Attachment is obsolete,1,0
2009-09-11 17:24:22 PDT,clarkbw,Attachment #400203                Flags,review?(philringnalda),
2009-09-11 20:15:08 PDT,davida,Whiteboard,[no l10n impact][need review philor],[no l10n impact]
2009-09-11 22:03:51 PDT,philringnalda,Attachment #400203                Flags,review+,review?(philringnalda)
2009-09-11 22:07:15 PDT,philringnalda,Last Resolved,2009-09-11 22:07:15,
2009-09-11 22:07:15 PDT,philringnalda,Whiteboard,[no l10n impact],[no l10n impact][need review philor]
2009-09-11 22:07:15 PDT,philringnalda,Status,RESOLVED,NEW
2009-09-11 22:07:15 PDT,philringnalda,Resolution,FIXED,---
2009-09-15 04:39:15 PDT,vseerror,Component,Search,Toolbars and Tabs
2009-09-15 04:39:15 PDT,vseerror,QA Contact,search,toolbars-tabs
