When,Who,What,Added,Removed
2009-09-10 13:43:01 PDT,blog,CC,blog,
2009-09-10 16:50:18 PDT,Peter,CC,Peter,
2009-09-10 16:50:18 PDT,Peter,Flags,wanted-thunderbird3?,
2009-09-11 12:07:31 PDT,davida,Target Milestone,Thunderbird 3.0b4,---
2009-09-11 12:07:31 PDT,davida,Flags,blocking-thunderbird3+,
2009-09-11 12:07:31 PDT,davida,Assignee,david.ascher,nobody
2009-09-11 12:07:31 PDT,davida,CC,david.ascher,
2009-09-11 14:16:51 PDT,davida,Whiteboard,[no l10n impact],
2009-09-11 18:13:53 PDT,davida,Attachment #400216                Flags,ui-review?(clarkbw),
2009-09-11 18:14:33 PDT,clarkbw,CC,clarkbw,
2009-09-11 18:25:30 PDT,clarkbw,CC,nisses.mail,
2009-09-11 23:32:39 PDT,clarkbw,Attachment #400216                Flags,ui-review-,ui-review?(clarkbw)
2009-09-12 03:18:27 PDT,standard8,Flags,,wanted-thunderbird3?
2009-09-12 09:49:40 PDT,davida,Attachment #400216                Flags,review?(bugmail),
2009-09-12 22:30:23 PDT,bugmail,Attachment #400216                Flags,review+,review?(bugmail)
2009-09-12 22:48:51 PDT,davida,Attachment #400216                Attachment is obsolete,1,0
2009-09-12 22:48:51 PDT,davida,Attachment #400329                Flags,review+, ui-review-,
2009-09-12 22:49:50 PDT,davida,Whiteboard,[no l10n impact][needs good icon, then checkin],[no l10n impact]
2009-09-13 12:15:20 PDT,bugs,Attachment #400372                Attachment is obsolete,1,0
2009-09-13 12:17:02 PDT,bugs,Whiteboard,[no l10n impact][checkin-needed],[no l10n impact][needs good icon, then checkin]
2009-09-13 14:14:20 PDT,standard8,Status,RESOLVED,NEW
2009-09-13 14:14:20 PDT,standard8,Resolution,FIXED,---
2009-09-13 14:14:20 PDT,standard8,Last Resolved,2009-09-13 14:14:20,
2009-09-13 14:18:45 PDT,standard8,Whiteboard,[no l10n impact],[no l10n impact][checkin-needed]
2009-09-15 04:39:12 PDT,vseerror,Component,Search,General
2009-09-15 04:39:12 PDT,vseerror,QA Contact,search,general
