When,Who,What,Added,Removed
2009-09-10 14:00:10 PDT,mark.finkle,CC,mark.finkle,
2009-09-10 14:02:16 PDT,mark.finkle,tracking-fennec,?,---
2009-09-10 15:44:36 PDT,21,CC,21,
2009-09-11 08:27:20 PDT,mark.finkle,CC,adesai,
2009-09-13 15:36:40 PDT,pavlov,tracking-fennec,1.0+,?
2009-09-17 10:38:12 PDT,21,Assignee,21,nobody
2009-09-18 02:10:27 PDT,21,Attachment #401234                Flags,review?(mark.finkle),
2009-09-18 07:02:08 PDT,mark.finkle,Attachment #401234                Flags,review+,review?(mark.finkle)
2009-09-18 07:03:55 PDT,mark.finkle,Resolution,FIXED,---
2009-09-18 07:03:55 PDT,mark.finkle,Target Milestone,B4,---
2009-09-18 07:03:55 PDT,mark.finkle,Last Resolved,2009-09-18 07:03:55,
2009-09-18 07:03:55 PDT,mark.finkle,Status,RESOLVED,NEW
2009-09-21 06:49:44 PDT,jmaher,Status,VERIFIED,RESOLVED
2010-06-28 15:21:49 PDT,dougt,Component,General,Linux/Maemo
2010-06-28 15:21:49 PDT,dougt,QA Contact,general,maemo-linux
