When,Who,What,Added,Removed
2009-09-10 16:30:15 PDT,alqahira,Blocks,437811,
2009-09-10 17:25:27 PDT,alqahira,URL,http://caminobrowser.org/documentation/hiddenprefs/,
2009-10-06 12:23:02 PDT,alqahira,Blocks,520839,
2009-10-07 13:19:13 PDT,krmathis,CC,krmathis,
2009-10-29 21:29:10 PDT,alqahira,Status,RESOLVED,NEW
2009-10-29 21:29:10 PDT,alqahira,Resolution,FIXED,---
2009-10-29 21:29:10 PDT,alqahira,Assignee,alqahira,samuel.sidler
2009-10-29 21:29:10 PDT,alqahira,CC,samuel.sidler,
2009-10-29 21:29:10 PDT,alqahira,Last Resolved,2009-10-29 21:29:10,
