When,Who,What,Added,Removed
2009-09-10 16:46:02 PDT,crowderbt,Blocks,,481419
2009-09-10 17:29:13 PDT,dvander,Attachment #399907                Flags,review?(brendan),
2009-09-10 17:56:15 PDT,ryanvm,CC,ryanvm,
2009-09-11 13:10:23 PDT,dvander,Attachment #399907                Flags,,review?(brendan)
2009-09-11 13:10:23 PDT,dvander,Attachment #399907                Attachment is obsolete,1,0
2009-09-11 13:10:23 PDT,dvander,Attachment #400128                Flags,review?(brendan),
2009-09-14 15:43:42 PDT,dvander,Attachment #400128                Attachment is obsolete,1,0
2009-09-14 15:43:42 PDT,dvander,Attachment #400607                Flags,review?(brendan),
2009-09-14 15:43:42 PDT,dvander,Attachment #400128                Flags,,review?(brendan)
2009-09-14 16:48:18 PDT,brendan,Attachment #400607                Flags,review+,review?(brendan)
2009-09-14 17:28:07 PDT,dvander,Whiteboard,fixed-in-tracemonkey,
2009-09-14 21:49:52 PDT,fullmetaljacket.xp+bugmail,CC,fullmetaljacket.xp+bugmail,
2009-09-15 14:00:33 PDT,crowderbt,Blocks,481419,
2009-09-15 17:40:44 PDT,jwalden+bmo,CC,jwalden+bmo,
2009-09-15 19:33:47 PDT,brendan,CC,brendan,
2009-09-16 17:43:42 PDT,mrbkap,Status,RESOLVED,NEW
2009-09-16 17:43:42 PDT,mrbkap,Resolution,FIXED,---
2009-09-16 17:43:42 PDT,mrbkap,CC,mrbkap,
2009-09-16 17:43:42 PDT,mrbkap,Last Resolved,2009-09-16 17:43:42,
2009-10-02 15:44:00 PDT,sayrer,CC,sayrer,
2009-10-02 15:44:00 PDT,sayrer,Flags,wanted1.9.2+,
2009-10-02 15:44:00 PDT,sayrer,status1.9.2,beta1-fixed,---
