When,Who,What,Added,Removed
2009-09-10 23:13:13 PDT,reed,Whiteboard,[sg:critical?],
2009-09-11 00:08:50 PDT,reed,Flags,blocking1.9.2?, blocking1.9.0.15?,
2009-09-11 00:09:56 PDT,reed,blocking1.9.1,?,---
2009-09-11 02:26:32 PDT,samuel.sidler+old,CC,samuel.sidler,
2009-09-11 10:30:16 PDT,dveditz,Flags,wanted1.9.0.x-,blocking1.9.0.15?
2009-09-11 10:30:16 PDT,dveditz,status1.9.1,wanted,---
2009-09-11 11:35:37 PDT,dan,CC,tterribe,
2009-09-13 17:51:15 PDT,reed,Whiteboard,[sg:critical] already fixed upstream,[sg:critical?]
2009-09-14 17:57:23 PDT,dveditz,Whiteboard,[sg:dupe 501279] already fixed upstream,[sg:critical] already fixed upstream
2009-09-14 17:57:23 PDT,dveditz,CC,dveditz,
2009-09-14 17:57:23 PDT,dveditz,Depends on,501279,
2009-09-14 17:57:23 PDT,dveditz,blocking1.9.1,.4+,?
2009-09-21 23:55:08 PDT,reed,Assignee,kinetik,nobody
2009-09-21 23:55:08 PDT,reed,status1.9.1,.4-fixed,wanted
2009-09-21 23:56:16 PDT,reed,Resolution,FIXED,---
2009-09-21 23:56:16 PDT,reed,Last Resolved,2009-09-21 23:56:16,
2009-09-21 23:56:16 PDT,reed,Status,RESOLVED,NEW
2009-09-22 11:48:00 PDT,roc,CC,roc,
2009-09-22 11:48:00 PDT,roc,Flags,blocking1.9.2+,blocking1.9.2?
2009-09-22 11:48:00 PDT,roc,status1.9.2,beta1-fixed,---
2009-09-29 10:59:05 PDT,abillings,CC,abillings,
2009-10-16 17:18:49 PDT,abillings,Keywords,verified1.9.1,
2009-10-29 03:51:58 PDT,stransky,CC,stransky, thoger,
2009-11-09 18:35:32 PST,dveditz,Group,,core-security
