When,Who,What,Added,Removed
2009-09-10 15:53:48 PDT,mkanat,Flags,blocking3.2.5+,
2009-09-10 15:53:55 PDT,mkanat,Blocks,515061,
2009-09-10 16:26:06 PDT,mkanat,Status,ASSIGNED,NEW
2009-09-10 16:26:06 PDT,mkanat,Assignee,mkanat,general
2009-09-10 16:26:06 PDT,mkanat,Attachment #399879                Flags,review?(LpSolit),
2009-09-10 16:26:33 PDT,mkanat,Component,Documentation,Bugzilla-General
2009-09-10 16:26:33 PDT,mkanat,CC,documentation,
2009-09-10 16:33:24 PDT,reed,CC,reed,
2009-09-10 16:56:29 PDT,LpSolit,Attachment #399879                Flags,review+,review?(LpSolit)
2009-09-10 16:56:39 PDT,LpSolit,Flags,approval3.2+,
2009-09-10 16:57:39 PDT,mkanat,Status,RESOLVED,ASSIGNED
2009-09-10 16:57:39 PDT,mkanat,Resolution,FIXED,---
2009-09-10 16:57:39 PDT,mkanat,Last Resolved,2009-09-10 16:57:39,
