When,Who,What,Added,Removed
2009-09-10 22:53:43 PDT,gary,Flags,blocking1.9.2?,
2009-09-10 23:05:35 PDT,gary,CC,igor, jorendorff,
2009-09-10 23:05:35 PDT,gary,Blocks,511728,
2009-09-11 15:11:56 PDT,ryanvm,CC,ryanvm,
2009-09-13 17:27:30 PDT,xtc4uall,CC,xtc4uall,
2009-09-17 12:18:04 PDT,dsicore,CC,dsicore,
2009-09-17 12:18:04 PDT,dsicore,Flags,blocking1.9.2-,blocking1.9.2?
2009-10-04 17:31:56 PDT,sayrer,CC,sayrer,
2009-10-04 17:31:56 PDT,sayrer,Flags,blocking1.9.2+,blocking1.9.2-
2009-10-05 11:50:25 PDT,sayrer,Priority,P2,--
2009-10-21 18:39:43 PDT,sayrer,Assignee,jorendorff,general
2009-10-23 08:32:47 PDT,jorendorff,Attachment #408020                Flags,review?(brendan),
2009-10-23 11:46:56 PDT,brendan,Attachment #408020                Flags,review+,review?(brendan)
2009-10-23 12:38:17 PDT,jorendorff,Whiteboard,fixed-in-tracemonkey,
2009-10-23 12:38:17 PDT,jorendorff,Flags,in-testsuite+,
2009-10-26 15:23:33 PDT,highmind63,CC,highmind63,
2009-10-29 15:25:18 PDT,sayrer,Status,RESOLVED,NEW
2009-10-29 15:25:18 PDT,sayrer,Resolution,FIXED,---
2009-10-29 15:25:18 PDT,sayrer,Last Resolved,2009-10-29 15:25:18,
2009-11-25 02:15:43 PST,sayrer,status1.9.2,final-fixed,---
2009-11-25 11:47:55 PST,samuel.sidler+old,status1.9.2,final-fixed,beta4-fixed
2012-12-13 17:06:55 PST,gary,Status,VERIFIED,RESOLVED
