When,Who,What,Added,Removed
2009-09-11 00:35:03 PDT,standard8,Summary,"Empty string passed to getElementById()" warning on TB start-up.,"Components.classes['@mozilla.org/satchel/form-fill-controller;1'] is undefined" error and "Empty string passed to getElementById()" warning on TB start-up.
2009-09-11 00:35:03 PDT,standard8,Status,NEW,UNCONFIRMED
2009-09-11 00:35:03 PDT,standard8,CC,bugmail,
2009-09-11 00:35:03 PDT,standard8,Ever confirmed,1,0
2009-09-11 03:09:48 PDT,standard8,Status,ASSIGNED,NEW
2009-09-11 03:09:48 PDT,standard8,Assignee,bugzilla,nobody
2009-09-11 03:09:48 PDT,standard8,Attachment #399991                Flags,review?(bugmail),
2009-09-11 03:25:13 PDT,bugmail,Attachment #399991                Flags,review+,review?(bugmail)
2009-09-11 08:24:41 PDT,standard8,Attachment #399991                Flags,approval-thunderbird3+,
2009-09-11 08:32:33 PDT,standard8,Target Milestone,Thunderbird 3.0b4,---
2009-09-11 08:32:33 PDT,standard8,Last Resolved,2009-09-11 08:32:33,
2009-09-11 08:32:33 PDT,standard8,Status,RESOLVED,ASSIGNED
2009-09-11 08:32:33 PDT,standard8,Resolution,FIXED,---
