When,Who,What,Added,Removed
2009-09-10 18:54:27 PDT,bugzillamozillaorg_serge_20140323,Flags,blocking-seamonkey2.0?,
2009-09-10 19:24:54 PDT,bugmail,CC,bienvenu, bugzilla,
2009-09-10 19:58:34 PDT,bugmail,Depends on,515855,
2009-09-11 03:44:12 PDT,bugmail,Status,ASSIGNED,NEW
2009-09-11 03:44:12 PDT,bugmail,Assignee,bugmail,nobody
2009-09-11 03:44:12 PDT,bugmail,Attachment #399998                Flags,review?(bugzilla), superreview?(bugzilla),
2009-09-11 05:15:28 PDT,kairo,CC,kairo,
2009-09-11 06:32:26 PDT,bugmail,Attachment #399998                Attachment is obsolete,1,0
2009-09-11 06:32:26 PDT,bugmail,Attachment #400021                Flags,review?(bugzilla), superreview?(bugzilla),
2009-09-11 06:32:26 PDT,bugmail,Attachment #399998                Flags,,review?(bugzilla), superreview?(bugzilla)
2009-09-11 06:37:38 PDT,kairo,Flags,blocking-seamonkey2.0-,blocking-seamonkey2.0?
2009-09-11 06:56:28 PDT,standard8,CC,david.ascher, dmose, mnyromyr, neil,
2009-09-11 07:06:15 PDT,aryx.bugmail,CC,archaeopteryx,
2009-09-20 20:40:48 PDT,bugmail,Attachment #400021                Flags,review?(bienvenu), superreview?(bienvenu),review?(bugzilla), superreview?(bugzilla)
2009-09-21 19:10:43 PDT,bugmail,Attachment #402008                Flags,review?(bienvenu), superreview?(bienvenu),
2009-09-21 19:10:43 PDT,bugmail,Attachment #400021                Flags,,review?(bienvenu), superreview?(bienvenu)
2009-09-21 19:10:43 PDT,bugmail,Attachment #400021                Attachment is obsolete,1,0
2009-09-22 08:32:16 PDT,mozilla,Attachment #402008                Flags,review+, superreview+,review?(bienvenu), superreview?(bienvenu)
2009-09-29 08:22:17 PDT,bugzillamozillaorg_serge_20140323,Status,RESOLVED,ASSIGNED
2009-09-29 08:22:17 PDT,bugzillamozillaorg_serge_20140323,Resolution,FIXED,---
2009-09-29 08:22:17 PDT,bugzillamozillaorg_serge_20140323,Target Milestone,Thunderbird 3.0rc1,---
2009-09-29 08:22:17 PDT,bugzillamozillaorg_serge_20140323,Flags,in-testsuite-,
2009-09-29 08:22:17 PDT,bugzillamozillaorg_serge_20140323,Last Resolved,2009-09-29 08:22:17,
2009-09-29 08:35:53 PDT,bugzillamozillaorg_serge_20140323,Attachment #402008                Attachment description,move the dbViewWrapper abstraction and dependencies into mail/base v3[Checkin: Comment 16],move the dbViewWrapper abstraction and dependencies into mail/base v3
