When,Who,What,Added,Removed
2009-09-10 18:35:59 PDT,dmandelin,Attachment #399927                Flags,review?(dvander),
2009-09-10 18:37:38 PDT,dvander,Attachment #399927                Flags,review+,review?(dvander)
2009-09-10 18:40:19 PDT,dmandelin,Whiteboard,fixed-in-tracemonkey,
2009-09-11 00:20:19 PDT,jwalden+bmo,CC,jwalden+bmo,
2009-09-16 17:38:58 PDT,mrbkap,Status,RESOLVED,NEW
2009-09-16 17:38:58 PDT,mrbkap,Resolution,FIXED,---
2009-09-16 17:38:58 PDT,mrbkap,CC,mrbkap,
2009-09-16 17:38:58 PDT,mrbkap,Last Resolved,2009-09-16 17:38:58,
2009-10-02 15:22:00 PDT,sayrer,Flags,wanted1.9.2+,
2009-10-02 15:22:00 PDT,sayrer,status1.9.2,beta1-fixed,---
2009-10-02 15:22:00 PDT,sayrer,CC,sayrer,
2009-10-15 13:55:02 PDT,bob,CC,bclary,
2009-10-15 13:55:02 PDT,bob,Flags,in-testsuite-,
