When,Who,What,Added,Removed
2009-09-10 21:24:33 PDT,davemgarrett,Keywords,regression,
2009-09-10 21:24:33 PDT,davemgarrett,Severity,major,normal
2009-09-10 21:24:33 PDT,davemgarrett,CC,davegar,
2009-09-10 21:31:03 PDT,davemgarrett,CC,clouserw,
2009-09-13 19:08:14 PDT,wclouser,Target Milestone,5.1,---
2009-09-14 13:22:40 PDT,jorge,Summary,Cannot change add-on version license in dev tools,Cannot change add-on license to an existing custom license
2009-09-14 13:22:40 PDT,jorge,CC,jorge.villalobos,
2009-09-18 08:52:16 PDT,wclouser,Assignee,clouserw,nobody
2009-09-18 08:52:16 PDT,wclouser,Attachment #401446                Flags,review?(smccammon),
2009-09-18 09:02:14 PDT,smccammon,Attachment #401446                Flags,review+,review?(smccammon)
2009-09-18 10:10:59 PDT,wclouser,Status,RESOLVED,NEW
2009-09-18 10:10:59 PDT,wclouser,Resolution,FIXED,---
2009-09-18 10:10:59 PDT,wclouser,Last Resolved,2009-09-18 10:10:59,
2009-09-26 10:24:01 PDT,stephen.donner,Status,VERIFIED,RESOLVED
2009-09-26 10:24:01 PDT,stephen.donner,CC,stephen.donner,
