When,Who,What,Added,Removed
2009-09-10 18:35:35 PDT,rsx11m.pub,Status,ASSIGNED,NEW
2009-09-10 18:35:35 PDT,rsx11m.pub,Assignee,rsx11m.pub,nobody
2009-09-10 18:35:35 PDT,rsx11m.pub,Attachment #399926                Flags,ui-review?(clarkbw),
2009-09-11 01:10:57 PDT,wladow,CC,wladow,
2009-09-11 06:03:48 PDT,rsx11m.pub,Blocks,515523,
2009-09-11 18:22:04 PDT,bwinton,CC,bwinton,
2009-09-11 22:15:17 PDT,francesco.lodolo,CC,thunderbird,
2009-09-12 00:00:36 PDT,rimas,CC,rq,
2009-09-12 03:26:27 PDT,a.topal,CC,a.topal,
2009-09-12 05:42:53 PDT,rsx11m.pub,Keywords,intl,
2009-09-12 05:42:53 PDT,rsx11m.pub,CC,iann_bugzilla, neil,
2009-09-13 09:45:55 PDT,kairo,CC,kairo,
2009-09-13 09:48:10 PDT,mkmelin+mozilla,CC,mkmelin+mozilla,
2009-09-13 10:52:28 PDT,francesco.lodolo,CC,francesco.lodolo,
2009-09-15 02:15:30 PDT,p.franc,CC,p.franc,
2009-09-17 16:09:45 PDT,clarkbw,Attachment #399926                Flags,,ui-review?(clarkbw)
2009-09-20 15:49:03 PDT,rsx11m.pub,Attachment #401760                Flags,ui-review?(clarkbw),
2009-09-20 15:51:01 PDT,rsx11m.pub,Attachment #399926                Attachment is obsolete,1,0
2009-09-20 15:51:01 PDT,rsx11m.pub,Attachment #399928                Attachment is obsolete,1,0
2009-09-20 15:53:25 PDT,a.topal,CC,,a.topal
2009-09-20 18:15:37 PDT,rsx11m.pub,Whiteboard,[has l10n impact],
2009-09-21 12:12:05 PDT,clarkbw,Attachment #401759                Flags,ui-review+,
2009-09-21 13:34:06 PDT,rsx11m.pub,Attachment #401760                Flags,,ui-review?(clarkbw)
2009-09-22 08:18:05 PDT,rsx11m.pub,Attachment #401759                Attachment is obsolete,1,0
2009-09-22 08:18:05 PDT,rsx11m.pub,Attachment #401760                Attachment is obsolete,1,0
2009-09-22 08:18:05 PDT,rsx11m.pub,Attachment #402083                Flags,review?(bugzilla), superreview?(bienvenu), ui-review+,
2009-09-25 13:39:27 PDT,rsx11m.pub,Whiteboard,[has l10n impact][needs review standard8, sr bienvenu],[has l10n impact]
2009-09-25 13:39:27 PDT,rsx11m.pub,CC,bienvenu, bugzilla,
2009-09-25 13:39:27 PDT,rsx11m.pub,Target Milestone,Thunderbird 3.0rc1,---
2009-09-25 14:02:02 PDT,davida,CC,david.ascher,
2009-09-29 14:26:16 PDT,standard8,Attachment #402083                Flags,review+,review?(bugzilla)
2009-09-29 14:32:10 PDT,mozilla,Attachment #402083                Flags,superreview+,superreview?(bienvenu)
2009-09-29 14:35:48 PDT,mozilla,Whiteboard,[has l10n impact],[has l10n impact][needs review standard8, sr bienvenu]
2009-09-29 14:49:39 PDT,standard8,Attachment #402083                Flags,approval-thunderbird3+,
2009-09-29 14:53:48 PDT,standard8,Status,RESOLVED,ASSIGNED
2009-09-29 14:53:48 PDT,standard8,Resolution,FIXED,---
2009-09-29 14:53:48 PDT,standard8,Last Resolved,2009-09-29 14:53:48,
2009-09-29 17:50:30 PDT,bugzillamozillaorg_serge_20140323,Keywords,fixed-seamonkey2.0,
2009-09-30 08:41:43 PDT,rimas,Status,REOPENED,RESOLVED
2009-09-30 08:41:43 PDT,rimas,Resolution,---,FIXED
2009-09-30 09:11:15 PDT,rsx11m.pub,Attachment #403790                Flags,review?(bugzilla), superreview?(bienvenu),
2009-09-30 09:16:12 PDT,mozilla,Attachment #403790                Flags,superreview+,superreview?(bienvenu)
2009-10-01 01:57:54 PDT,wladow,CC,rail,
2009-10-01 02:44:37 PDT,standard8,Attachment #403790                Flags,review+,review?(bugzilla)
2009-10-01 02:47:37 PDT,standard8,Attachment #403790                Attachment description,[checked in] Follow-up patch (v3.1),Follow-up patch (v3.1)
2009-10-01 02:47:53 PDT,standard8,Attachment #402083                Attachment description,[checked in] Proposed patch (v3),Proposed patch (v3)
2009-10-01 02:48:04 PDT,standard8,Status,RESOLVED,REOPENED
2009-10-01 02:48:04 PDT,standard8,Resolution,FIXED,---
2009-10-01 02:48:04 PDT,standard8,Last Resolved,2009-10-01 02:48:04,2009-09-29 14:53:48
