When,Who,What,Added,Removed
2009-09-10 15:48:29 PDT,bugzilla,Flags,blocking-thunderbird3?,
2009-09-10 21:16:20 PDT,vseerror,CC,vseerror,
2009-09-10 21:31:53 PDT,fehe,CC,fehe,
2009-09-11 05:57:31 PDT,standard8,Summary,[faceted search] Entering a search term and pressing enter after waiting for the suggestion popup causes multiple gloda tabs,[faceted search] Entering a search term and pressing enter after waiting for the suggestion popup causes five instances of gloda
2009-09-11 06:24:20 PDT,bugzilla,Summary,[faceted search] Entering a search term opens multiple results tabs on clicking "Messages mentioning..." pop-up,[faceted search] Entering a search term and pressing enter after waiting for the suggestion popup causes multiple gloda tabs
2009-09-11 06:24:20 PDT,bugzilla,Severity,major,normal
2009-09-11 06:35:23 PDT,blog,CC,blog,
2009-09-11 08:40:10 PDT,justhinkin2,CC,justhinkin2,
2009-09-11 11:30:21 PDT,davida,Whiteboard,[no l10n impact][needs str],
2009-09-11 11:30:21 PDT,davida,CC,david.ascher,
2009-09-11 11:30:21 PDT,davida,Flags,blocking-thunderbird3+,blocking-thunderbird3?
2009-09-11 11:37:19 PDT,philringnalda,CC,philringnalda,
2009-09-11 14:31:33 PDT,davida,Target Milestone,Thunderbird 3.0b4,---
2009-09-11 14:31:48 PDT,davida,CC,bugmail,
2009-09-11 15:43:41 PDT,davida,Summary,[faceted search] After customizing toolbar, entering a search term opens multiple results tabs on clicking "Messages mentioning..." autocomplete drop-down,[faceted search] Entering a search term opens multiple results tabs on clicking "Messages mentioning..." pop-up
2009-09-11 15:43:41 PDT,davida,Assignee,david.ascher,nobody
2009-09-11 16:37:17 PDT,davida,Attachment #400181                Flags,review?(dmose),
2009-09-11 16:39:45 PDT,dmose,Attachment #400181                Flags,review+,review?(dmose)
2009-09-11 16:44:16 PDT,dmose,Status,RESOLVED,NEW
2009-09-11 16:44:16 PDT,dmose,Resolution,FIXED,---
2009-09-11 16:44:16 PDT,dmose,CC,dmose,
2009-09-11 16:44:16 PDT,dmose,Last Resolved,2009-09-11 16:44:16,
2009-09-15 04:39:15 PDT,vseerror,Component,Search,Toolbars and Tabs
2009-09-15 04:39:15 PDT,vseerror,QA Contact,search,toolbars-tabs
2012-06-06 04:26:10 PDT,florian,Depends on,761983,
