When,Who,What,Added,Removed
2009-09-11 08:29:00 PDT,ozten.bugs,CC,ozten.bugs,
2009-09-11 14:46:12 PDT,ozten.bugs,Status,RESOLVED,NEW
2009-09-11 14:46:12 PDT,ozten.bugs,Resolution,FIXED,---
2009-09-11 14:46:12 PDT,ozten.bugs,Last Resolved,2009-09-11 14:46:12,
2009-09-11 14:50:07 PDT,stephen.donner,Hardware,All,x86
2009-09-11 14:50:07 PDT,stephen.donner,OS,All,Mac OS X
2009-09-11 14:50:07 PDT,stephen.donner,Status,VERIFIED,RESOLVED
2009-09-11 14:50:07 PDT,stephen.donner,CC,stephen.donner,
2011-01-10 00:51:47 PST,timeless,Component,mozillaservice.org,mozillaservice.org
2011-01-10 00:51:47 PST,timeless,Product,Websites Graveyard,Websites
