When,Who,What,Added,Removed
2009-09-10 17:06:51 PDT,jruderman,Summary,"ASSERTION: How can we have a null mDefaultSubmitElement but a first-submit slot in one of the lists?", crash [@ CompareFormControlPosition],"ASSERTION: How can we have a null mDefaultSubmitElement but a first-submit slot in one of the lists?"
2009-09-10 17:10:45 PDT,martijn.martijn,CC,martijn.martijn,
2009-09-10 18:08:57 PDT,bzbarsky,Blocks,513153,
2009-09-10 20:44:13 PDT,bzbarsky,Status,ASSIGNED,NEW
2009-09-10 20:44:13 PDT,bzbarsky,Assignee,bzbarsky,nobody
2009-09-10 20:44:13 PDT,bzbarsky,Attachment #399946                Flags,review?(jst),
2009-09-11 01:34:42 PDT,jwalden+bmo,CC,jwalden+bmo,
2009-09-16 16:17:05 PDT,jst,Attachment #399946                Flags,review+, superreview+,review?(jst)
2009-09-18 11:55:07 PDT,bzbarsky,Status,RESOLVED,ASSIGNED
2009-09-18 11:55:07 PDT,bzbarsky,Resolution,FIXED,---
2009-09-18 11:55:07 PDT,bzbarsky,Flags,in-testsuite+,
2009-09-18 11:55:07 PDT,bzbarsky,Last Resolved,2009-09-18 11:55:07,
2011-06-09 14:58:50 PDT,nobody,Crash Signature,[@ CompareFormControlPosition],
