When,Who,What,Added,Removed
2009-09-10 23:24:39 PDT,gary,Flags,blocking1.9.2?,
2009-09-10 23:40:24 PDT,gary,Whiteboard,[ccbr],
2009-09-10 23:40:24 PDT,gary,CC,igor,
2009-09-10 23:40:24 PDT,gary,Blocks,514981,
2009-09-11 00:02:35 PDT,brendan,Status,ASSIGNED,NEW
2009-09-11 00:02:35 PDT,brendan,Assignee,brendan,general
2009-09-11 00:02:35 PDT,brendan,Attachment #399972                Flags,review?(igor),
2009-09-11 00:03:48 PDT,brendan,Whiteboard,fixed-in-tracemonkey [ccbr],[ccbr]
2009-09-11 00:03:48 PDT,brendan,Hardware,All,x86
2009-09-11 00:03:48 PDT,brendan,OS,All,Mac OS X
2009-09-11 00:03:48 PDT,brendan,Priority,P1,--
2009-09-11 00:03:48 PDT,brendan,Target Milestone,mozilla1.9.2,---
2009-09-12 04:48:36 PDT,igor,Attachment #399972                Flags,review+,review?(igor)
2009-09-13 17:26:54 PDT,xtc4uall,CC,xtc4uall,
2009-09-14 03:25:18 PDT,sayrer,CC,sayrer,
2009-09-14 03:25:18 PDT,sayrer,Flags,blocking1.9.2+,blocking1.9.2?
2009-09-16 17:39:29 PDT,mrbkap,Resolution,FIXED,---
2009-09-16 17:39:29 PDT,mrbkap,CC,mrbkap,
2009-09-16 17:39:29 PDT,mrbkap,Last Resolved,2009-09-16 17:39:29,
2009-09-16 17:39:29 PDT,mrbkap,Status,RESOLVED,ASSIGNED
2009-10-05 10:29:14 PDT,sayrer,Flags,blocking1.9.2?,blocking1.9.2+
2009-11-12 07:08:07 PST,mbeltzner,Flags,blocking1.9.2+,blocking1.9.2?
2009-11-25 02:30:41 PST,sayrer,status1.9.2,unaffected,---
2011-06-13 10:01:48 PDT,nobody,Crash Signature,[@ js_Interpret],
