When,Who,What,Added,Removed
2009-09-10 23:17:43 PDT,reed,Whiteboard,[sg:critical?],
2009-09-11 00:03:07 PDT,reed,Whiteboard,[sg:nse],[sg:critical?]
2009-09-11 00:03:07 PDT,reed,Summary,Make oggz_comments.c more resilient against possible future problems,Possible vulnerability in oggz_comments.c
2009-09-11 02:27:45 PDT,samuel.sidler+old,CC,samuel.sidler,
2009-09-14 00:53:06 PDT,jwalden+bmo,CC,jwalden+bmo,
2009-09-14 18:21:06 PDT,dveditz,Whiteboard,[sg:nse] future-proofing,[sg:nse]
2009-09-14 18:21:06 PDT,dveditz,CC,dveditz,
2010-06-16 20:34:11 PDT,kinetik,Status,RESOLVED,NEW
2010-06-16 20:34:11 PDT,kinetik,Resolution,FIXED,---
2010-06-16 20:34:11 PDT,kinetik,CC,kinetik,
2010-06-16 20:34:11 PDT,kinetik,Last Resolved,2010-06-16 20:34:11,
2010-06-17 19:50:27 PDT,dveditz,status1.9.2,wanted,---
2010-06-17 19:50:27 PDT,dveditz,status2.0,unaffected,---
2015-05-18 16:07:53 PDT,dveditz,Group,,core-security
