When,Who,What,Added,Removed
2009-09-11 04:41:32 PDT,wraithlike,CC,wraithlike,
2009-09-11 04:52:18 PDT,willyaranda,Attachment #399872                Flags,review?(cbeard),
2009-11-04 17:46:21 PST,edilee,Attachment #399872                Flags,review+,review?(cbeard)
2009-11-04 17:47:31 PST,edilee,Assignee,willyaranda,nobody
2009-11-04 17:47:31 PST,edilee,CC,edilee,
2009-11-04 17:47:31 PST,edilee,Target Milestone,1.0beta,---
2009-11-04 17:47:31 PST,edilee,Last Resolved,2009-11-04 17:47:31,
2009-11-04 17:47:31 PST,edilee,Status,RESOLVED,UNCONFIRMED
2009-11-04 17:47:31 PST,edilee,Resolution,FIXED,---
