When,Who,What,Added,Removed
2009-09-10 17:04:35 PDT,rreitmai,Attachment #399893                Flags,superreview?(edwsmith),
2009-09-10 17:18:36 PDT,rreitmai,Attachment #399898                Flags,superreview?(edwsmith),
2009-09-10 17:24:22 PDT,rreitmai,Attachment #399903                Flags,superreview?(edwsmith),
2009-09-10 17:30:39 PDT,rreitmai,Attachment #399909                Flags,superreview?(edwsmith),
2009-09-10 17:35:25 PDT,rreitmai,Attachment #399913                Flags,superreview?(edwsmith),
2009-09-10 17:43:27 PDT,rreitmai,Depends on,513539, 513535, 513838, 513843, 513884,
2009-09-10 17:43:27 PDT,rreitmai,Blocks,503556,
2009-09-15 10:46:26 PDT,edwsmith,Attachment #399903                Flags,superreview+,superreview?(edwsmith)
2009-09-15 11:31:02 PDT,edwsmith,Attachment #399893                Flags,superreview+,superreview?(edwsmith)
2009-09-15 11:31:23 PDT,edwsmith,Attachment #399898                Flags,superreview+,superreview?(edwsmith)
2009-09-15 11:32:21 PDT,edwsmith,CC,edwsmith,
2009-09-15 11:35:48 PDT,edwsmith,Attachment #399913                Flags,superreview-,superreview?(edwsmith)
2009-09-17 13:50:11 PDT,rreitmai,Blocks,517308,
2009-09-18 06:49:36 PDT,edwsmith,Attachment #399909                Flags,superreview+,superreview?(edwsmith)
2009-09-23 18:54:43 PDT,rreitmai,Status,RESOLVED,ASSIGNED
2009-09-23 18:54:43 PDT,rreitmai,Resolution,FIXED,---
2009-09-23 18:54:43 PDT,rreitmai,Last Resolved,2009-09-23 18:54:43,
2009-10-13 16:51:52 PDT,cpeyer,Status,VERIFIED,RESOLVED
