When,Who,What,Added,Removed
2009-09-10 22:20:39 PDT,blassey.bugs,tracking-fennec,?,---
2009-09-13 15:42:39 PDT,pavlov,tracking-fennec,1.0+,?
2009-11-12 12:08:41 PST,pavlov,Assignee,webapps,nobody
2009-11-25 10:00:43 PST,ben,Assignee,nobody,webapps
2009-11-26 07:46:24 PST,21,Assignee,21,nobody
2009-11-26 07:46:24 PST,21,Attachment #414733                Flags,review?(mark.finkle),
2009-11-27 21:49:56 PST,mark.finkle,Attachment #414733                Flags,review-,review?(mark.finkle)
2009-11-30 02:19:43 PST,21,Attachment #414733                Attachment is obsolete,1,0
2009-11-30 02:19:43 PST,21,Attachment #415096                Flags,review?(mark.finkle),
2009-11-30 08:34:24 PST,mark.finkle,Attachment #415096                Flags,review+,review?(mark.finkle)
2009-11-30 08:46:54 PST,mark.finkle,Attachment #415096                Flags,review-,review+
2009-11-30 09:35:45 PST,21,Attachment #415096                Attachment is obsolete,1,0
2009-11-30 09:35:45 PST,21,Attachment #415166                Flags,review?(mark.finkle),
2009-11-30 11:39:33 PST,mark.finkle,Attachment #415166                Flags,review+,review?(mark.finkle)
2009-11-30 12:20:49 PST,mark.finkle,Resolution,FIXED,---
2009-11-30 12:20:49 PST,mark.finkle,CC,mark.finkle,
2009-11-30 12:20:49 PST,mark.finkle,Last Resolved,2009-11-30 12:20:49,
2009-11-30 12:20:49 PST,mark.finkle,Status,RESOLVED,NEW
2009-12-01 08:32:20 PST,mozaakash,CC,adesai,
2009-12-01 08:32:20 PST,mozaakash,Flags,in-litmus?,
2009-12-01 08:32:20 PST,mozaakash,Status,VERIFIED,RESOLVED
2009-12-18 11:36:16 PST,mozaakash,Flags,in-litmus+,in-litmus?
