When,Who,What,Added,Removed
2009-09-10 21:55:50 PDT,wtc,Attachment #399953                Flags,review?(rrelyea),
2009-09-10 22:02:12 PDT,wtc,Attachment #399956                Flags,review?(nelson),
2009-09-10 22:04:40 PDT,wtc,Attachment #399958                Flags,review?(rrelyea),
2009-09-11 18:19:19 PDT,rrelyea,Attachment #399953                Flags,review+,review?(rrelyea)
2009-09-11 18:20:54 PDT,rrelyea,Attachment #399958                Flags,review+,review?(rrelyea)
2009-09-11 18:46:44 PDT,wtc,Attachment #399953                Attachment description,Removed unused variable 'needCarry' (checked in),Removed unused variable 'needCarry'
2009-09-11 18:54:34 PDT,wtc,Attachment #399958                Attachment description,Use the offsetof macro defined in <stddef.h> (for SOFTOKEN_3_13_BRANCH) (checked in),Use the offsetof macro defined in <stddef.h> (for SOFTOKEN_3_13_BRANCH)
2009-09-12 23:32:50 PDT,kdudka,CC,kdudka,
2009-09-15 13:07:27 PDT,nelson,Attachment #399956                Attachment description,Make conditional expressions explicit when they involve assignments,Add parentheses around assignments in conditional expressions
2009-09-15 13:07:27 PDT,nelson,Attachment #399956                Flags,review+,review?(nelson)
2009-09-15 13:15:12 PDT,nelson,Attachment #399957                Flags,review+,
2009-09-15 13:17:13 PDT,nelson,Attachment #399951                Flags,review+,
2010-02-09 17:51:45 PST,wtc,Attachment #399951                Attachment description,Patch for jarver.c (checked in),Patch for jarver.c
2010-02-09 17:54:58 PST,wtc,Attachment #399956                Attachment description,Make conditional expressions explicit when they involve assignments (checked in),Make conditional expressions explicit when they involve assignments
2010-02-09 18:01:30 PST,wtc,Attachment #399957                Attachment description,unsigned char * vs. char * (checked in),unsigned char * vs. char *
2010-02-09 18:06:48 PST,wtc,Attachment #399955                Attachment description,Discard return value using (void) (checked in),Discard return value using (void)
2010-02-09 18:06:48 PST,wtc,Attachment #399955                Flags,review?(emaldona),
2010-02-09 18:07:13 PST,wtc,Status,RESOLVED,NEW
2010-02-09 18:07:13 PST,wtc,Resolution,FIXED,---
2010-02-09 18:07:13 PST,wtc,Target Milestone,3.12.6,---
2010-02-09 18:07:13 PST,wtc,Last Resolved,2010-02-09 18:07:13,
2010-02-09 20:55:30 PST,emaldona,Attachment #399955                Flags,review+,review?(emaldona)
2011-07-08 09:18:30 PDT,emorley,CC,guninski,
