When,Who,What,Added,Removed
2009-09-10 21:45:25 PDT,philringnalda,Attachment #399950                Flags,review?(bugmail),
2009-09-10 22:10:09 PDT,bugmail,Attachment #399950                Flags,review+,review?(bugmail)
2009-09-10 22:11:50 PDT,philringnalda,Attachment #399950                Flags,approval-thunderbird3?,
2009-09-11 01:56:28 PDT,standard8,Attachment #399950                Flags,approval-thunderbird3+,approval-thunderbird3?
2009-09-11 02:01:38 PDT,standard8,Status,RESOLVED,ASSIGNED
2009-09-11 02:01:38 PDT,standard8,Resolution,FIXED,---
2009-09-11 02:01:38 PDT,standard8,Target Milestone,Thunderbird 3.0b4,---
2009-09-11 02:01:38 PDT,standard8,Last Resolved,2009-09-11 02:01:38,
2009-09-15 04:39:17 PDT,vseerror,Component,Search,Toolbars and Tabs
2009-09-15 04:39:17 PDT,vseerror,QA Contact,search,toolbars-tabs
