When,Who,What,Added,Removed
2009-09-10 20:51:27 PDT,bugzillamozillaorg_serge_20140323,Keywords,regression,
2009-09-10 20:51:27 PDT,bugzillamozillaorg_serge_20140323,Blocks,474711,
2009-09-10 20:51:27 PDT,bugzillamozillaorg_serge_20140323,Flags,blocking-seamonkey2.0?,
2009-09-11 02:03:14 PDT,standard8,CC,mnyromyr, neil,
2009-09-11 04:49:12 PDT,kairo,Flags,blocking-seamonkey2.0-, wanted-seamonkey2.0+,blocking-seamonkey2.0?
2009-09-14 02:45:34 PDT,raj,CC,raj,
2009-09-23 22:23:54 PDT,bugzillamozillaorg_serge_20140323,Attachment #402536                Flags,review?(bugmail), review?(neil),
2009-09-24 08:37:29 PDT,bugzillamozillaorg_serge_20140323,Attachment #402584                Flags,review?(bugmail), review?(neil),
2009-09-24 08:37:29 PDT,bugzillamozillaorg_serge_20140323,Attachment #402536                Flags,,review?(bugmail), review?(neil)
2009-09-24 08:37:29 PDT,bugzillamozillaorg_serge_20140323,Status,ASSIGNED,NEW
2009-09-24 08:37:29 PDT,bugzillamozillaorg_serge_20140323,Assignee,sgautherie.bz,nobody
2009-09-24 08:37:29 PDT,bugzillamozillaorg_serge_20140323,Attachment #402536                Attachment is obsolete,1,0
2009-09-24 14:45:20 PDT,bugmail,Attachment #402584                Flags,,review?(bugmail)
2009-09-24 15:02:16 PDT,bugzillamozillaorg_serge_20140323,Attachment #402584                Flags,review?(bugzilla),
2009-09-24 15:56:19 PDT,neil,Attachment #402584                Flags,review+,review?(neil)
2009-09-25 08:00:37 PDT,bugzillamozillaorg_serge_20140323,Attachment #402584                Flags,approval-thunderbird3?,
2009-09-26 21:04:32 PDT,bugzillamozillaorg_serge_20140323,Attachment #402584                Attachment description,(Av2) Copy gloda.properties from Thunderbird, Update it for SeaMonkey[Checkin: See comment 11],(Av2) Copy gloda.properties from Thunderbird, Update it for SeaMonkey
2009-09-26 21:07:18 PDT,bugzillamozillaorg_serge_20140323,Keywords,fixed-seamonkey2.0,
2009-09-26 21:07:18 PDT,bugzillamozillaorg_serge_20140323,CC,,sgautherie.bz
2009-09-29 07:32:34 PDT,standard8,Attachment #402584                Flags,review+, approval-thunderbird3+,review?(bugzilla), approval-thunderbird3?
2009-09-29 07:54:08 PDT,bugzillamozillaorg_serge_20140323,Attachment #402584                Attachment description,(Av2) Copy gloda.properties from Thunderbird, Update it for SeaMonkey[Checkin: See comment 11+13],(Av2) Copy gloda.properties from Thunderbird, Update it for SeaMonkey[Checkin: See comment 11]
2009-09-29 07:56:00 PDT,bugzillamozillaorg_serge_20140323,Flags,in-testsuite-,
2009-09-29 07:56:00 PDT,bugzillamozillaorg_serge_20140323,Last Resolved,2009-09-29 07:56:00,
2009-09-29 07:56:00 PDT,bugzillamozillaorg_serge_20140323,Status,RESOLVED,ASSIGNED
2009-09-29 07:56:00 PDT,bugzillamozillaorg_serge_20140323,Resolution,FIXED,---
2009-09-29 07:56:00 PDT,bugzillamozillaorg_serge_20140323,Target Milestone,Thunderbird 3.0rc1,---
