When,Who,What,Added,Removed
2009-09-10 16:22:39 PDT,jruderman,Whiteboard,[sg:critical?],
2009-09-11 02:15:14 PDT,samuel.sidler+old,CC,samuel.sidler,
2009-09-15 00:41:28 PDT,tnikkel,Assignee,tnikkel,nobody
2009-09-15 00:41:28 PDT,tnikkel,Attachment #400699                Flags,review?(fantasai.bugs),
2009-09-15 00:41:56 PDT,tnikkel,Flags,in-testsuite?,
2009-09-15 00:42:31 PDT,tnikkel,CC,roc,
2009-09-15 01:06:28 PDT,jwalden+bmo,CC,jwalden+bmo,
2009-09-21 05:33:39 PDT,gavin.sharp,CC,gavin.sharp,
2009-09-22 11:39:35 PDT,fantasai.bugs,Attachment #400699                Flags,review+, superreview?(dbaron),review?(fantasai.bugs)
2009-10-13 18:36:15 PDT,tnikkel,Blocks,522170,
2009-10-31 20:08:32 PDT,jruderman,Whiteboard,[sg:critical?] for 1.9.2 branch and earlier,[sg:critical?]
2009-11-03 14:51:09 PST,dbaron,Attachment #400699                Flags,superreview+,superreview?(dbaron)
2009-11-04 01:47:39 PST,tnikkel,Resolution,FIXED,---
2009-11-04 01:47:39 PST,tnikkel,Target Milestone,mozilla1.9.3a1,---
2009-11-04 01:47:39 PST,tnikkel,Last Resolved,2009-11-04 01:47:39,
2009-11-04 01:47:39 PST,tnikkel,Status,RESOLVED,NEW
2009-11-04 01:50:36 PST,tnikkel,Attachment #400699                Flags,approval1.9.2?, approval1.9.1.6?, approval1.9.0.16?,
2009-11-04 15:29:15 PST,dveditz,CC,dveditz,
2009-11-04 15:29:15 PST,dveditz,Flags,blocking1.9.2?,
2009-11-04 15:31:26 PST,dveditz,Attachment #400699                Flags,approval1.9.1.6+, approval1.9.0.16+,approval1.9.1.6?, approval1.9.0.16?
2009-11-04 15:35:30 PST,shaver,Attachment #400699                Flags,approval1.9.2+,approval1.9.2?
2009-11-04 22:58:27 PST,roc,Flags,wanted1.9.2+,blocking1.9.2?
2009-11-08 00:17:28 PST,tnikkel,Target Milestone,mozilla1.9.2,mozilla1.9.3a1
2009-11-08 00:17:28 PST,tnikkel,status1.9.2,beta2-fixed,---
2009-11-09 01:02:14 PST,tnikkel,status1.9.1,.6-fixed,---
2009-11-09 09:20:10 PST,bzbarsky,Keywords,fixed1.9.0.16,
2009-11-20 11:57:27 PST,abillings,CC,abillings,
2009-11-21 08:14:25 PST,abillings,Keywords,verified1.9.1,
2010-04-01 20:19:39 PDT,dveditz,Group,,core-security
2010-04-06 17:15:31 PDT,tnikkel,Flags,in-testsuite+,in-testsuite?
