When,Who,What,Added,Removed
2009-09-10 22:43:11 PDT,smani,Product,mozilla.org,Websites
2009-09-10 22:43:11 PDT,smani,Version,other,unspecified
2009-09-10 22:43:11 PDT,smani,Component,Server Operations,mozillaservice.org
2009-09-10 22:43:11 PDT,smani,Assignee,server-ops,nobody
2009-09-10 22:43:11 PDT,smani,QA Contact,mrz,mozillaservice
2009-09-10 22:44:29 PDT,smani,Assignee,shyam,server-ops
2009-09-17 08:44:51 PDT,ozten.bugs,Status,RESOLVED,NEW
2009-09-17 08:44:51 PDT,ozten.bugs,Resolution,FIXED,---
2009-09-17 08:44:51 PDT,ozten.bugs,Last Resolved,2009-09-17 08:44:51,
2015-03-12 08:17:16 PDT,nobody,Product,mozilla.org Graveyard,mozilla.org
