When,Who,What,Added,Removed
2009-09-10 22:37:31 PDT,reed,Flags,blocking1.9.2?,
2009-09-10 22:38:01 PDT,reed,Whiteboard,[sg:critical],
2009-09-10 22:38:01 PDT,reed,CC,reed,
2009-09-10 22:54:27 PDT,cajbir.bugzilla,CC,tterribe,
2009-09-11 02:25:29 PDT,samuel.sidler+old,CC,samuel.sidler,
2009-09-13 17:39:12 PDT,reed,Depends on,512328,
2009-09-14 17:37:25 PDT,dveditz,CC,dveditz,
2009-09-15 00:46:23 PDT,jwalden+bmo,CC,jwalden+bmo,
2009-09-22 11:47:13 PDT,roc,CC,roc,
2009-09-22 11:47:13 PDT,roc,Flags,blocking1.9.2+,blocking1.9.2?
2009-09-22 20:58:23 PDT,roc,Priority,P2,--
2009-09-23 22:44:23 PDT,reed,blocking1.9.1,?,---
2009-09-27 15:49:02 PDT,cpearce,Depends on,504843,512328
2009-10-02 11:48:00 PDT,dveditz,blocking1.9.1,needed,?
2009-10-02 11:48:00 PDT,dveditz,status1.9.1,wanted,---
2009-10-06 11:03:13 PDT,dveditz,blocking1.9.1,.5+,needed
2009-10-07 03:03:05 PDT,roc,Depends on,507554,
2009-10-07 03:03:54 PDT,roc,Assignee,kinetik,nobody
2009-10-07 03:04:07 PDT,roc,Version,1.9.2 Branch,unspecified
2009-10-07 15:16:34 PDT,roc,Whiteboard,[sg:critical][depends on 507554],[sg:critical]
2009-10-07 18:13:12 PDT,kinetik,Status,RESOLVED,NEW
2009-10-07 18:13:12 PDT,kinetik,Resolution,FIXED,---
2009-10-07 18:13:12 PDT,kinetik,Last Resolved,2009-10-07 18:13:12,
2009-10-13 01:26:37 PDT,roc,Whiteboard,[sg:critical],[sg:critical][depends on 507554]
2009-10-13 01:26:37 PDT,roc,status1.9.2,beta1-fixed,---
2009-10-22 17:45:57 PDT,cpearce,status1.9.1,.5-fixed,wanted
2009-10-28 20:52:23 PDT,dveditz,Flags,wanted1.9.0.x-,
2009-11-10 16:34:24 PST,abillings,CC,abillings,
2009-11-20 12:38:00 PST,abillings,Keywords,verified1.9.1,
2009-12-14 07:44:11 PST,josh,CC,josh, vdanen,
2010-01-24 10:24:04 PST,dveditz,Group,,core-security
