When,Who,What,Added,Removed
2009-09-10 16:50:18 PDT,matinm1,Attachment #399889                Flags,review?(enndeakin), superreview?(jonas),
2009-09-10 19:32:56 PDT,jonas,CC,jonas,
2009-09-13 12:04:55 PDT,enndeakin,CC,enndeakin,
2009-09-14 11:58:51 PDT,jonas,Attachment #399889                Flags,superreview+,superreview?(jonas)
2009-09-14 11:59:52 PDT,enndeakin,Attachment #399889                Flags,review+,review?(enndeakin)
2009-09-14 12:21:32 PDT,jonas,Attachment #399889                Flags,approval1.9.2?,
2009-09-14 15:35:07 PDT,jonas,Status,RESOLVED,NEW
2009-09-14 15:35:07 PDT,jonas,Resolution,FIXED,---
2009-09-14 15:35:07 PDT,jonas,Last Resolved,2009-09-14 15:35:07,
2009-10-15 10:40:14 PDT,jonas,Keywords,dev-doc-needed,
2009-10-15 12:51:36 PDT,eshepherd,Keywords,dev-doc-complete,dev-doc-needed
2009-10-15 12:51:36 PDT,eshepherd,CC,eshepherd,
2009-10-16 16:56:47 PDT,jst,Attachment #399889                Flags,approval1.9.2+,approval1.9.2?
2009-10-24 21:53:22 PDT,jonas,Keywords,dev-doc-needed,dev-doc-complete
2009-10-24 21:53:22 PDT,jonas,status1.9.2,final-fixed,---
2009-10-26 10:45:29 PDT,eshepherd,Keywords,dev-doc-complete,dev-doc-needed
