When,Who,What,Added,Removed
2009-09-10 16:44:43 PDT,dmandelin,CC,dmandelin,
2009-09-10 18:01:44 PDT,ryanvm,CC,ryanvm,
2009-09-10 23:08:52 PDT,dougt,tracking-fennec,?,---
2009-09-11 15:17:45 PDT,ladamski,Whiteboard,[needs testcase?],
2009-09-11 15:17:45 PDT,ladamski,CC,ladamski,
2009-09-11 15:22:42 PDT,gal,CC,gal,
2009-09-11 15:44:55 PDT,ladamski,Whiteboard,[ccbr][a testcase would be nice],[needs testcase?]
2009-09-11 15:57:58 PDT,brendan,CC,brendan, gavin.reaney,
2009-09-11 16:21:24 PDT,dveditz,Keywords,testcase-wanted,
2009-09-11 16:21:24 PDT,dveditz,Whiteboard,[sg:dos?][ccbr][a testcase would be nice],[ccbr][a testcase would be nice]
2009-09-11 17:25:13 PDT,dougt,Assignee,doug.turner,general
2009-09-11 17:25:13 PDT,dougt,Attachment #400205                Flags,review?(gal),
2009-09-11 17:25:34 PDT,dougt,CC,bugmail,
2009-09-11 18:07:26 PDT,gal,CC,rreitmai,
2009-09-11 19:19:52 PDT,dougt,CC,vladimir,
2009-09-11 22:15:25 PDT,dougt,Attachment #400205                Attachment is obsolete,1,0
2009-09-11 22:15:25 PDT,dougt,Attachment #400235                Flags,review?(gal),
2009-09-11 22:15:25 PDT,dougt,Attachment #400205                Flags,,review?(gal)
2009-09-13 15:37:12 PDT,pavlov,tracking-fennec,1.0b1-wm+,?
2009-09-14 20:02:06 PDT,gal,Attachment #400235                Flags,review+,review?(gal)
2009-09-14 23:02:44 PDT,dougt,Status,RESOLVED,NEW
2009-09-14 23:02:44 PDT,dougt,Resolution,FIXED,---
2009-09-14 23:02:44 PDT,dougt,Last Resolved,2009-09-14 23:02:44,
2009-09-14 23:02:55 PDT,dougt,Attachment #400235                Flags,approval1.9.2?,
2009-09-16 14:09:04 PDT,pavlov,Attachment #400235                Flags,approval1.9.2+,approval1.9.2?
2009-11-06 08:01:08 PST,dao,status1.9.2,beta1-fixed,---
2012-07-09 09:12:15 PDT,chung808,Keywords,,testcase-wanted
2012-07-09 09:12:15 PDT,chung808,CC,tchung,
