When,Who,What,Added,Removed
2009-09-10 22:30:45 PDT,mstange,Attachment #399963                Flags,review?(neil), superreview?(roc),
2009-09-10 22:50:50 PDT,roc,CC,roc,
2009-09-17 16:59:23 PDT,mstange,CC,neil,
2009-09-25 00:22:27 PDT,antoine.mozilla,CC,turmelantoine,
2009-10-05 15:06:33 PDT,mstange,Blocks,520637,
2009-10-05 16:16:27 PDT,mstange,Attachment #399963                Attachment is obsolete,1,0
2009-10-05 16:16:27 PDT,mstange,Attachment #404718                Flags,review?(neil), superreview?(roc),
2009-10-05 16:16:27 PDT,mstange,Attachment #399963                Flags,,review?(neil), superreview?(roc)
2009-10-05 17:01:06 PDT,roc,Attachment #404718                Flags,superreview+,superreview?(roc)
2009-10-07 08:13:12 PDT,neil,Attachment #404718                Flags,review+,review?(neil)
2009-10-08 20:32:37 PDT,mstange,Attachment #404718                Attachment is obsolete,1,0
2009-10-21 00:16:10 PDT,mstange,Status,RESOLVED,ASSIGNED
2009-10-21 00:16:10 PDT,mstange,Resolution,FIXED,---
2009-10-21 00:16:10 PDT,mstange,Target Milestone,mozilla1.9.3a1,---
2009-10-21 00:16:10 PDT,mstange,Last Resolved,2009-10-21 00:16:10,
2009-10-21 00:16:25 PDT,highmind63,CC,highmind63,
2009-10-21 14:30:39 PDT,asqueella,CC,asqueella,
2009-10-21 14:30:39 PDT,asqueella,Keywords,dev-doc-needed,
2009-10-27 11:55:58 PDT,eshepherd,Whiteboard,[doc-waiting-1.9.3],
2009-10-27 11:55:58 PDT,eshepherd,CC,eshepherd,
2009-10-27 12:30:49 PDT,gavin.sharp,CC,gavin.sharp,
2010-06-25 06:55:08 PDT,tymerkaev,CC,tymerkaev,
2010-08-27 13:08:04 PDT,eshepherd,Keywords,dev-doc-complete,dev-doc-needed
2012-04-11 05:02:37 PDT,peter.slizik,CC,peter.slizik,
2013-11-21 14:14:11 PST,bugs,Depends on,941888,
