When,Who,What,Added,Removed
2009-09-10 17:13:52 PDT,me+bugzilla,OS,All,Mac OS X
2009-09-10 17:13:52 PDT,me+bugzilla,Assignee,jsocol,nobody
2009-09-10 17:13:52 PDT,me+bugzilla,CC,jsocol,
2009-09-10 17:21:40 PDT,me+bugzilla,Attachment #399900                Flags,review?(paul.craciunoiu),
2009-09-10 18:55:19 PDT,paul+moz,Attachment #399900                Flags,review+,review?(paul.craciunoiu)
2009-09-11 00:04:29 PDT,simone.lando,CC,s.lando,
2009-09-11 08:14:18 PDT,thomas.lendo,CC,thomas.lendo,
2009-09-12 11:07:34 PDT,bmo2010,Target Milestone,1.4,---
2009-09-14 12:17:35 PDT,me+bugzilla,Status,RESOLVED,NEW
2009-09-14 12:17:35 PDT,me+bugzilla,Resolution,FIXED,---
2009-09-14 12:17:35 PDT,me+bugzilla,Last Resolved,2009-09-14 12:17:35,
2009-09-14 20:11:56 PDT,stephen.donner,URL,https://support-stage.mozilla.org/tiki-edit_languages.php,
2009-09-14 20:11:56 PDT,stephen.donner,Hardware,All,x86
2009-09-14 20:11:56 PDT,stephen.donner,Status,VERIFIED,RESOLVED
2009-09-14 20:11:56 PDT,stephen.donner,CC,stephen.donner,
2009-10-28 08:10:50 PDT,djst,Whiteboard,sumo_triage,
2009-10-28 08:10:50 PDT,djst,CC,djst,
2009-10-30 09:46:26 PDT,djst,Whiteboard,sumo_only urlhandling,sumo_triage
