When,Who,What,Added,Removed
2009-09-10 16:08:04 PDT,bugmail,Attachment #399868                Flags,review?(bienvenu), superreview?(bienvenu), approval-thunderbird3?,
2009-09-10 16:26:03 PDT,mozilla,Attachment #399868                Flags,review+, superreview+, approval-thunderbird3+,review?(bienvenu), superreview?(bienvenu), approval-thunderbird3?
2009-09-10 16:27:39 PDT,mozilla,CC,mnyromyr,
2009-09-10 16:32:49 PDT,bugmail,Status,RESOLVED,NEW
2009-09-10 16:32:49 PDT,bugmail,Resolution,FIXED,---
2009-09-10 16:32:49 PDT,bugmail,Assignee,bugmail,nobody
2009-09-10 16:32:49 PDT,bugmail,Last Resolved,2009-09-10 16:32:49,
2009-09-10 18:36:15 PDT,bugzillamozillaorg_serge_20140323,CC,sgautherie.bz,
2009-09-10 18:36:15 PDT,bugzillamozillaorg_serge_20140323,Target Milestone,Thunderbird 3.0b4,---
2009-09-10 18:55:35 PDT,bugzillamozillaorg_serge_20140323,CC,,sgautherie.bz
2009-10-20 06:40:34 PDT,jamsink,CC,jamsink,
