When,Who,What,Added,Removed
2009-09-10 19:52:17 PDT,gal,Depends on,513276,
2009-09-10 19:55:16 PDT,gal,Assignee,gal,general
2009-09-10 19:55:54 PDT,gal,Attachment #399937                Flags,review?(dmandelin),
2009-09-10 20:17:52 PDT,ryanvm,CC,ryanvm,
2009-09-10 22:02:41 PDT,gal,Depends on,,513276
2009-09-10 22:02:41 PDT,gal,Blocks,513276,
2009-09-11 11:33:59 PDT,dmandelin,Attachment #399937                Flags,review+,review?(dmandelin)
2009-09-12 23:05:18 PDT,gal,Whiteboard,fixed-in-tracemonkey,
2009-09-16 17:41:52 PDT,mrbkap,Status,RESOLVED,NEW
2009-09-16 17:41:52 PDT,mrbkap,Resolution,FIXED,---
2009-09-16 17:41:52 PDT,mrbkap,CC,mrbkap,
2009-09-16 17:41:52 PDT,mrbkap,Last Resolved,2009-09-16 17:41:52,
2009-10-02 15:31:16 PDT,sayrer,CC,sayrer,
2009-10-02 15:31:16 PDT,sayrer,Flags,wanted1.9.2+,
2009-10-02 15:31:16 PDT,sayrer,status1.9.2,beta1-fixed,---
