When,Who,What,Added,Removed
2009-09-10 20:11:02 PDT,bugzillamozillaorg_serge_20140323,Flags,blocking-thunderbird3?,
2009-09-10 20:15:20 PDT,bugzillamozillaorg_serge_20140323,Keywords,regression,
2009-09-10 20:15:20 PDT,bugzillamozillaorg_serge_20140323,CC,bienvenu,
2009-09-10 20:15:20 PDT,bugzillamozillaorg_serge_20140323,Blocks,510793, 414038,
2009-09-10 20:16:12 PDT,bugzillamozillaorg_serge_20140323,Summary,Removed OnLocationTreeSelect() still has 1 caller,Removed(?) OnLocationTreeSelect() still has 1 caller
2009-09-11 14:07:14 PDT,standard8,Status,RESOLVED,NEW
2009-09-11 14:07:14 PDT,standard8,Resolution,FIXED,---
2009-09-11 14:07:14 PDT,standard8,Flags,,blocking-thunderbird3?
2009-09-11 14:07:14 PDT,standard8,Last Resolved,2009-09-11 14:07:14,
2009-09-11 14:07:14 PDT,standard8,Whiteboard,[fixed by bug 465269],
2009-09-12 11:44:07 PDT,bugzillamozillaorg_serge_20140323,Status,VERIFIED,RESOLVED
2009-09-12 11:44:07 PDT,bugzillamozillaorg_serge_20140323,Depends on,465269,
2009-09-12 11:44:07 PDT,bugzillamozillaorg_serge_20140323,Blocks,,414038, 510793
2009-09-12 11:44:07 PDT,bugzillamozillaorg_serge_20140323,Target Milestone,Thunderbird 3.0b4,---
