When,Who,What,Added,Removed
2009-09-10 21:02:12 PDT,davida,Flags,blocking-thunderbird3?,
2009-09-10 21:03:30 PDT,davida,Summary,[faceted search]: deleting last message in 'view as list' mode gets thread view confused,[faceted search]: deleting last message in 'view as list' mode doesn't workright
2009-09-10 21:20:31 PDT,vseerror,CC,vseerror,
2009-09-11 06:35:28 PDT,blog,CC,blog,
2009-09-11 11:34:00 PDT,ludovic,CC,ludovic,
2009-09-11 11:47:55 PDT,davida,Flags,blocking-thunderbird3+,blocking-thunderbird3?
2009-09-11 11:48:38 PDT,davida,Flags,blocking-thunderbird3?,blocking-thunderbird3+
2009-09-11 11:57:50 PDT,mozilla,Status,ASSIGNED,NEW
2009-09-11 11:57:50 PDT,mozilla,Assignee,bienvenu,nobody
2009-09-11 11:57:50 PDT,mozilla,Target Milestone,Thunderbird 3.0rc1,---
2009-09-11 11:57:50 PDT,mozilla,Flags,blocking-thunderbird3+,blocking-thunderbird3?
2009-09-11 12:00:33 PDT,mozilla,Target Milestone,Thunderbird 3.0b4,Thunderbird 3.0rc1
2009-09-11 12:45:45 PDT,vseerror,Status,NEW,ASSIGNED
2009-09-11 12:45:45 PDT,vseerror,Target Milestone,---,Thunderbird 3.0b4
2009-09-11 12:45:45 PDT,vseerror,Flags,blocking-thunderbird3?,blocking-thunderbird3+
2009-09-11 13:39:41 PDT,mozilla,Flags,blocking-thunderbird3+,blocking-thunderbird3?
2009-09-11 13:39:49 PDT,mozilla,Target Milestone,Thunderbird 3.0b4,---
2009-09-11 13:42:45 PDT,vseerror,Status,ASSIGNED,NEW
2009-09-11 14:12:29 PDT,davida,Whiteboard,[no l10n impact],
2009-09-11 16:53:29 PDT,mozilla,Attachment #400190                Flags,review?(bugmail),
2009-09-11 18:19:05 PDT,bugmail,Attachment #400190                Flags,review+,review?(bugmail)
2009-09-11 18:19:24 PDT,bugmail,Flags,in-testsuite?,
2009-09-11 20:02:30 PDT,davida,Keywords,checkin-needed,
2009-09-11 20:02:30 PDT,davida,Whiteboard,[no l10n impact][ready for checkin],[no l10n impact]
2009-09-11 20:08:32 PDT,mozilla,Status,RESOLVED,ASSIGNED
2009-09-11 20:08:32 PDT,mozilla,Resolution,FIXED,---
2009-09-11 20:08:32 PDT,mozilla,Last Resolved,2009-09-11 20:08:32,
2009-09-11 20:12:45 PDT,bugmail,Keywords,,checkin-needed
2009-09-11 20:12:45 PDT,bugmail,Whiteboard,[no l10n impact],[no l10n impact][ready for checkin]
2009-09-15 04:39:16 PDT,vseerror,Component,Search,Mail Window Front End
2009-09-15 04:39:16 PDT,vseerror,QA Contact,search,front-end
2013-06-06 15:13:28 PDT,bugmail,Flags,,in-testsuite?
