When,Who,What,Added,Removed
2009-09-10 15:35:24 PDT,alqahira,Flags,camino1.6.10+,
2009-09-10 15:41:56 PDT,alqahira,Attachment #399855                Flags,superreview?(stuart.morgan+bugzilla),
2009-09-11 09:15:02 PDT,stuart.morgan+bugzilla,Attachment #399855                Flags,superreview+,superreview?(stuart.morgan+bugzilla)
2009-09-11 11:18:54 PDT,alqahira,Attachment #399855                Attachment is obsolete,1,0
2009-09-11 11:21:23 PDT,alqahira,Keywords,fixed1.8.1.24,
2009-09-11 11:21:23 PDT,alqahira,Whiteboard,[camino-2.0],
2009-09-11 11:21:23 PDT,alqahira,Status,RESOLVED,NEW
2009-09-11 11:21:23 PDT,alqahira,Resolution,FIXED,---
2009-09-11 11:21:23 PDT,alqahira,Last Resolved,2009-09-11 11:21:23,
