When,Who,What,Added,Removed
2009-09-10 16:25:00 PDT,dmandelin,CC,dmandelin,
2009-09-10 18:01:29 PDT,ryanvm,CC,ryanvm,
2009-12-01 17:12:15 PST,luke,Status,ASSIGNED,NEW
2009-12-01 17:12:15 PST,luke,Assignee,lw,general
2009-12-02 08:59:43 PST,igor,CC,igor,
2009-12-03 10:27:56 PST,luke,Attachment #415527                Attachment is obsolete,1,0
2009-12-05 23:48:01 PST,luke,Attachment #415900                Attachment is obsolete,1,0
2009-12-07 19:33:11 PST,luke,Attachment #416317                Flags,review?(brendan),
2010-01-13 16:36:14 PST,brendan,Attachment #416317                Flags,review?(jorendorff),review?(brendan)
2010-02-01 16:15:02 PST,jorendorff,Attachment #416317                Flags,review+,review?(jorendorff)
2010-02-06 10:34:06 PST,luke,Whiteboard,fixed-in-tracemonkey,
2010-02-06 10:34:06 PST,luke,Status,RESOLVED,ASSIGNED
2010-02-06 10:34:06 PST,luke,Resolution,FIXED,---
2010-02-06 10:34:06 PST,luke,Last Resolved,2010-02-06 10:34:06,
2010-02-06 11:31:02 PST,ryanvm,Status,REOPENED,RESOLVED
2010-02-06 11:31:02 PST,ryanvm,Resolution,---,FIXED
2010-02-17 10:39:42 PST,luke,Attachment #427373                Flags,review?(jorendorff),
2010-02-17 10:42:50 PST,jorendorff,Attachment #427373                Flags,review+,review?(jorendorff)
2010-02-19 09:53:06 PST,luke,Attachment #427801                Flags,review?(dvander),
2010-02-19 11:27:03 PST,dvander,Attachment #427801                Flags,review+,review?(dvander)
2010-02-26 03:57:32 PST,igor,Attachment #429099                Flags,review?(lw),
2010-02-26 10:28:39 PST,luke,Attachment #429099                Flags,review+,review?(lw)
2010-02-26 13:32:04 PST,jwalden+bmo,CC,jwalden+bmo,
2010-03-02 22:19:20 PST,MikeM,CC,MikeM,
2010-03-06 19:36:29 PST,timeless,CC,timeless,
2010-03-09 06:15:38 PST,sayrer,Status,RESOLVED,REOPENED
2010-03-09 06:15:38 PST,sayrer,Resolution,FIXED,---
2010-03-09 06:15:38 PST,sayrer,CC,sayrer,
2010-03-09 06:15:38 PST,sayrer,Last Resolved,2010-03-09 06:15:38,2010-02-06 10:34:06
2010-05-03 06:04:03 PDT,igor,Depends on,563326,
2011-01-24 17:59:56 PST,brendan,Depends on,626526,
