When,Who,What,Added,Removed
2009-09-10 16:53:42 PDT,brendan,CC,igor, jorendorff, mrbkap, sayrer,
2009-09-10 16:53:42 PDT,brendan,Blocks,514981,
2009-09-10 16:53:42 PDT,brendan,Target Milestone,mozilla1.9.2,---
2009-09-10 16:53:42 PDT,brendan,Status,ASSIGNED,NEW
2009-09-10 16:53:42 PDT,brendan,Priority,P1,--
2009-09-10 17:12:54 PDT,brendan,Attachment #399897                Flags,review?(igor),
2009-09-10 17:23:56 PDT,brendan,Attachment #399897                Attachment is obsolete,1,0
2009-09-10 17:23:56 PDT,brendan,Attachment #399902                Flags,review?(igor),
2009-09-10 17:23:56 PDT,brendan,Attachment #399897                Flags,,review?(igor)
2009-09-10 17:56:23 PDT,ryanvm,CC,ryanvm,
2009-09-11 04:30:37 PDT,igor,Attachment #399902                Flags,review+,review?(igor)
2009-09-11 07:51:50 PDT,bob,CC,bclary,
2009-09-11 10:48:42 PDT,brendan,Whiteboard,fixed-in-tracemonkey,
2009-09-13 10:18:29 PDT,gary,Depends on,516263,
2009-09-16 17:39:42 PDT,mrbkap,Status,RESOLVED,ASSIGNED
2009-09-16 17:39:42 PDT,mrbkap,Resolution,FIXED,---
2009-09-16 17:39:42 PDT,mrbkap,Last Resolved,2009-09-16 17:39:42,
