When,Who,What,Added,Removed
2009-09-10 15:45:21 PDT,davida,Flags,blocking-thunderbird3+,
2009-09-10 15:45:21 PDT,davida,Attachment #399856                Flags,review?(clarkbw),
2009-09-10 21:08:13 PDT,clarkbw,Attachment #399856                Flags,review+,review?(clarkbw)
2009-09-11 03:19:12 PDT,bugzilla,Whiteboard,[no l10n impact],
2009-09-11 10:33:10 PDT,davida,Attachment #399856                Attachment is obsolete,1,0
2009-09-11 10:33:10 PDT,davida,Attachment #400086                Flags,review+, superreview+, approval-thunderbird3?,
2009-09-11 11:51:39 PDT,standard8,Attachment #400086                Flags,approval-thunderbird3+, ui-review+,superreview+, approval-thunderbird3?
2009-09-11 11:52:17 PDT,standard8,Keywords,checkin-needed,
2009-09-11 12:03:53 PDT,davida,Target Milestone,Thunderbird 3.0rc1,---
2009-09-11 12:07:13 PDT,sid.bugzilla,Attachment #400086                Attachment description,[checked in] updated patch,updated patch
2009-09-11 12:07:25 PDT,sid.bugzilla,Keywords,,checkin-needed
2009-09-11 12:07:25 PDT,sid.bugzilla,CC,sid.bugzilla,
2009-09-13 04:23:11 PDT,bugzilla.i.sekler,CC,ilja_sekler_,
2009-09-14 21:52:41 PDT,ludovic,Component,Search,Mail Window Front End
2009-09-14 21:52:41 PDT,ludovic,QA Contact,search,front-end
2009-09-15 11:25:15 PDT,vseerror,CC,vseerror,
2009-09-21 14:51:39 PDT,davida,Assignee,david.ascher,nobody
2009-09-21 14:51:39 PDT,davida,Attachment #401944                Flags,review?(philringnalda), ui-review?(clarkbw),
2009-09-23 15:19:15 PDT,clarkbw,Attachment #401944                Flags,ui-review+,ui-review?(clarkbw)
2009-09-24 23:16:50 PDT,philringnalda,Attachment #401944                Flags,review+,review?(philringnalda)
2009-09-28 09:22:13 PDT,davida,Attachment #401944                Attachment is obsolete,1,0
2009-09-28 09:22:13 PDT,davida,Attachment #403258                Flags,review+, ui-review+,
2009-09-28 09:22:29 PDT,davida,Keywords,checkin-needed,
2009-09-28 10:00:46 PDT,davida,Attachment #403258                Attachment is obsolete,1,0
2009-09-28 10:26:24 PDT,davida,Attachment #403266                Attachment is obsolete,1,0
2009-09-28 10:26:24 PDT,davida,Attachment #403270                Flags,review+, ui-review+,
2009-09-28 20:24:53 PDT,philringnalda,Keywords,,checkin-needed
2009-09-28 20:24:53 PDT,philringnalda,Status,RESOLVED,NEW
2009-09-28 20:24:53 PDT,philringnalda,Resolution,FIXED,---
2009-09-28 20:24:53 PDT,philringnalda,CC,philringnalda,
2009-09-28 20:24:53 PDT,philringnalda,Last Resolved,2009-09-28 20:24:53,
