When,Who,What,Added,Removed
2012-03-06 16:04:44 PST,alta88,Status,RESOLVED,NEW
2012-03-06 16:04:44 PST,alta88,Resolution,INVALID,---
2012-03-06 16:04:44 PST,alta88,CC,alta88,
2012-03-06 16:04:44 PST,alta88,Last Resolved,2012-03-06 16:04:44,
2012-03-07 07:12:28 PST,bugzillamozillaorg_serge_20140323,Resolution,FIXED,INVALID
2012-03-07 07:12:28 PST,bugzillamozillaorg_serge_20140323,Severity,trivial,minor
2012-03-07 07:12:28 PST,bugzillamozillaorg_serge_20140323,Assignee,alta88,nobody
2012-03-07 07:12:28 PST,bugzillamozillaorg_serge_20140323,Depends on,705504,510793
2012-03-07 07:12:28 PST,bugzillamozillaorg_serge_20140323,Target Milestone,Thunderbird 12.0,---
2012-03-07 07:12:28 PST,bugzillamozillaorg_serge_20140323,Flags,in-testsuite-,
2012-03-07 07:12:28 PST,bugzillamozillaorg_serge_20140323,Whiteboard,[fixed by bug 705504],
2012-03-07 07:12:28 PST,bugzillamozillaorg_serge_20140323,Status,VERIFIED,RESOLVED
