When,Who,What,Added,Removed
2009-09-10 19:53:27 PDT,BijuMailList,Severity,enhancement,normal
2009-09-11 13:22:16 PDT,gphemsley,Hardware,All,x86
2009-09-11 13:22:16 PDT,gphemsley,OS,All,Windows XP
2009-09-11 13:22:16 PDT,gphemsley,CC,gphemsley,
2009-12-04 17:40:38 PST,pwalton,CC,pwalton,
2009-12-04 17:40:38 PST,pwalton,Last Resolved,2009-12-04 17:40:38,
2009-12-04 17:40:38 PST,pwalton,Status,RESOLVED,NEW
2009-12-04 17:40:38 PST,pwalton,Resolution,FIXED,---
2009-12-04 17:40:38 PST,pwalton,Assignee,pwalton,nobody
2009-12-12 19:04:19 PST,BijuMailList,Status,REOPENED,RESOLVED
2009-12-12 19:04:19 PST,BijuMailList,Resolution,---,FIXED
2010-01-04 17:28:20 PST,pwalton,Status,RESOLVED,REOPENED
2010-01-04 17:28:20 PST,pwalton,Resolution,INVALID,---
2010-01-04 17:28:20 PST,pwalton,Last Resolved,2010-01-04 17:28:20,2009-12-04 17:40:38
2010-02-15 13:23:37 PST,gphemsley,Resolution,FIXED,INVALID
