When,Who,What,Added,Removed
2009-09-10 22:08:58 PDT,gal,Assignee,gal,general
2009-09-10 22:12:36 PDT,gal,Attachment #399960                Flags,review?(graydon),
2009-09-11 15:12:09 PDT,ryanvm,CC,ryanvm,
2009-09-12 11:15:05 PDT,graydon,Attachment #399960                Flags,review+,review?(graydon)
2009-09-12 11:16:10 PDT,graydon,CC,graydon,
2009-09-12 23:05:50 PDT,gal,Summary,TM: add a way to flush CodeAllocs without deleting/recreating [nanojit],add a way to flush CodeAllocs without deleting/recreating [nanojit]
2009-09-12 23:07:24 PDT,gal,Whiteboard,fixed-in-tracemonkey,
2009-09-16 17:42:01 PDT,mrbkap,Status,RESOLVED,NEW
2009-09-16 17:42:01 PDT,mrbkap,Resolution,FIXED,---
2009-09-16 17:42:01 PDT,mrbkap,CC,mrbkap,
2009-09-16 17:42:01 PDT,mrbkap,Last Resolved,2009-09-16 17:42:01,
