When,Who,What,Added,Removed
2009-09-10 22:22:50 PDT,remko,CC,remkodekeijzer,
2009-09-18 11:24:37 PDT,mozilla,CC,temp2000,
2009-10-29 10:57:12 PDT,mschroeder,Severity,enhancement,normal
2009-12-29 05:33:14 PST,spockmay,CC,spockmay,
2010-01-11 07:12:25 PST,tymerkaev,CC,tymerkaev,
2010-01-26 07:24:31 PST,tanstaafl,CC,tanstaafl_bh,
2010-02-18 04:38:53 PST,giermann,Status,NEW,UNCONFIRMED
2010-02-18 04:38:53 PST,giermann,CC,giermann,
2010-02-18 04:38:53 PST,giermann,Ever confirmed,1,0
2010-03-20 06:09:58 PDT,philipp,CC,ulysse,
2010-03-20 12:41:49 PDT,philipp,Status,ASSIGNED,NEW
2010-03-20 12:41:49 PDT,philipp,Assignee,philipp,nobody
2010-03-20 12:41:49 PDT,philipp,Attachment #433750                Flags,review?,
2010-03-20 12:42:09 PDT,philipp,Attachment #433750                Flags,review?(mschroeder),review?
2010-03-20 13:10:36 PDT,mkmelin+mozilla,CC,mkmelin+mozilla,
2010-03-22 12:10:46 PDT,philipp,Attachment #433750                Flags,,review?(mschroeder)
2010-03-22 12:10:46 PDT,philipp,Attachment #433750                Attachment is obsolete,1,0
2010-03-22 12:10:46 PDT,philipp,Attachment #433996                Flags,review?(mschroeder),
2010-03-22 12:26:34 PDT,mschroeder,Attachment #433996                Flags,review+,review?(mschroeder)
2010-03-23 03:02:35 PDT,philipp,Status,RESOLVED,ASSIGNED
2010-03-23 03:02:35 PDT,philipp,Resolution,FIXED,---
2010-03-23 03:02:35 PDT,philipp,Target Milestone,1.0b2,---
2010-03-23 03:02:35 PDT,philipp,Last Resolved,2010-03-23 03:02:35,
