When,Who,What,Added,Removed
2009-09-10 16:27:09 PDT,mkanat,Flags,blocking3.0.9+,
2009-09-10 16:33:27 PDT,reed,CC,reed,
2009-09-10 16:34:02 PDT,mkanat,Status,ASSIGNED,NEW
2009-09-10 16:34:02 PDT,mkanat,Assignee,mkanat,documentation
2009-09-10 16:34:02 PDT,mkanat,Attachment #399880                Flags,review?(LpSolit),
2009-09-10 17:09:15 PDT,LpSolit,Attachment #399880                Flags,review+,review?(LpSolit)
2009-09-10 17:09:21 PDT,LpSolit,Flags,approval3.0+,
2009-09-10 19:39:43 PDT,mkanat,Status,RESOLVED,ASSIGNED
2009-09-10 19:39:43 PDT,mkanat,Resolution,FIXED,---
2009-09-10 19:39:43 PDT,mkanat,Last Resolved,2009-09-10 19:39:43,
