When,Who,What,Added,Removed
2009-09-11 10:16:46 PDT,mozaakash,tracking-fennec,?,---
2009-09-11 12:09:07 PDT,mozaakash,Hardware,All,ARM
2009-09-11 12:09:07 PDT,mozaakash,OS,All,Linux (embedded)
2009-09-12 05:42:10 PDT,21,CC,21,
2009-09-12 07:40:11 PDT,21,Attachment #400277                Flags,review?(gavin.sharp),
2009-09-21 09:06:54 PDT,21,Attachment #400277                Attachment is obsolete,1,0
2009-09-21 09:06:54 PDT,21,Attachment #401864                Flags,review?(gavin.sharp),
2009-09-21 09:06:54 PDT,21,Attachment #400277                Flags,,review?(gavin.sharp)
2009-09-21 13:11:32 PDT,21,Assignee,21,nobody
2009-09-22 08:40:45 PDT,21,Attachment #402088                Flags,review?(gavin.sharp),
2009-09-22 08:40:45 PDT,21,Attachment #401864                Flags,,review?(gavin.sharp)
2009-09-22 08:40:45 PDT,21,Attachment #401864                Attachment is obsolete,1,0
2009-09-22 12:20:23 PDT,gavin.sharp,Attachment #402088                Flags,review+,review?(gavin.sharp)
2009-09-22 12:39:57 PDT,gavin.sharp,Target Milestone,B4,---
2009-09-22 12:39:57 PDT,gavin.sharp,Last Resolved,2009-09-22 12:39:57,
2009-09-22 12:39:57 PDT,gavin.sharp,Status,RESOLVED,NEW
2009-09-22 12:39:57 PDT,gavin.sharp,Resolution,FIXED,---
2009-09-22 12:40:09 PDT,gavin.sharp,Component,General,Linux/Maemo
2009-09-22 12:40:09 PDT,gavin.sharp,QA Contact,general,maemo-linux
2009-09-23 08:46:08 PDT,mozaakash,Status,VERIFIED,RESOLVED
2009-10-22 12:49:33 PDT,mozaakash,Flags,in-litmus?,
2009-12-18 11:33:19 PST,mozaakash,Flags,in-litmus+,in-litmus?
2010-02-23 22:02:48 PST,mozaakash,Component,Panning/Zooming,General
2013-12-10 09:59:04 PST,nobody,tracking-fennec,---,?
