When,Who,What,Added,Removed
2009-09-11 01:49:14 PDT,rimas,Flags,blocking1.9.2?, wanted1.9.2?,
2009-09-11 06:19:56 PDT,bugzilla-mozilla-20000923,CC,silver,
2009-09-11 09:02:14 PDT,tellrob,Depends on,501490,
2009-09-13 17:36:45 PDT,xtc4uall,CC,xtc4uall,
2009-09-13 21:00:00 PDT,fullmetaljacket.xp+bugmail,CC,fullmetaljacket.xp+bugmail,
2009-09-16 04:00:22 PDT,bugzilla,CC,bugzilla,
2009-09-23 13:20:21 PDT,mbeltzner,Flags,blocking1.9.2-, wanted1.9.2+,blocking1.9.2?, wanted1.9.2?
2009-09-23 13:20:42 PDT,mbeltzner,blocking2.0,?,---
2009-10-06 22:39:39 PDT,jmathies,CC,jmathies,
2009-10-08 23:31:02 PDT,antoine.mozilla,CC,turmelantoine,
2009-10-14 16:52:24 PDT,chris,CC,chris,
2009-10-27 16:45:37 PDT,jbecerra,Whiteboard,win7,
2009-10-27 16:45:37 PDT,jbecerra,CC,jbecerra,
2009-11-04 05:03:50 PST,supernova00,Blocks,526465,
2009-11-04 05:03:59 PST,supernova00,CC,supernova00,
2009-11-04 05:03:59 PST,supernova00,Blocks,,526465
2009-11-04 05:05:02 PST,supernova00,Blocks,526465,
2009-11-05 14:06:16 PST,david.humphrey,CC,david.humphrey,
2009-11-05 14:06:38 PST,david.humphrey,Keywords,student-project,
2009-11-08 19:42:52 PST,kshriram18,CC,kshriram18,
2009-11-15 09:06:57 PST,khuey,CC,me,
2009-12-09 04:12:06 PST,euryalus.0,CC,ulysse,
2010-01-15 11:18:21 PST,david.humphrey,Whiteboard,win7, ucosp,win7
2010-01-15 11:18:21 PST,david.humphrey,Status,ASSIGNED,NEW
2010-01-15 11:18:21 PST,david.humphrey,Assignee,mille449,nobody
2010-02-25 14:37:36 PST,mille449,Attachment #428968                Flags,review?(bwinton),
2010-03-09 07:52:34 PST,bwinton,Attachment #428968                Flags,review+,review?(bwinton)
2010-03-12 00:44:37 PST,ronin.achilles,CC,ronin.achilles,
2010-03-25 11:14:32 PDT,mille449,Attachment #428968                Attachment is obsolete,1,0
2010-03-25 12:09:10 PDT,mille449,Attachment #434920                Attachment description,Fixed whitespace problems from the previous attachment.,Fixed whitespace problems.
2010-03-25 12:09:10 PDT,mille449,Attachment #434920                Attachment is patch,1,0
2010-03-25 12:12:49 PDT,mille449,Attachment #434920                Flags,review?(jmathies), review?(tellrob),
2010-04-06 15:01:34 PDT,joe,CC,joe,
2010-04-06 15:01:34 PDT,joe,blocking2.0,-,?
2010-04-09 12:49:35 PDT,jmathies,Attachment #434920                Flags,review-,review?(jmathies), review?(tellrob)
2010-04-14 20:24:06 PDT,wkocher,CC,kwierso,
2010-05-15 00:55:49 PDT,deprecationmail,CC,bugzilla,
2010-06-15 20:37:21 PDT,wulf.bugmail,CC,wulf.bugmail,
2010-08-05 06:15:59 PDT,balassa.marton,CC,balassa.marton,
2011-03-23 17:07:04 PDT,pwd.mozilla,CC,sabret00the,
2011-05-24 13:17:00 PDT,jmathies,Assignee,nobody,mille449
2011-05-24 19:42:37 PDT,jmathies,Status,NEW,ASSIGNED
2011-06-17 00:02:13 PDT,a.a.vykhodtsev,CC,a.a.vykhodtsev,
2011-08-11 15:23:04 PDT,sid.bugzilla,Status,ASSIGNED,NEW
2011-08-11 15:23:04 PDT,sid.bugzilla,Assignee,sagarwal,nobody
2011-08-11 15:23:04 PDT,sid.bugzilla,Attachment #434920                Attachment is obsolete,1,0
2011-08-11 15:23:04 PDT,sid.bugzilla,Attachment #552517                Flags,review?(tellrob), review?(jmathies), superreview?(roc),
2011-08-11 16:13:08 PDT,roc,CC,roc,
2011-08-14 17:41:37 PDT,chris,CC,,chris
2011-08-14 23:25:51 PDT,sid.bugzilla,Attachment #553118                Flags,review?(tellrob), review?(jmathies), superreview?(roc),
2011-08-14 23:25:51 PDT,sid.bugzilla,Attachment #552517                Flags,,review?(tellrob), review?(jmathies), superreview?(roc)
2011-08-14 23:25:51 PDT,sid.bugzilla,Attachment #552517                Attachment is obsolete,1,0
2011-08-15 14:39:24 PDT,jmathies,Attachment #553118                Flags,review+,review?(jmathies)
2011-08-15 15:12:51 PDT,sid.bugzilla,Attachment #553118                Attachment is obsolete,1,0
2011-08-15 15:12:51 PDT,sid.bugzilla,Attachment #553118                Flags,,review?(tellrob), superreview?(roc)
2011-08-16 15:34:51 PDT,benediktp,CC,benediktp,
2011-08-17 07:40:31 PDT,bgirard,CC,bgirard,
2011-08-17 10:34:48 PDT,vseerror,CC,vseerror,
2011-08-19 07:05:25 PDT,bgirard,Blocks,680426,
2011-09-17 02:55:44 PDT,sid.bugzilla,Attachment #553280                Attachment is obsolete,1,0
2011-09-17 02:55:44 PDT,sid.bugzilla,Attachment #560690                Flags,review?(jmathies), superreview?(roc),
2011-09-23 12:34:21 PDT,sid.bugzilla,Attachment #560690                Attachment is obsolete,1,0
2011-09-23 12:34:21 PDT,sid.bugzilla,Attachment #562133                Flags,review?(jmathies), superreview?(roc),
2011-09-23 12:34:21 PDT,sid.bugzilla,Attachment #560690                Flags,,review?(jmathies), superreview?(roc)
2011-09-23 23:29:02 PDT,roc,Attachment #562133                Flags,superreview+,superreview?(roc)
2011-09-28 09:11:00 PDT,jmathies,Attachment #562133                Flags,review+,review?(jmathies)
2011-09-28 11:44:11 PDT,sid.bugzilla,Whiteboard,[inbound],win7, ucosp
2011-09-29 01:30:03 PDT,mwu,Whiteboard,,[inbound]
2011-09-29 01:30:03 PDT,mwu,Status,RESOLVED,ASSIGNED
2011-09-29 01:30:03 PDT,mwu,Resolution,FIXED,---
2011-09-29 01:30:03 PDT,mwu,CC,mwu,
2011-09-29 01:30:03 PDT,mwu,Last Resolved,2011-09-29 01:30:03,
2011-09-29 09:19:05 PDT,mbrubeck,CC,mbrubeck,
2011-09-29 09:19:05 PDT,mbrubeck,Target Milestone,mozilla10,---
2011-09-30 11:13:48 PDT,ol.rrm.2008,CC,ol.rrm.2008,
2011-09-30 11:25:58 PDT,darkelectric,CC,darkelectric,
2011-09-30 11:37:21 PDT,ol.rrm.2008,Blocks,690857,
2011-09-30 13:15:52 PDT,sid.bugzilla,Blocks,,690857
2011-10-01 08:09:07 PDT,ol.rrm.2008,CC,,ol.rrm.2008
2011-10-02 14:55:34 PDT,eshepherd,Keywords,dev-doc-needed,
2011-10-02 14:55:34 PDT,eshepherd,CC,eshepherd,
2013-12-29 22:36:53 PST,benediktp,See Also,https://bugzilla.mozilla.org/show_bug.cgi?id=954172,
2015-06-17 13:19:36 PDT,enzomas,CC,enzomas,
2015-06-19 17:57:59 PDT,mozilla,CC,mozilla,
