When,Who,What,Added,Removed
2009-09-28 10:41:58 PDT,iann_bugzilla,Attachment #403273                Flags,review?(bugzilla), superreview?(bienvenu),
2009-10-06 01:47:15 PDT,standard8,CC,bienvenu, bugzilla,
2009-10-06 07:55:02 PDT,standard8,Attachment #403273                Flags,review+, review?(bwinton),review?(bugzilla)
2009-10-07 08:07:45 PDT,bwinton,Attachment #403273                Flags,review+,review?(bwinton)
2009-10-07 08:21:55 PDT,mozilla,Attachment #403273                Flags,superreview+,superreview?(bienvenu)
2009-10-08 15:13:59 PDT,iann_bugzilla,Attachment #403273                Flags,approval-thunderbird3?,
2009-10-09 00:15:11 PDT,standard8,Attachment #403273                Flags,approval-thunderbird3+,approval-thunderbird3?
2009-10-09 15:31:16 PDT,iann_bugzilla,Attachment #403273                Attachment description,Add icons to Message Filter For menulist on all platforms patch v0.1 [Checkin: Comment 8],Add icons to Message Filter For menulist on all platforms patch v0.1
2009-10-09 15:32:45 PDT,iann_bugzilla,Status,RESOLVED,ASSIGNED
2009-10-09 15:32:45 PDT,iann_bugzilla,Resolution,FIXED,---
2009-10-09 15:32:45 PDT,iann_bugzilla,Target Milestone,Thunderbird 3.0rc1,---
2009-10-09 15:32:45 PDT,iann_bugzilla,Last Resolved,2009-10-09 15:32:45,
