When,Who,What,Added,Removed
2009-09-11 06:20:03 PDT,treilly,Blocks,489345,
2009-09-29 09:38:43 PDT,lhansen,Assignee,lhansen,treilly
2009-09-29 09:38:43 PDT,lhansen,CC,lhansen,
2009-09-29 09:45:03 PDT,trbaker,Priority,P3,--
2009-09-29 09:45:03 PDT,trbaker,CC,trbaker,
2009-09-29 09:45:03 PDT,trbaker,Target Milestone,flash10.1,---
2009-09-29 09:45:03 PDT,trbaker,Flags,flashplayer-qrb+, flashplayer-triage+,
2009-09-29 11:27:40 PDT,lhansen,Summary,String doubling test crashes because length computation goes negative,String doubling test crashes
2009-09-29 11:27:40 PDT,lhansen,Assignee,nobody,lhansen
2009-09-29 11:28:16 PDT,lhansen,Assignee,daumling,nobody
2009-09-29 11:29:09 PDT,stejohns,CC,stejohns,
2009-09-29 11:44:39 PDT,lhansen,Component,Virtual Machine,Garbage Collection (mmGC)
2009-09-29 11:44:39 PDT,lhansen,QA Contact,vm,gc
2009-09-29 11:44:39 PDT,lhansen,CC,edwsmith,
2009-10-08 01:17:54 PDT,lhansen,Priority,P2,P3
2009-10-08 01:17:54 PDT,lhansen,Assignee,nobody,daumling
2009-10-08 02:00:29 PDT,lhansen,Assignee,lhansen,nobody
2009-10-09 06:25:57 PDT,lhansen,Attachment #405459                Flags,review?(edwsmith),
2009-10-09 06:31:44 PDT,edwsmith,Attachment #405459                Flags,review+,review?(edwsmith)
2009-10-09 06:59:03 PDT,lhansen,Attachment #405459                Attachment is obsolete,1,0
2009-10-09 07:00:36 PDT,lhansen,Whiteboard,Needs TC,
2009-10-09 07:00:36 PDT,lhansen,Assignee,trbaker,lhansen
2009-10-09 10:16:10 PDT,brbaker,Flags,in-testsuite?,
2009-10-09 10:16:10 PDT,brbaker,CC,brbaker,
2009-10-15 11:12:48 PDT,cpeyer,CC,cpeyer,
2009-10-16 10:58:18 PDT,cpeyer,Assignee,lhansen,trbaker
2009-10-19 02:51:50 PDT,lhansen,Status,RESOLVED,ASSIGNED
2009-10-19 02:51:50 PDT,lhansen,Resolution,FIXED,---
2009-10-19 02:51:50 PDT,lhansen,Last Resolved,2009-10-19 02:51:50,
2009-10-19 12:57:32 PDT,cpeyer,Status,VERIFIED,RESOLVED
2009-10-19 12:57:32 PDT,cpeyer,Flags,,in-testsuite?
2009-10-19 12:57:42 PDT,cpeyer,Flags,in-testsuite+,
2009-10-19 18:16:22 PDT,cpeyer,Status,REOPENED,VERIFIED
2009-10-19 18:16:22 PDT,cpeyer,Resolution,---,FIXED
2009-10-21 04:47:07 PDT,lhansen,Depends on,497669,
2009-10-27 02:51:56 PDT,lhansen,Status,RESOLVED,REOPENED
2009-10-27 02:51:56 PDT,lhansen,Resolution,FIXED,---
2009-10-27 02:51:56 PDT,lhansen,Last Resolved,2009-10-27 02:51:56,2009-10-19 02:51:50
2009-10-27 12:05:07 PDT,brbaker,Status,VERIFIED,RESOLVED
2010-03-17 04:56:22 PDT,brbaker,Depends on,552927,
