When,Who,What,Added,Removed
2009-09-11 15:08:50 PDT,oremj,Status,RESOLVED,NEW
2009-09-11 15:08:50 PDT,oremj,Resolution,FIXED,---
2009-09-11 15:08:50 PDT,oremj,Last Resolved,2009-09-11 15:08:50,
2009-09-22 14:45:48 PDT,stephen.donner,CC,stephen.donner,
2009-11-02 14:41:03 PST,stephen.donner,Status,VERIFIED,RESOLVED
2012-04-23 08:15:30 PDT,nobody,Product,Websites,Websites
2012-04-23 08:15:30 PDT,nobody,Component,www.mozilla.org,www.mozilla.org/firefox
2012-08-23 00:16:07 PDT,nobody,Product,www.mozilla.org,Websites
2012-08-23 00:16:07 PDT,nobody,Component,General,www.mozilla.org
