When,Who,What,Added,Removed
2009-09-11 04:51:37 PDT,pcvrcek,CC,bugs,
2009-09-13 10:04:22 PDT,sethb,CC,l10n, reed,
2009-09-13 10:10:31 PDT,l10n,CC,pascalc,
2009-09-23 14:10:51 PDT,aravind,Assignee,aravind,server-ops
2009-09-23 14:10:51 PDT,aravind,CC,aravind,
2009-10-02 11:28:21 PDT,mzeier,Status,RESOLVED,NEW
2009-10-02 11:28:21 PDT,mzeier,Resolution,INCOMPLETE,---
2009-10-02 11:28:21 PDT,mzeier,Last Resolved,2009-10-02 11:28:21,
2009-10-03 06:59:32 PDT,sethb,Status,REOPENED,RESOLVED
2009-10-03 06:59:32 PDT,sethb,Resolution,---,INCOMPLETE
2009-10-03 06:59:32 PDT,sethb,CC,handerson,
2009-10-06 15:11:52 PDT,wladow,CC,wladow,
2009-10-08 04:33:01 PDT,bugzilla.lenochod,CC,bugzilla.lenochod,
2009-10-09 10:45:20 PDT,aravind,Resolution,FIXED,---
2009-10-09 10:45:20 PDT,aravind,Last Resolved,2009-10-09 10:45:20,2009-10-02 11:28:21
2009-10-09 10:45:20 PDT,aravind,Status,RESOLVED,REOPENED
2015-03-12 08:17:16 PDT,nobody,Product,mozilla.org Graveyard,mozilla.org
