When,Who,What,Added,Removed
2009-09-11 07:13:26 PDT,mzehe,CC,marco.zehe,
2009-09-14 14:23:43 PDT,phong,Status,RESOLVED,NEW
2009-09-14 14:23:43 PDT,phong,Resolution,FIXED,---
2009-09-14 14:23:43 PDT,phong,Assignee,phong,server-ops
2009-09-14 14:23:43 PDT,phong,CC,phong,
2009-09-14 14:23:43 PDT,phong,Last Resolved,2009-09-14 14:23:43,
2014-10-28 08:18:24 PDT,nobody,Product,Infrastructure & Operations,mozilla.org
2015-08-17 11:35:50 PDT,nobody,Product,Infrastructure & Operations Graveyard,Infrastructure & Operations
