When,Who,What,Added,Removed
2009-09-11 01:23:54 PDT,n.nethercote,Attachment #399981                Flags,review?(graydon),
2009-09-12 11:18:46 PDT,graydon,Attachment #399981                Flags,review+,review?(graydon)
2009-09-13 15:31:49 PDT,n.nethercote,Whiteboard,fixed-in-tracemonkey,
2009-09-16 17:42:13 PDT,mrbkap,Status,RESOLVED,ASSIGNED
2009-09-16 17:42:13 PDT,mrbkap,Resolution,FIXED,---
2009-09-16 17:42:13 PDT,mrbkap,CC,mrbkap,
2009-09-16 17:42:13 PDT,mrbkap,Last Resolved,2009-09-16 17:42:13,
2009-10-02 15:41:29 PDT,sayrer,CC,sayrer,
2009-10-02 15:41:29 PDT,sayrer,Flags,blocking1.9.2+,
2009-10-02 15:41:29 PDT,sayrer,status1.9.2,beta1-fixed,---
