When,Who,What,Added,Removed
2009-09-11 05:54:02 PDT,dao,Attachment #400014                Flags,review?(gavin.sharp), superreview?(mconnor),
2009-09-11 05:56:14 PDT,dao,Blocks,515635,
2009-09-11 06:07:07 PDT,sylvain.pasche,CC,sylvain.pasche,
2009-09-11 07:08:44 PDT,hskupin,CC,hskupin,
2009-09-11 07:08:44 PDT,hskupin,Blocks,454518,
2009-09-11 07:18:35 PDT,gavin.sharp,Attachment #400014                Flags,review+,review?(gavin.sharp)
2009-09-11 08:40:01 PDT,jmorkel,CC,jmorkel,
2009-09-11 10:45:48 PDT,dao,Attachment #400089                Flags,superreview?(mconnor),
2009-09-11 10:57:38 PDT,dao,Blocks,,454518
2009-09-14 08:43:33 PDT,mconnor,Attachment #400089                Flags,superreview+,superreview?(mconnor)
2009-09-14 14:46:37 PDT,mconnor,Attachment #400014                Flags,superreview-,superreview?(mconnor)
2009-09-14 14:47:33 PDT,mconnor,CC,mconnor,
2009-09-14 14:47:33 PDT,mconnor,Keywords,dev-doc-needed,
2009-09-14 16:40:11 PDT,dao,Resolution,FIXED,---
2009-09-14 16:40:11 PDT,dao,Target Milestone,Firefox 3.7a1,---
2009-09-14 16:40:11 PDT,dao,Last Resolved,2009-09-14 16:40:11,
2009-09-14 16:40:11 PDT,dao,Status,RESOLVED,ASSIGNED
2009-09-14 16:40:37 PDT,dao,Attachment #400089                Flags,approval1.9.2?,
2009-09-14 16:44:06 PDT,dao,Blocks,516603,
2009-09-14 17:38:07 PDT,mozbugz,CC,dyapp03,
2009-09-16 15:16:46 PDT,eshepherd,Whiteboard,[doc-waiting-1.9.3],
2009-09-16 15:16:46 PDT,eshepherd,CC,eshepherd,
2009-10-05 09:04:40 PDT,bugzilla,Attachment #400089                Flags,approval1.9.2+,approval1.9.2?
2009-10-05 10:33:01 PDT,dao,Whiteboard,,[doc-waiting-1.9.3]
2009-10-05 10:33:01 PDT,dao,status1.9.2,beta1-fixed,---
2009-10-07 13:19:09 PDT,dao,Depends on,521065,
2009-10-09 13:22:09 PDT,eshepherd,Keywords,dev-doc-complete,dev-doc-needed
2009-10-09 14:03:37 PDT,dao,Keywords,dev-doc-needed,dev-doc-complete
2009-10-12 07:26:09 PDT,eshepherd,Keywords,dev-doc-complete,dev-doc-needed
2009-12-22 06:35:43 PST,hskupin,Attachment #400014                Attachment is obsolete,1,0
2009-12-22 07:15:13 PST,hskupin,Keywords,verified1.9.2,
2009-12-22 07:15:13 PST,hskupin,Status,VERIFIED,RESOLVED
2010-02-24 06:30:44 PST,mconnor,CC,,mconnor
