When,Who,What,Added,Removed
2009-09-11 09:51:34 PDT,reed,CC,reed,
2009-09-11 09:51:37 PDT,mkanat,Status,ASSIGNED,NEW
2009-09-11 09:51:37 PDT,mkanat,Assignee,mkanat,installation
2009-09-11 09:51:37 PDT,mkanat,Attachment #400073                Flags,review?(LpSolit),
2009-09-11 09:52:59 PDT,mkanat,Target Milestone,Bugzilla 3.2,Bugzilla 3.4
2009-09-11 09:54:15 PDT,LpSolit,Attachment #400073                Flags,review+,review?(LpSolit)
2009-09-11 09:55:43 PDT,LpSolit,Flags,approval+, approval3.4+, approval3.2+,
2009-09-11 09:59:00 PDT,mkanat,Status,RESOLVED,ASSIGNED
2009-09-11 09:59:00 PDT,mkanat,Resolution,FIXED,---
2009-09-11 09:59:00 PDT,mkanat,Last Resolved,2009-09-11 09:59:00,
2009-09-12 09:19:18 PDT,wicked,CC,bitihber,
2009-09-16 14:12:07 PDT,mkanat,CC,folkert,
2009-09-22 13:35:31 PDT,LpSolit,CC,rudy.amid,
