When,Who,What,Added,Removed
2009-09-11 02:00:46 PDT,ludovic,Depends on,515909,
2009-09-11 06:32:02 PDT,blog,CC,blog,
2009-09-11 12:24:51 PDT,davida,Whiteboard,[has l10n impact],
2009-09-11 12:24:51 PDT,davida,Assignee,clarkbw,nobody
2009-09-11 12:24:51 PDT,davida,CC,david.ascher,
2009-09-11 12:24:51 PDT,davida,Flags,blocking-thunderbird3?,
2009-09-11 13:41:59 PDT,standard8,Target Milestone,Thunderbird 3.0rc1,---
2009-09-11 13:42:36 PDT,davida,Flags,blocking-thunderbird3-,blocking-thunderbird3?
2009-09-14 21:52:42 PDT,ludovic,Component,Search,General
2009-09-14 21:52:42 PDT,ludovic,QA Contact,search,general
2009-09-17 10:31:27 PDT,davida,Flags,blocking-thunderbird3+,blocking-thunderbird3-
2009-09-22 10:22:34 PDT,clarkbw,CC,clarkbw,
2009-09-22 10:22:34 PDT,clarkbw,Assignee,nisses.mail,clarkbw
2009-09-22 10:43:50 PDT,clarkbw,CC,bugmail,
2009-09-28 04:34:44 PDT,bugzilla,Whiteboard,[has l10n impact][needs patch],[has l10n impact]
2009-09-28 04:34:44 PDT,bugzilla,CC,bugzilla,
2009-09-28 13:09:49 PDT,clarkbw,Depends on,519051,
2009-09-28 13:12:32 PDT,clarkbw,Keywords,polish,
2009-09-28 13:12:32 PDT,clarkbw,Whiteboard,[has l10n impact][needs patch][waiting on 519051],[has l10n impact][needs patch]
2009-09-29 02:57:40 PDT,standard8,Whiteboard,[has l10n impact][patch in bug 518694?],[has l10n impact][needs patch][waiting on 519051]
2009-09-29 13:28:03 PDT,standard8,Status,RESOLVED,NEW
2009-09-29 13:28:03 PDT,standard8,Resolution,FIXED,---
2009-09-29 13:28:03 PDT,standard8,Assignee,clarkbw,nisses.mail
2009-09-29 13:28:03 PDT,standard8,Last Resolved,2009-09-29 13:28:03,
2009-09-29 13:28:03 PDT,standard8,Whiteboard,[has l10n impact][fixed by bug 518694],[has l10n impact][patch in bug 518694?]
2010-10-19 10:33:36 PDT,bugzilla,CC,,bugzilla
