When,Who,What,Added,Removed
2009-09-11 00:50:46 PDT,n.nethercote,Attachment #399979                Flags,review?(rreitmai),
2009-09-11 15:30:34 PDT,rreitmai,Attachment #399979                Flags,review+,review?(rreitmai)
2009-09-15 23:02:14 PDT,n.nethercote,Whiteboard,fixed-in-tracemonkey,
2009-09-16 17:46:41 PDT,mrbkap,Status,RESOLVED,ASSIGNED
2009-09-16 17:46:41 PDT,mrbkap,Resolution,FIXED,---
2009-09-16 17:46:41 PDT,mrbkap,CC,mrbkap,
2009-09-16 17:46:41 PDT,mrbkap,Last Resolved,2009-09-16 17:46:41,
2009-10-02 15:48:33 PDT,sayrer,CC,sayrer,
2009-10-02 15:48:33 PDT,sayrer,status1.9.2,beta1-fixed,---
2009-10-02 15:48:39 PDT,sayrer,Flags,wanted1.9.2+,
