When,Who,What,Added,Removed
2009-09-11 07:27:31 PDT,armenzg,CC,armenzg,
2009-09-11 07:27:31 PDT,armenzg,Whiteboard,[fennec l10n][l10n],
2009-09-11 15:51:32 PDT,coop,Attachment #400161                Flags,review?(aki),
2009-09-11 15:58:05 PDT,coop,Attachment #400164                Flags,review?(aki),
2009-09-11 16:14:12 PDT,escapewindow+mozbugs,Attachment #400164                Flags,review+,review?(aki)
2009-09-11 16:14:30 PDT,escapewindow+mozbugs,Attachment #400161                Flags,review+,review?(aki)
2009-09-12 20:29:10 PDT,coop,Attachment #400164                Flags,checked-in+,
2009-09-12 20:29:34 PDT,coop,Attachment #400161                Flags,checked-in+,
2009-09-12 20:30:06 PDT,coop,Status,RESOLVED,ASSIGNED
2009-09-12 20:30:06 PDT,coop,Resolution,FIXED,---
2009-09-12 20:30:06 PDT,coop,Last Resolved,2009-09-12 20:30:06,
2013-08-12 21:54:08 PDT,nobody,Product,Release Engineering,mozilla.org
