When,Who,What,Added,Removed
2009-09-11 08:39:41 PDT,mzeier,Whiteboard,[expires 12/10/2009],
2009-09-11 08:39:41 PDT,mzeier,Severity,trivial,minor
2009-09-11 08:39:41 PDT,mzeier,Assignee,mrz,server-ops
2009-09-11 08:39:41 PDT,mzeier,Group,,infra
2009-09-11 08:41:30 PDT,reed,CC,reed,
2009-10-02 11:28:32 PDT,mzeier,Severity,enhancement,trivial
2009-11-10 08:40:54 PST,mzeier,Severity,major,enhancement
2009-11-10 08:40:54 PST,mzeier,Assignee,server-ops,mrz
2009-11-12 10:21:37 PST,chizu,Assignee,thardcastle,server-ops
2009-11-12 10:21:37 PST,chizu,CC,thardcastle,
2009-11-19 07:25:20 PST,mzeier,Severity,critical,major
2009-11-25 20:22:47 PST,mzeier,Severity,blocker,critical
2009-11-28 18:24:17 PST,mzeier,Assignee,mrz,thardcastle
2009-11-30 20:49:35 PST,mzeier,Assignee,server-ops,mrz
2009-11-30 20:51:45 PST,dmoore,Assignee,dmoore,server-ops
2009-11-30 20:51:45 PST,dmoore,CC,dmoore,
2009-11-30 20:57:18 PST,mzeier,Assignee,server-ops,dmoore
2009-11-30 20:57:24 PST,mzeier,Assignee,dmoore,server-ops
2009-12-09 14:16:20 PST,dmoore,Status,RESOLVED,NEW
2009-12-09 14:16:20 PST,dmoore,Resolution,FIXED,---
2009-12-09 14:16:20 PST,dmoore,Last Resolved,2009-12-09 14:16:20,
2015-03-12 08:17:16 PDT,nobody,Product,mozilla.org Graveyard,mozilla.org
