When,Who,What,Added,Removed
2009-09-11 08:27:54 PDT,gary,Flags,blocking1.9.2?,
2009-09-11 09:28:50 PDT,gary,CC,igor,
2009-09-11 09:28:50 PDT,gary,Blocks,514981,
2009-09-11 11:52:55 PDT,brendan,Status,RESOLVED,NEW
2009-09-11 11:52:55 PDT,brendan,Resolution,FIXED,---
2009-09-11 11:52:55 PDT,brendan,Flags,in-testsuite?,
2009-09-11 11:52:55 PDT,brendan,Last Resolved,2009-09-11 11:52:55,
2009-09-13 20:21:05 PDT,gary,Whiteboard,fixed-in-tracemonkey,
2009-09-17 12:18:47 PDT,dsicore,CC,dsicore,
2009-09-17 12:18:47 PDT,dsicore,Flags,blocking1.9.2-,blocking1.9.2?
