When,Who,What,Added,Removed
2009-09-11 07:10:29 PDT,ludovic,CC,kent,
2009-09-16 12:39:03 PDT,rkent,Attachment #401073                Flags,review?(bienvenu), superreview?(bienvenu),
2009-09-16 12:39:03 PDT,rkent,Status,ASSIGNED,NEW
2009-09-16 12:39:03 PDT,rkent,Assignee,kent,nobody
2009-09-16 12:39:37 PDT,rkent,Whiteboard,[needs r/sr bienvenu],
2009-09-16 12:41:36 PDT,rkent,Flags,blocking-thunderbird3?,
2009-09-17 10:26:37 PDT,bugzilla,Whiteboard,[no l10n impact][needs r/sr bienvenu],[needs r/sr bienvenu]
2009-09-22 08:10:49 PDT,mozilla,Attachment #401073                Flags,review+, superreview+,review?(bienvenu), superreview?(bienvenu)
2009-09-23 23:09:00 PDT,rkent,Attachment #401073                Flags,approval-thunderbird3?,
2009-09-24 00:48:33 PDT,rkent,Whiteboard,[no l10n impact][needs a+],[no l10n impact][needs r/sr bienvenu]
2009-09-24 00:48:33 PDT,rkent,Target Milestone,Thunderbird 3.0rc1,---
2009-09-24 01:29:15 PDT,standard8,Attachment #401073                Flags,approval-thunderbird3+,approval-thunderbird3?
2009-09-24 10:43:56 PDT,rkent,Status,RESOLVED,ASSIGNED
2009-09-24 10:43:56 PDT,rkent,Resolution,FIXED,---
2009-09-24 10:43:56 PDT,rkent,Last Resolved,2009-09-24 10:43:56,
2009-10-27 07:03:54 PDT,rkent,Whiteboard,[no l10n impact],[no l10n impact][needs a+]
2009-12-08 11:49:11 PST,standard8,Flags,,blocking-thunderbird3?
