When,Who,What,Added,Removed
2009-09-11 10:11:08 PDT,dbaron,Attachment #400077                Flags,review?(ted.mielczarek),
2009-09-11 10:15:15 PDT,ted,Attachment #400077                Flags,review+,review?(ted.mielczarek)
2009-09-16 12:06:18 PDT,dbaron,Status,RESOLVED,NEW
2009-09-16 12:06:18 PDT,dbaron,Resolution,FIXED,---
2009-09-16 12:06:18 PDT,dbaron,Priority,P3,--
2009-09-16 12:06:18 PDT,dbaron,Target Milestone,mozilla1.9.3a1,---
2009-09-16 12:06:18 PDT,dbaron,Last Resolved,2009-09-16 12:06:18,
