When,Who,What,Added,Removed
2009-09-11 09:33:39 PDT,mozaakash,Severity,major,normal
2009-09-11 09:33:39 PDT,mozaakash,tracking-fennec,?,---
2009-09-11 09:38:40 PDT,21,CC,21,
2009-09-12 03:17:02 PDT,21,Attachment #400253                Flags,review?(mark.finkle),
2009-09-13 15:40:36 PDT,pavlov,tracking-fennec,1.0+,?
2009-09-14 09:35:10 PDT,21,Depends on,513290,
2009-09-15 03:17:52 PDT,21,Assignee,21,nobody
2009-09-15 04:00:56 PDT,21,Attachment #400253                Attachment is obsolete,1,0
2009-09-15 04:00:56 PDT,21,Attachment #400732                Flags,review?(mark.finkle),
2009-09-15 04:00:56 PDT,21,Attachment #400253                Flags,,review?(mark.finkle)
2009-09-15 13:39:38 PDT,mark.finkle,Attachment #400732                Flags,review+,review?(mark.finkle)
2009-09-15 19:00:17 PDT,mark.finkle,Status,RESOLVED,NEW
2009-09-15 19:00:17 PDT,mark.finkle,Resolution,FIXED,---
2009-09-15 19:00:17 PDT,mark.finkle,Target Milestone,B4,---
2009-09-15 19:00:17 PDT,mark.finkle,Last Resolved,2009-09-15 19:00:17,
2009-09-16 06:36:23 PDT,mozaakash,Status,VERIFIED,RESOLVED
2009-09-16 12:23:58 PDT,mark.finkle,Status,REOPENED,VERIFIED
2009-09-16 12:23:58 PDT,mark.finkle,Resolution,---,FIXED
2009-09-18 21:19:57 PDT,mark.finkle,Status,RESOLVED,REOPENED
2009-09-18 21:19:57 PDT,mark.finkle,Resolution,FIXED,---
2009-09-18 21:19:57 PDT,mark.finkle,Last Resolved,2009-09-18 21:19:57,2009-09-15 19:00:17
2009-09-21 05:50:33 PDT,jmaher,Status,VERIFIED,RESOLVED
