When,Who,What,Added,Removed
2009-09-13 22:27:33 PDT,ludovic,Whiteboard,[has l10n impact],
2009-09-13 22:27:33 PDT,ludovic,Summary,[faceted search] Faceted search should be made RTL-friendly,[faceted search][has l10n impact] Faceted search should be made RTL-friendly
2009-09-13 22:27:33 PDT,ludovic,CC,ludovic,
2009-09-14 21:52:45 PDT,ludovic,Component,Search,Mail Window Front End
2009-09-14 21:52:45 PDT,ludovic,QA Contact,search,front-end
2009-09-21 15:30:10 PDT,davida,CC,ehsan.akhgari,
2010-05-23 16:06:30 PDT,ehsan,CC,bwinton,
2010-05-23 16:06:36 PDT,ehsan,Keywords,rtl,
2010-06-08 14:51:31 PDT,bwinton,Status,ASSIGNED,NEW
2010-06-08 14:51:31 PDT,bwinton,Assignee,bwinton,nobody
2010-06-08 14:51:31 PDT,bwinton,Attachment #449953                Flags,review?(philringnalda), ui-review?(clarkbw),
2010-06-08 14:58:50 PDT,vseerror,Keywords,intl,
2010-06-08 14:58:50 PDT,vseerror,CC,vseerror,
2010-06-08 15:05:07 PDT,ehsan,Keywords,,intl
2010-07-13 11:57:40 PDT,clarkbw,Attachment #449953                Flags,ui-review+,ui-review?(clarkbw)
2010-08-22 15:16:37 PDT,ehsan,CC,community,
2010-09-09 12:40:29 PDT,bwinton,Attachment #449953                Flags,review?(bugmail),review?(philringnalda)
2010-09-09 23:08:35 PDT,bugmail,Attachment #449953                Flags,review+,review?(bugmail)
2010-09-10 07:37:08 PDT,bwinton,Status,RESOLVED,ASSIGNED
2010-09-10 07:37:08 PDT,bwinton,Resolution,FIXED,---
2010-09-10 07:37:08 PDT,bwinton,Last Resolved,2010-09-10 07:37:08,
2010-09-10 07:51:38 PDT,bwinton,Attachment #449953                Flags,approval-thunderbird3.1.4?, approval-thunderbird3.2a1?,
2010-09-15 02:58:57 PDT,standard8,Attachment #449953                Flags,approval-thunderbird3.1.5?,approval-thunderbird3.1.4?
2010-09-27 08:00:29 PDT,standard8,CC,bugzilla, philringnalda,
2010-09-27 08:00:39 PDT,standard8,CC,dmose,
2010-09-29 07:26:58 PDT,standard8,Attachment #449953                Flags,approval-thunderbird3.1.5+,approval-thunderbird3.1.5?, approval-thunderbird3.2a1?
2010-09-29 07:33:08 PDT,bwinton,Keywords,checkin-needed,
2010-09-29 23:37:37 PDT,standard8,Keywords,,checkin-needed
2010-09-29 23:37:37 PDT,standard8,Target Milestone,Thunderbird 3.3a1,---
2010-09-29 23:37:37 PDT,standard8,status-thunderbird3.1,.5-fixed,---
2010-10-05 06:48:51 PDT,ludovic,Status,VERIFIED,RESOLVED
2010-10-05 06:48:51 PDT,ludovic,Keywords,verified-thunderbird3.1,
