When,Who,What,Added,Removed
2009-09-11 03:52:27 PDT,bugs,Attachment #400000                Flags,review?(bugzilla),
2009-09-11 06:02:46 PDT,standard8,Attachment #400000                Flags,review+, approval-thunderbird3+,review?(bugzilla)
2009-09-11 08:33:03 PDT,standard8,Status,RESOLVED,NEW
2009-09-11 08:33:03 PDT,standard8,Resolution,FIXED,---
2009-09-11 08:33:03 PDT,standard8,Target Milestone,Thunderbird 3.0b4,---
2009-09-11 08:33:03 PDT,standard8,Last Resolved,2009-09-11 08:33:03,
2009-09-11 10:19:04 PDT,sid.bugzilla,Status,VERIFIED,RESOLVED
