When,Who,What,Added,Removed
2009-09-11 08:24:18 PDT,21,Attachment #400042                Flags,review?(mark.finkle),
2009-09-11 09:05:36 PDT,mark.finkle,Attachment #400042                Flags,review+,review?(mark.finkle)
2009-09-11 09:07:27 PDT,mark.finkle,Status,RESOLVED,NEW
2009-09-11 09:07:27 PDT,mark.finkle,Resolution,FIXED,---
2009-09-11 09:07:27 PDT,mark.finkle,CC,mark.finkle,
2009-09-11 09:07:27 PDT,mark.finkle,Last Resolved,2009-09-11 09:07:27,
2009-09-11 12:30:28 PDT,mozaakash,Status,VERIFIED,RESOLVED
2009-09-11 12:30:28 PDT,mozaakash,CC,adesai,
2010-02-23 22:13:51 PST,mozaakash,Component,Bookmarks,General
2011-06-12 02:25:38 PDT,dao,Assignee,21,nobody
