When,Who,What,Added,Removed
2009-09-11 05:29:30 PDT,brbaker,Flags,flashplayer-qrb+, flashplayer-triage+,
2009-09-11 05:30:25 PDT,brbaker,Attachment #400011                Flags,review?(dschaffe),
2009-09-11 07:52:56 PDT,brbaker,Attachment #400011                Attachment is obsolete,1,0
2009-09-11 07:52:56 PDT,brbaker,Attachment #400011                Flags,,review?(dschaffe)
2009-09-30 08:17:37 PDT,brbaker,Status,RESOLVED,NEW
2009-09-30 08:17:37 PDT,brbaker,Resolution,FIXED,---
2009-09-30 08:17:37 PDT,brbaker,Last Resolved,2009-09-30 08:17:37,
2009-09-30 08:17:43 PDT,brbaker,Status,VERIFIED,RESOLVED
