When,Who,What,Added,Removed
2009-09-11 12:24:20 PDT,davida,CC,david.ascher,
2009-09-11 12:24:20 PDT,davida,Flags,blocking-thunderbird3?,
2009-09-11 12:24:20 PDT,davida,Whiteboard,[has l10n impact],
2009-09-11 14:08:25 PDT,davida,Target Milestone,Thunderbird 3.0rc1,---
2009-09-11 14:08:25 PDT,davida,Flags,blocking-thunderbird3+,blocking-thunderbird3?
2009-09-12 00:11:28 PDT,francesco.lodolo,CC,francesco.lodolo,
2009-09-14 21:52:45 PDT,ludovic,Component,Search,Toolbars and Tabs
2009-09-14 21:52:45 PDT,ludovic,QA Contact,search,toolbars-tabs
2009-09-21 14:58:04 PDT,l10n,CC,l10n,
2009-09-21 14:59:16 PDT,marcoos+bmo,CC,marcoos+bmo,
2009-09-25 10:38:49 PDT,davida,Status,ASSIGNED,NEW
2009-09-25 10:38:49 PDT,davida,Assignee,david.ascher,nobody
2009-09-25 15:32:10 PDT,davida,Attachment #402940                Flags,review?(philringnalda),
2009-09-25 15:32:32 PDT,davida,Whiteboard,[has l10n impact][has patch, needs review philor],[has l10n impact]
2009-09-27 12:07:11 PDT,philringnalda,Attachment #402940                Attachment is obsolete,1,0
2009-09-27 12:07:11 PDT,philringnalda,Attachment #403131                Flags,review+,
2009-09-27 12:07:11 PDT,philringnalda,Attachment #402940                Flags,,review?(philringnalda)
2009-09-27 13:19:32 PDT,philringnalda,Whiteboard,[has l10n impact],[has l10n impact][has patch, needs review philor]
2009-09-27 13:19:32 PDT,philringnalda,Status,RESOLVED,ASSIGNED
2009-09-27 13:19:32 PDT,philringnalda,Resolution,FIXED,---
2009-09-27 13:19:32 PDT,philringnalda,CC,philringnalda,
2009-09-27 13:19:32 PDT,philringnalda,Last Resolved,2009-09-27 13:19:32,
