When,Who,What,Added,Removed
2009-09-11 17:00:21 PDT,dvander,Attachment #400197                Flags,review?(gal),
2009-09-11 17:14:00 PDT,gal,Attachment #400197                Flags,review+,review?(gal)
2009-09-12 18:18:46 PDT,dvander,Whiteboard,fixed-in-tracemonkey,
2009-09-16 17:41:14 PDT,mrbkap,Status,RESOLVED,NEW
2009-09-16 17:41:14 PDT,mrbkap,Resolution,FIXED,---
2009-09-16 17:41:14 PDT,mrbkap,CC,mrbkap,
2009-09-16 17:41:14 PDT,mrbkap,Last Resolved,2009-09-16 17:41:14,
2009-10-02 15:27:30 PDT,sayrer,CC,sayrer,
2009-10-02 15:27:30 PDT,sayrer,Flags,wanted1.9.2+,
2009-10-02 15:27:30 PDT,sayrer,status1.9.2,beta1-fixed,---
