When,Who,What,Added,Removed
2009-09-11 22:17:33 PDT,dwitte,Blocks,513783,
2009-09-20 14:24:00 PDT,ehsan,CC,ehsan.akhgari,
2009-09-28 10:12:36 PDT,dwitte,Status,RESOLVED,NEW
2009-09-28 10:12:36 PDT,dwitte,Resolution,FIXED,---
2009-09-28 10:12:36 PDT,dwitte,Assignee,jorendorff,nobody
2009-09-28 10:12:36 PDT,dwitte,status1.9.2,beta1-fixed,---
2009-09-28 10:12:36 PDT,dwitte,Last Resolved,2009-09-28 10:12:36,
2009-10-02 03:17:22 PDT,mozillamarcia.knous,Product,Core,Other Applications
2009-10-02 03:17:22 PDT,mozillamarcia.knous,Component,js-ctypes,js-ctypes
