When,Who,What,Added,Removed
2009-09-11 16:38:31 PDT,standard8,Flags,wanted-thunderbird3+,
2009-09-11 17:17:31 PDT,bwinton,Attachment #400201                Flags,review?(philringnalda), superreview?(bienvenu),
2009-09-11 20:27:38 PDT,bwinton,Attachment #400201                Flags,ui-review?(clarkbw),
2009-09-11 20:36:24 PDT,clarkbw,Attachment #400201                Flags,ui-review+,ui-review?(clarkbw)
2009-09-12 20:32:48 PDT,philringnalda,Attachment #400201                Flags,review+,review?(philringnalda)
2009-09-13 14:28:55 PDT,standard8,Attachment #400201                Flags,superreview+, approval-thunderbird3+,superreview?(bienvenu)
2009-09-13 14:36:34 PDT,standard8,Status,RESOLVED,NEW
2009-09-13 14:36:34 PDT,standard8,Resolution,FIXED,---
2009-09-13 14:36:34 PDT,standard8,Target Milestone,Thunderbird 3.0b4,---
2009-09-13 14:36:34 PDT,standard8,Last Resolved,2009-09-13 14:36:34,
