When,Who,What,Added,Removed
2009-09-11 13:29:26 PDT,mozilla,Version,3.4,unspecified
2009-09-11 13:29:26 PDT,mozilla,OS,Linux,Windows Vista
2009-09-12 04:31:46 PDT,LpSolit,Resolution,FIXED,---
2009-09-12 04:31:46 PDT,LpSolit,Depends on,509035,
2009-09-12 04:31:46 PDT,LpSolit,Target Milestone,Bugzilla 3.4,---
2009-09-12 04:31:46 PDT,LpSolit,Last Resolved,2009-09-12 04:31:46,
2009-09-12 04:31:46 PDT,LpSolit,Whiteboard,[blocker will fix],
2009-09-12 04:31:46 PDT,LpSolit,Hardware,All,x86
2009-09-12 04:31:46 PDT,LpSolit,OS,All,Linux
2009-09-12 04:31:46 PDT,LpSolit,Status,RESOLVED,UNCONFIRMED
2009-09-12 04:33:15 PDT,LpSolit,Assignee,LpSolit,email-notifications
