When,Who,What,Added,Removed
2009-09-11 15:37:50 PDT,brendan,Attachment #400155                Flags,review?(gal),
2009-09-11 15:42:03 PDT,gal,Attachment #400155                Flags,review+,review?(gal)
2009-09-11 15:45:48 PDT,brendan,Whiteboard,fixed-in-tracemonkey,
2009-09-16 17:40:23 PDT,mrbkap,Status,RESOLVED,ASSIGNED
2009-09-16 17:40:23 PDT,mrbkap,Resolution,FIXED,---
2009-09-16 17:40:23 PDT,mrbkap,CC,mrbkap,
2009-09-16 17:40:23 PDT,mrbkap,Last Resolved,2009-09-16 17:40:23,
2009-10-02 15:26:46 PDT,sayrer,CC,sayrer,
2009-10-02 15:26:46 PDT,sayrer,Flags,wanted1.9.2+,
2009-10-02 15:26:46 PDT,sayrer,status1.9.2,beta1-fixed,---
