When,Who,What,Added,Removed
2009-09-11 17:01:14 PDT,mak77,Status,NEW,UNCONFIRMED
2009-09-11 17:01:14 PDT,mak77,CC,gabri.best, mak77,
2009-09-11 17:01:14 PDT,mak77,Blocks,244371,
2009-09-11 17:01:14 PDT,mak77,Ever confirmed,1,0
2009-09-11 17:55:08 PDT,tdowner,Version,Trunk,unspecified
2009-09-11 17:55:08 PDT,tdowner,CC,tyler.downer,
2009-09-12 01:32:45 PDT,xtc4uall,Keywords,regression,
2009-09-12 01:32:45 PDT,xtc4uall,CC,xtc4uall,
2009-09-12 04:55:05 PDT,pablo,CC,pablo,
2009-09-12 07:54:20 PDT,shayne.anthony.jewers,CC,shayne.anthony.jewers,
2009-09-13 00:35:37 PDT,gabri.best,Status,ASSIGNED,NEW
2009-09-13 00:35:37 PDT,gabri.best,Assignee,gabri.best,nobody
2009-09-13 00:35:37 PDT,gabri.best,Attachment #400343                Flags,review?(mak77),
2009-09-13 03:17:13 PDT,mak77,Attachment #400343                Flags,review+,review?(mak77)
2009-09-14 04:08:34 PDT,mak77,Status,RESOLVED,ASSIGNED
2009-09-14 04:08:34 PDT,mak77,Resolution,FIXED,---
2009-09-14 04:08:34 PDT,mak77,Target Milestone,Firefox 3.7a1,---
2009-09-14 04:08:34 PDT,mak77,Last Resolved,2009-09-14 04:08:34,
2009-09-14 10:39:09 PDT,bugzilla.i.sekler,CC,ilja_sekler_,
2009-09-14 16:11:47 PDT,mak77,Status,REOPENED,RESOLVED
2009-09-14 16:11:47 PDT,mak77,Resolution,---,FIXED
2009-09-15 05:41:54 PDT,mak77,Attachment #400343                Attachment is obsolete,1,0
2009-09-15 05:44:29 PDT,mak77,Status,RESOLVED,REOPENED
2009-09-15 05:44:29 PDT,mak77,Resolution,FIXED,---
2009-09-15 05:44:29 PDT,mak77,Last Resolved,2009-09-15 05:44:29,2009-09-14 04:08:34
2009-09-22 08:07:58 PDT,mak77,status1.9.2,beta1-fixed,---
2009-11-12 11:31:42 PST,twalker,Status,VERIFIED,RESOLVED
2009-11-12 11:31:42 PST,twalker,CC,twalker,
2009-11-16 14:19:21 PST,gabri.best,Depends on,529113,
2009-11-26 05:44:44 PST,gerv,Component,Bookmarks & History,Places
2009-11-26 05:44:44 PST,gerv,QA Contact,bookmarks,places
2014-01-21 05:12:41 PST,mak77,Blocks,529113,
2014-01-21 05:12:41 PST,mak77,Depends on,,529113
