When,Who,What,Added,Removed
2009-09-11 14:00:12 PDT,fligtar+bugs,CC,deinspanjer, fligtar,
2009-09-13 23:14:52 PDT,smani,Assignee,shyam,server-ops
2009-09-13 23:14:52 PDT,smani,CC,shyam,
2009-09-13 23:14:52 PDT,smani,Whiteboard,09/15/2009,
2009-09-16 01:35:18 PDT,mzeier,Flags,needs-downtime+,
2009-09-16 02:31:21 PDT,smani,Status,RESOLVED,NEW
2009-09-16 02:31:21 PDT,smani,Resolution,FIXED,---
2009-09-16 02:31:21 PDT,smani,Last Resolved,2009-09-16 02:31:21,
2013-10-09 10:29:28 PDT,nobody,Product,Infrastructure & Operations,mozilla.org
2013-10-09 10:29:28 PDT,nobody,Component,WebOps: Other,Server Operations: Web Operations
