When,Who,What,Added,Removed
2009-09-16 09:38:04 PDT,morgamic,Assignee,buchanae,nobody
2009-09-21 13:56:26 PDT,buchanae+bugs,Status,RESOLVED,NEW
2009-09-21 13:56:26 PDT,buchanae+bugs,Resolution,FIXED,---
2009-09-21 13:56:26 PDT,buchanae+bugs,Last Resolved,2009-09-21 13:56:26,
2009-09-22 09:43:24 PDT,stephen.donner,CC,stephen.donner,
2009-09-22 21:45:08 PDT,stephen.donner,URL,https://www-trunk.stage.mozilla.com/en-US/firefox/mu-survey/,
2009-09-25 18:37:37 PDT,stephen.donner,URL,http://www.mozilla.com/en-US/firefox/mu-survey/,https://www-trunk.stage.mozilla.com/en-US/firefox/mu-survey/
2009-09-25 18:37:37 PDT,stephen.donner,Status,VERIFIED,RESOLVED
2012-04-23 08:15:30 PDT,nobody,Product,Websites,Websites
2012-04-23 08:15:30 PDT,nobody,Component,www.mozilla.org,www.mozilla.org/firefox
2012-08-23 00:16:07 PDT,nobody,Product,www.mozilla.org,Websites
2012-08-23 00:16:07 PDT,nobody,Component,General,www.mozilla.org
