When,Who,What,Added,Removed
2009-09-11 16:12:42 PDT,mbeltzner,CC,bmo2008, cwwmozilla,
2009-09-11 16:14:54 PDT,cab,Assignee,cbartley,nobody
2009-09-11 16:14:54 PDT,cab,CC,cbartley,
2009-09-11 16:17:14 PDT,bmo2010,Assignee,nobody,cbartley
2009-09-11 16:17:14 PDT,bmo2010,CC,djst,
2009-09-11 16:17:48 PDT,bmo2010,Assignee,cbartley,nobody
2009-09-11 16:20:58 PDT,hskupin,Hardware,All,x86
2009-09-11 16:20:58 PDT,hskupin,OS,All,Windows NT
2009-09-11 16:20:58 PDT,hskupin,CC,hskupin,
2009-09-11 16:25:44 PDT,mbeltzner,Summary,change "Help Contents" to "Firefox Help",change "Help Contents" to "Get Help"
2009-09-11 16:25:44 PDT,mbeltzner,Hardware,x86,All
2009-09-11 16:25:44 PDT,mbeltzner,OS,Windows NT,All
2009-09-11 17:54:06 PDT,tdowner,CC,tyler.downer,
2009-09-12 14:56:41 PDT,cab,Attachment #400304                Flags,review?(gavin.sharp),
2009-09-13 17:37:51 PDT,xtc4uall,CC,xtc4uall,
2009-09-14 10:42:43 PDT,gavin.sharp,Attachment #400304                Flags,review+,review?(gavin.sharp)
2009-09-14 19:25:20 PDT,mbeltzner,Attachment #400304                Flags,approval1.9.2+,
2009-09-14 20:23:39 PDT,cab,Attachment #400304                Attachment is obsolete,1,0
2009-09-14 20:28:44 PDT,cab,Keywords,checkin-needed,
2009-09-14 20:38:09 PDT,dolske,Keywords,,checkin-needed
2009-09-14 20:38:09 PDT,dolske,Status,RESOLVED,NEW
2009-09-14 20:38:09 PDT,dolske,Resolution,FIXED,---
2009-09-14 20:38:09 PDT,dolske,CC,dolske,
2009-09-14 20:38:09 PDT,dolske,Target Milestone,Firefox 3.7a1,---
2009-09-14 20:38:09 PDT,dolske,Last Resolved,2009-09-14 20:38:09,
2009-09-14 20:41:38 PDT,gavin.sharp,CC,gavin.sharp,
2009-09-14 22:12:27 PDT,dao,CC,dao,
2009-09-14 22:12:27 PDT,dao,status1.9.2,beta1-fixed,---
2009-09-15 10:26:34 PDT,tdowner,Status,VERIFIED,RESOLVED
2009-11-12 11:51:52 PST,mozillamarcia.knous,Whiteboard,verified1.9.2,
2009-11-12 11:51:52 PST,mozillamarcia.knous,CC,marcia,
2010-01-26 10:41:00 PST,bmo2010,Keywords,user-doc-complete,user-doc-needed
