When,Who,What,Added,Removed
2009-09-14 12:07:50 PDT,chizu,CC,jeremy.orem+bugs,
2009-09-14 12:07:50 PDT,chizu,Last Resolved,2009-09-14 12:07:50,
2009-09-14 12:07:50 PDT,chizu,Status,RESOLVED,NEW
2009-09-14 12:07:50 PDT,chizu,Resolution,FIXED,---
2009-09-14 12:16:46 PDT,mozilla,Status,REOPENED,RESOLVED
2009-09-14 12:16:46 PDT,mozilla,Resolution,---,FIXED
2009-09-14 14:12:37 PDT,wclouser,Severity,major,normal
2009-09-14 23:47:50 PDT,justdave,Status,RESOLVED,REOPENED
2009-09-14 23:47:50 PDT,justdave,Resolution,FIXED,---
2009-09-14 23:47:50 PDT,justdave,Last Resolved,2009-09-14 23:47:50,2009-09-14 12:07:50
2009-09-15 10:08:17 PDT,stephen.donner,URL,https://preview.addons.mozilla.org/en-US/firefox/search?q=adblock+plus&cat=all&as=1&appid=1&lver=3.5&atype=0&pp=20&pid=0&sort=&lup,
2009-09-15 10:08:17 PDT,stephen.donner,Hardware,All,x86
2009-09-15 10:08:17 PDT,stephen.donner,OS,All,Mac OS X
2009-09-15 10:08:17 PDT,stephen.donner,Status,VERIFIED,RESOLVED
