When,Who,What,Added,Removed
2009-09-11 17:07:29 PDT,ria.klaassen,Version,1.9.2 Branch,unspecified
2009-09-11 17:07:29 PDT,ria.klaassen,Status,NEW,UNCONFIRMED
2009-09-11 17:07:29 PDT,ria.klaassen,Component,JavaScript Engine,General
2009-09-11 17:07:29 PDT,ria.klaassen,Assignee,general,nobody
2009-09-11 17:07:29 PDT,ria.klaassen,QA Contact,general,general
2009-09-11 17:07:29 PDT,ria.klaassen,CC,ria.klaassen,
2009-09-11 17:07:29 PDT,ria.klaassen,Ever confirmed,1,0
2009-09-11 17:07:29 PDT,ria.klaassen,Keywords,regression,
2009-09-11 17:07:29 PDT,ria.klaassen,Product,Core,Firefox
2009-09-11 17:08:49 PDT,ria.klaassen,Keywords,qawanted,
2009-09-11 17:08:49 PDT,ria.klaassen,Flags,blocking1.9.2?,
2009-09-11 17:41:23 PDT,dmandelin,Whiteboard,regression-window-wanted,
2009-09-11 17:41:23 PDT,dmandelin,CC,dmandelin,
2009-09-13 04:34:46 PDT,ria.klaassen,Whiteboard,,regression-window-wanted
2009-09-13 07:26:26 PDT,bugzilla1,CC,bugzilla,
2009-09-13 17:33:06 PDT,xtc4uall,CC,xtc4uall,
2009-09-14 02:43:27 PDT,raj,CC,raj,
2009-09-14 13:49:12 PDT,dmandelin,Assignee,dmandelin,general
2009-09-15 18:47:17 PDT,gal,CC,gal,
2009-09-15 18:47:17 PDT,gal,Group,core-security,
2009-09-15 19:18:40 PDT,chofmann,CC,chofmann,
2009-09-15 20:20:41 PDT,reed,CC,reed,
2009-09-15 20:46:50 PDT,dveditz,Whiteboard,[sg:critical?],
2009-09-15 20:46:50 PDT,dveditz,CC,dveditz,
2009-09-15 20:46:50 PDT,dveditz,Blocks,453730,
2009-09-15 20:46:50 PDT,dveditz,Flags,wanted1.9.0.x-,
2009-09-15 20:46:50 PDT,dveditz,status1.9.1,unaffected,---
2009-09-16 17:41:11 PDT,dmandelin,Attachment #400931                Attachment is obsolete,1,0
2009-09-16 17:41:11 PDT,dmandelin,Attachment #401138                Flags,review?,
2009-09-16 18:41:01 PDT,dmandelin,CC,dvander,
2009-09-16 18:41:15 PDT,dmandelin,Attachment #401138                Flags,review?(dvander),review?
2009-09-17 12:19:46 PDT,dsicore,Priority,P1,--
2009-09-17 12:19:46 PDT,dsicore,CC,dsicore,
2009-09-17 12:19:46 PDT,dsicore,Flags,blocking1.9.2+,blocking1.9.2?
2009-09-17 14:36:00 PDT,dvander,Attachment #401138                Attachment mime type,text/plain,application/octet-stream
2009-09-17 14:36:00 PDT,dvander,Attachment #401138                Attachment is patch,1,0
2009-09-17 14:53:39 PDT,dvander,Attachment #401138                Flags,review+,review?(dvander)
2009-09-17 18:00:56 PDT,dmandelin,Whiteboard,fixed-in-tracemonkey, [sg:critical?],[sg:critical?]
2009-09-17 18:12:16 PDT,brendan,CC,brendan,
2009-09-29 15:26:11 PDT,sayrer,Status,RESOLVED,NEW
2009-09-29 15:26:11 PDT,sayrer,Resolution,FIXED,---
2009-09-29 15:26:11 PDT,sayrer,CC,sayrer,
2009-09-29 15:26:11 PDT,sayrer,Last Resolved,2009-09-29 15:26:11,
2009-10-05 06:55:13 PDT,samuel.sidler+old,CC,samuel.sidler,
2009-10-10 13:19:43 PDT,sayrer,status1.9.2,beta1-fixed,---
2009-10-15 13:57:40 PDT,bob,Keywords,verified1.9.2,
2009-10-15 13:57:40 PDT,bob,Status,VERIFIED,RESOLVED
2009-10-15 13:57:40 PDT,bob,CC,bclary,
2009-10-15 13:57:40 PDT,bob,Flags,in-testsuite+,
2009-12-09 14:56:34 PST,dveditz,Group,,core-security
2010-04-25 13:36:27 PDT,djcater+bugzilla,CC,DJCater,
2014-10-12 10:28:43 PDT,jmitchell,Keywords,,qawanted
2014-10-12 10:28:43 PDT,jmitchell,CC,jmitchell,
