When,Who,What,Added,Removed
2009-09-11 11:28:53 PDT,dao,Hardware,All,x86
2009-09-11 11:28:53 PDT,dao,OS,All,Windows XP
2009-09-11 11:36:20 PDT,bugzilla,CC,johnath, justin, morgamic, mrz,
2009-09-11 11:36:20 PDT,bugzilla,Flags,blocking1.9.2+,
2009-09-11 11:43:02 PDT,reed,CC,reed,
2009-09-11 14:42:58 PDT,mstange,CC,mstange,
2009-09-12 01:00:59 PDT,bugzilla.spam2,CC,bugzilla.spam2,
2009-09-13 17:38:39 PDT,xtc4uall,CC,xtc4uall,
2009-09-14 20:46:21 PDT,gavin.sharp,CC,gavin.sharp,
2009-09-18 22:10:49 PDT,level,CC,level,
2009-09-21 06:36:34 PDT,bugzilla,Assignee,dao,nobody
2009-09-22 12:48:20 PDT,bugzilla,CC,suneel,
2009-09-22 13:57:02 PDT,myk,CC,myk,
2009-09-23 02:11:53 PDT,dao,Priority,P2,--
2009-10-02 00:23:35 PDT,dao,Attachment #403499                Flags,review?(dtownsend),
2009-10-07 10:46:01 PDT,dtownsend,CC,dtownsend,
2009-10-07 12:52:10 PDT,chung808,CC,tchung,
2009-10-08 14:13:06 PDT,stephen.donner,CC,stephen.donner,
2009-10-08 14:38:28 PDT,dtownsend,Attachment #403499                Flags,review-,review?(dtownsend)
2009-10-09 09:01:17 PDT,dtownsend,Attachment #403499                Flags,review+,review-
2009-10-09 11:55:43 PDT,dao,Status,RESOLVED,NEW
2009-10-09 11:55:43 PDT,dao,Resolution,FIXED,---
2009-10-09 11:55:43 PDT,dao,Target Milestone,mozilla1.9.3a1,---
2009-10-09 11:55:43 PDT,dao,Last Resolved,2009-10-09 11:55:43,
2009-10-09 13:33:35 PDT,dbaron,Status,REOPENED,RESOLVED
2009-10-09 13:33:35 PDT,dbaron,Resolution,---,FIXED
2009-10-09 13:51:03 PDT,dao,Last Resolved,2009-10-09 13:51:03,2009-10-09 11:55:43
2009-10-09 13:51:03 PDT,dao,Status,RESOLVED,REOPENED
2009-10-09 13:51:03 PDT,dao,Resolution,FIXED,---
2009-10-12 02:51:35 PDT,dao,status1.9.2,beta1-fixed,---
2009-10-13 22:33:28 PDT,dao,Depends on,522188,
2009-12-03 00:20:40 PST,chung808,Keywords,verified1.9.2,
2009-12-03 00:20:40 PST,chung808,Status,VERIFIED,RESOLVED
