When,Who,What,Added,Removed
2009-09-14 01:44:49 PDT,jwalden+bmo,CC,jwalden+bmo,
2009-09-15 01:11:38 PDT,fullmetaljacket.xp+bugmail,CC,fullmetaljacket.xp+bugmail,
2009-09-15 08:21:49 PDT,enndeakin,Attachment #400766                Flags,review?(neil), superreview?(Olli.Pettay),
2009-09-15 08:21:49 PDT,enndeakin,Status,ASSIGNED,NEW
2009-09-15 08:21:49 PDT,enndeakin,Assignee,enndeakin,nobody
2009-09-15 09:16:55 PDT,neil,Attachment #400766                Flags,review+,review?(neil)
2009-09-18 13:52:21 PDT,bugs,Attachment #400766                Flags,superreview+,superreview?(Olli.Pettay)
2009-09-21 10:45:50 PDT,enndeakin,Status,RESOLVED,ASSIGNED
2009-09-21 10:45:50 PDT,enndeakin,Resolution,FIXED,---
2009-09-21 10:45:50 PDT,enndeakin,Last Resolved,2009-09-21 10:45:50,
2009-09-21 10:46:15 PDT,enndeakin,Flags,in-testsuite+,
2009-10-27 07:37:16 PDT,enndeakin,Attachment #400766                Flags,approval1.9.2?,
2009-11-15 23:54:10 PST,roc,Attachment #400766                Flags,approval1.9.2+,approval1.9.2?
2009-11-20 23:42:42 PST,dao,Keywords,checkin-needed,
2009-11-22 08:06:06 PST,dao,CC,dao,
2009-11-22 08:06:06 PST,dao,Target Milestone,mozilla1.9.3a1,---
2009-11-22 08:06:06 PST,dao,status1.9.2,final-fixed,---
2009-11-22 08:06:06 PST,dao,Keywords,,checkin-needed
