When,Who,What,Added,Removed
2009-09-11 15:43:45 PDT,mark.finkle,CC,mark.finkle,
2009-09-12 01:05:39 PDT,21,CC,21,
2009-09-12 05:54:01 PDT,21,Attachment #400269                Flags,review?(mark.finkle),
2009-09-13 22:01:36 PDT,mark.finkle,Attachment #400269                Flags,review-,review?(mark.finkle)
2009-09-14 01:20:50 PDT,21,Attachment #400269                Attachment is obsolete,1,0
2009-09-14 01:20:50 PDT,21,Attachment #400452                Flags,review?(mark.finkle),
2009-09-14 07:57:23 PDT,mark.finkle,Attachment #400452                Flags,review+,review?(mark.finkle)
2009-09-14 09:52:25 PDT,mark.finkle,Target Milestone,B4,---
2009-09-14 09:52:25 PDT,mark.finkle,Last Resolved,2009-09-14 09:52:25,
2009-09-14 09:52:25 PDT,mark.finkle,Status,RESOLVED,NEW
2009-09-14 09:52:25 PDT,mark.finkle,Resolution,FIXED,---
2009-09-14 09:52:25 PDT,mark.finkle,Assignee,21,nobody
2009-09-15 07:24:18 PDT,mozaakash,Status,VERIFIED,RESOLVED
2009-10-22 12:50:22 PDT,mozaakash,Flags,in-litmus?,
2010-03-03 09:38:12 PST,mozaakash,Flags,in-litmus+,in-litmus?
