When,Who,What,Added,Removed
2009-10-05 08:52:42 PDT,niederstrasser,Attachment #400121                Flags,review?(jmuizelaar),
2010-02-25 07:00:41 PST,bugzillamozillaorg_serge_20140323,Version,Trunk,unspecified
2010-02-25 07:00:41 PST,bugzillamozillaorg_serge_20140323,Status,ASSIGNED,UNCONFIRMED
2010-02-25 07:00:41 PST,bugzillamozillaorg_serge_20140323,Assignee,niederstrasser,nobody
2010-02-25 07:00:41 PST,bugzillamozillaorg_serge_20140323,Ever confirmed,1,0
2010-02-25 07:00:41 PST,bugzillamozillaorg_serge_20140323,Flags,in-testsuite-,
2010-02-25 07:00:41 PST,bugzillamozillaorg_serge_20140323,blocking2.0,?,---
2010-02-25 07:00:41 PST,bugzillamozillaorg_serge_20140323,Keywords,regression,
2010-02-25 07:01:05 PST,bugzillamozillaorg_serge_20140323,Blocks,505739,
2010-03-02 11:39:50 PST,jmuizelaar,Attachment #400121                Flags,review?(benjamin),review?(jmuizelaar)
2010-03-04 09:32:10 PST,benjamin,Attachment #400121                Flags,review+,review?(benjamin)
2010-03-04 10:22:42 PST,niederstrasser,Keywords,checkin-needed,
2010-03-05 13:05:19 PST,bugzillamozillaorg_serge_20140323,Attachment #400121                Attachment description,adds XCFLAGS to OS_INCLUDES[Checkin: Comment 2],adds XCFLAGS to OS_INCLUDES
2010-03-05 13:05:44 PST,bugzillamozillaorg_serge_20140323,Resolution,FIXED,---
2010-03-05 13:05:44 PST,bugzillamozillaorg_serge_20140323,Target Milestone,mozilla1.9.3a3,---
2010-03-05 13:05:44 PST,bugzillamozillaorg_serge_20140323,blocking2.0,---,?
2010-03-05 13:05:44 PST,bugzillamozillaorg_serge_20140323,Last Resolved,2010-03-05 13:05:44,
2010-03-05 13:05:44 PST,bugzillamozillaorg_serge_20140323,Keywords,,checkin-needed
2010-03-05 13:05:44 PST,bugzillamozillaorg_serge_20140323,Status,RESOLVED,ASSIGNED
