When,Who,What,Added,Removed
2009-09-14 13:54:22 PDT,sethb,Product,mozilla.org,Websites
2009-09-14 13:54:22 PDT,sethb,Version,other,unspecified
2009-09-14 13:54:22 PDT,sethb,Hardware,All,x86
2009-09-14 13:54:22 PDT,sethb,OS,All,Mac OS X
2009-09-14 13:54:22 PDT,sethb,Component,Server Operations,Other
2009-09-14 13:54:22 PDT,sethb,Assignee,server-ops,nobody
2009-09-14 13:54:22 PDT,sethb,QA Contact,mrz,other
2009-09-14 16:36:52 PDT,stephen.donner,CC,stephen.donner,
2009-09-16 14:20:53 PDT,dmoore,Assignee,dmoore,server-ops
2009-09-16 14:20:53 PDT,dmoore,CC,dmoore,
2009-09-22 01:13:29 PDT,gandalf,URL,https://verbatim.sm-cms01.mozilla.com:8081/,
2009-09-22 01:13:29 PDT,gandalf,Status,RESOLVED,NEW
2009-09-22 01:13:29 PDT,gandalf,Resolution,FIXED,---
2009-09-22 01:13:29 PDT,gandalf,Last Resolved,2009-09-22 01:13:29,
2015-03-12 08:17:16 PDT,nobody,Product,mozilla.org Graveyard,mozilla.org
