When,Who,What,Added,Removed
2009-09-13 22:56:06 PDT,ludovic,QA Contact,accessibility-apis,folders-message-lists
2009-09-13 22:56:06 PDT,ludovic,Blocks,512424,
2009-09-13 22:56:06 PDT,ludovic,Product,Core,Thunderbird
2009-09-13 22:56:06 PDT,ludovic,Component,Disability Access APIs,Folder and Message Lists
2009-09-14 02:16:56 PDT,mzehe,CC,marco.zehe, surkov.alexander,
2009-09-17 09:35:39 PDT,mzehe,Blocks,503727,512424
2009-09-18 06:08:09 PDT,dbolter,Attachment #401426                Flags,review?(vseerror),
2009-09-18 06:09:19 PDT,dbolter,Attachment #401426                Flags,review?(marco.zehe),
2009-09-18 06:19:42 PDT,vseerror,Attachment #401426                Flags,,review?(vseerror)
2009-09-18 07:47:01 PDT,mzehe,Attachment #401426                Flags,review+,review?(marco.zehe)
2009-09-18 07:49:26 PDT,dbolter,CC,bolterbugz,
2009-10-07 08:13:04 PDT,mzehe,Attachment #401426                Flags,approval1.9.2?,
2009-10-28 07:43:04 PDT,mbeltzner,Attachment #401426                Flags,approval1.9.2+,approval1.9.2?
2009-10-28 22:13:30 PDT,surkov.alexander,Assignee,bolterbugz,nobody
2009-10-29 10:47:45 PDT,mzehe,Keywords,verified1.9.2,
2009-10-29 10:47:45 PDT,mzehe,status1.9.2,final-fixed,---
2009-11-17 14:25:47 PST,dbolter,Depends on,527287,
2009-11-17 14:27:49 PST,dbolter,Status,RESOLVED,NEW
2009-11-17 14:27:49 PST,dbolter,Resolution,FIXED,---
2009-11-17 14:27:49 PST,dbolter,Last Resolved,2009-11-17 14:27:49,
2011-06-09 14:58:50 PDT,nobody,Crash Signature,[@ nsXULTreeGridCellAccessible::GetAttributesInternal(nsIPersistentProperties*)],
