When,Who,What,Added,Removed
2009-09-14 01:03:40 PDT,fligtar+bugs,Assignee,clouserw,nobody
2009-09-17 13:12:39 PDT,oremj,Assignee,jeremy.orem+bugs,clouserw
2009-09-17 13:12:39 PDT,oremj,CC,jeremy.orem+bugs, mrz,
2009-09-17 14:43:57 PDT,oremj,Attachment #401313                Flags,review?(clouserw),
2009-09-17 15:38:47 PDT,wclouser,Attachment #401313                Flags,review+,review?(clouserw)
2009-09-17 19:19:59 PDT,wclouser,CC,clouserw,
2009-09-17 19:19:59 PDT,wclouser,Last Resolved,2009-09-17 19:19:59,
2009-09-17 19:19:59 PDT,wclouser,Status,RESOLVED,NEW
2009-09-17 19:19:59 PDT,wclouser,Resolution,FIXED,---
2009-09-24 16:16:03 PDT,mozbugs.retornam,Blocks,518717,
2009-09-24 18:40:35 PDT,wclouser,Blocks,,518717
2009-09-28 12:23:44 PDT,vish.mozilla,Status,VERIFIED,RESOLVED
2009-09-28 12:23:44 PDT,vish.mozilla,CC,vish.mozilla,
