When,Who,What,Added,Removed
2009-09-11 16:59:38 PDT,zackw,Attachment #400194                Flags,review?(dbaron),
2009-09-26 11:05:14 PDT,zackw,Status,ASSIGNED,NEW
2009-09-26 11:05:14 PDT,zackw,Assignee,zweinberg,nobody
2009-09-26 11:05:14 PDT,zackw,Attachment #400194                Attachment is obsolete,1,0
2009-09-26 11:05:14 PDT,zackw,Attachment #403039                Flags,review?(dbaron),
2009-09-26 11:05:14 PDT,zackw,Attachment #400194                Flags,,review?(dbaron)
2009-09-26 11:06:12 PDT,zackw,Attachment #403040                Flags,review?(dbaron),
2009-09-26 11:20:51 PDT,zackw,Attachment #403040                Attachment is obsolete,1,0
2009-09-26 11:20:51 PDT,zackw,Attachment #403042                Flags,review?(dbaron),
2009-09-26 11:20:51 PDT,zackw,Attachment #403040                Flags,,review?(dbaron)
2009-10-08 13:26:54 PDT,gavin.sharp,CC,gavin.sharp,
2009-10-13 16:40:08 PDT,zackw,CC,bzbarsky, roc,
2009-11-12 13:13:03 PST,dbaron,Attachment #403039                Flags,review-,review?(dbaron)
2010-01-22 17:33:39 PST,zackw,Attachment #403039                Attachment is obsolete,1,0
2010-01-22 17:33:39 PST,zackw,Attachment #403042                Attachment is obsolete,1,0
2010-01-22 17:33:39 PST,zackw,Attachment #423106                Flags,review?(dbaron),
2010-01-22 17:33:39 PST,zackw,Attachment #403042                Flags,,review?(dbaron)
2010-01-22 17:37:32 PST,zackw,Depends on,541496,
2010-01-23 09:03:27 PST,zackw,Attachment #423155                Flags,review?(dbaron),
2010-01-25 18:09:25 PST,zackw,Attachment #423463                Flags,review?(dbaron),
2010-01-25 18:09:37 PST,zackw,Attachment #423106                Attachment is obsolete,1,0
2010-01-25 18:09:37 PST,zackw,Attachment #423106                Flags,,review?(dbaron)
2010-01-25 18:10:45 PST,zackw,Attachment #423155                Attachment is obsolete,1,0
2010-01-25 18:10:45 PST,zackw,Attachment #423464                Flags,review?(dbaron),
2010-01-25 18:10:45 PST,zackw,Attachment #423155                Flags,,review?(dbaron)
2010-01-25 19:48:17 PST,zackw,Blocks,455839,
2010-02-24 13:11:03 PST,zackw,Attachment #423463                Flags,,review?(dbaron)
2010-02-24 13:11:35 PST,zackw,Attachment #423464                Flags,,review?(dbaron)
2010-08-27 09:17:45 PDT,basic,CC,basic,
2011-05-20 17:57:05 PDT,matjk7,CC,matjk7,
2011-05-28 14:08:58 PDT,zackw,Depends on,543151,541496
2011-05-28 14:09:47 PDT,zackw,Depends on,659963,543151
2011-05-29 21:02:33 PDT,zackw,Attachment #423463                Attachment is obsolete,1,0
2011-05-29 21:02:33 PDT,zackw,Attachment #423464                Attachment is obsolete,1,0
2011-05-29 21:02:33 PDT,zackw,Attachment #535994                Flags,review?(dbaron),
2012-02-23 16:19:32 PST,dbcooper.nz,CC,dbcooper.nz,
2012-09-16 15:27:21 PDT,zackw,Attachment #535994                Attachment is obsolete,1,0
2012-09-16 15:27:21 PDT,zackw,Attachment #535994                Flags,,review?(dbaron)
2012-09-16 15:27:21 PDT,zackw,Attachment #661640                Flags,review?(dbaron),
2012-09-16 15:27:21 PDT,zackw,CC,dbaron,
2012-10-15 09:19:42 PDT,dbaron,Attachment #661640                Flags,review+,review?(dbaron)
2012-10-20 20:07:48 PDT,zackw,Attachment #661640                Attachment is obsolete,1,0
2012-10-20 20:07:48 PDT,zackw,Attachment #673656                Flags,review?(dbaron),
2012-11-07 16:58:57 PST,dbaron,Attachment #673656                Flags,review+,review?(dbaron)
2012-11-15 07:36:12 PST,zackw,Attachment #681993                Flags,review+,
2012-11-15 07:39:43 PST,zackw,Attachment #673656                Attachment is obsolete,1,0
2012-11-15 17:42:54 PST,ryanvm,Status,RESOLVED,ASSIGNED
2012-11-15 17:42:54 PST,ryanvm,Resolution,FIXED,---
2012-11-15 17:42:54 PST,ryanvm,Target Milestone,mozilla19,---
2012-11-15 17:42:54 PST,ryanvm,Last Resolved,2012-11-15 17:42:54,
2014-04-26 03:08:24 PDT,basic,CC,,basic
