When,Who,What,Added,Removed
2009-09-11 14:09:39 PDT,cww,Severity,critical,normal
2009-09-11 14:09:39 PDT,cww,CC,cwwmozilla,
2009-09-11 15:53:37 PDT,me+bugzilla,CC,jsocol,
2009-09-11 15:53:37 PDT,me+bugzilla,Assignee,jsocol,nobody
2009-09-11 16:23:04 PDT,bmo2010,CC,laura,
2009-09-11 16:46:23 PDT,me+bugzilla,Priority,P1,--
2009-09-11 16:46:23 PDT,me+bugzilla,Target Milestone,1.4,---
2009-09-11 17:26:13 PDT,me+bugzilla,Attachment #400206                Flags,review?(laura),
2009-09-11 19:54:18 PDT,me+bugzilla,Attachment #400206                Attachment is obsolete,1,0
2009-09-11 19:54:18 PDT,me+bugzilla,Attachment #400225                Flags,review?(laura),
2009-09-11 19:54:18 PDT,me+bugzilla,Attachment #400206                Flags,,review?(laura)
2009-09-11 20:47:47 PDT,laura,Attachment #400225                Flags,review+,review?(laura)
2009-09-12 10:36:57 PDT,me+bugzilla,Status,RESOLVED,NEW
2009-09-12 10:36:57 PDT,me+bugzilla,Resolution,FIXED,---
2009-09-12 10:36:57 PDT,me+bugzilla,Last Resolved,2009-09-12 10:36:57,
2009-09-12 12:58:39 PDT,stephen.donner,URL,https://support-stage.mozilla.org/en-US/kb/SHOWFOR+tester?bl=n,https://support.mozilla.com/de/kb/Showfortest
2009-09-12 12:58:39 PDT,stephen.donner,CC,stephen.donner,
2009-09-12 14:52:30 PDT,stephen.donner,Status,VERIFIED,RESOLVED
2009-10-28 08:05:44 PDT,djst,Whiteboard,sumo_only,
