When,Who,What,Added,Removed
2009-09-11 17:01:11 PDT,aryx.bugmail,Attachment #400198                Flags,review?(a.topal),
2009-09-11 17:02:30 PDT,aryx.bugmail,Assignee,archaeopteryx,nobody
2009-09-11 17:02:52 PDT,aryx.bugmail,CC,AlexIhrig,
2009-09-12 04:48:37 PDT,a.topal,CC,a.topal,
2009-09-12 04:49:07 PDT,a.topal,Attachment #400198                Flags,review-,
2009-09-12 04:49:33 PDT,a.topal,Attachment #400198                Flags,,review?(a.topal)
2009-09-12 05:26:12 PDT,aryx.bugmail,Attachment #400198                Attachment is obsolete,1,0
2009-09-12 05:26:12 PDT,aryx.bugmail,Attachment #400265                Flags,review?(a.topal),
2009-09-12 05:28:37 PDT,aryx.bugmail,Attachment #400261                Attachment is obsolete,1,0
2009-09-12 06:18:50 PDT,a.topal,Attachment #400265                Flags,review+,review?(a.topal)
2009-09-13 12:22:20 PDT,aryx.bugmail,Attachment #400265                Attachment is obsolete,1,0
2009-09-13 12:22:20 PDT,aryx.bugmail,Attachment #400378                Flags,review?(a.topal),
2009-09-13 12:24:11 PDT,aryx.bugmail,Attachment #400266                Attachment is obsolete,1,0
2009-09-14 01:37:03 PDT,aryx.bugmail,Last Resolved,2009-09-14 01:37:03,
2009-09-14 01:37:03 PDT,aryx.bugmail,Status,RESOLVED,ASSIGNED
2009-09-14 01:37:03 PDT,aryx.bugmail,Resolution,FIXED,---
2009-09-14 01:37:03 PDT,aryx.bugmail,Assignee,AlexIhrig,archaeopteryx
2009-09-14 01:38:52 PDT,aryx.bugmail,Attachment #400378                Flags,,review?(a.topal)
2009-09-14 02:18:50 PDT,aryx.bugmail,Attachment #400378                Attachment is obsolete,1,0
2010-10-19 10:35:45 PDT,bugzilla,CC,,bugzilla
