When,Who,What,Added,Removed
2009-09-11 17:25:41 PDT,dholbert,Summary,Weave sync fails without any obvious reason, when I've upgraded one machine but not another,Weave sync fails without any obvious reason, when using old version
2009-10-02 11:41:37 PDT,edilee,CC,edilee,
2009-10-02 11:41:37 PDT,edilee,Target Milestone,1.0,---
2009-10-02 11:41:37 PDT,edilee,Flags,blocking-weave1.0+,
2009-11-13 14:39:28 PST,edilee,Target Milestone,1.0 beta2,1.0
2009-11-18 17:00:14 PST,edilee,Assignee,edilee,nobody
2009-11-18 17:00:14 PST,edilee,Last Resolved,2009-11-18 17:00:14,
2009-11-18 17:00:14 PST,edilee,Status,RESOLVED,NEW
2009-11-18 17:00:14 PST,edilee,Resolution,FIXED,---
2009-11-19 00:58:26 PST,for.bugzilla,CC,for.bugzilla,
2009-11-19 15:29:57 PST,edilee,Target Milestone,1.0 beta2,1.0 beta3
2009-11-23 16:24:37 PST,dholbert,Status,VERIFIED,RESOLVED
