When,Who,What,Added,Removed
2009-09-21 06:56:48 PDT,gavin.sharp,CC,gavin.sharp,
2009-09-21 12:06:45 PDT,jruderman,Depends on,510221,
2009-09-25 16:50:05 PDT,kbrosnan,Status,RESOLVED,NEW
2009-09-25 16:50:05 PDT,kbrosnan,Resolution,DUPLICATE,---
2009-09-25 16:50:05 PDT,kbrosnan,CC,kbrosnan,
2009-09-25 16:50:05 PDT,kbrosnan,Last Resolved,2009-09-25 16:50:05,
2009-09-25 16:56:28 PDT,jruderman,Resolution,---,DUPLICATE
2009-09-25 16:56:28 PDT,jruderman,Status,REOPENED,RESOLVED
2009-09-26 04:08:53 PDT,hwaara,CC,hwaara,
2009-09-28 10:54:48 PDT,sdwilsh,CC,sdwilsh,
2009-10-04 23:29:05 PDT,gavin.sharp,Depends on,,510221
2010-01-10 07:05:27 PST,barryn,CC,barryn,
2010-01-10 20:34:37 PST,gavin.sharp,Blocks,497565,
2010-01-10 20:35:02 PST,gavin.sharp,Keywords,regression,
2010-01-10 20:35:02 PST,gavin.sharp,CC,enndeakin, joshmoz,
2010-01-28 14:12:29 PST,barryn,Attachment #421280                Attachment is obsolete,1,0
2010-01-28 17:44:48 PST,barryn,Attachment #421299                Flags,review?(joshmoz),
2010-01-29 12:19:28 PST,jaas,Hardware,All,x86
2010-01-29 12:19:28 PST,jaas,Assignee,barryn,nobody
2010-01-29 12:20:30 PST,jaas,Attachment #421299                Flags,review+,review?(joshmoz)
2010-01-29 17:37:22 PST,barryn,Attachment #421299                Attachment is obsolete,1,0
2010-01-29 17:37:22 PST,barryn,Attachment #424358                Flags,review?(joshmoz),
2010-01-29 18:04:27 PST,jaas,Attachment #424358                Flags,review+,review?(joshmoz)
2010-02-01 12:19:11 PST,gavin.sharp,Keywords,checkin-needed,
2010-02-01 22:20:58 PST,fullmetaljacket.xp+bugmail,CC,fullmetaljacket.xp+bugmail,
2010-02-02 08:05:56 PST,dao,Product,Core,Toolkit
2010-02-02 08:05:56 PST,dao,Component,Widget: Cocoa,Download Manager
2010-02-02 08:05:56 PST,dao,QA Contact,cocoa,download.manager
2010-02-03 05:05:09 PST,dao,Keywords,,checkin-needed
2010-02-03 05:05:09 PST,dao,Status,RESOLVED,REOPENED
2010-02-03 05:05:09 PST,dao,Resolution,FIXED,---
2010-02-03 05:05:09 PST,dao,CC,dao,
2010-02-03 05:05:09 PST,dao,Target Milestone,mozilla1.9.3a1,---
2010-02-03 05:05:09 PST,dao,Last Resolved,2010-02-03 05:05:09,2009-09-25 16:50:05
2010-04-29 09:32:23 PDT,davida,CC,david.ascher,
2010-04-29 09:32:23 PDT,davida,status1.9.2,?,---
2010-04-29 09:33:10 PDT,davida,Blocks,534814,
2010-04-29 09:37:03 PDT,davida,Attachment #424358                Flags,approval1.9.2.4?, approval1.9.2.5?,
2010-04-29 09:46:57 PDT,mbeltzner,status1.9.2,wanted,?
2010-04-29 09:47:22 PDT,mbeltzner,Attachment #424358                Flags,approval1.9.2.4-,approval1.9.2.4?
2010-06-24 21:45:23 PDT,christian,Attachment #424358                Flags,approval1.9.2.6-, approval1.9.2.7?,approval1.9.2.5?
2010-06-24 21:47:13 PDT,christian,CC,clegnitto,
2010-06-24 21:47:33 PDT,christian,Attachment #424358                Flags,approval1.9.2.6+,approval1.9.2.6-, approval1.9.2.7?
2010-06-25 13:53:36 PDT,ehsan,CC,ehsan,
2010-06-25 13:53:36 PDT,ehsan,status1.9.2,.6-fixed,wanted
2010-07-01 13:20:30 PDT,tgavankar,Status,VERIFIED,RESOLVED
2010-07-01 13:20:30 PDT,tgavankar,CC,tgavankar,
