When,Who,What,Added,Removed
2009-09-11 11:32:02 PDT,bzbarsky,CC,bzbarsky,
2009-09-11 11:32:02 PDT,bzbarsky,Flags,blocking1.9.2?,
2009-09-11 11:43:35 PDT,dmandelin,Assignee,dmandelin,general
2009-09-11 11:43:35 PDT,dmandelin,CC,dmandelin,
2009-09-11 11:51:20 PDT,gal,CC,gal,
2009-09-11 11:51:20 PDT,gal,Group,core-security,
2009-09-11 16:39:35 PDT,dmandelin,Attachment #400182                Flags,review?(gal),
2009-09-11 16:40:32 PDT,dmandelin,Attachment #400182                Attachment is obsolete,1,0
2009-09-11 16:40:32 PDT,dmandelin,Attachment #400184                Flags,review?(gal),
2009-09-11 16:40:32 PDT,dmandelin,Attachment #400182                Flags,,review?(gal)
2009-09-11 17:07:56 PDT,gal,Attachment #400182                Flags,review+,
2009-09-11 17:33:17 PDT,dmandelin,Whiteboard,fixed-in-tracemonkey,
2009-09-14 03:29:32 PDT,sayrer,CC,sayrer,
2009-09-14 03:29:32 PDT,sayrer,Flags,blocking1.9.2+,blocking1.9.2?
2009-09-14 20:02:26 PDT,gal,Attachment #400184                Flags,review+,review?(gal)
2009-09-16 17:41:03 PDT,mrbkap,Status,RESOLVED,NEW
2009-09-16 17:41:03 PDT,mrbkap,Resolution,FIXED,---
2009-09-16 17:41:03 PDT,mrbkap,CC,mrbkap,
2009-09-16 17:41:03 PDT,mrbkap,Last Resolved,2009-09-16 17:41:03,
2009-09-21 16:31:24 PDT,dmandelin,CC,stephen.donner,
2009-09-23 14:38:10 PDT,sayrer,Priority,P1,--
2009-10-04 10:31:25 PDT,samuel.sidler+old,CC,samuel.sidler,
2009-10-04 11:00:06 PDT,sayrer,status1.9.2,beta1-fixed,---
2009-10-07 07:53:57 PDT,samuel.sidler+old,blocking1.9.1,?,---
2009-10-07 11:19:18 PDT,sayrer,blocking1.9.1,---,?
2009-10-07 11:19:18 PDT,sayrer,status1.9.1,unaffected,---
2009-10-15 13:56:24 PDT,bob,CC,bclary,
2009-10-15 13:56:24 PDT,bob,Flags,in-testsuite+,
2009-10-15 13:56:24 PDT,bob,Keywords,verified1.9.2,
2009-10-15 13:56:24 PDT,bob,Status,VERIFIED,RESOLVED
2010-05-08 09:05:14 PDT,dveditz,CC,dveditz,
2010-05-08 09:05:14 PDT,dveditz,Group,,core-security
