When,Who,What,Added,Removed
2009-09-11 15:56:46 PDT,brendan,Flags,wanted1.9.2?,
2009-09-11 22:07:17 PDT,brendan,Attachment #400233                Flags,review?(gal),
2009-09-13 20:05:42 PDT,brendan,Attachment #400233                Attachment is obsolete,1,0
2009-09-13 20:05:42 PDT,brendan,Attachment #400233                Flags,,review?(gal)
2009-09-13 20:55:16 PDT,brendan,Attachment #400423                Attachment description,merged up to tm tip -- extra trace runs gone!?,merged up to tm tip -- extra traces gone!?
2009-09-14 06:35:43 PDT,brendan,Attachment #400423                Attachment is obsolete,1,0
2009-09-14 08:11:39 PDT,brendan,Attachment #400507                Flags,review?(jorendorff),
2009-09-14 09:30:59 PDT,jorendorff,Attachment #400507                Flags,review+,review?(jorendorff)
2009-09-14 14:57:00 PDT,brendan,Attachment #400507                Attachment is obsolete,1,0
2009-09-14 14:57:00 PDT,brendan,Attachment #400595                Flags,review?(jorendorff),
2009-09-14 15:00:19 PDT,jorendorff,Attachment #400595                Flags,review+,review?(jorendorff)
2009-09-14 16:37:43 PDT,sayrer,CC,sayrer,
2009-09-14 17:31:54 PDT,brendan,Whiteboard,fixed-in-tracemonkey,
2009-09-16 17:43:57 PDT,mrbkap,Status,RESOLVED,ASSIGNED
2009-09-16 17:43:57 PDT,mrbkap,Resolution,FIXED,---
2009-09-16 17:43:57 PDT,mrbkap,CC,mrbkap,
2009-09-16 17:43:57 PDT,mrbkap,Last Resolved,2009-09-16 17:43:57,
2009-10-10 13:16:14 PDT,sayrer,Flags,wanted1.9.2+,wanted1.9.2?
2009-10-10 13:16:14 PDT,sayrer,status1.9.2,beta1-fixed,---
