When,Who,What,Added,Removed
2009-09-11 12:52:13 PDT,joachim.herb,Flags,blocking-thunderbird3?,
2009-09-11 13:22:52 PDT,davida,Status,NEW,UNCONFIRMED
2009-09-11 13:22:52 PDT,davida,CC,david.ascher,
2009-09-11 13:22:52 PDT,davida,Ever confirmed,1,0
2009-09-11 15:31:59 PDT,dmose,Assignee,herb,nobody
2009-09-11 15:31:59 PDT,dmose,CC,dmose,
2009-09-11 15:31:59 PDT,dmose,Target Milestone,Thunderbird 3.0rc1,---
2009-09-11 15:31:59 PDT,dmose,Flags,blocking-thunderbird3+,blocking-thunderbird3?
2009-09-11 16:48:59 PDT,joachim.herb,Attachment #400187                Flags,review?,
2009-09-11 16:49:41 PDT,joachim.herb,Attachment #400187                Attachment mime type,text/plain,application/octet-stream
2009-09-11 16:49:41 PDT,joachim.herb,Attachment #400187                Attachment is patch,1,0
2009-09-11 17:02:20 PDT,standard8,Attachment #400187                Flags,review?(dmose),review?
2009-09-11 18:03:38 PDT,dmose,Attachment #400187                Flags,,review?(dmose)
2009-09-11 18:03:38 PDT,dmose,Attachment #400187                Attachment is obsolete,1,0
2009-09-11 18:03:38 PDT,dmose,Attachment #400213                Flags,review+,
2009-09-11 18:08:42 PDT,dmose,Status,RESOLVED,NEW
2009-09-11 18:08:42 PDT,dmose,Resolution,FIXED,---
2009-09-11 18:08:42 PDT,dmose,Target Milestone,Thunderbird 3.0b4,Thunderbird 3.0rc1
2009-09-11 18:08:42 PDT,dmose,Last Resolved,2009-09-11 18:08:42,
