When,Who,What,Added,Removed
2009-09-12 01:08:35 PDT,hskupin,Status,NEW,UNCONFIRMED
2009-09-12 01:08:35 PDT,hskupin,CC,ctalbert, hskupin, mrogers,
2009-09-12 01:08:35 PDT,hskupin,Ever confirmed,1,0
2009-10-03 09:06:18 PDT,hskupin,Attachment #404427                Flags,review?(ctalbert),
2009-10-03 09:06:34 PDT,hskupin,Status,ASSIGNED,NEW
2009-10-03 09:06:34 PDT,hskupin,Assignee,hskupin,nobody
2009-10-06 05:19:05 PDT,hskupin,Attachment #404427                Flags,,review?(ctalbert)
2009-10-06 13:51:16 PDT,mikeal.rogers,Status,RESOLVED,ASSIGNED
2009-10-06 13:51:16 PDT,mikeal.rogers,Resolution,FIXED,---
2009-10-06 13:51:16 PDT,mikeal.rogers,Last Resolved,2009-10-06 13:51:16,
2009-10-06 13:59:48 PDT,hskupin,Status,VERIFIED,RESOLVED
2009-10-06 13:59:48 PDT,hskupin,Whiteboard,[mozmill-1.2.2],
