When,Who,What,Added,Removed
2009-09-11 16:27:54 PDT,taras.mozilla,CC,tglek,
2009-09-11 16:27:54 PDT,taras.mozilla,Blocks,459117,
2009-09-11 16:29:27 PDT,ryanvm,CC,ryanvm,
2009-09-15 17:45:13 PDT,adw,CC,adw,
2009-09-17 10:34:35 PDT,dietrich,CC,dietrich,
2009-09-19 21:19:54 PDT,dolske,CC,dolske,
2009-09-20 19:16:09 PDT,bzbarsky,CC,bzbarsky,
2009-09-21 05:23:42 PDT,matafagafo,CC,matafagafo,
2009-09-21 06:55:06 PDT,ted,CC,ted.mielczarek,
2009-09-21 07:16:20 PDT,gavin.sharp,CC,gavin.sharp,
2009-09-21 11:03:35 PDT,magicdice,CC,magicdice,
2009-09-22 09:48:01 PDT,sdwilsh,CC,sdwilsh,
2009-09-22 13:21:09 PDT,taras.mozilla,Assignee,tglek,nobody
2009-09-23 00:23:40 PDT,bzcc,CC,bzcc,
2009-09-23 06:47:05 PDT,brendan,CC,brendan,
2009-09-24 14:00:32 PDT,dietrich,Whiteboard,[ts],
2009-09-24 14:00:53 PDT,dietrich,Priority,P1,--
2009-09-26 08:13:49 PDT,xtc4uall,CC,xtc4uall,
2009-09-27 17:53:21 PDT,fullmetaljacket.xp+bugmail,CC,fullmetaljacket.xp+bugmail,
2009-09-28 20:55:27 PDT,mitchell.field,CC,mitch_1_2,
2009-10-02 17:23:59 PDT,dao,CC,dao,
2009-10-06 20:57:55 PDT,mark.finkle,CC,mark.finkle,
2009-10-07 09:53:17 PDT,steve.england,CC,steve.england,
2009-10-08 12:38:31 PDT,arpad.borsos,CC,arpad.borsos,
2009-10-15 12:06:36 PDT,taras.mozilla,Blocks,512584,
2009-11-10 17:24:47 PST,taras.mozilla,Attachment #410303                Attachment is obsolete,1,0
2009-11-10 17:24:47 PST,taras.mozilla,Attachment #402162                Attachment is obsolete,1,0
2009-11-11 12:19:21 PST,taras.mozilla,Attachment #411761                Flags,review?(benjamin),
2009-11-11 14:28:25 PST,taras.mozilla,Attachment #411761                Attachment is obsolete,1,0
2009-11-11 14:28:25 PST,taras.mozilla,Attachment #411799                Flags,review?(benjamin),
2009-11-11 14:28:25 PST,taras.mozilla,Attachment #411761                Flags,,review?(benjamin)
2009-11-11 15:41:02 PST,taras.mozilla,Attachment #411822                Flags,review?(cbiesinger),
2009-11-12 10:53:47 PST,taras.mozilla,Depends on,528250,
2009-11-12 17:59:25 PST,taras.mozilla,Attachment #411822                Flags,,review?(cbiesinger)
2009-11-24 11:42:00 PST,ehsan,CC,ehsan.akhgari,
2009-12-04 14:45:58 PST,taras.mozilla,Attachment #411799                Flags,,review?(benjamin)
2009-12-04 14:57:23 PST,taras.mozilla,Attachment #411799                Attachment is obsolete,1,0
2009-12-04 14:57:23 PST,taras.mozilla,Attachment #411822                Attachment is obsolete,1,0
2009-12-04 14:57:23 PST,taras.mozilla,Attachment #416174                Flags,review?(benjamin),
2009-12-04 14:57:23 PST,taras.mozilla,Attachment #411577                Attachment is obsolete,1,0
2009-12-04 16:09:47 PST,taras.mozilla,Attachment #416174                Attachment is obsolete,1,0
2009-12-04 16:09:47 PST,taras.mozilla,Attachment #416190                Flags,review?(benjamin),
2009-12-04 16:09:47 PST,taras.mozilla,Attachment #416174                Flags,,review?(benjamin)
2009-12-10 15:26:42 PST,benjamin,Attachment #416190                Flags,review-,review?(benjamin)
2010-03-02 15:57:12 PST,dietrich,Blocks,447581,
2010-03-03 02:46:47 PST,mook.moz+mozbz,CC,mook.moz+mozbz,
2010-03-15 15:41:18 PDT,taras.mozilla,Attachment #416190                Attachment is obsolete,1,0
2010-03-16 10:10:05 PDT,taras.mozilla,Attachment #432681                Attachment is obsolete,1,0
2010-03-16 10:10:05 PDT,taras.mozilla,Attachment #432843                Flags,review?(benjamin),
2010-04-02 09:50:15 PDT,benjamin,Attachment #432843                Flags,review-,review?(benjamin)
2010-04-02 12:12:13 PDT,taras.mozilla,Attachment #432843                Attachment is obsolete,1,0
2010-04-02 12:12:13 PDT,taras.mozilla,Attachment #436738                Flags,review?(benjamin),
2010-04-02 12:17:08 PDT,benjamin,Attachment #436738                Flags,review+,review?(benjamin)
2010-04-02 13:36:22 PDT,taras.mozilla,Attachment #416183                Attachment is obsolete,1,0
2010-04-02 13:36:22 PDT,taras.mozilla,Attachment #436755                Flags,review?(cbiesinger),
2010-04-03 09:21:28 PDT,cbiesinger,Attachment #436755                Flags,review-,review?(cbiesinger)
2010-04-04 00:05:29 PDT,gandalf,CC,gandalf,
2010-04-04 11:50:40 PDT,supernova00,CC,supernova00,
2010-04-05 09:39:06 PDT,taras.mozilla,Attachment #436755                Attachment is obsolete,1,0
2010-04-05 09:39:06 PDT,taras.mozilla,Attachment #437053                Flags,review?(cbiesinger),
2010-04-05 10:49:54 PDT,cbiesinger,CC,cbiesinger,
2010-04-05 10:51:03 PDT,cbiesinger,Attachment #437053                Flags,review+,review?(cbiesinger)
2010-04-05 10:56:33 PDT,taras.mozilla,Keywords,checkin-needed,
2010-04-12 08:53:30 PDT,taras.mozilla,Keywords,,checkin-needed
2010-04-12 08:53:30 PDT,taras.mozilla,Status,RESOLVED,NEW
2010-04-12 08:53:30 PDT,taras.mozilla,Resolution,FIXED,---
2010-04-12 08:53:30 PDT,taras.mozilla,Last Resolved,2010-04-12 08:53:30,
2010-04-12 12:45:38 PDT,eshepherd,Keywords,dev-doc-needed,
2010-04-12 12:45:38 PDT,eshepherd,CC,eshepherd,
2010-04-18 04:40:16 PDT,mitchell.field,Blocks,560095,
2010-04-20 21:17:54 PDT,bugspam.Callek,Blocks,560772,
2010-05-10 17:44:49 PDT,mitchell.field,Blocks,564950,
2010-08-19 10:16:41 PDT,eshepherd,Keywords,dev-doc-complete,dev-doc-needed
2011-07-27 14:13:43 PDT,Ms2ger,CC,Ms2ger,
