When,Who,What,Added,Removed
2009-09-12 09:33:48 PDT,lhansen,Attachment #400284                Flags,review?(stejohns),
2009-09-14 08:23:59 PDT,stejohns,Attachment #400284                Flags,review+,review?(stejohns)
2009-09-15 03:49:55 PDT,lhansen,Status,RESOLVED,ASSIGNED
2009-09-15 03:49:55 PDT,lhansen,Resolution,FIXED,---
2009-09-15 03:49:55 PDT,lhansen,Last Resolved,2009-09-15 03:49:55,
2009-10-14 12:03:39 PDT,cpeyer,Status,VERIFIED,RESOLVED
2009-10-14 12:03:39 PDT,cpeyer,CC,cpeyer,
