When,Who,What,Added,Removed
2009-09-12 16:30:25 PDT,bugzillamozillaorg_serge_20140323,Flags,blocking-seamonkey2.0?,
2009-09-12 16:30:59 PDT,bugzillamozillaorg_serge_20140323,Summary,mochitest-browser-chrome: "browser_bug471962.js | Timed out" (and leaks) since bug 188253 landing,mochitest-browser-chrome: "browser_bug471962.js | Timed out" (and leaks) since Sep 10 16:xx:xx 2009
2009-09-12 17:01:21 PDT,iann_bugzilla,Hardware,All,x86
2009-09-12 17:05:58 PDT,iann_bugzilla,Status,ASSIGNED,NEW
2009-09-12 17:05:58 PDT,iann_bugzilla,Assignee,iann_bugzilla,nobody
2009-09-12 17:05:58 PDT,iann_bugzilla,Attachment #400311                Flags,review?(neil), superreview?(neil),
2009-09-13 11:02:25 PDT,bugzillamozillaorg_serge_20140323,Blocks,484616,
2009-09-13 13:11:21 PDT,neil,Attachment #400311                Flags,review+, superreview+,review?(neil), superreview?(neil)
2009-09-13 13:50:03 PDT,iann_bugzilla,Attachment #400311                Attachment is obsolete,1,0
2009-09-13 13:50:03 PDT,iann_bugzilla,Attachment #400391                Flags,review+, superreview+, approval-seamonkey2.0?,
2009-09-13 18:17:54 PDT,kairo,Attachment #400391                Flags,approval-seamonkey2.0+,approval-seamonkey2.0?
2009-09-14 14:01:37 PDT,iann_bugzilla,Attachment #400391                Attachment description,Add dummy aUsePref argument to internalSave patch v0.1a [Checkin: Comment 4],Add dummy aUsePref argument to internalSave patch v0.1a
2009-09-14 14:02:35 PDT,iann_bugzilla,Keywords,fixed-seamonkey2.0,
2009-09-14 14:02:35 PDT,iann_bugzilla,Status,RESOLVED,ASSIGNED
2009-09-14 14:02:35 PDT,iann_bugzilla,Resolution,FIXED,---
2009-09-14 14:02:35 PDT,iann_bugzilla,Target Milestone,seamonkey2.0,---
2009-09-14 14:02:35 PDT,iann_bugzilla,Flags,,blocking-seamonkey2.0?
2009-09-14 14:02:35 PDT,iann_bugzilla,Last Resolved,2009-09-14 14:02:35,
2009-09-14 16:14:19 PDT,bugzillamozillaorg_serge_20140323,Status,VERIFIED,RESOLVED
