When,Who,What,Added,Removed
2009-09-12 22:10:00 PDT,phong,Assignee,phong,server-ops
2009-09-12 22:10:00 PDT,phong,CC,phong,
2009-09-12 22:10:00 PDT,phong,Flags,colo-trip+,
2009-09-15 05:31:49 PDT,bhearsum,CC,bhearsum,
2009-09-15 11:21:37 PDT,coop,CC,ccooper,
2009-09-15 11:41:55 PDT,phong,Status,RESOLVED,NEW
2009-09-15 11:41:55 PDT,phong,Resolution,FIXED,---
2009-09-15 11:41:55 PDT,phong,Last Resolved,2009-09-15 11:41:55,
2013-07-16 09:48:45 PDT,nobody,Product,Infrastructure & Operations,mozilla.org
2013-07-16 09:48:45 PDT,nobody,Component,RelOps,Server Operations: RelEng
