When,Who,What,Added,Removed
2009-09-11 22:21:30 PDT,reed,CC,reed,
2009-09-12 12:04:21 PDT,davidwboswell,CC,david,
2009-09-16 14:21:24 PDT,mzeier,Assignee,jeremy.orem+bugs,server-ops
2009-09-25 14:58:52 PDT,oremj,Depends on,518939,
2009-09-25 15:17:43 PDT,oremj,Assignee,nobody,jeremy.orem+bugs
2009-09-25 15:17:43 PDT,oremj,QA Contact,www-mozilla-org,mrz
2009-09-25 15:17:43 PDT,oremj,Product,Websites,mozilla.org
2009-09-25 15:17:43 PDT,oremj,Component,www.mozilla.org,Server Operations
2009-09-25 15:38:53 PDT,davidwboswell,Status,RESOLVED,NEW
2009-09-25 15:38:53 PDT,davidwboswell,Resolution,FIXED,---
2009-09-25 15:38:53 PDT,davidwboswell,Last Resolved,2009-09-25 15:38:53,
2012-08-23 00:16:07 PDT,nobody,Product,www.mozilla.org,Websites
2012-08-23 00:16:07 PDT,nobody,Component,General,www.mozilla.org
