When,Who,What,Added,Removed
2009-09-12 19:00:14 PDT,alqahira,Flags,camino2.0b4?,
2009-09-12 19:00:14 PDT,alqahira,Attachment #400318                Flags,superreview?(stuart.morgan+bugzilla),
2009-09-12 19:01:11 PDT,alqahira,Whiteboard,l10n,
2009-09-12 19:01:11 PDT,alqahira,Assignee,alqahira,nobody
2009-09-13 16:53:13 PDT,stuart.morgan+bugzilla,Attachment #400318                Flags,superreview+,superreview?(stuart.morgan+bugzilla)
2009-09-13 18:04:24 PDT,alqahira,Flags,camino2.0b4+,camino2.0b4?
2009-09-13 18:04:24 PDT,alqahira,Target Milestone,Camino2.0,---
2009-09-13 18:06:43 PDT,alqahira,Whiteboard,l10n [camino-2.0],l10n
2009-09-13 18:06:43 PDT,alqahira,Status,RESOLVED,NEW
2009-09-13 18:06:43 PDT,alqahira,Resolution,FIXED,---
2009-09-13 18:06:43 PDT,alqahira,Last Resolved,2009-09-13 18:06:43,
