When,Who,What,Added,Removed
2009-09-11 18:02:49 PDT,mrbkap,Status,ASSIGNED,NEW
2009-09-11 18:02:49 PDT,mrbkap,Assignee,mrbkap,nobody
2009-09-11 18:02:49 PDT,mrbkap,Attachment #400212                Flags,review?(jst),
2009-09-14 22:55:39 PDT,mrbkap,Attachment #400212                Attachment is obsolete,1,0
2009-09-14 22:55:39 PDT,mrbkap,Attachment #400689                Flags,review?(jst),
2009-09-14 22:55:39 PDT,mrbkap,Attachment #400212                Flags,,review?(jst)
2009-09-15 13:52:37 PDT,jst,Attachment #400689                Flags,review+, superreview+,review?(jst)
2009-09-15 15:41:12 PDT,mrbkap,Resolution,FIXED,---
2009-09-15 15:41:12 PDT,mrbkap,Target Milestone,mozilla1.9.3a1,---
2009-09-15 15:41:12 PDT,mrbkap,Last Resolved,2009-09-15 15:41:12,
2009-09-15 15:41:12 PDT,mrbkap,Status,RESOLVED,ASSIGNED
2009-09-17 01:47:54 PDT,philip.chee,Depends on,517163,
