When,Who,What,Added,Removed
2009-09-12 00:33:44 PDT,surkov.alexander,Status,ASSIGNED,NEW
2009-09-12 00:33:44 PDT,surkov.alexander,Assignee,surkov.alexander,nobody
2009-09-12 00:33:44 PDT,surkov.alexander,Attachment #400244                Flags,review?(bolterbugz),
2009-09-14 05:59:27 PDT,dbolter,Attachment #400244                Flags,review+,review?(bolterbugz)
2009-09-14 20:06:42 PDT,surkov.alexander,Status,RESOLVED,ASSIGNED
2009-09-14 20:06:42 PDT,surkov.alexander,Resolution,FIXED,---
2009-09-14 20:06:42 PDT,surkov.alexander,Last Resolved,2009-09-14 20:06:42,
2009-09-14 21:41:40 PDT,surkov.alexander,Flags,in-testsuite+,
2009-10-07 08:19:11 PDT,mzehe,Attachment #400244                Flags,approval1.9.2?,
2009-10-28 07:44:09 PDT,mbeltzner,Attachment #400244                Flags,approval1.9.2+,approval1.9.2?
2009-10-29 10:51:36 PDT,mzehe,Keywords,verified1.9.2,
2009-10-29 10:51:36 PDT,mzehe,CC,marco.zehe,
2009-10-29 10:51:36 PDT,mzehe,status1.9.2,final-fixed,---
