When,Who,What,Added,Removed
2009-09-14 21:52:46 PDT,ludovic,Component,Search,General
2009-09-14 21:52:46 PDT,ludovic,QA Contact,search,general
2009-09-15 13:04:41 PDT,bugzilla2007,Flags,blocking-thunderbird3?,
2009-09-15 13:41:55 PDT,bugzilla2007,Summary,[faceted search] wrong hover icon when including / excluding facets (people, folders, etc.) / need to decide on behaviour,[faceted search] wrong hover image when including / excluding people (involving any of...): need to decide on behaviour
2009-09-16 15:39:26 PDT,davida,CC,bugmail, clarkbw, david.ascher,
2009-09-17 10:27:56 PDT,bugzilla,Whiteboard,[no l10n impact],
2009-09-22 10:34:45 PDT,bugs,CC,nisses.mail,
2009-09-24 13:24:21 PDT,dmose,Whiteboard,[has l10n impact],[no l10n impact]
2009-09-24 13:24:21 PDT,dmose,CC,dmose,
2009-09-24 14:32:36 PDT,davida,Flags,blocking-thunderbird3+,blocking-thunderbird3?
2009-09-24 14:43:27 PDT,clarkbw,Assignee,clarkbw,nobody
2009-09-25 13:03:49 PDT,bugzilla2007,Summary,[faceted search] "wrong" hover icon when including / excluding facets (people, folders, etc.) / need to decide on behaviour / usability issues,[faceted search] wrong hover icon when including / excluding facets (people, folders, etc.) / need to decide on behaviour
2009-09-25 16:58:54 PDT,clarkbw,Whiteboard,[has l10n impact][at risk],[has l10n impact]
2009-09-28 18:07:09 PDT,davida,Attachment #403392                Flags,ui-review?(clarkbw),
2009-09-28 22:34:38 PDT,davida,Assignee,david.ascher,clarkbw
2009-09-29 02:56:58 PDT,standard8,Whiteboard,[has l10n impact][has patch][needs review clarkbw][at risk],[has l10n impact][at risk]
2009-09-29 12:44:16 PDT,davida,Attachment #403392                Attachment is obsolete,1,0
2009-09-29 12:44:16 PDT,davida,Attachment #403557                Flags,ui-review?(clarkbw),
2009-09-29 12:44:16 PDT,davida,Attachment #403392                Flags,,ui-review?(clarkbw)
2009-09-29 12:44:28 PDT,davida,Whiteboard,[has l10n impact][has patch][needs review clarkbw],[has l10n impact][has patch][needs review clarkbw][at risk]
2009-09-29 16:44:19 PDT,mozilla,Attachment #403557                Flags,review?(bienvenu),
2009-09-29 18:32:03 PDT,davida,Whiteboard,[has l10n impact][has patch][needs ui-review clarkbw][needs review bienvenu],[has l10n impact][has patch][needs review clarkbw]
2009-09-29 18:32:03 PDT,davida,Summary,[faceted search] need better understandability of the faceting controls,[faceted search] "wrong" hover icon when including / excluding facets (people, folders, etc.) / need to decide on behaviour / usability issues
2009-09-29 18:33:24 PDT,davida,Attachment #403557                Flags,,ui-review?(clarkbw), review?(bienvenu)
2009-09-29 18:33:24 PDT,davida,Attachment #403557                Attachment is obsolete,1,0
2009-09-29 18:33:24 PDT,davida,Attachment #403662                Flags,review?(bienvenu), ui-review?(clarkbw),
2009-09-29 19:40:39 PDT,davida,Attachment #403662                Attachment is obsolete,1,0
2009-09-29 19:40:39 PDT,davida,Attachment #403687                Flags,review?(bienvenu), ui-review?(clarkbw),
2009-09-29 19:40:39 PDT,davida,Attachment #403662                Flags,,review?(bienvenu), ui-review?(clarkbw)
2009-09-29 20:03:17 PDT,mozilla,Attachment #403687                Flags,review+,review?(bienvenu)
2009-09-29 21:28:57 PDT,davida,Attachment #403687                Attachment is obsolete,1,0
2009-09-29 21:28:57 PDT,davida,Attachment #403695                Flags,review+, ui-review?(clarkbw),
2009-09-29 21:28:57 PDT,davida,Attachment #403687                Flags,,ui-review?(clarkbw)
2009-09-29 21:29:35 PDT,clarkbw,Attachment #403695                Flags,ui-review+,ui-review?(clarkbw)
2009-09-29 21:30:31 PDT,davida,Keywords,checkin-needed,
2009-09-29 21:30:31 PDT,davida,Whiteboard,[has l10n impact][ready for checkin],[has l10n impact][has patch][needs ui-review clarkbw][needs review bienvenu]
2009-09-29 22:27:55 PDT,philringnalda,Keywords,,checkin-needed
2009-09-29 22:27:55 PDT,philringnalda,Whiteboard,[has l10n impact],[has l10n impact][ready for checkin]
2009-09-29 22:27:55 PDT,philringnalda,CC,philringnalda,
2009-09-29 22:27:55 PDT,philringnalda,Target Milestone,Thunderbird 3.0rc1,---
2009-09-29 23:13:51 PDT,davida,Resolution,FIXED,---
2009-09-29 23:13:51 PDT,davida,Last Resolved,2009-09-29 23:13:51,
2009-09-29 23:13:51 PDT,davida,Status,RESOLVED,NEW
2009-09-30 06:21:33 PDT,ts.bugzilla,CC,bugs.thomas,
