When,Who,What,Added,Removed
2009-09-12 18:13:36 PDT,bugzillamozillaorg_serge_20140323,Flags,blocking-seamonkey2.1a1?,
2009-09-12 19:59:27 PDT,bugzillamozillaorg_serge_20140323,Status,ASSIGNED,NEW
2009-09-12 19:59:27 PDT,bugzillamozillaorg_serge_20140323,Assignee,sgautherie.bz,nobody
2009-09-12 19:59:27 PDT,bugzillamozillaorg_serge_20140323,Attachment #400323                Flags,review?,
2009-09-12 19:59:53 PDT,bugzillamozillaorg_serge_20140323,Attachment #400323                Flags,review?(bugzilla),review?
2009-09-13 03:20:36 PDT,neil,CC,neil,
2009-09-13 04:35:16 PDT,bugzilla,Attachment #400323                Flags,review+,review?(bugzilla)
2009-09-13 07:52:03 PDT,bugzillamozillaorg_serge_20140323,Attachment #400323                Attachment is obsolete,1,0
2009-09-13 07:52:03 PDT,bugzillamozillaorg_serge_20140323,Attachment #400359                Flags,review?(kairo),
2009-09-16 07:43:35 PDT,kairo,Attachment #400359                Flags,review?(bugzilla),review?(kairo)
2009-09-16 10:20:12 PDT,bugzilla.spam2,CC,bugzilla.spam2,
2009-09-16 12:40:12 PDT,bugzillamozillaorg_serge_20140323,CC,bugzilla,
2009-09-16 12:52:04 PDT,bugzillamozillaorg_serge_20140323,Blocks,516858,
2009-09-17 04:29:20 PDT,standard8,Attachment #400359                Flags,review+,review?(bugzilla)
2009-09-17 04:30:11 PDT,standard8,Attachment #400359                Flags,approval-seamonkey2.0+,
2009-09-17 07:59:59 PDT,bugzillamozillaorg_serge_20140323,Attachment #400359                Attachment description,(Av1a) Support both m-1.9.2 and m-c[Checkin: Comment 15],(Av1a) Support both m-1.9.2 and m-c
2009-09-17 08:09:46 PDT,bugzillamozillaorg_serge_20140323,Status,RESOLVED,ASSIGNED
2009-09-17 08:09:46 PDT,bugzillamozillaorg_serge_20140323,Resolution,FIXED,---
2009-09-17 08:09:46 PDT,bugzillamozillaorg_serge_20140323,Flags,,blocking-seamonkey2.1a1?
2009-09-17 08:09:46 PDT,bugzillamozillaorg_serge_20140323,Last Resolved,2009-09-17 08:09:46,
2009-09-17 08:52:22 PDT,bugzillamozillaorg_serge_20140323,Status,VERIFIED,RESOLVED
2009-09-17 18:09:25 PDT,kairo,Keywords,fixed-seamonkey2.0,
2009-09-17 18:09:25 PDT,kairo,CC,kairo,
