When,Who,What,Added,Removed
2009-09-12 08:19:19 PDT,gjpc,CC,gjpc, mkanat,
2009-09-12 08:22:03 PDT,wicked,Version,3.4,unspecified
2009-09-12 08:22:03 PDT,wicked,Hardware,All,x86
2009-09-12 08:22:03 PDT,wicked,OS,All,Other
2009-09-12 08:22:03 PDT,wicked,CC,wicked,
2009-09-12 08:36:27 PDT,wicked,Status,NEW,UNCONFIRMED
2009-09-12 08:36:27 PDT,wicked,Ever confirmed,1,0
2009-09-12 08:48:58 PDT,gjpc,Attachment #400283                Flags,review?(mkanat),
2009-09-13 05:20:54 PDT,LpSolit,Summary,MySQL 6.x uses ENGINE not TYPE for invoking InnoDB,mySQL 6.x uses ENGINE not TYPE for invoking InnoDB
2009-09-13 05:20:54 PDT,LpSolit,Severity,major,normal
2009-09-13 05:20:54 PDT,LpSolit,CC,LpSolit,
2009-09-13 05:20:54 PDT,LpSolit,Target Milestone,Bugzilla 3.4,---
2009-09-13 05:27:33 PDT,LpSolit,Depends on,347475,
2009-09-13 05:27:33 PDT,LpSolit,Target Milestone,Bugzilla 3.2,Bugzilla 3.4
2009-09-13 18:04:47 PDT,mkanat,Severity,normal,major
2009-09-13 18:04:47 PDT,mkanat,Target Milestone,Bugzilla 3.4,Bugzilla 3.2
2009-09-13 18:04:47 PDT,mkanat,Flags,blocking3.4.3+,
2009-09-13 18:05:11 PDT,mkanat,Attachment #400283                Flags,review-,review?(mkanat)
2009-09-13 18:05:37 PDT,mkanat,Summary,MySQL 6.x/5.2/5.4 uses ENGINE not TYPE for invoking InnoDB,MySQL 6.x uses ENGINE not TYPE for invoking InnoDB
2009-09-20 15:20:29 PDT,mkanat,Attachment #400283                Flags,review+,review-
2009-09-20 15:31:48 PDT,mkanat,Status,ASSIGNED,NEW
2009-09-20 15:31:48 PDT,mkanat,Assignee,gjpc,database
2009-09-20 15:31:48 PDT,mkanat,Target Milestone,Bugzilla 3.2,Bugzilla 3.4
2009-09-20 15:31:48 PDT,mkanat,Flags,approval+, approval3.4+, approval3.2+,
2009-09-20 15:32:29 PDT,mkanat,Summary,MySQL 6.x/5.2/5.4 uses "ENGINE", not "TYPE", for altering tables to InnoDB,MySQL 6.x/5.2/5.4 uses ENGINE not TYPE for invoking InnoDB
2009-09-20 15:36:11 PDT,mkanat,Status,RESOLVED,ASSIGNED
2009-09-20 15:36:11 PDT,mkanat,Resolution,FIXED,---
2009-09-20 15:36:11 PDT,mkanat,Last Resolved,2009-09-20 15:36:11,
2009-09-20 17:17:21 PDT,webbdeaf,CC,webbdeaf,
