When,Who,What,Added,Removed
2009-10-20 05:38:41 PDT,hsivonen,Assignee,hsivonen,nobody
2009-10-20 05:38:52 PDT,hsivonen,Status,ASSIGNED,NEW
2009-10-20 06:02:41 PDT,hsivonen,Depends on,523087,
2009-10-20 06:03:19 PDT,hsivonen,Attachment #407271                Flags,review?(bnewman),
2009-10-20 16:34:44 PDT,mozilla+ben,Attachment #407271                Flags,review+,review?(bnewman)
2009-11-18 04:58:04 PST,hsivonen,Status,RESOLVED,ASSIGNED
2009-11-18 04:58:04 PST,hsivonen,Resolution,FIXED,---
2009-11-18 04:58:04 PST,hsivonen,Last Resolved,2009-11-18 04:58:04,
