When,Who,What,Added,Removed
2009-09-11 22:15:16 PDT,florian,Flags,blocking1.9.2?,
2009-09-11 22:15:16 PDT,florian,Attachment #400234                Flags,review?(roc), superreview?(roc),
2009-09-11 22:21:45 PDT,reed,Assignee,florian,nobody
2009-09-11 22:21:45 PDT,reed,CC,reed,
2009-09-12 05:07:06 PDT,roc,Attachment #400234                Flags,review+, superreview+,review?(roc), superreview?(roc)
2009-09-12 05:07:32 PDT,roc,Attachment #400234                Flags,,superreview+
2009-09-15 00:40:18 PDT,jwalden+bmo,CC,jwalden+bmo,
2009-09-23 00:51:17 PDT,florian,Flags,in-testsuite+,
2009-09-23 00:51:17 PDT,florian,Last Resolved,2009-09-23 00:51:17,
2009-09-23 00:51:17 PDT,florian,Status,RESOLVED,NEW
2009-09-23 00:51:17 PDT,florian,Resolution,FIXED,---
2009-09-23 00:51:17 PDT,florian,Target Milestone,mozilla1.9.3a1,---
2009-09-23 01:01:57 PDT,reed,Attachment #400234                Flags,approval1.9.2?,
2009-09-23 03:28:26 PDT,florian,Status,REOPENED,RESOLVED
2009-09-23 03:28:26 PDT,florian,Resolution,---,FIXED
2009-09-23 03:28:26 PDT,florian,Flags,,in-testsuite+
2009-09-23 13:21:59 PDT,mbeltzner,Attachment #400234                Flags,approval1.9.2-,approval1.9.2?
2009-09-23 13:22:47 PDT,mbeltzner,Priority,P2,--
2009-09-23 13:22:47 PDT,mbeltzner,Flags,blocking1.9.2+,blocking1.9.2?
2009-10-01 14:33:35 PDT,dsicore,CC,dsicore,
2009-10-02 06:16:08 PDT,matt,CC,matt,
2009-10-23 02:10:05 PDT,karlt,Whiteboard,topcrash,
2009-10-23 02:10:05 PDT,karlt,Summary,Crash [@ nsAlertsIconListener::SendClosed()],Crash [@ nsAlertsIconListener::SendClosed]
2009-10-23 02:10:05 PDT,karlt,CC,mozbugz,
2009-10-23 02:10:47 PDT,karlt,CC,josh,
2009-10-27 07:36:05 PDT,mcepl,CC,mcepl,
2009-10-27 13:52:32 PDT,mcepl,CC,stransky,
2009-11-10 22:37:45 PST,ventnor.bugzilla,CC,ventnor.bugzilla,
2009-11-16 13:00:26 PST,jmuizelaar,CC,jmuizelaar,
2009-11-16 15:48:20 PST,joe,CC,joe,
2009-11-17 03:58:11 PST,ventnor.bugzilla,Attachment #400234                Attachment is obsolete,1,0
2009-11-17 03:58:11 PST,ventnor.bugzilla,Attachment #412822                Flags,review?(roc),
2009-11-17 07:09:46 PST,florian,Assignee,nobody,florian
2009-11-17 10:05:45 PST,roc,Attachment #412822                Flags,review+,review?(roc)
2009-11-17 10:06:11 PST,roc,Whiteboard,topcrash [needs landing],topcrash
2009-11-17 10:06:11 PST,roc,CC,roc,
2009-11-17 12:29:32 PST,jmuizelaar,Status,RESOLVED,REOPENED
2009-11-17 12:29:32 PST,jmuizelaar,Resolution,FIXED,---
2009-11-17 12:29:32 PST,jmuizelaar,Last Resolved,2009-11-17 12:29:32,2009-09-23 00:51:17
2009-11-17 14:40:01 PST,jmuizelaar,Whiteboard,topcrash,topcrash [needs landing]
2009-11-17 14:40:01 PST,jmuizelaar,status1.9.2,final-fixed,---
2009-11-18 15:00:09 PST,dolske,Depends on,529664,
2009-11-24 15:40:27 PST,reed,Assignee,ventnor.bugzilla,nobody
2009-11-24 17:02:20 PST,jst,CC,jst,
2009-11-29 13:56:25 PST,karlt,Depends on,530921,
2009-12-01 16:21:46 PST,karlt,Attachment #412822                Flags,approval1.9.2?,
2009-12-01 16:58:52 PST,karlt,Attachment #412822                Flags,,approval1.9.2?
2010-05-10 01:14:02 PDT,stransky,blocking1.9.1,?,---
2010-05-10 01:14:02 PDT,stransky,See Also,https://bugzilla.redhat.com/show_bug.cgi?id=581648,
2010-05-10 02:15:05 PDT,timeless,Attachment #412822                Flags,approval1.9.1.10?,
2010-05-10 02:18:33 PDT,karlt,status1.9.1,unaffected,---
2010-05-10 02:26:34 PDT,stransky,Attachment #412822                Flags,,approval1.9.1.10?
2010-05-10 03:01:41 PDT,karlt,blocking1.9.1,---,?
2010-11-03 08:58:13 PDT,bugzillamozillaorg_serge_20140323,Depends on,589471,
2010-11-04 16:08:45 PDT,bugzillamozillaorg_serge_20140323,Depends on,609772,589471
2010-11-04 16:57:02 PDT,bugzillamozillaorg_serge_20140323,Depends on,609784,
