When,Who,What,Added,Removed
2009-09-30 13:11:45 PDT,alex,CC,alex,
2009-10-19 16:29:06 PDT,jruderman,Summary,[@PL_DHashTableOperate | free | nsEventListenerManager::AddEventListenerByType] crash on browser start up,[@PL_DHashTableOperate ] crash on browser start up
2009-10-19 16:30:44 PDT,jruderman,Summary,Startup crash [@ nsEventListenerManager::AddEventListenerByType(nsIDOMEventListener*,nsAString_internal const&,int,nsIDOMEventGroup*)],[@PL_DHashTableOperate | free | nsEventListenerManager::AddEventListenerByType] crash on browser start up
2009-10-19 16:32:19 PDT,jruderman,Summary,Startup crash [@ PL_DHashTableOperate | free | nsEventListenerManager::AddEventListenerByType(nsIDOMEventListener*, nsAString_internal const&, int, nsIDOMEventGroup*)],Startup crash [@ nsEventListenerManager::AddEventListenerByType(nsIDOMEventListener*,nsAString_internal const&,int,nsIDOMEventGroup*)]
2009-10-19 16:42:29 PDT,jonas,Keywords,topcrash,
2009-10-19 16:42:29 PDT,jonas,Assignee,Olli.Pettay,nobody
2009-10-19 16:42:29 PDT,jonas,CC,jonas, jst,
2009-10-20 15:54:02 PDT,jonas,Attachment #407239                Flags,review+,
2009-10-21 13:30:19 PDT,dsicore,Whiteboard,[crashkill],
2009-10-21 13:30:19 PDT,dsicore,CC,dsicore,
2009-10-27 10:31:30 PDT,bugs,Group,core-security,
2009-10-27 10:43:26 PDT,ludovic,CC,ludovic,
2009-10-27 11:00:17 PDT,chofmann,CC,chofmann,
2009-10-27 11:02:23 PDT,bugs,CC,ted.mielczarek,
2009-10-27 11:04:50 PDT,bugs,Depends on,524256,
2009-10-27 11:05:29 PDT,samuel.sidler+old,CC,samuel.sidler,
2009-10-27 12:27:58 PDT,jwalden+bmo,CC,jwalden+bmo,
2009-11-17 08:44:44 PST,jmuizelaar,CC,jmuizelaar,
2009-11-17 12:09:40 PST,bugs,CC,benjamin,
2009-11-17 12:41:37 PST,benjamin,Assignee,benjamin,Olli.Pettay
2009-11-17 13:08:13 PST,benjamin,Assignee,Olli.Pettay,benjamin
2009-11-18 10:44:14 PST,bugs,Attachment #413093                Flags,review?(benjamin),
2009-11-18 13:30:35 PST,benjamin,Attachment #413093                Flags,review+,review?(benjamin)
2009-11-20 13:51:30 PST,jst,Blocks,525575,
2009-11-20 13:51:30 PST,jst,Flags,blocking1.9.2+,
2009-11-20 15:02:31 PST,jst,Status,RESOLVED,NEW
2009-11-20 15:02:31 PST,jst,Resolution,FIXED,---
2009-11-20 15:02:31 PST,jst,status1.9.2,final-fixed,---
2009-11-20 15:02:31 PST,jst,Last Resolved,2009-11-20 15:02:31,
2009-11-22 01:18:07 PST,gavin.sharp,Keywords,dev-doc-needed,
2009-11-22 01:18:07 PST,gavin.sharp,CC,gavin.sharp,
2009-11-30 15:00:32 PST,sspitzer,CC,seth,
2011-06-13 10:01:48 PDT,nobody,Crash Signature,[@ PL_DHashTableOperate | free | nsEventListenerManager::AddEventListenerByType(nsIDOMEventListener*, nsAString_internal const&, int, nsIDOMEventGroup*)],
2011-09-26 23:34:16 PDT,dveditz,Group,,core-security
