When,Who,What,Added,Removed
2009-09-12 15:45:54 PDT,pavlov,tracking-fennec,1.0+,---
2009-09-18 15:20:43 PDT,ben.combee,CC,adesai,
2009-09-18 15:27:33 PDT,l10n,CC,l10n,
2009-09-21 17:09:28 PDT,pavlov,tracking-fennec,1.0b4+,1.0+
2009-09-22 15:04:11 PDT,blassey.bugs,Attachment #402190                Flags,review?(pavlov),
2009-09-22 21:44:55 PDT,pavlov,Attachment #402190                Flags,review+,review?(pavlov)
2009-09-22 23:21:41 PDT,pavlov,Status,RESOLVED,NEW
2009-09-22 23:21:41 PDT,pavlov,Resolution,FIXED,---
2009-09-22 23:21:41 PDT,pavlov,Last Resolved,2009-09-22 23:21:41,
2010-06-28 15:21:54 PDT,dougt,Component,General,Linux/Maemo
2010-06-28 15:21:54 PDT,dougt,QA Contact,general,maemo-linux
2011-06-11 04:35:03 PDT,dao,Assignee,blassey.bugs,nobody
