When,Who,What,Added,Removed
2009-09-11 20:59:27 PDT,dragtext,Attachment #400229                Flags,review?(mozilla),
2009-09-11 21:44:30 PDT,dragtext,CC,daveryeo, mozilla, wuno,
2009-09-13 10:59:53 PDT,mozilla,Attachment #400229                Flags,review+,review?(mozilla)
2009-09-22 07:00:41 PDT,mozilla,Status,RESOLVED,NEW
2009-09-22 07:00:41 PDT,mozilla,Resolution,FIXED,---
2009-09-22 07:00:41 PDT,mozilla,Last Resolved,2009-09-22 07:00:41,
2010-01-18 15:51:32 PST,wuno,Keywords,checkin-needed,
2010-01-18 15:51:32 PST,wuno,Whiteboard,1.9.1 and 1.9.2 a=NPOTB only in an OS/2 file,
2010-01-18 16:10:12 PST,stevew,CC,stevew,
2010-01-26 10:32:59 PST,bugzillamozillaorg_serge_20140323,Attachment #400229                Attachment description,fixes bug in GetFromTypeAndExtension()[Checkin: Comment 1 & 4],fixes bug in GetFromTypeAndExtension()
2010-01-26 10:35:08 PST,bugzillamozillaorg_serge_20140323,Target Milestone,mozilla1.9.3a1,---
2010-01-26 10:35:08 PST,bugzillamozillaorg_serge_20140323,status1.9.1,.8-fixed,---
2010-01-26 10:35:08 PST,bugzillamozillaorg_serge_20140323,status1.9.2,.1-fixed,---
2010-01-26 10:35:08 PST,bugzillamozillaorg_serge_20140323,Keywords,,checkin-needed
2010-01-26 10:35:08 PST,bugzillamozillaorg_serge_20140323,Whiteboard,,1.9.1 and 1.9.2 a=NPOTB only in an OS/2 file
