When,Who,What,Added,Removed
2009-09-12 13:41:24 PDT,mozilla,CC,bienvenu,
2009-09-12 13:47:25 PDT,standard8,Target Milestone,Thunderbird 3.0b4,---
2009-09-12 13:47:25 PDT,standard8,Flags,blocking-thunderbird3+,
2009-09-12 14:27:46 PDT,mozilla,Assignee,bienvenu,nobody
2009-09-12 14:27:46 PDT,mozilla,Attachment #400303                Flags,review?(bugzilla),
2009-09-12 21:51:57 PDT,davida,Whiteboard,[no l10n impact][has patch, needs review standard8],
2009-09-12 21:51:57 PDT,davida,CC,david.ascher,
2009-09-13 11:44:14 PDT,mozilla,Attachment #400303                Attachment is obsolete,1,0
2009-09-13 11:44:14 PDT,mozilla,Attachment #400373                Flags,review?(bugzilla),
2009-09-13 11:44:14 PDT,mozilla,Attachment #400303                Flags,,review?(bugzilla)
2009-09-13 13:11:56 PDT,standard8,Attachment #400373                Flags,review+,review?(bugzilla)
2009-09-13 13:12:22 PDT,standard8,Whiteboard,[no l10n impact][ready to land],[no l10n impact][has patch, needs review standard8]
2009-09-13 13:32:08 PDT,mozilla,Whiteboard,[no l10n impact],[no l10n impact][ready to land]
2009-09-13 13:32:25 PDT,mozilla,Status,RESOLVED,NEW
2009-09-13 13:32:25 PDT,mozilla,Resolution,FIXED,---
2009-09-13 13:32:25 PDT,mozilla,Last Resolved,2009-09-13 13:32:25,
