When,Who,What,Added,Removed
2009-09-11 18:53:46 PDT,gal,Blocks,510104,
2009-09-11 18:53:46 PDT,gal,Flags,blocking1.9.2?,
2009-09-11 18:53:46 PDT,gal,tracking-fennec,?,---
2009-09-11 18:56:19 PDT,gal,CC,dmandelin, graydon,
2009-09-11 19:16:31 PDT,vladimir,Assignee,vladimir,general
2009-09-11 19:16:31 PDT,vladimir,Attachment #400222                Flags,review?(gal),
2009-09-11 19:16:42 PDT,vladimir,Flags,blocking1.9.2+,blocking1.9.2?
2009-09-11 19:17:41 PDT,gal,Attachment #400222                Flags,review+,review?(gal)
2009-09-11 19:25:18 PDT,vladimir,Resolution,FIXED,---
2009-09-11 19:25:18 PDT,vladimir,status1.9.2,beta1-fixed,---
2009-09-11 19:25:18 PDT,vladimir,Last Resolved,2009-09-11 19:25:18,
2009-09-11 19:25:18 PDT,vladimir,Status,RESOLVED,NEW
2013-12-10 09:59:04 PST,nobody,tracking-fennec,---,?
