When,Who,What,Added,Removed
2009-09-14 17:23:47 PDT,pascalc,Status,RESOLVED,UNCONFIRMED
2009-09-14 17:23:47 PDT,pascalc,Resolution,FIXED,---
2009-09-14 17:23:47 PDT,pascalc,CC,pascalc,
2009-09-14 17:23:47 PDT,pascalc,Last Resolved,2009-09-14 17:23:47,
2012-04-23 08:15:30 PDT,nobody,Product,Websites,Websites
2012-04-23 08:15:30 PDT,nobody,Component,www.mozilla.org,www.mozilla.org/firefox
2012-08-23 00:16:07 PDT,nobody,Product,www.mozilla.org,Websites
2012-08-23 00:16:07 PDT,nobody,Component,General,www.mozilla.org
