When,Who,What,Added,Removed
2009-09-12 00:20:54 PDT,surkov.alexander,Status,ASSIGNED,NEW
2009-09-12 00:20:54 PDT,surkov.alexander,Assignee,surkov.alexander,nobody
2009-09-12 00:20:54 PDT,surkov.alexander,Attachment #400242                Flags,review?(marco.zehe), review?(bolterbugz),
2009-09-14 02:07:11 PDT,mzehe,Attachment #400242                Flags,review+,review?(marco.zehe)
2009-09-14 06:42:31 PDT,dbolter,CC,bolterbugz,
2009-09-14 07:05:55 PDT,dbolter,Attachment #400242                Flags,review+,review?(bolterbugz)
2009-09-14 21:32:40 PDT,surkov.alexander,Status,RESOLVED,ASSIGNED
2009-09-14 21:32:40 PDT,surkov.alexander,Resolution,FIXED,---
2009-09-14 21:32:40 PDT,surkov.alexander,Last Resolved,2009-09-14 21:32:40,
2009-09-14 21:41:11 PDT,surkov.alexander,OS,All,Windows XP
2009-09-14 21:41:11 PDT,surkov.alexander,Flags,in-testsuite+,
2009-10-07 08:20:08 PDT,mzehe,Attachment #400242                Flags,approval1.9.2?,
2009-10-28 07:44:18 PDT,mbeltzner,Attachment #400242                Flags,approval1.9.2+,approval1.9.2?
2009-10-29 10:52:21 PDT,mzehe,Keywords,verified1.9.2,
2009-10-29 10:52:21 PDT,mzehe,CC,marco.zehe,
2009-10-29 10:52:21 PDT,mzehe,status1.9.2,final-fixed,---
