When,Who,What,Added,Removed
2009-09-12 01:00:35 PDT,21,CC,21,
2009-09-12 09:51:11 PDT,mark.finkle,Assignee,mark.finkle,nobody
2009-09-13 21:48:06 PDT,mark.finkle,Attachment #400287                Attachment is obsolete,1,0
2009-09-13 21:48:06 PDT,mark.finkle,Attachment #400433                Flags,review?(gavin.sharp),
2009-09-15 02:41:03 PDT,fabrice.desre,CC,fabrice.desre,
2009-09-15 09:55:03 PDT,mark.finkle,Attachment #400433                Attachment is obsolete,1,0
2009-09-15 09:55:03 PDT,mark.finkle,Attachment #400793                Flags,review?(gavin.sharp),
2009-09-15 09:55:03 PDT,mark.finkle,Attachment #400433                Flags,,review?(gavin.sharp)
2009-09-17 10:35:58 PDT,mark.finkle,Attachment #400793                Flags,,review?(gavin.sharp)
2009-09-17 10:35:58 PDT,mark.finkle,Attachment #400793                Attachment is obsolete,1,0
2009-09-17 10:35:58 PDT,mark.finkle,Attachment #401232                Flags,review?(gavin.sharp),
2009-09-17 11:17:35 PDT,gavin.sharp,Attachment #401232                Flags,review+,review?(gavin.sharp)
2009-09-17 13:21:19 PDT,mark.finkle,Status,RESOLVED,NEW
2009-09-17 13:21:19 PDT,mark.finkle,Resolution,FIXED,---
2009-09-17 13:21:19 PDT,mark.finkle,Target Milestone,B4,---
2009-09-17 13:21:19 PDT,mark.finkle,Last Resolved,2009-09-17 13:21:19,
2009-09-29 15:14:14 PDT,bking,CC,brian,
2009-09-30 09:53:31 PDT,dave,CC,dave,
