When,Who,What,Added,Removed
2009-09-12 03:35:34 PDT,dtownsend,Flags,blocking-thunderbird3?,
2009-09-13 21:13:03 PDT,davida,CC,bugmail, david.ascher,
2009-09-13 21:13:13 PDT,davida,CC,bienvenu,
2009-09-14 11:43:27 PDT,mozilla,Assignee,bienvenu,nobody
2009-09-14 11:43:27 PDT,mozilla,Attachment #400550                Flags,review?(bugmail), superreview?(bugzilla),
2009-09-14 11:52:08 PDT,davida,Whiteboard,[no l10n impact][has patch, needs review standard8],
2009-09-14 11:58:33 PDT,bugmail,Attachment #400550                Flags,review+,review?(bugmail)
2009-09-14 13:06:30 PDT,standard8,Attachment #400550                Flags,superreview+, approval-thunderbird3+,superreview?(bugzilla)
2009-09-14 13:40:09 PDT,mozilla,Flags,in-testsuite?,
2009-09-14 13:40:09 PDT,mozilla,Last Resolved,2009-09-14 13:40:09,
2009-09-14 13:40:09 PDT,mozilla,Whiteboard,[no l10n impact],[no l10n impact][has patch, needs review standard8]
2009-09-14 13:40:09 PDT,mozilla,Status,RESOLVED,NEW
2009-09-14 13:40:09 PDT,mozilla,Resolution,FIXED,---
2009-09-14 15:14:26 PDT,mozilla,Attachment #400598                Flags,review?(bugmail),
2009-09-14 15:47:25 PDT,bugmail,Attachment #400598                Flags,review+,review?(bugmail)
2009-09-14 15:52:16 PDT,mozilla,Keywords,checkin-needed,
2009-09-14 15:52:16 PDT,mozilla,Whiteboard,[no l10n impact][land test case after b4],[no l10n impact]
2009-09-14 15:52:16 PDT,mozilla,Target Milestone,Thunderbird 3.0b4,---
2009-09-21 01:26:53 PDT,standard8,Keywords,,checkin-needed
2009-09-21 01:26:53 PDT,standard8,Whiteboard,[no l10n impact],[no l10n impact][land test case after b4]
2009-09-21 01:26:53 PDT,standard8,Flags,blocking-thunderbird3+, in-testsuite+,blocking-thunderbird3?, in-testsuite?
