When,Who,What,Added,Removed
2009-09-12 16:12:51 PDT,ozten.bugs,Status,RESOLVED,NEW
2009-09-12 16:12:51 PDT,ozten.bugs,Resolution,FIXED,---
2009-09-12 16:12:51 PDT,ozten.bugs,Last Resolved,2009-09-12 16:12:51,
2009-09-15 11:20:45 PDT,stephen.donner,CC,stephen.donner,
2009-09-15 11:40:46 PDT,giuliano.masseroni,CC,giuliano.masseroni,
2009-09-16 19:58:51 PDT,stephen.donner,Depends on,517128,
2009-09-17 10:04:54 PDT,stephen.donner,Status,VERIFIED,RESOLVED
2011-01-10 00:52:20 PST,timeless,Product,Websites Graveyard,Websites
2011-01-10 00:52:20 PST,timeless,Component,mozillaservice.org,mozillaservice.org
