When,Who,What,Added,Removed
2009-09-12 03:21:41 PDT,Peter,Flags,blocking-thunderbird3?,
2009-09-12 03:35:10 PDT,Peter,Blocks,456814,
2009-09-12 04:33:30 PDT,joachim.herb,CC,herb,
2009-09-13 21:13:37 PDT,davida,CC,david.ascher,
2009-09-14 12:24:52 PDT,clarkbw,CC,clarkbw,
2009-09-14 12:24:52 PDT,clarkbw,Flags,blocking-thunderbird3-,blocking-thunderbird3?
2009-11-04 06:14:22 PST,alfredkayser,CC,alfredkayser,
2011-09-01 16:07:13 PDT,squibblyflabbetydoo,Resolution,FIXED,---
2011-09-01 16:07:13 PDT,squibblyflabbetydoo,CC,squibblyflabbetydoo,
2011-09-01 16:07:13 PDT,squibblyflabbetydoo,Last Resolved,2011-09-01 16:07:13,
2011-09-01 16:07:13 PDT,squibblyflabbetydoo,Status,RESOLVED,UNCONFIRMED
