When,Who,What,Added,Removed
2009-09-11 23:48:52 PDT,philringnalda,Attachment #400240                Flags,review?(bugmail),
2009-09-11 23:56:09 PDT,bugmail,Attachment #400240                Flags,review+,review?(bugmail)
2009-09-12 00:10:31 PDT,philringnalda,Attachment #400240                Flags,approval-thunderbird3?,
2009-09-12 04:04:05 PDT,standard8,Attachment #400240                Flags,approval-thunderbird3+,approval-thunderbird3?
2009-09-12 10:04:38 PDT,philringnalda,Summary,[faceted search] disablehistory on the facet browser,disablehistory on the facet browser
2009-09-12 18:09:34 PDT,philringnalda,Status,RESOLVED,ASSIGNED
2009-09-12 18:09:34 PDT,philringnalda,Resolution,FIXED,---
2009-09-12 18:09:34 PDT,philringnalda,Last Resolved,2009-09-12 18:09:34,
2009-09-12 18:22:27 PDT,philringnalda,Target Milestone,Thunderbird 3.0b4,---
2009-09-15 04:39:17 PDT,vseerror,Component,Search,Toolbars and Tabs
2009-09-15 04:39:17 PDT,vseerror,QA Contact,search,toolbars-tabs
