When,Who,What,Added,Removed
2009-09-13 10:58:08 PDT,21,Attachment #400369                Flags,review?(mark.finkle),
2009-09-13 21:16:33 PDT,mark.finkle,Attachment #400369                Flags,review+,review?(mark.finkle)
2009-09-13 21:53:47 PDT,mark.finkle,Assignee,21,nobody
2009-09-13 21:53:47 PDT,mark.finkle,CC,mark.finkle,
2009-09-13 21:53:47 PDT,mark.finkle,Target Milestone,B4,---
2009-09-13 21:53:47 PDT,mark.finkle,Last Resolved,2009-09-13 21:53:47,
2009-09-13 21:53:47 PDT,mark.finkle,Status,RESOLVED,NEW
2009-09-13 21:53:47 PDT,mark.finkle,Resolution,FIXED,---
2009-09-14 07:53:23 PDT,jmaher,Status,VERIFIED,RESOLVED
2009-09-14 07:53:23 PDT,jmaher,CC,jmaher,
