When,Who,What,Added,Removed
2009-09-13 04:00:14 PDT,bugzilla2007,Flags,blocking-thunderbird3?,
2009-09-13 06:58:37 PDT,standard8,CC,bugmail,
2009-09-13 07:45:59 PDT,bugmail,Status,ASSIGNED,NEW
2009-09-13 07:45:59 PDT,bugmail,Assignee,bugmail,nobody
2009-09-13 11:04:39 PDT,blog,CC,blog,
2009-09-13 13:41:55 PDT,bugzilla2007,Status,NEW,ASSIGNED
2009-09-13 21:14:51 PDT,davida,CC,david.ascher,
2009-09-13 22:46:16 PDT,ludovic,CC,ludovic,
2009-09-13 22:46:16 PDT,ludovic,Flags,in-testsuite?,
2009-09-14 12:07:03 PDT,standard8,Target Milestone,Thunderbird 3.0b4,---
2009-09-14 12:07:03 PDT,standard8,Flags,blocking-thunderbird3+,blocking-thunderbird3?
2009-09-14 12:24:58 PDT,bugmail,Attachment #400558                Flags,review?(bienvenu),
2009-09-14 13:26:41 PDT,mozilla,Attachment #400558                Flags,review+,review?(bienvenu)
2009-09-14 13:33:08 PDT,standard8,Attachment #400558                Flags,approval-thunderbird3+,
2009-09-14 13:37:31 PDT,bugmail,Last Resolved,2009-09-14 13:37:31,
2009-09-14 13:37:31 PDT,bugmail,Status,RESOLVED,NEW
2009-09-14 13:37:31 PDT,bugmail,Resolution,FIXED,---
2009-09-14 17:23:36 PDT,jay+MOZILLA,CC,jay+MOZILLA,
2009-09-15 04:39:18 PDT,vseerror,Component,Search,General
2009-09-15 04:39:18 PDT,vseerror,QA Contact,search,general
