When,Who,What,Added,Removed
2009-09-14 04:01:21 PDT,bugs,Status,ASSIGNED,NEW
2009-09-14 04:01:21 PDT,bugs,Assignee,Olli.Pettay,nobody
2009-09-14 04:01:43 PDT,bugs,Whiteboard,[sg:ciritical?],
2009-09-14 04:02:49 PDT,bugs,Whiteboard,[sg:critical?],[sg:ciritical?]
2009-09-14 06:49:13 PDT,bugs,CC,enndeakin,
2009-09-14 06:49:20 PDT,bugs,CC,neil,
2009-09-14 06:49:41 PDT,bugs,Attachment #400468                Flags,review?(enndeakin), superreview?(neil),
2009-09-14 07:44:56 PDT,neil,Attachment #400468                Flags,superreview+,superreview?(neil)
2009-09-14 07:48:11 PDT,bugs,Attachment #400468                Attachment is obsolete,1,0
2009-09-14 07:48:11 PDT,bugs,Attachment #400495                Flags,review?(enndeakin),
2009-09-14 07:48:11 PDT,bugs,Attachment #400468                Flags,,review?(enndeakin)
2009-09-14 07:49:46 PDT,bugs,Attachment #400497                Flags,review?(enndeakin),
2009-09-14 07:49:46 PDT,bugs,Attachment #400495                Flags,,review?(enndeakin)
2009-09-14 07:49:46 PDT,bugs,Attachment #400495                Attachment is obsolete,1,0
2009-09-14 08:40:53 PDT,enndeakin,Attachment #400497                Flags,review+,review?(enndeakin)
2009-09-14 17:01:03 PDT,jwalden+bmo,CC,jwalden+bmo,
2009-09-15 02:23:45 PDT,bugs,Status,RESOLVED,ASSIGNED
2009-09-15 02:23:45 PDT,bugs,Resolution,FIXED,---
2009-09-15 02:23:45 PDT,bugs,Last Resolved,2009-09-15 02:23:45,
2009-09-15 02:24:07 PDT,bugs,Attachment #400497                Flags,approval1.9.2?,
2009-09-15 07:37:50 PDT,bugs,Status,REOPENED,RESOLVED
2009-09-15 07:37:50 PDT,bugs,Resolution,---,FIXED
2009-09-16 01:13:03 PDT,bugs,Status,RESOLVED,REOPENED
2009-09-16 01:13:03 PDT,bugs,Resolution,FIXED,---
2009-09-16 01:13:03 PDT,bugs,Last Resolved,2009-09-16 01:13:03,2009-09-15 02:23:45
2009-09-17 16:20:18 PDT,dbaron,Attachment #400497                Flags,approval1.9.2+,approval1.9.2?
2009-09-26 13:09:45 PDT,dmose,Depends on,516912,
2009-09-27 12:20:14 PDT,dmose,CC,dmose, philringnalda,
2009-10-04 10:41:51 PDT,samuel.sidler+old,CC,samuel.sidler,
2009-10-04 11:01:47 PDT,davida,CC,bugmail, david.ascher,
2009-10-14 13:33:59 PDT,mozilla,CC,bienvenu,
2009-10-16 09:55:59 PDT,dmose,blocking1.9.1,?,---
2009-10-16 10:57:18 PDT,dveditz,Keywords,crash, testcase,
2009-10-16 10:57:18 PDT,dveditz,CC,dveditz,
2009-10-16 10:57:18 PDT,dveditz,blocking1.9.1,.5+,?
2009-10-16 10:57:18 PDT,dveditz,status1.9.1,wanted,---
2009-11-04 04:38:09 PST,ludovic,CC,bugzilla, ludovic,
2009-11-04 06:33:43 PST,bugs,Attachment #410230                Flags,review?(enndeakin), superreview?(neil),
2009-11-04 07:21:04 PST,enndeakin,Attachment #410230                Flags,review+,review?(enndeakin)
2009-11-04 08:49:18 PST,neil,Attachment #410230                Flags,superreview+,superreview?(neil)
2009-11-05 07:00:15 PST,bugs,Attachment #410230                Flags,approval1.9.1.6?,
2009-11-06 11:33:25 PST,dveditz,Attachment #410230                Flags,approval1.9.1.6+,approval1.9.1.6?
2009-11-06 12:18:31 PST,bugs,Attachment #410230                Flags,approval1.9.0.16?,
2009-11-06 13:08:29 PST,bugs,status1.9.1,.6-fixed,wanted
2009-11-09 14:17:00 PST,dveditz,Attachment #410230                Flags,approval1.9.0.16+,approval1.9.0.16?
2009-11-09 14:17:12 PST,dveditz,Flags,blocking1.9.0.16+,
2009-11-10 16:52:40 PST,abillings,Keywords,verified1.9.1,
2009-11-10 16:52:40 PST,abillings,CC,abillings,
2009-11-11 11:02:29 PST,bugs,Keywords,fixed1.9.0.16,
2009-11-20 17:09:43 PST,abillings,Flags,blocking1.9.2?,
2009-11-20 17:11:19 PST,abillings,Keywords,verified1.9.0.16,fixed1.9.0.16
2009-11-21 02:07:13 PST,roc,Whiteboard,[sg:critical?][needs 192 landing],[sg:critical?]
2009-11-21 02:07:13 PST,roc,CC,roc,
2009-11-22 12:11:46 PST,bugs,Attachment #410230                Flags,approval1.9.2?,
2009-11-22 12:17:40 PST,bugs,blocking1.9.1,---,.6+
2009-11-23 10:31:02 PST,samuel.sidler+old,blocking1.9.1,.6+,---
2009-11-23 16:57:26 PST,dbaron,Flags,blocking1.9.2+,blocking1.9.2?
2009-11-24 07:49:39 PST,bugs,Attachment #410230                Flags,,approval1.9.2?
2009-11-24 07:51:45 PST,bugs,Whiteboard,[sg:critical?],[sg:critical?][needs 192 landing]
2009-11-24 07:51:45 PST,bugs,status1.9.2,final-fixed,---
2010-04-01 20:17:32 PDT,dveditz,Group,,core-security
