When,Who,What,Added,Removed
2009-09-13 10:15:30 PDT,gary,Flags,blocking1.9.2?,
2009-09-13 10:18:37 PDT,gary,Whiteboard,[ccbr],
2009-09-13 10:42:15 PDT,ryanvm,CC,ryanvm,
2009-09-13 16:45:30 PDT,brendan,Status,ASSIGNED,NEW
2009-09-13 16:45:30 PDT,brendan,Assignee,brendan,general
2009-09-13 16:45:30 PDT,brendan,Attachment #400403                Flags,review?(igor),
2009-09-13 16:46:23 PDT,brendan,Hardware,All,x86
2009-09-13 16:46:23 PDT,brendan,OS,All,Mac OS X
2009-09-13 16:46:23 PDT,brendan,Priority,P1,--
2009-09-13 16:46:23 PDT,brendan,Target Milestone,mozilla1.9.2,---
2009-09-13 17:27:17 PDT,xtc4uall,CC,xtc4uall,
2009-09-14 03:10:02 PDT,sayrer,CC,sayrer,
2009-09-14 03:10:02 PDT,sayrer,Flags,blocking1.9.2+,blocking1.9.2?
2009-09-14 05:56:46 PDT,igor,Attachment #400403                Flags,,review?(igor)
2009-09-14 07:30:31 PDT,brendan,Whiteboard,fixed-in-tracemonkey [ccbr],[ccbr]
2009-09-16 17:42:49 PDT,mrbkap,Resolution,FIXED,---
2009-09-16 17:42:49 PDT,mrbkap,CC,mrbkap,
2009-09-16 17:42:49 PDT,mrbkap,Last Resolved,2009-09-16 17:42:49,
2009-09-16 17:42:49 PDT,mrbkap,Status,RESOLVED,ASSIGNED
2009-10-05 10:29:40 PDT,sayrer,Flags,blocking1.9.2?,blocking1.9.2+
2009-11-12 07:08:46 PST,mbeltzner,Flags,blocking1.9.2+,blocking1.9.2?
2009-11-25 04:06:33 PST,sayrer,Flags,blocking1.9.2-,blocking1.9.2+
2011-06-13 10:01:48 PDT,nobody,Crash Signature,[@ js_Interpret],
