When,Who,What,Added,Removed
2009-09-13 07:05:36 PDT,tanner.sumo.bugs,CC,tanner.sumo.bugs,
2009-09-13 07:06:07 PDT,tanner.sumo.bugs,Ever confirmed,1,0
2009-09-13 07:06:07 PDT,tanner.sumo.bugs,Whiteboard,Dupe of Bug 78414 ?,
2009-09-13 07:06:07 PDT,tanner.sumo.bugs,Status,NEW,UNCONFIRMED
2009-09-13 07:13:51 PDT,tanner.sumo.bugs,Whiteboard,,Dupe of Bug 78414 ?
2009-09-13 07:13:51 PDT,tanner.sumo.bugs,Status,RESOLVED,NEW
2009-09-13 07:13:51 PDT,tanner.sumo.bugs,Resolution,DUPLICATE,---
2009-09-13 07:13:51 PDT,tanner.sumo.bugs,Last Resolved,2009-09-13 07:13:51,
2009-09-13 08:15:20 PDT,jk,Status,REOPENED,RESOLVED
2009-09-13 08:15:20 PDT,jk,Resolution,---,DUPLICATE
2009-09-13 08:31:00 PDT,dtownsend,Component,Plug-ins,General
2009-09-13 08:31:00 PDT,dtownsend,QA Contact,plugins,general
2009-09-13 08:31:00 PDT,dtownsend,CC,dtownsend, joshmoz, smichaud,
2009-09-13 08:31:00 PDT,dtownsend,Summary,[10.6] Wrong event modifiers passed to Flash plugin on switching Spaces with Ctrl-<number key>,Wrong event modifiers passed to Flash plugin on switching Spaces with Ctrl-<number key>
2009-09-13 08:31:00 PDT,dtownsend,Product,Core,Firefox
2009-09-13 14:50:14 PDT,altoclef,CC,altoclef,
2009-09-14 05:21:30 PDT,phiw2,CC,phiw,
2009-09-14 09:07:12 PDT,nevermadness,CC,nevermadness,
2009-09-14 11:31:12 PDT,bugzilla-graveyard,CC,cl-bugs-new,
2009-09-15 15:22:30 PDT,mbramlage,CC,mbramlage,
2009-09-16 20:46:11 PDT,fishywang,CC,fishywang,
2009-09-17 06:44:37 PDT,krmathis,CC,krmathis,
2009-09-21 16:17:35 PDT,phiw2,CC,sziadeh,
2009-09-22 17:14:21 PDT,smichaud,Assignee,smichaud,nobody
2009-09-22 17:14:35 PDT,smichaud,Status,ASSIGNED,REOPENED
2009-09-25 10:05:55 PDT,smichaud,Attachment #402855                Flags,review?(joshmoz),
2009-09-25 12:52:41 PDT,jaas,Attachment #402855                Flags,review+,review?(joshmoz)
2009-09-25 13:04:54 PDT,smichaud,Summary,[10.6] Wrong event modifiers passed to plugin on switching Spaces with Ctrl-<number key>,[10.6] Wrong event modifiers passed to Flash plugin on switching Spaces with Ctrl-<number key>
2009-09-25 13:12:22 PDT,smichaud,Status,RESOLVED,ASSIGNED
2009-09-25 13:12:22 PDT,smichaud,Resolution,FIXED,---
2009-09-25 13:12:22 PDT,smichaud,Last Resolved,2009-09-25 13:12:22,2009-09-13 07:13:51
2009-09-25 13:22:26 PDT,smichaud,Attachment #402855                Flags,approval1.9.2?, approval1.9.1.5?, approval1.9.0.16?,
2009-10-16 10:33:23 PDT,dveditz,Attachment #402855                Flags,,approval1.9.1.5?, approval1.9.0.16?
2009-10-16 10:34:58 PDT,samuel.sidler+old,CC,samuel.sidler,
2009-10-16 16:57:51 PDT,jst,Attachment #402855                Flags,approval1.9.2+,approval1.9.2?
2009-10-19 09:41:01 PDT,smichaud,status1.9.2,beta1-fixed,---
