When,Who,What,Added,Removed
2009-09-13 15:57:04 PDT,n.nethercote,Attachment #400401                Flags,review?(brendan),
2009-09-13 16:16:47 PDT,brendan,Attachment #400401                Flags,review+,review?(brendan)
2009-09-13 16:20:31 PDT,brendan,CC,brendan,
2009-09-13 21:20:35 PDT,n.nethercote,Whiteboard,fixed-in-tracemonkey,
2009-09-16 17:42:23 PDT,mrbkap,Status,RESOLVED,ASSIGNED
2009-09-16 17:42:23 PDT,mrbkap,Resolution,FIXED,---
2009-09-16 17:42:23 PDT,mrbkap,CC,mrbkap,
2009-09-16 17:42:23 PDT,mrbkap,Last Resolved,2009-09-16 17:42:23,
2009-10-01 23:38:22 PDT,sayrer,CC,sayrer,
2009-10-01 23:38:22 PDT,sayrer,Flags,wanted1.9.2?,
2011-08-15 11:22:14 PDT,sayrer,Flags,,wanted1.9.2?
