When,Who,What,Added,Removed
2009-09-13 13:47:56 PDT,21,Attachment #400390                Flags,review?(mark.finkle),
2009-09-13 21:15:36 PDT,mark.finkle,Attachment #400390                Flags,review+,review?(mark.finkle)
2009-09-13 21:54:31 PDT,mark.finkle,Target Milestone,B4,---
2009-09-13 21:54:31 PDT,mark.finkle,Last Resolved,2009-09-13 21:54:31,
2009-09-13 21:54:31 PDT,mark.finkle,Status,RESOLVED,NEW
2009-09-13 21:54:31 PDT,mark.finkle,Resolution,FIXED,---
2009-09-13 21:54:31 PDT,mark.finkle,Assignee,21,nobody
2009-09-13 21:54:31 PDT,mark.finkle,CC,mark.finkle,
2009-09-14 07:52:46 PDT,jmaher,Status,VERIFIED,RESOLVED
2009-09-14 07:52:46 PDT,jmaher,CC,jmaher,
2009-09-14 10:38:03 PDT,gavin.sharp,CC,gavin.sharp,
