When,Who,What,Added,Removed
2009-09-13 10:18:29 PDT,gary,Flags,blocking1.9.2?,
2009-09-13 10:43:27 PDT,ryanvm,CC,ryanvm,
2009-09-13 17:23:06 PDT,brendan,Status,ASSIGNED,NEW
2009-09-13 17:23:06 PDT,brendan,Assignee,brendan,general
2009-09-13 17:23:06 PDT,brendan,Attachment #400408                Flags,review?(igor),
2009-09-13 17:27:34 PDT,xtc4uall,CC,xtc4uall,
2009-09-14 03:11:28 PDT,sayrer,CC,sayrer,
2009-09-14 03:11:28 PDT,sayrer,Flags,blocking1.9.2+,blocking1.9.2?
2009-09-14 05:58:54 PDT,igor,Attachment #400408                Flags,,review?(igor)
2009-09-14 07:36:32 PDT,brendan,Whiteboard,fixed-in-tracemonkey,
2009-09-16 17:43:04 PDT,mrbkap,Resolution,FIXED,---
2009-09-16 17:43:04 PDT,mrbkap,CC,mrbkap,
2009-09-16 17:43:04 PDT,mrbkap,Last Resolved,2009-09-16 17:43:04,
2009-09-16 17:43:04 PDT,mrbkap,Status,RESOLVED,ASSIGNED
2009-09-23 14:36:30 PDT,sayrer,Priority,P1,--
2009-10-05 10:30:44 PDT,sayrer,Flags,blocking1.9.2?,blocking1.9.2+
2009-11-20 08:10:41 PST,sayrer,Flags,blocking1.9.2-,blocking1.9.2?
