When,Who,What,Added,Removed
2009-09-22 07:10:34 PDT,mozilla,Depends on,500379,
2009-10-05 21:42:46 PDT,dragtext,Attachment #404769                Flags,review?(mozilla),
2009-10-12 02:15:59 PDT,mozilla,Attachment #404769                Flags,review+,review?(mozilla)
2009-10-12 02:58:26 PDT,mozilla,Status,RESOLVED,ASSIGNED
2009-10-12 02:58:26 PDT,mozilla,Resolution,FIXED,---
2009-10-12 02:58:26 PDT,mozilla,Last Resolved,2009-10-12 02:58:26,
2009-10-13 23:28:39 PDT,mozilla,status1.9.2,beta1-fixed,---
2009-11-01 15:16:07 PST,mozilla,status1.9.2,final-fixed,beta1-fixed
2014-12-09 11:27:40 PST,nobody,Product,Core Graveyard,Core
