When,Who,What,Added,Removed
2009-09-13 21:06:44 PDT,ozten.bugs,Status,RESOLVED,NEW
2009-09-13 21:06:44 PDT,ozten.bugs,Resolution,FIXED,---
2009-09-13 21:06:44 PDT,ozten.bugs,Last Resolved,2009-09-13 21:06:44,
2009-09-13 21:40:17 PDT,stephen.donner,CC,stephen.donner,
2009-09-13 21:40:17 PDT,stephen.donner,Hardware,All,x86
2009-09-13 21:40:17 PDT,stephen.donner,OS,All,Mac OS X
2009-09-14 08:49:07 PDT,stephen.donner,Status,VERIFIED,RESOLVED
2011-01-10 00:51:47 PST,timeless,Product,Websites Graveyard,Websites
2011-01-10 00:51:47 PST,timeless,Component,mozillaservice.org,mozillaservice.org
