When,Who,What,Added,Removed
2009-09-13 09:30:55 PDT,jimb,CC,shaver,
2009-09-13 09:57:32 PDT,brendan,CC,brendan,
2009-09-15 01:29:48 PDT,fullmetaljacket.xp+bugmail,CC,fullmetaljacket.xp+bugmail,
2010-02-03 18:55:10 PST,dmandelin,CC,dmandelin,
2010-08-05 22:31:02 PDT,jwalden+bmo,Hardware,All,x86
2010-08-05 22:31:02 PDT,jwalden+bmo,OS,All,Linux
2010-08-05 22:31:02 PDT,jwalden+bmo,Assignee,jwalden+bmo,general
2010-08-05 22:31:02 PDT,jwalden+bmo,CC,jwalden+bmo,
2010-08-11 18:01:42 PDT,jwalden+bmo,Status,ASSIGNED,NEW
2010-08-11 23:23:02 PDT,jwalden+bmo,Depends on,514563,
2010-08-12 03:05:25 PDT,jwalden+bmo,Attachment #465174                Flags,review?(dmandelin),
2010-08-12 03:11:44 PDT,jwalden+bmo,Attachment #465176                Flags,review?(dmandelin),
2010-08-12 03:24:11 PDT,jwalden+bmo,Attachment #465177                Flags,review?(dmandelin),
2010-08-12 03:26:41 PDT,jwalden+bmo,Attachment #465179                Flags,review?(dmandelin),
2010-08-12 03:33:41 PDT,jwalden+bmo,Attachment #465182                Flags,review?(dmandelin),
2010-08-12 08:19:25 PDT,brendan,CC,oliver,
2010-08-12 11:52:05 PDT,dmandelin,Attachment #465174                Flags,review+,review?(dmandelin)
2010-08-12 12:10:13 PDT,dmandelin,Attachment #465176                Flags,,review?(dmandelin)
2010-08-12 15:06:37 PDT,dmandelin,Attachment #465176                Flags,review+,
2010-08-12 15:08:08 PDT,jwalden+bmo,Attachment #465179                Attachment is obsolete,1,0
2010-08-12 15:08:08 PDT,jwalden+bmo,Attachment #465402                Flags,review?(dmandelin),
2010-08-12 15:08:08 PDT,jwalden+bmo,Attachment #465179                Flags,,review?(dmandelin)
2010-08-12 15:09:30 PDT,jwalden+bmo,Attachment #465402                Attachment description,3: Use name analysis information to synthesize an arguments access at the start of functions which might modify parameters,4: Tests for arguments/parameter values with various access patterns -- now without JSOP_ARGSUB fail!
2010-08-12 15:09:45 PDT,jwalden+bmo,Attachment #465177                Attachment is obsolete,1,0
2010-08-12 15:09:45 PDT,jwalden+bmo,Attachment #465177                Flags,,review?(dmandelin)
2010-08-12 15:11:06 PDT,jwalden+bmo,Attachment #465407                Flags,review?(dmandelin),
2010-08-12 17:19:31 PDT,dmandelin,Attachment #465182                Flags,review+,review?(dmandelin)
2010-08-12 17:20:28 PDT,jwalden+bmo,Attachment #465176                Attachment is obsolete,1,0
2010-08-12 17:20:28 PDT,jwalden+bmo,Attachment #465477                Flags,review?(dmandelin),
2010-08-12 17:25:42 PDT,dmandelin,Attachment #465402                Flags,review+,review?(dmandelin)
2010-08-12 17:25:54 PDT,dmandelin,Attachment #465182                Flags,review?(dmandelin),review+
2010-08-12 17:36:07 PDT,dmandelin,Attachment #465477                Flags,review+,review?(dmandelin)
2010-08-12 17:36:48 PDT,dmandelin,Attachment #465407                Flags,review+,review?(dmandelin)
2010-08-12 17:39:37 PDT,dmandelin,Attachment #465182                Flags,review+,review?(dmandelin)
2010-08-17 14:53:45 PDT,jwalden+bmo,Whiteboard,fixed-in-tracemonkey,
2010-08-23 14:48:35 PDT,sayrer,Status,RESOLVED,ASSIGNED
2010-08-23 14:48:35 PDT,sayrer,Resolution,FIXED,---
2010-08-23 14:48:35 PDT,sayrer,CC,sayrer,
2010-08-23 14:48:35 PDT,sayrer,Last Resolved,2010-08-23 14:48:35,
2010-12-21 11:35:08 PST,jruderman,Depends on,620750,
2011-02-10 04:38:51 PST,gary,Depends on,632924,
2011-03-22 20:24:19 PDT,jwalden+bmo,Depends on,644015,
