When,Who,What,Added,Removed
2009-09-13 15:30:28 PDT,mary,Summary,Period needed in OneWebDay blurb on phase 2 pages,Period needed in OneWebDay blurb on promo page
2009-09-13 20:56:32 PDT,ozten.bugs,Status,RESOLVED,NEW
2009-09-13 20:56:32 PDT,ozten.bugs,Resolution,FIXED,---
2009-09-13 20:56:32 PDT,ozten.bugs,Last Resolved,2009-09-13 20:56:32,
2009-09-13 21:39:57 PDT,stephen.donner,Hardware,All,x86
2009-09-13 21:39:57 PDT,stephen.donner,OS,All,Mac OS X
2009-09-13 21:39:57 PDT,stephen.donner,CC,stephen.donner,
2009-09-14 08:44:08 PDT,stephen.donner,Status,VERIFIED,RESOLVED
2011-01-10 00:51:36 PST,timeless,Product,Websites Graveyard,Websites
2011-01-10 00:51:36 PST,timeless,Component,mozillaservice.org,mozillaservice.org
