When,Who,What,Added,Removed
2009-09-13 14:21:13 PDT,gavin.sharp,CC,gavin.sharp,
2009-09-13 14:30:42 PDT,ajvincent,CC,ajvincent,
2009-09-13 14:37:45 PDT,mstange,CC,mstange,
2009-09-14 09:13:03 PDT,bzbarsky,Attachment #400522                Flags,review?(dbaron),
2009-09-15 01:31:58 PDT,fullmetaljacket.xp+bugmail,CC,fullmetaljacket.xp+bugmail,
2009-09-23 21:29:20 PDT,dbaron,Attachment #400522                Flags,review+,review?(dbaron)
2009-09-24 10:39:32 PDT,bzbarsky,CC,jruderman,
2009-09-24 11:01:21 PDT,bzbarsky,Status,RESOLVED,NEW
2009-09-24 11:01:21 PDT,bzbarsky,Resolution,FIXED,---
2009-09-24 11:01:21 PDT,bzbarsky,Flags,in-testsuite-,
2009-09-24 11:01:21 PDT,bzbarsky,Last Resolved,2009-09-24 11:01:21,
