When,Who,What,Added,Removed
2010-01-15 13:30:32 PST,euryalus.0,CC,unerkannt,
2010-03-15 07:43:02 PDT,ludovic,CC,ac_bbs,
2010-05-08 13:46:46 PDT,alex,CC,alex,
2011-03-04 05:07:59 PST,schmid-thomas,CC,schmid-thomas,
2011-03-04 06:08:48 PST,gary,CC,gary,
2011-03-09 02:53:31 PST,ludovic,Whiteboard,[fixed by bug 468808],
2011-03-09 02:53:31 PST,ludovic,Status,RESOLVED,NEW
2011-03-09 02:53:31 PST,ludovic,Resolution,FIXED,---
2011-03-09 02:53:31 PST,ludovic,CC,ludovic,
2011-03-09 02:53:31 PST,ludovic,Last Resolved,2011-03-09 02:53:31,
