When,Who,What,Added,Removed
2009-09-13 13:50:41 PDT,davidwboswell,CC,david,
2009-09-15 10:21:49 PDT,davidwboswell,Summary,Some pages have overflow problem,mozilla.org/projects/tinderbox/ content has overflow problem
2009-11-21 19:14:51 PST,davidwboswell,Priority,P4,--
2009-12-16 09:35:25 PST,davidwboswell,Priority,P2,P4
2009-12-16 10:54:09 PST,michaell+bmo,CC,michaell+bmo,
2009-12-16 14:32:46 PST,davidwboswell,CC,tech,
2010-01-15 09:37:54 PST,davidwboswell,CC,alice0775,
2010-01-15 09:38:06 PST,davidwboswell,CC,jmuizelaar,
2010-01-15 09:38:35 PST,davidwboswell,Summary,New templates cause overflow problem on site pages,Some pages have overflow problem
2010-01-15 09:38:35 PST,davidwboswell,Priority,P1,P2
2010-01-24 08:36:44 PST,davidwboswell,CC,jakon68,
2010-01-25 11:41:00 PST,polidobj,URL,http://www.mozilla.org/unix/customizing.html,http://www.mozilla.org/projects/tinderbox/
2010-01-25 11:41:00 PST,polidobj,CC,polidobj,
2010-01-25 11:49:01 PST,davidwboswell,Assignee,fantasai.bugs,nobody
2010-01-26 12:45:59 PST,davidwboswell,CC,bv1578,
2010-02-18 11:53:59 PST,davidwboswell,CC,johnjbarton,
2010-02-18 16:25:04 PST,johnjbarton,CC,,johnjbarton
2010-02-19 12:46:36 PST,davidwboswell,CC,buchanae,
2010-04-14 07:34:25 PDT,davidwboswell,CC,lieven,
2010-04-14 08:15:00 PDT,xtc4uall,CC,xtc4uall,
2010-05-12 09:40:35 PDT,davidwboswell,CC,akkzilla,
2010-08-10 08:09:49 PDT,gen,CC,gen,
2010-09-02 10:10:58 PDT,kairo,CC,kairo,
2010-11-05 11:02:10 PDT,davidwboswell,Status,RESOLVED,NEW
2010-11-05 11:02:10 PDT,davidwboswell,Resolution,FIXED,---
2010-11-05 11:02:10 PDT,davidwboswell,Last Resolved,2010-11-05 11:02:10,
2012-08-23 00:16:07 PDT,nobody,Product,www.mozilla.org,Websites
2012-08-23 00:16:07 PDT,nobody,Component,General,www.mozilla.org
