When,Who,What,Added,Removed
2009-09-13 01:19:54 PDT,wormsxulla,CC,wormsxulla,
2015-02-09 13:05:02 PST,smartinez11,CC,smartinez11,
2015-02-09 13:50:07 PST,gijskruitbosch+bugs,CC,gijskruitbosch+bugs,
2015-02-09 13:50:07 PST,gijskruitbosch+bugs,Assignee,smartinez11,rginda
2015-02-10 04:40:49 PST,gijskruitbosch+bugs,Flags,needinfo?(smartinez11),
2015-02-10 05:44:54 PST,bugzilla-mozilla-20000923,Attachment #8561896                Attachment is patch,0,1
2015-02-10 05:44:54 PST,bugzilla-mozilla-20000923,Attachment #8561896                Attachment mime type,application/zip,text/plain
2015-02-10 14:11:41 PST,smartinez11,Flags,,needinfo?(smartinez11)
2015-02-10 14:21:46 PST,gijskruitbosch+bugs,Flags,needinfo?(smartinez11),
2015-02-11 13:09:29 PST,smartinez11,Flags,,needinfo?(smartinez11)
2015-02-11 13:12:08 PST,gijskruitbosch+bugs,Attachment #8563003                Flags,review?(gijskruitbosch+bugs),
2015-02-11 21:12:31 PST,svetlana,CC,gryllida,
2015-02-12 02:37:27 PST,gijskruitbosch+bugs,Attachment #8563003                Flags,review+,review?(gijskruitbosch+bugs)
2015-02-12 02:38:19 PST,gijskruitbosch+bugs,Attachment #8563003                Flags,feedback+,review+
2015-02-12 02:56:56 PST,bugzilla-mozilla-20000923,CC,bugzilla-mozilla-20000923,
2015-02-19 00:37:42 PST,gijskruitbosch+bugs,Attachment #8566214                Flags,review?(gijskruitbosch+bugs),
2015-02-19 13:40:11 PST,gijskruitbosch+bugs,Attachment #8563003                Attachment is obsolete,1,0
2015-02-19 13:41:01 PST,gijskruitbosch+bugs,Attachment #8566214                Attachment is obsolete,1,0
2015-02-19 13:41:01 PST,gijskruitbosch+bugs,Attachment #8566214                Flags,,review?(gijskruitbosch+bugs)
2015-02-19 13:41:16 PST,gijskruitbosch+bugs,Attachment #8566782                Flags,feedback+,
2015-02-23 13:11:06 PST,smartinez11,Attachment #8561896                Attachment is obsolete,1,0
2015-02-26 00:22:17 PST,gijskruitbosch+bugs,Attachment #8568144                Flags,review?(gijskruitbosch+bugs),
2015-02-26 02:43:28 PST,gijskruitbosch+bugs,CC,Claire.buehler,
2015-02-26 02:43:28 PST,gijskruitbosch+bugs,Flags,needinfo?(smartinez11), needinfo?(Claire.buehler),
2015-02-26 02:44:31 PST,gijskruitbosch+bugs,Attachment #8566782                Attachment is obsolete,1,0
2015-02-26 02:44:34 PST,gijskruitbosch+bugs,Status,ASSIGNED,NEW
2015-02-26 02:44:34 PST,gijskruitbosch+bugs,Assignee,gijskruitbosch+bugs,smartinez11
2015-02-26 02:44:53 PST,gijskruitbosch+bugs,Attachment #8569771                Flags,review+,
2015-02-26 02:45:11 PST,gijskruitbosch+bugs,Attachment #8568144                Attachment is obsolete,1,0
2015-02-26 02:45:11 PST,gijskruitbosch+bugs,Attachment #8568144                Flags,,review?(gijskruitbosch+bugs)
2015-02-26 02:46:12 PST,gijskruitbosch+bugs,Assignee,smartinez11,gijskruitbosch+bugs
2015-02-26 02:46:12 PST,gijskruitbosch+bugs,Mentor,gijskruitbosch+bugs@gmail.com,
2015-02-26 12:27:27 PST,smartinez11,Flags,,needinfo?(smartinez11)
2015-02-27 00:57:14 PST,gijskruitbosch+bugs,Status,RESOLVED,ASSIGNED
2015-02-27 00:57:14 PST,gijskruitbosch+bugs,Resolution,FIXED,---
2015-02-27 00:57:14 PST,gijskruitbosch+bugs,Flags,,needinfo?(Claire.buehler)
2015-02-27 00:57:14 PST,gijskruitbosch+bugs,Last Resolved,2015-02-27 00:57:14,
