When,Who,What,Added,Removed
2009-09-13 05:31:09 PDT,bugzilla2007,Flags,blocking-thunderbird3?,
2009-09-13 05:35:55 PDT,bugzilla2007,Whiteboard,xref bug 489001,
2009-09-13 05:35:55 PDT,bugzilla2007,Flags,,blocking-thunderbird3?
2009-09-13 13:49:15 PDT,bugzilla2007,Depends on,193281,
2009-09-13 17:38:24 PDT,m-wada,CC,m-wada,
2009-09-13 19:06:13 PDT,m-wada,Blocks,269826,
2009-09-14 01:06:17 PDT,bugzilla2007,Summary,Message > Archive does not work for .eml files or emails from attachments (cannot use archive command, doesn't do anything),Cannot archive .eml files or emails from attachments
2010-06-27 09:42:32 PDT,m-wada,CC,,m-wada
2011-02-07 08:25:54 PST,vseerror,Component,Message Reader UI,General
2011-02-07 08:25:54 PST,vseerror,QA Contact,message-reader,general
2011-02-07 08:25:54 PST,vseerror,CC,vseerror,
2012-01-25 19:53:42 PST,squibblyflabbetydoo,CC,squibblyflabbetydoo,
2012-01-26 00:14:32 PST,bugzilla2007,CC,mkmelin+mozilla, rsx11m.pub,
2012-01-27 10:31:31 PST,bugzilla2007,Summary,Message > Archive does not work for .eml files or emails from attachments (cannot use archive command, doesn't do anything) - Minimal fix: disable Archive where it doesn't work,Message > Archive does not work for .eml files or emails from attachments (cannot use archive command, doesn't do anything)
2012-10-02 13:02:55 PDT,mkmelin+mozilla,Status,ASSIGNED,NEW
2012-10-02 13:02:55 PDT,mkmelin+mozilla,Assignee,mkmelin+mozilla,nobody
2012-10-02 13:02:55 PDT,mkmelin+mozilla,Attachment #667127                Flags,review?(squibblyflabbetydoo),
2012-11-16 21:05:14 PST,squibblyflabbetydoo,Attachment #667127                Flags,review+,review?(squibblyflabbetydoo)
2012-11-17 11:10:53 PST,mkmelin+mozilla,Status,RESOLVED,ASSIGNED
2012-11-17 11:10:53 PST,mkmelin+mozilla,Resolution,FIXED,---
2012-11-17 11:10:53 PST,mkmelin+mozilla,Target Milestone,Thunderbird 19.0,---
2012-11-17 11:10:53 PST,mkmelin+mozilla,Last Resolved,2012-11-17 11:10:53,
