When,Who,What,Added,Removed
2009-09-13 12:57:35 PDT,davida,Flags,blocking-thunderbird3?,
2009-09-14 12:13:15 PDT,davida,Target Milestone,Thunderbird 3.0rc1,---
2009-09-14 12:13:15 PDT,davida,Flags,blocking-thunderbird3+,blocking-thunderbird3?
2009-09-14 21:52:47 PDT,ludovic,Component,Search,Mail Window Front End
2009-09-14 21:52:47 PDT,ludovic,QA Contact,search,front-end
2009-09-16 01:10:31 PDT,bugzilla,Whiteboard,[no l10n impact],
2009-09-20 01:39:21 PDT,bugzilla,Status,ASSIGNED,NEW
2009-09-20 01:39:21 PDT,bugzilla,Assignee,nisses.mail,nobody
2009-09-22 13:26:45 PDT,clarkbw,CC,jk1700,
2009-09-23 02:21:58 PDT,bugs,Attachment #400515                Attachment is obsolete,1,0
2009-09-23 02:21:58 PDT,bugs,Attachment #402311                Flags,review?(david.ascher), ui-review?(clarkbw),
2009-09-23 10:15:28 PDT,davida,Attachment #402311                Flags,review+,review?(david.ascher)
2009-09-23 15:16:44 PDT,clarkbw,Attachment #402311                Flags,ui-review+,ui-review?(clarkbw)
2009-09-24 15:30:26 PDT,clarkbw,Keywords,checkin-needed,
2009-09-24 20:13:42 PDT,philringnalda,Status,RESOLVED,ASSIGNED
2009-09-24 20:13:42 PDT,philringnalda,Resolution,FIXED,---
2009-09-24 20:13:42 PDT,philringnalda,CC,philringnalda,
2009-09-24 20:13:42 PDT,philringnalda,Last Resolved,2009-09-24 20:13:42,
2009-09-24 20:13:42 PDT,philringnalda,Keywords,,checkin-needed
