When,Who,What,Added,Removed
2009-09-13 15:17:16 PDT,karlt,Status,NEW,UNCONFIRMED
2009-09-13 15:17:16 PDT,karlt,CC,mozbugz,
2009-09-13 15:17:16 PDT,karlt,Ever confirmed,1,0
2009-09-13 19:10:37 PDT,khuey,CC,me,
2009-09-13 19:15:53 PDT,ryanvm,CC,ryanvm,
2009-09-13 19:26:58 PDT,khuey,Hardware,All,x86
2009-09-13 19:26:58 PDT,khuey,OS,All,Mac OS X
2009-10-26 06:45:26 PDT,fred.wang,CC,fred.wang,
2010-08-10 12:26:20 PDT,fred.wang,Depends on,414277,
2010-08-21 02:02:16 PDT,fred.wang,Resolution,FIXED,---
2010-08-21 02:02:16 PDT,fred.wang,Last Resolved,2010-08-21 02:02:16,
2010-08-21 02:02:16 PDT,fred.wang,Status,RESOLVED,NEW
2010-08-22 06:10:35 PDT,fred.wang,Target Milestone,mozilla2.0b4,---
