When,Who,What,Added,Removed
2009-09-12 23:24:58 PDT,mwsteele,Attachment #400334                Flags,review?(vladimir),
2009-09-13 13:24:50 PDT,alex,CC,chebatron,
2009-09-13 17:35:11 PDT,xtc4uall,CC,xtc4uall,
2009-09-14 11:39:19 PDT,arpad.borsos,CC,arpad.borsos,
2009-09-15 09:24:12 PDT,david.humphrey,CC,david.humphrey,
2009-09-15 18:21:30 PDT,fullmetaljacket.xp+bugmail,CC,fullmetaljacket.xp+bugmail,
2009-09-16 07:50:03 PDT,ted,Assignee,mwsteele,nobody
2009-09-16 07:50:03 PDT,ted,CC,ted.mielczarek,
2009-09-17 15:08:14 PDT,vladimir,Attachment #400334                Flags,review+,review?(vladimir)
2009-09-17 21:21:25 PDT,vladimir,Attachment #401372                Flags,review?(mwsteele),
2009-09-17 21:34:22 PDT,roc,Attachment #401372                Flags,review+,
2009-09-17 21:40:08 PDT,mwsteele,Attachment #401372                Flags,review+,review?(mwsteele)
2009-09-17 21:42:00 PDT,vladimir,Summary,Freshen WebGL implementation and enable on trunk,Freshen WebGL implementation
2009-09-17 21:42:00 PDT,vladimir,CC,vladimir,
2009-09-17 23:44:55 PDT,gavin.sharp,CC,gavin.sharp,
2009-09-18 01:51:37 PDT,dholbert,CC,dholbert,
2009-09-18 04:07:15 PDT,bugs,CC,Olli.Pettay,
2009-09-18 12:26:53 PDT,niederstrasser,CC,niederstrasser,
2009-09-18 13:02:04 PDT,mozilla-bugs,CC,linux,
2009-09-18 13:36:44 PDT,dholbert,Attachment #401517                Flags,review?(vladimir),
2009-09-18 13:48:31 PDT,vladimir,CC,zodiachsx,
2009-09-18 13:56:18 PDT,vladimir,Depends on,517559,
2009-09-18 13:56:28 PDT,vladimir,Depends on,517557,
2009-09-18 14:36:22 PDT,Peter,CC,Peter,
2009-09-18 16:57:02 PDT,vladimir,Attachment #401418                Flags,review+,
2009-09-18 16:57:18 PDT,vladimir,Attachment #401517                Attachment is obsolete,1,0
2009-09-18 16:57:18 PDT,vladimir,Attachment #401517                Flags,,review?(vladimir)
2009-09-18 16:58:09 PDT,vladimir,Status,RESOLVED,NEW
2009-09-18 16:58:09 PDT,vladimir,Resolution,FIXED,---
2009-09-18 16:58:09 PDT,vladimir,Last Resolved,2009-09-18 16:58:09,
2009-09-19 03:03:40 PDT,ben.bucksch,Blocks,517612,
2009-09-19 03:06:03 PDT,ben.bucksch,Blocks,517608,
2009-09-20 22:09:57 PDT,karlt,CC,mozbugz,
2009-09-20 22:13:33 PDT,karlt,Depends on,517566,
2009-09-21 05:56:36 PDT,level,CC,level,
2009-10-07 17:27:10 PDT,bugzillamozillaorg_serge_20140323,Version,Trunk,unspecified
2009-10-07 17:27:10 PDT,bugzillamozillaorg_serge_20140323,Blocks,516858,
2009-10-07 17:27:10 PDT,bugzillamozillaorg_serge_20140323,Target Milestone,mozilla1.9.3a1,---
2009-10-09 07:15:47 PDT,jacek,Attachment #405474                Flags,review?(vladimir),
2009-10-09 07:15:56 PDT,jacek,CC,jacek,
2009-10-17 11:36:56 PDT,vladimir,Attachment #405474                Flags,review-,review?(vladimir)
2009-10-21 04:37:02 PDT,standard8,Blocks,523562,
2009-11-22 11:43:03 PST,jacek,Attachment #405474                Attachment is obsolete,1,0
2009-11-22 11:43:03 PST,jacek,Attachment #413943                Flags,review?(vladimir),
2009-11-30 14:01:37 PST,vladimir,Attachment #413943                Flags,review+,review?(vladimir)
2009-11-30 14:04:20 PST,jacek,Keywords,checkin-needed,
2009-12-03 06:06:03 PST,dao,Keywords,,checkin-needed
