When,Who,What,Added,Removed
2009-09-13 13:14:05 PDT,davida,CC,david.ascher,
2009-09-14 08:15:18 PDT,bugs,Attachment #400501                Attachment is obsolete,1,0
2009-09-14 21:52:47 PDT,ludovic,Component,Search,General
2009-09-14 21:52:47 PDT,ludovic,QA Contact,search,general
2009-09-15 10:16:23 PDT,clarkbw,Attachment #400770                Attachment is obsolete,1,0
2009-09-15 10:16:23 PDT,clarkbw,Attachment #400648                Attachment is obsolete,1,0
2009-09-15 11:08:49 PDT,davida,Attachment #400812                Flags,ui-review?,
2009-09-15 11:17:49 PDT,clarkbw,Attachment #400812                Flags,ui-review+,ui-review?
2009-09-15 11:28:20 PDT,clarkbw,Whiteboard,[has patch],
2009-09-15 11:28:20 PDT,clarkbw,Hardware,All,x86
2009-09-15 11:28:20 PDT,clarkbw,CC,clarkbw,
2009-09-15 12:19:40 PDT,clarkbw,Attachment #400812                Attachment is obsolete,1,0
2009-09-15 12:19:40 PDT,clarkbw,Attachment #400834                Flags,review?(david.ascher),
2009-09-15 13:30:17 PDT,davida,Attachment #400834                Flags,review+,review?(david.ascher)
2009-09-15 23:19:16 PDT,clarkbw,Attachment #400798                Attachment is obsolete,1,0
2009-09-15 23:19:16 PDT,clarkbw,Attachment #400834                Attachment is obsolete,1,0
2009-09-15 23:20:29 PDT,clarkbw,Attachment #400953                Flags,review+, ui-review+,
2009-09-17 10:30:23 PDT,davida,Attachment #400953                Flags,approval-thunderbird3?,
2009-09-17 10:35:43 PDT,davida,Flags,blocking-thunderbird3+,
2009-09-17 13:07:17 PDT,standard8,Attachment #400953                Flags,approval-thunderbird3+,approval-thunderbird3?
2009-09-17 13:16:58 PDT,davida,Keywords,checkin-needed,
2009-09-17 13:16:58 PDT,davida,Whiteboard,[no l10n impact][ready for checkin],[has patch]
2009-09-18 22:07:32 PDT,squibblyflabbetydoo,CC,squibblyflabbetydoo,
2009-09-21 01:27:17 PDT,standard8,Attachment #400953                Attachment description,[checked in] search results patch with comments addressed,search results patch with comments addressed
2009-09-21 01:28:12 PDT,standard8,Whiteboard,[no l10n impact][needs another patch?],[no l10n impact][ready for checkin]
2009-09-21 01:28:12 PDT,standard8,Target Milestone,Thunderbird 3.0rc1,---
2009-09-21 01:28:12 PDT,standard8,Keywords,,checkin-needed
2009-09-24 15:29:57 PDT,clarkbw,Status,RESOLVED,NEW
2009-09-24 15:29:57 PDT,clarkbw,Resolution,FIXED,---
2009-09-24 15:29:57 PDT,clarkbw,Last Resolved,2009-09-24 15:29:57,
