When,Who,What,Added,Removed
2009-09-13 12:32:31 PDT,fpeters,Attachment #400371                Flags,review?(mkanat),
2009-09-13 18:11:46 PDT,mkanat,Attachment #400371                Flags,review+,review?(mkanat)
2009-09-13 18:12:30 PDT,mkanat,Ever confirmed,1,0
2009-09-13 18:12:30 PDT,mkanat,Flags,approval+, approval3.4+,
2009-09-13 18:12:30 PDT,mkanat,Hardware,All,x86
2009-09-13 18:12:30 PDT,mkanat,OS,All,Linux
2009-09-13 18:12:30 PDT,mkanat,Status,NEW,UNCONFIRMED
2009-09-13 18:12:30 PDT,mkanat,Assignee,fpeters,create-and-change
2009-09-13 18:12:30 PDT,mkanat,Target Milestone,Bugzilla 3.4,---
2009-09-16 02:49:45 PDT,mkanat,Status,RESOLVED,NEW
2009-09-16 02:49:45 PDT,mkanat,Resolution,FIXED,---
2009-09-16 02:49:45 PDT,mkanat,Last Resolved,2009-09-16 02:49:45,
