When,Who,What,Added,Removed
2009-09-13 10:44:58 PDT,bobbyholley,Attachment #400367                Flags,review?(joe),
2009-09-13 11:00:29 PDT,joe,Attachment #400367                Flags,review+,review?(joe)
2009-09-13 11:55:10 PDT,joe,CC,joe,
2009-09-13 17:39:50 PDT,xtc4uall,CC,xtc4uall,
2009-09-13 18:21:08 PDT,ol.rrm.2008,CC,Wildcatter1980,
2009-09-13 21:40:15 PDT,bobbyholley,Whiteboard,[decodeondraw],
2009-09-16 18:32:56 PDT,bobbyholley,Status,RESOLVED,NEW
2009-09-16 18:32:56 PDT,bobbyholley,Resolution,FIXED,---
2009-09-16 18:32:56 PDT,bobbyholley,Last Resolved,2009-09-16 18:32:56,
2009-09-16 20:07:50 PDT,ol.rrm.2008,CC,,Wildcatter1980
