When,Who,What,Added,Removed
2009-09-15 14:26:40 PDT,mark.finkle,Summary,nsPromptService dialogs should not have & shortcut in labels,unresponsive script warning has formatting and usability issues
2009-09-15 14:26:40 PDT,mark.finkle,CC,mark.finkle,
2009-09-15 14:26:51 PDT,mark.finkle,tracking-fennec,?,---
2009-09-15 14:27:01 PDT,mark.finkle,Component,General,Linux/Maemo
2009-09-15 14:27:01 PDT,mark.finkle,QA Contact,general,maemo-linux
2009-09-15 14:27:58 PDT,mark.finkle,Assignee,mark.finkle,nobody
2009-09-15 14:27:58 PDT,mark.finkle,Attachment #400863                Flags,review?(gavin.sharp),
2009-09-15 14:28:31 PDT,mark.finkle,Attachment #400863                Flags,review?(fabrice.desre),
2009-09-15 18:59:01 PDT,mark.finkle,Summary,nsPromptService dialogs should not have '&' shortcut in labels,nsPromptService dialogs should not have & shortcut in labels
2009-09-16 02:14:35 PDT,fabrice.desre,Attachment #400863                Flags,review-, review-,review?(fabrice.desre)
2009-09-16 02:15:55 PDT,fabrice.desre,CC,fabrice.desre,
2009-09-22 12:17:23 PDT,gavin.sharp,Attachment #400863                Flags,,review?(gavin.sharp)
2009-09-22 14:58:49 PDT,mark.finkle,CC,adesai,
2009-09-22 20:35:34 PDT,mark.finkle,Attachment #400863                Attachment is obsolete,1,0
2009-09-22 20:35:34 PDT,mark.finkle,Attachment #402266                Flags,review?(gavin.sharp),
2009-09-22 20:39:25 PDT,gavin.sharp,Attachment #402266                Flags,review+,review?(gavin.sharp)
2009-09-22 22:07:21 PDT,mark.finkle,Status,RESOLVED,NEW
2009-09-22 22:07:21 PDT,mark.finkle,Resolution,FIXED,---
2009-09-22 22:07:21 PDT,mark.finkle,Target Milestone,B4,---
2009-09-22 22:07:21 PDT,mark.finkle,Last Resolved,2009-09-22 22:07:21,
2009-09-23 11:49:28 PDT,mozaakash,Status,VERIFIED,RESOLVED
2013-12-10 09:59:04 PST,nobody,tracking-fennec,---,?
