When,Who,What,Added,Removed
2009-09-14 02:42:05 PDT,standard8,Blocks,465269,
2009-09-14 02:42:05 PDT,standard8,Flags,blocking-thunderbird3?,
2009-09-14 02:42:05 PDT,standard8,Keywords,regression,
2009-09-14 02:42:05 PDT,standard8,Summary,"Get New Messages for > All accounts" is missing,"Get New Messages for > All accounts" is missing in TB3
2009-09-14 02:42:05 PDT,standard8,CC,bugzilla, bwinton,
2009-09-14 08:02:16 PDT,bwinton,Status,ASSIGNED,NEW
2009-09-14 08:02:16 PDT,bwinton,Assignee,bwinton,nobody
2009-09-14 12:23:13 PDT,bwinton,Attachment #400556                Flags,review?(bugmail), superreview?(bienvenu), approval-thunderbird3?,
2009-09-14 12:37:41 PDT,mozilla,Attachment #400556                Flags,superreview+,superreview?(bienvenu)
2009-09-14 12:38:14 PDT,mozilla,CC,bienvenu, neil,
2009-09-14 13:05:16 PDT,bwinton,Attachment #400569                Flags,review?(bugmail), superreview?(bienvenu), approval-thunderbird3?,
2009-09-14 14:16:51 PDT,bugmail,Attachment #400569                Flags,review-,review?(bugmail)
2009-09-14 15:52:12 PDT,standard8,Attachment #400569                Flags,approval-thunderbird3+,approval-thunderbird3?
2009-09-14 16:14:10 PDT,mozilla,Attachment #400569                Flags,superreview+,superreview?(bienvenu)
2009-09-15 01:08:21 PDT,standard8,Attachment #400569                Flags,review+,review-
2009-09-15 01:08:36 PDT,standard8,Target Milestone,Thunderbird 3.0rc1,---
2009-09-15 01:08:36 PDT,standard8,Flags,blocking-thunderbird3+,blocking-thunderbird3?
2009-09-15 01:08:49 PDT,standard8,Attachment #400556                Attachment is obsolete,1,0
2009-09-15 01:08:49 PDT,standard8,Attachment #400556                Flags,,review?(bugmail), approval-thunderbird3?
2009-09-16 01:08:02 PDT,bugzilla,Whiteboard,[no l10n impact],
2009-09-16 12:04:06 PDT,bwinton,Attachment #401067                Flags,review?(bugmail), superreview?(bienvenu),
2009-09-16 14:56:23 PDT,bugmail,Attachment #401067                Flags,review-,review?(bugmail), superreview?(bienvenu)
2009-09-17 07:04:46 PDT,bwinton,Attachment #400569                Attachment description,[checked-in] A patch that fixes the bug in the previous patch.,A patch that fixes the bug in the previous patch.
2009-09-17 07:41:06 PDT,rkent,Depends on,517134,
2009-09-18 08:48:38 PDT,bwinton,Attachment #401067                Attachment is obsolete,1,0
2009-09-18 08:48:38 PDT,bwinton,Attachment #401445                Flags,review?(bugmail), superreview?(bienvenu),
2009-09-18 09:16:41 PDT,bwinton,Whiteboard,[no l10n impact][patch up],[no l10n impact]
2009-09-21 07:06:36 PDT,bwinton,Attachment #401445                Flags,,review?(bugmail), superreview?(bienvenu)
2009-09-21 07:17:39 PDT,bwinton,Attachment #401445                Attachment is obsolete,1,0
2009-09-21 07:17:39 PDT,bwinton,Attachment #401850                Flags,review?(bugmail), superreview?(bienvenu),
2009-09-21 13:48:40 PDT,bwinton,Depends on,517617,
2009-09-21 18:53:47 PDT,bugmail,Attachment #401850                Flags,review+,review?(bugmail)
2009-09-21 19:22:34 PDT,mozilla,Attachment #401850                Flags,superreview+,superreview?(bienvenu)
2009-09-21 19:29:23 PDT,bwinton,Attachment #401850                Attachment is obsolete,1,0
2009-09-21 19:30:00 PDT,bwinton,Keywords,checkin-needed,
2009-09-21 19:30:00 PDT,bwinton,Whiteboard,[no l10n impact],[no l10n impact][patch up]
2009-09-22 01:52:44 PDT,standard8,Last Resolved,2009-09-22 01:52:44,
2009-09-22 01:52:44 PDT,standard8,Keywords,,checkin-needed
2009-09-22 01:52:44 PDT,standard8,Status,RESOLVED,ASSIGNED
2009-09-22 01:52:44 PDT,standard8,Resolution,FIXED,---
2009-09-24 10:00:40 PDT,ludovic,CC,ulysse,
