When,Who,What,Added,Removed
2009-09-17 16:13:10 PDT,cww,Hardware,All,x86
2009-09-17 16:13:10 PDT,cww,OS,All,Mac OS X
2009-09-17 16:13:10 PDT,cww,CC,cwwmozilla,
2009-09-28 09:57:56 PDT,cww,Status,RESOLVED,NEW
2009-09-28 09:57:56 PDT,cww,Resolution,FIXED,---
2009-09-28 09:57:56 PDT,cww,Last Resolved,2009-09-28 09:57:56,
2009-09-28 15:15:53 PDT,stephen.donner,Status,VERIFIED,RESOLVED
2009-09-28 15:15:53 PDT,stephen.donner,CC,stephen.donner,
2009-12-16 16:20:38 PST,me+bugzilla,Whiteboard,sumo_only,
