When,Who,What,Added,Removed
2009-09-14 13:12:05 PDT,jwalden+bmo,Status,ASSIGNED,NEW
2009-09-14 13:12:05 PDT,jwalden+bmo,Assignee,jwalden+bmo,general
2009-09-14 13:12:05 PDT,jwalden+bmo,Attachment #400570                Flags,review?(brendan),
2009-09-15 14:02:15 PDT,ash_mozilla,CC,ash_mozilla,
2009-09-21 21:01:40 PDT,brendan,Attachment #400570                Flags,review+,review?(brendan)
2009-09-22 15:05:17 PDT,jwalden+bmo,Whiteboard,fixed-in-tracemonkey,
2009-09-29 15:55:23 PDT,sayrer,Status,RESOLVED,ASSIGNED
2009-09-29 15:55:23 PDT,sayrer,Resolution,FIXED,---
2009-09-29 15:55:23 PDT,sayrer,CC,sayrer,
2009-09-29 15:55:23 PDT,sayrer,Last Resolved,2009-09-29 15:55:23,
2009-09-29 15:58:57 PDT,jwalden+bmo,Flags,in-testsuite+,
2009-10-10 13:32:23 PDT,sayrer,Flags,wanted1.9.2+,
2009-10-10 13:32:23 PDT,sayrer,status1.9.2,beta1-fixed,---
2009-10-15 09:13:15 PDT,bob,Keywords,verified1.9.2,
2009-10-15 09:13:15 PDT,bob,Status,VERIFIED,RESOLVED
2009-10-15 09:13:15 PDT,bob,CC,bclary,
