When,Who,What,Added,Removed
2009-09-13 20:50:37 PDT,mstange,Attachment #400426                Flags,review?(joshmoz),
2009-09-15 02:31:06 PDT,mstange,Attachment #400426                Attachment is obsolete,1,0
2009-09-15 02:31:06 PDT,mstange,Attachment #400719                Flags,review?(joshmoz),
2009-09-15 02:31:06 PDT,mstange,Attachment #400426                Flags,,review?(joshmoz)
2009-09-15 07:33:12 PDT,jaas,Attachment #400719                Flags,review+,review?(joshmoz)
2009-09-15 15:02:46 PDT,mstange,Status,RESOLVED,ASSIGNED
2009-09-15 15:02:46 PDT,mstange,Resolution,FIXED,---
2009-09-15 15:02:46 PDT,mstange,Target Milestone,mozilla1.9.3a1,---
2009-09-15 15:02:46 PDT,mstange,Last Resolved,2009-09-15 15:02:46,
2010-02-22 18:53:32 PST,peina,CC,peina,
