When,Who,What,Added,Removed
2009-09-14 02:18:13 PDT,bunk,CC,bunk,
2009-09-14 02:18:13 PDT,bunk,Flags,blocking-seamonkey2.0?,
2009-09-14 11:12:26 PDT,aryx.bugmail,Ever confirmed,1,0
2009-09-14 11:12:26 PDT,aryx.bugmail,Status,NEW,UNCONFIRMED
2009-09-14 11:12:26 PDT,aryx.bugmail,CC,archaeopteryx,
2009-09-14 11:30:44 PDT,aqualon,CC,aqualon, misak,
2009-09-14 11:30:44 PDT,aqualon,Blocks,36810,
2009-09-14 12:03:14 PDT,bugzilla.spam2,CC,bugzilla.spam2,
2009-09-14 17:20:55 PDT,bleahrimasu,CC,bleahrimasu,
2009-09-15 01:33:04 PDT,misak.bugzilla,Status,ASSIGNED,NEW
2009-09-15 01:33:37 PDT,misak.bugzilla,Assignee,misak,nobody
2009-09-17 13:31:16 PDT,kairo,CC,kairo,
2009-09-17 13:31:16 PDT,kairo,Flags,blocking-seamonkey2.0+,blocking-seamonkey2.0?
2009-09-20 11:13:40 PDT,bugzillamozillaorg_serge_20140323,Version,Trunk,unspecified
2009-09-24 23:39:32 PDT,misak.bugzilla,Resolution,FIXED,---
2009-09-24 23:39:32 PDT,misak.bugzilla,Depends on,515006,
2009-09-24 23:39:32 PDT,misak.bugzilla,Last Resolved,2009-09-24 23:39:32,
2009-09-24 23:39:32 PDT,misak.bugzilla,Whiteboard,fixed by bug 515006 checkin.,
2009-09-24 23:39:32 PDT,misak.bugzilla,Status,RESOLVED,ASSIGNED
2009-09-25 06:59:33 PDT,kairo,Keywords,fixed-seamonkey2.0,
2009-09-26 18:29:37 PDT,davidabuco,CC,davidabuco,
2009-09-27 05:44:39 PDT,misak.bugzilla,Status,REOPENED,RESOLVED
2009-09-27 05:44:39 PDT,misak.bugzilla,Resolution,---,FIXED
2009-09-27 07:34:28 PDT,misak.bugzilla,Attachment #403106                Flags,review?(neil), superreview?(neil),
2009-09-27 09:05:52 PDT,neil,Attachment #403106                Flags,review+, superreview+,review?(neil), superreview?(neil)
2009-09-27 09:08:07 PDT,misak.bugzilla,Attachment #403106                Flags,approval-seamonkey2.0?,
2009-09-27 09:08:36 PDT,misak.bugzilla,Keywords,checkin-needed,
2009-09-27 10:53:31 PDT,iann_bugzilla,Attachment #403106                Flags,approval-seamonkey2.0+,approval-seamonkey2.0?
2009-09-27 11:13:04 PDT,iann_bugzilla,Attachment #403106                Attachment description,add missing prefs [Checkin: Comment 13],add missing prefs
2009-09-27 11:13:35 PDT,iann_bugzilla,CC,iann_bugzilla,
2009-09-27 11:13:35 PDT,iann_bugzilla,Last Resolved,2009-09-27 11:13:35,2009-09-24 23:39:32
2009-09-27 11:13:35 PDT,iann_bugzilla,Keywords,,checkin-needed
2009-09-27 11:13:35 PDT,iann_bugzilla,Status,RESOLVED,REOPENED
2009-09-27 11:13:35 PDT,iann_bugzilla,Resolution,FIXED,---
