When,Who,What,Added,Removed
2009-09-14 04:00:05 PDT,21,Attachment #400467                Flags,review?(mark.finkle),
2009-09-14 08:06:34 PDT,mark.finkle,Attachment #400467                Flags,review+,review?(mark.finkle)
2009-09-14 09:51:47 PDT,mark.finkle,Status,RESOLVED,NEW
2009-09-14 09:51:47 PDT,mark.finkle,Resolution,FIXED,---
2009-09-14 09:51:47 PDT,mark.finkle,Assignee,21,nobody
2009-09-14 09:51:47 PDT,mark.finkle,CC,mark.finkle,
2009-09-14 09:51:47 PDT,mark.finkle,Target Milestone,B4,---
2009-09-14 09:51:47 PDT,mark.finkle,Last Resolved,2009-09-14 09:51:47,
