When,Who,What,Added,Removed
2009-09-14 04:15:16 PDT,nthomas,CC,nthomas,
2009-09-14 04:29:16 PDT,standard8,CC,bugzilla,
2009-09-14 05:27:34 PDT,smani,Assignee,shyam,server-ops
2009-09-14 05:32:55 PDT,reed,CC,reed,
2009-09-14 05:48:07 PDT,smani,Last Resolved,2009-09-14 05:48:07,
2009-09-14 05:48:07 PDT,smani,Status,RESOLVED,NEW
2009-09-14 05:48:07 PDT,smani,Resolution,FIXED,---
2009-09-14 08:30:56 PDT,cbook,Status,VERIFIED,RESOLVED
2009-09-14 08:30:56 PDT,cbook,CC,cbook,
2015-03-12 08:17:16 PDT,nobody,Product,mozilla.org Graveyard,mozilla.org
