When,Who,What,Added,Removed
2009-09-14 10:26:59 PDT,fligtar+bugs,Status,RESOLVED,NEW
2009-09-14 10:26:59 PDT,fligtar+bugs,Resolution,FIXED,---
2009-09-14 10:26:59 PDT,fligtar+bugs,Assignee,fligtar,nobody
2009-09-14 10:26:59 PDT,fligtar+bugs,Last Resolved,2009-09-14 10:26:59,
2009-09-14 10:34:50 PDT,stephen.donner,URL,https://addons.mozilla.org/en-US/thunderbird/pages/appversions,
2009-09-14 10:34:50 PDT,stephen.donner,Status,VERIFIED,RESOLVED
2009-09-14 10:34:50 PDT,stephen.donner,CC,stephen.donner,
