When,Who,What,Added,Removed
2009-09-13 20:16:15 PDT,dolske,blocking2.0,?,---
2009-09-13 20:16:27 PDT,ryanvm,CC,ryanvm,
2009-09-13 20:22:21 PDT,phiw2,CC,phiw,
2009-09-13 20:58:16 PDT,fullmetaljacket.xp+bugmail,CC,fullmetaljacket.xp+bugmail,
2009-09-13 21:18:18 PDT,bobbyholley,Whiteboard,[decodeondraw],
2009-09-13 21:30:10 PDT,alex,CC,alex,
2009-09-14 02:20:10 PDT,dao,Depends on,,435296
2009-09-14 02:20:10 PDT,dao,Blocks,435296,
2009-09-14 02:37:34 PDT,bzcc,CC,bzcc,
2009-09-14 02:56:07 PDT,jwalden+bmo,CC,jwalden+bmo,
2009-09-14 04:06:41 PDT,jmjeffery,CC,jmjeffery,
2009-09-14 05:26:00 PDT,djcater+bugzilla,CC,DJCater,
2009-09-14 05:57:44 PDT,ol.rrm.2008,CC,Wildcatter1980,
2009-09-14 09:08:50 PDT,dtownsend,CC,dtownsend,
2009-09-14 16:38:36 PDT,shayne.anthony.jewers,CC,shayne.anthony.jewers,
2009-09-14 17:26:53 PDT,bobbyholley,CC,pavlov,
2009-12-08 16:55:40 PST,xtc4uall,CC,xtc4uall,
2010-01-26 17:24:42 PST,jst,Component,ImageLib,Document Navigation
2010-01-26 17:24:42 PST,jst,QA Contact,imagelib,docshell
2010-01-26 17:24:42 PST,jst,CC,jst,
2010-04-06 15:02:07 PDT,joe,blocking2.0,-,?
2010-06-23 09:36:01 PDT,arpad.borsos,CC,arpad.borsos,
2010-07-14 16:21:26 PDT,jmjeffery,CC,,jmjeffery
2010-07-21 16:15:57 PDT,bobbyholley,Depends on,512260,
2010-08-04 09:14:13 PDT,joe,blocking2.0,beta5+,-
2010-08-21 21:29:13 PDT,bobbyholley,Status,RESOLVED,NEW
2010-08-21 21:29:13 PDT,bobbyholley,Resolution,FIXED,---
2010-08-21 21:29:13 PDT,bobbyholley,Last Resolved,2010-08-21 21:29:13,
2010-08-23 10:29:21 PDT,bobbyholley,Summary,mitigate image flickering as a result of asynchronous discarded image re-decoding,mitigate image flickering as a result of decode on draw
2010-08-23 10:57:10 PDT,bobbyholley,Status,REOPENED,RESOLVED
2010-08-23 10:57:10 PDT,bobbyholley,Resolution,---,FIXED
2010-08-23 10:59:53 PDT,khuey,CC,khuey,
2010-08-23 11:01:16 PDT,dao,CC,dao,
2010-08-23 11:03:25 PDT,jmjeffery,CC,jmjeffery,
2010-08-23 12:04:59 PDT,bobbyholley,CC,mike,
2010-08-23 13:37:56 PDT,jo.hermans,CC,jo.hermans,
2010-08-23 16:21:00 PDT,roc,CC,roc,
2010-08-23 17:01:48 PDT,ts.bugzilla,CC,bugs.thomas,
2010-08-24 10:45:22 PDT,dwitte,CC,dwitte,
2010-08-24 10:48:12 PDT,joe,Assignee,bobbyholley+bmo,nobody
2010-08-24 12:03:10 PDT,bobbyholley,Depends on,590252,
2010-08-24 12:04:26 PDT,gavin.sharp,CC,gavin.sharp,
2010-08-24 12:08:24 PDT,bobbyholley,Depends on,590256,
2010-08-24 12:11:13 PDT,bobbyholley,Depends on,590260,
2010-08-24 12:11:52 PDT,bobbyholley,Depends on,511899,
2010-08-24 22:17:01 PDT,tnikkel,CC,tnikkel,
2010-08-27 14:33:32 PDT,bobbyholley,Status,RESOLVED,REOPENED
2010-08-27 14:33:32 PDT,bobbyholley,Resolution,FIXED,---
2010-08-27 14:33:32 PDT,bobbyholley,Last Resolved,2010-08-27 14:33:32,2010-08-21 21:29:13
2010-10-10 04:27:50 PDT,ol.rrm.2008,CC,,ol.rrm.2008
2010-12-17 07:06:09 PST,jmjeffery,CC,,jmjeffery
2011-10-23 16:08:50 PDT,jruderman,Blocks,683284,
