When,Who,What,Added,Removed
2009-09-14 05:55:37 PDT,standard8,Flags,blocking-thunderbird3?,
2009-09-14 05:56:57 PDT,ludovic,CC,ludovic, vseerror,
2009-09-14 08:07:33 PDT,mozilla,Attachment #400505                Flags,review?(bugzilla), superreview?(bugzilla),
2009-09-14 08:48:37 PDT,mozilla,Attachment #400514                Flags,review?(bugzilla), superreview?(bugzilla),
2009-09-14 08:48:37 PDT,mozilla,Attachment #400505                Flags,,review?(bugzilla), superreview?(bugzilla)
2009-09-14 08:48:37 PDT,mozilla,Attachment #400505                Attachment is obsolete,1,0
2009-09-14 11:30:03 PDT,standard8,Attachment #400514                Flags,review+, superreview+, approval-thunderbird3+,review?(bugzilla), superreview?(bugzilla)
2009-09-14 11:39:23 PDT,mozilla,Status,RESOLVED,NEW
2009-09-14 11:39:23 PDT,mozilla,Resolution,FIXED,---
2009-09-14 11:39:23 PDT,mozilla,Target Milestone,Thunderbird 3.0b4,---
2009-09-14 11:39:23 PDT,mozilla,Flags,blocking-thunderbird3+,blocking-thunderbird3?
2009-09-14 11:39:23 PDT,mozilla,Last Resolved,2009-09-14 11:39:23,
2009-09-25 05:04:51 PDT,vseerror,Keywords,perf,
