When,Who,What,Added,Removed
2009-09-13 20:51:18 PDT,kinetik,Status,NEW,UNCONFIRMED
2009-09-13 20:51:18 PDT,kinetik,CC,kinetik,
2009-09-13 20:51:18 PDT,kinetik,Ever confirmed,1,0
2009-09-13 20:58:53 PDT,cpearce,CC,chris,
2009-09-13 20:59:09 PDT,cpearce,Assignee,chris,nobody
2009-09-13 22:05:33 PDT,cpearce,Attachment #400434                Flags,review?(chris.double),
2009-09-13 22:09:34 PDT,cajbir.bugzilla,Attachment #400434                Flags,review+,review?(chris.double)
2009-09-14 19:48:36 PDT,conrad,CC,conrad,
2009-09-15 21:34:40 PDT,cpearce,Attachment #400434                Attachment is obsolete,1,0
2009-09-17 03:38:42 PDT,blog,CC,blog,
2009-09-20 20:12:03 PDT,kinetik,Blocks,496684,
2009-09-21 15:39:29 PDT,jwalden+bmo,CC,jwalden+bmo,
2009-09-27 00:17:40 PDT,highmind63,CC,highmind63,
2009-09-27 01:21:34 PDT,cpearce,Blocks,501545,
2009-09-27 18:40:48 PDT,cpearce,Attachment #403163                Flags,review?(chris.double),
2009-09-27 20:35:33 PDT,cajbir.bugzilla,Attachment #403163                Flags,review+,review?(chris.double)
2009-09-27 21:41:24 PDT,cpearce,Keywords,checkin-needed,
2009-09-27 21:41:24 PDT,cpearce,Whiteboard,needs-landing,
2009-09-28 18:12:11 PDT,cpearce,Status,RESOLVED,NEW
2009-09-28 18:12:11 PDT,cpearce,Resolution,FIXED,---
2009-09-28 18:12:11 PDT,cpearce,Flags,wanted1.9.2?,
2009-09-28 18:12:11 PDT,cpearce,Last Resolved,2009-09-28 18:12:11,
2009-09-28 18:12:22 PDT,cpearce,Keywords,,checkin-needed
2009-09-28 18:12:22 PDT,cpearce,Whiteboard,,needs-landing
2009-09-29 12:53:46 PDT,roc,CC,roc,
2009-09-29 12:53:46 PDT,roc,Flags,wanted1.9.2+,wanted1.9.2?
2009-09-29 13:13:13 PDT,cpearce,Attachment #403163                Flags,approval1.9.2?,
2009-09-29 13:22:21 PDT,roc,Attachment #403163                Flags,approval1.9.2+,approval1.9.2?
2009-09-29 15:00:54 PDT,cpearce,status1.9.2,beta1-fixed,---
2009-10-04 18:21:18 PDT,cpearce,Blocks,520493,
2009-10-14 22:08:22 PDT,kinetik,Blocks,,501545
