When,Who,What,Added,Removed
2009-12-03 04:22:22 PST,standard8,Blocks,532632,
2009-12-03 04:24:43 PST,standard8,Blocks,532633,
2010-05-14 15:32:42 PDT,standard8,OS,Linux,Mac OS X
2010-05-16 18:36:05 PDT,gozer,Priority,P2,--
2010-05-16 18:36:05 PDT,gozer,Assignee,gozer,nobody
2010-05-18 02:14:45 PDT,standard8,Blocks,540538,
2010-06-22 11:18:03 PDT,gozer,Summary,Create new linux build machines,Create 5 new linux refplatform build machines
2010-06-29 09:36:06 PDT,gozer,Summary,Create new linux64 build machines,Create new linux build machines
2010-07-16 12:08:01 PDT,gozer,Status,RESOLVED,NEW
2010-07-16 12:08:01 PDT,gozer,Resolution,FIXED,---
2010-07-16 12:08:01 PDT,gozer,Last Resolved,2010-07-16 12:08:01,
