When,Who,What,Added,Removed
2009-09-14 03:32:35 PDT,mak77,Whiteboard,[orange],
2009-09-14 03:32:35 PDT,mak77,CC,mak77,
2009-09-15 01:07:37 PDT,fullmetaljacket.xp+bugmail,CC,fullmetaljacket.xp+bugmail,
2009-10-25 09:14:10 PDT,philringnalda,CC,philringnalda,
2009-10-26 04:22:25 PDT,m_kato,CC,m_kato,
2009-10-27 15:19:32 PDT,jonas,CC,jonas,
2009-10-29 00:13:49 PDT,jonas,CC,,jonas
2009-10-29 14:06:02 PDT,paul,CC,paul,
2009-10-29 20:52:19 PDT,highmind63,Assignee,highmind63,nobody
2009-10-29 20:52:19 PDT,highmind63,Attachment #409271                Flags,review?(matspal),
2009-10-29 21:02:04 PDT,mats,Attachment #409271                Flags,review+,review?(matspal)
2009-10-29 21:03:01 PDT,highmind63,Keywords,checkin-needed,
2009-11-01 14:15:30 PST,philringnalda,Keywords,,checkin-needed
2009-11-01 15:36:14 PST,highmind63,Status,RESOLVED,NEW
2009-11-01 15:36:14 PST,highmind63,Resolution,FIXED,---
2009-11-01 15:36:14 PST,highmind63,Last Resolved,2009-11-01 15:36:14,
2009-11-01 18:35:00 PST,bugzillamozillaorg_serge_20140323,Target Milestone,mozilla1.9.3a1,---
2009-11-01 18:35:00 PST,bugzillamozillaorg_serge_20140323,Flags,in-testsuite+,
2012-11-19 14:40:44 PST,nobody,Keywords,intermittent-failure,
2012-11-25 19:31:11 PST,nobody,Whiteboard,,[orange]
