When,Who,What,Added,Removed
2009-09-14 06:07:12 PDT,frank.raudszus,Keywords,verifyme,
2009-09-14 06:07:12 PDT,frank.raudszus,Priority,P2,--
2009-09-14 06:07:12 PDT,frank.raudszus,Flags,blocking-seamonkey2.0b2?,
2009-09-14 07:25:32 PDT,kairo,Component,de / German,MailNews: Account Configuration
2009-09-14 07:25:32 PDT,kairo,QA Contact,german.de,mailnews-account
2009-09-14 07:25:32 PDT,kairo,CC,kairo,
2009-09-14 07:25:32 PDT,kairo,Last Resolved,2009-09-14 07:25:32,
2009-09-14 07:25:32 PDT,kairo,Product,Mozilla Localizations,SeaMonkey
2009-09-14 07:25:32 PDT,kairo,Status,RESOLVED,UNCONFIRMED
2009-09-14 07:25:32 PDT,kairo,Resolution,FIXED,---
2009-10-04 01:31:12 PDT,bugzilla.lenochod,CC,swedishchef79,
2009-12-20 07:53:02 PST,kairo,Flags,,blocking-seamonkey2.0b2?
