When,Who,What,Added,Removed
2009-09-13 21:41:40 PDT,dougt,Summary,[10.6] nsWifiMonitor::DoScan spins in a tight loop on error,OS X version of nsWifiMonitor::DoScan spins in a tight loop on error
2009-09-13 21:41:40 PDT,dougt,CC,doug.turner,
2009-09-13 21:42:00 PDT,dougt,Summary,nsWifiMonitor::DoScan spins in a tight loop on error,[10.6] nsWifiMonitor::DoScan spins in a tight loop on error
2009-09-13 21:42:14 PDT,dougt,Assignee,doug.turner,nobody
2010-06-07 07:14:02 PDT,juhsep,CC,juhsep,
2010-08-31 11:17:00 PDT,dougt,Attachment #470828                Flags,review?,
2010-08-31 11:17:13 PDT,dougt,Attachment #470828                Flags,review?(blassey.bugs),review?
2010-09-01 10:06:29 PDT,blassey.bugs,Attachment #470828                Flags,review+,review?(blassey.bugs)
2010-09-09 13:03:35 PDT,dougt,Attachment #470828                Flags,approval2.0?,
2010-09-15 08:35:36 PDT,jst,Attachment #470828                Flags,approval2.0+,approval2.0?
2010-09-15 15:56:37 PDT,dougt,Status,RESOLVED,NEW
2010-09-15 15:56:37 PDT,dougt,Resolution,FIXED,---
2010-09-15 15:56:37 PDT,dougt,Last Resolved,2010-09-15 15:56:37,
