When,Who,What,Added,Removed
2009-09-13 18:29:23 PDT,bobbyholley,CC,bzbarsky,
2009-09-13 18:35:04 PDT,bobbyholley,Assignee,bobbyholley,nobody
2009-09-13 18:35:04 PDT,bobbyholley,Attachment #400415                Flags,review?(bzbarsky),
2009-09-13 18:37:15 PDT,ryanvm,CC,ryanvm,
2009-09-13 18:39:37 PDT,jruderman,CC,jruderman,
2009-09-13 18:44:32 PDT,bobbyholley,Attachment #400415                Attachment is obsolete,1,0
2009-09-13 18:44:32 PDT,bobbyholley,Attachment #400415                Flags,,review?(bzbarsky)
2009-09-13 18:50:16 PDT,dveditz,Whiteboard,[sg:critical?],
2009-09-13 18:50:16 PDT,dveditz,CC,dveditz,
2009-09-13 18:50:16 PDT,dveditz,Group,core-security,
2009-09-13 18:51:51 PDT,dveditz,Keywords,testcase-wanted,
2009-09-13 18:59:12 PDT,reed,CC,reed,
2009-09-13 21:14:09 PDT,bobbyholley,Whiteboard,[sg:critical?] [decodeondraw],[sg:critical?]
2009-09-13 21:48:27 PDT,bobbyholley,Blocks,512435,435296
2009-09-13 22:15:38 PDT,jwalden+bmo,CC,jwalden+bmo,
2009-09-15 17:27:35 PDT,cmtalbert,CC,ctalbert,
2009-09-16 10:04:59 PDT,mozillamarcia.knous,CC,marcia,
2009-09-16 11:38:01 PDT,bzbarsky,Attachment #400418                Flags,review+,
2009-09-16 12:06:54 PDT,dbaron,Target Milestone,mozilla1.9.3a1,---
2009-09-16 12:06:54 PDT,dbaron,Last Resolved,2009-09-16 12:06:54,
2009-09-16 12:06:54 PDT,dbaron,Status,RESOLVED,NEW
2009-09-16 12:06:54 PDT,dbaron,Resolution,FIXED,---
2009-09-16 12:27:17 PDT,dveditz,Whiteboard,[sg:dos] [decodeondraw],[sg:critical?] [decodeondraw]
2009-09-16 15:38:16 PDT,aja+bugzilla,OS,All,Linux
2009-10-04 11:19:21 PDT,samuel.sidler+old,CC,samuel.sidler,
2011-01-07 12:30:51 PST,dveditz,Group,,core-security
2011-01-07 12:30:51 PST,dveditz,status1.9.1,unaffected,---
2011-01-07 12:30:51 PST,dveditz,status1.9.2,unaffected,---
