When,Who,What,Added,Removed
2009-09-14 01:13:27 PDT,n.nethercote,Attachment #400448                Flags,review?(edwsmith), review?(rreitmai),
2009-09-14 01:13:45 PDT,n.nethercote,Blocks,513615,
2009-09-14 01:27:53 PDT,Jacob.Bramley,CC,Jacob.Bramley,
2009-09-14 03:48:50 PDT,ryanvm,CC,ryanvm,
2009-09-14 21:25:00 PDT,n.nethercote,Attachment #400448                Flags,,review?(edwsmith), review?(rreitmai)
2009-09-16 00:39:38 PDT,n.nethercote,Depends on,516909,
2009-11-17 22:24:48 PST,n.nethercote,Summary,nanojit: avoid premature regalloc state updates in the i386 backend,nanojit: start avoiding premature register allocation state updates
2009-11-17 22:24:48 PST,n.nethercote,CC,dvander, edwsmith, gal, graydon, jseward, rreitmai,
2009-11-26 23:17:03 PST,n.nethercote,Depends on,531347,
2009-12-13 22:44:01 PST,n.nethercote,Attachment #400448                Attachment is obsolete,1,0
2009-12-13 22:44:01 PST,n.nethercote,Attachment #417434                Flags,review?(edwsmith),
2009-12-13 22:44:26 PST,n.nethercote,Attachment #417434                Flags,review?(dvander),
2009-12-14 10:56:44 PST,dvander,Attachment #417434                Flags,review+,review?(dvander)
2009-12-17 09:11:45 PST,edwsmith,Attachment #417434                Flags,review+,review?(edwsmith)
2009-12-17 17:41:58 PST,n.nethercote,Whiteboard,fixed-in-nanojit,
2009-12-20 14:39:37 PST,n.nethercote,Whiteboard,fixed-in-nanojit, fixed-in-tracemonkey,fixed-in-nanojit
2009-12-21 12:11:03 PST,stejohns,Whiteboard,fixed-in-nanojit, fixed-in-tracemonkey, fixed-in-tamarin,fixed-in-nanojit, fixed-in-tracemonkey
2009-12-21 12:11:03 PST,stejohns,CC,stejohns,
2009-12-24 08:20:09 PST,sayrer,Status,RESOLVED,ASSIGNED
2009-12-24 08:20:09 PST,sayrer,Resolution,FIXED,---
2009-12-24 08:20:09 PST,sayrer,CC,sayrer,
2009-12-24 08:20:09 PST,sayrer,Last Resolved,2009-12-24 08:20:09,
