When,Who,What,Added,Removed
2009-09-14 00:01:44 PDT,bobbyholley,Whiteboard,[decodeondraw],
2009-09-14 21:44:02 PDT,bobbyholley,CC,bzbarsky,
2009-09-14 21:44:10 PDT,bzbarsky,Blocks,435296,
2009-09-14 21:44:29 PDT,bzbarsky,Severity,blocker,normal
2009-09-14 21:49:57 PDT,fullmetaljacket.xp+bugmail,CC,fullmetaljacket.xp+bugmail,
2009-09-14 21:53:20 PDT,bobbyholley,Status,ASSIGNED,NEW
2009-09-14 23:13:14 PDT,grey,CC,bugzilla,
2009-09-15 00:20:13 PDT,bobbyholley,Attachment #400696                Flags,review?(joe),
2009-09-15 00:21:27 PDT,bobbyholley,Severity,normal,blocker
2009-09-15 00:29:49 PDT,jwalden+bmo,CC,jwalden+bmo,
2009-09-15 11:33:51 PDT,ben.combee,CC,combee,
2009-09-15 13:00:23 PDT,mark.finkle,CC,mark.finkle,
2009-09-15 13:00:23 PDT,mark.finkle,tracking-fennec,?,---
2009-09-15 13:46:15 PDT,joe,Attachment #400696                Flags,review+,review?(joe)
2009-09-15 17:21:34 PDT,bobbyholley,Attachment #400696                Attachment is obsolete,1,0
2009-09-15 17:35:50 PDT,bobbyholley,Resolution,FIXED,---
2009-09-15 17:35:50 PDT,bobbyholley,Last Resolved,2009-09-15 17:35:50,
2009-09-15 17:35:50 PDT,bobbyholley,Status,RESOLVED,ASSIGNED
2013-12-10 09:59:04 PST,nobody,tracking-fennec,---,?
