When,Who,What,Added,Removed
2009-09-14 01:15:23 PDT,n.nethercote,Attachment #400450                Flags,review?(edwsmith),
2009-09-14 01:16:53 PDT,n.nethercote,Blocks,513616,
2009-09-14 03:49:09 PDT,ryanvm,CC,ryanvm,
2009-09-18 07:08:45 PDT,edwsmith,Attachment #400450                Flags,review+,review?(edwsmith)
2009-10-25 22:30:13 PDT,n.nethercote,Blocks,515313,
2009-11-03 19:47:57 PST,n.nethercote,Whiteboard,fixed-in-nanojit,
2009-11-04 11:16:18 PST,graydon,Whiteboard,fixed-in-nanojit, fixed-in-tracemonkey,fixed-in-nanojit
2009-11-04 11:16:18 PST,graydon,CC,graydon,
2009-11-05 12:00:47 PST,sayrer,Status,RESOLVED,ASSIGNED
2009-11-05 12:00:47 PST,sayrer,Resolution,FIXED,---
2009-11-05 12:00:47 PST,sayrer,CC,sayrer,
2009-11-05 12:00:47 PST,sayrer,Last Resolved,2009-11-05 12:00:47,
2009-11-13 19:03:52 PST,fehe,Depends on,528305,
2009-11-16 07:19:21 PST,wsheets,CC,wsheets,
2009-11-18 09:34:40 PST,dholbert,Depends on,529381,
