When,Who,What,Added,Removed
2009-09-14 03:24:58 PDT,bugtrap,CC,bugtrap,
2009-09-14 05:29:43 PDT,reed,CC,reed,
2009-09-16 17:08:20 PDT,mzeier,Component,Community Giving,Server Operations
2009-09-16 17:08:20 PDT,mzeier,Assignee,sethb,server-ops
2009-09-16 17:08:20 PDT,mzeier,QA Contact,community-giving,mrz
2009-09-17 01:30:10 PDT,gerv,CC,mrz,
2009-09-17 14:29:45 PDT,mzeier,CC,justin,
2009-09-18 03:21:47 PDT,gerv,CC,mark,
2009-09-18 07:42:40 PDT,mark,CC,shaver,
2009-09-18 07:43:02 PDT,mark,CC,zandr,
2009-09-18 09:01:16 PDT,mzeier,Component,Server Operations,Community Giving
2009-09-18 09:01:16 PDT,mzeier,Assignee,mrz,sethb
2009-09-18 09:01:16 PDT,mzeier,QA Contact,mrz,community-giving
2009-09-23 14:51:03 PDT,mzeier,Assignee,shyam,mrz
2009-09-23 22:10:22 PDT,justdave,CC,justdave,
2009-09-25 15:30:35 PDT,mzeier,Status,RESOLVED,NEW
2009-09-25 15:30:35 PDT,mzeier,Resolution,FIXED,---
2009-09-25 15:30:35 PDT,mzeier,Last Resolved,2009-09-25 15:30:35,
2009-09-28 03:55:36 PDT,gerv,Status,REOPENED,RESOLVED
2009-09-28 03:55:36 PDT,gerv,Resolution,---,FIXED
2009-09-28 04:59:09 PDT,smani,Status,RESOLVED,REOPENED
2009-09-28 04:59:09 PDT,smani,Resolution,FIXED,---
2009-09-28 04:59:09 PDT,smani,Last Resolved,2009-09-28 04:59:09,2009-09-25 15:30:35
2015-03-12 08:17:16 PDT,nobody,Product,mozilla.org Graveyard,mozilla.org
