When,Who,What,Added,Removed
2009-09-13 20:10:56 PDT,leon.sha,Attachment #400424                Flags,review?(brendan),
2009-09-14 18:46:11 PDT,leon.sha,CC,brendan, ginn.chen,
2009-09-21 18:19:40 PDT,brendan,Attachment #400424                Flags,review+,review?(brendan)
2009-09-21 23:07:24 PDT,leon.sha,Whiteboard,fixed-in-tracemonkey,
2009-09-21 23:07:24 PDT,leon.sha,Status,ASSIGNED,NEW
2009-09-21 23:07:24 PDT,leon.sha,Assignee,leon.sha,general
2009-09-22 01:08:06 PDT,leon.sha,Attachment #400424                Attachment is obsolete,1,0
2009-09-22 01:08:06 PDT,leon.sha,Attachment #402050                Flags,review?(brendan),
2009-09-22 01:14:25 PDT,leon.sha,Whiteboard,,fixed-in-tracemonkey
2009-09-22 22:19:06 PDT,brendan,Attachment #402050                Flags,review+,review?(brendan)
2009-09-22 22:21:06 PDT,brendan,CC,jim,
2009-09-23 21:20:36 PDT,leon.sha,Attachment #402050                Attachment is obsolete,1,0
2009-09-29 15:49:39 PDT,sayrer,Status,RESOLVED,ASSIGNED
2009-09-29 15:49:39 PDT,sayrer,Resolution,FIXED,---
2009-09-29 15:49:39 PDT,sayrer,CC,sayrer,
2009-09-29 15:49:39 PDT,sayrer,Last Resolved,2009-09-29 15:49:39,
2009-09-29 15:51:40 PDT,sayrer,Resolution,---,FIXED
2009-09-29 15:51:40 PDT,sayrer,Status,REOPENED,RESOLVED
2009-10-15 02:39:36 PDT,ginn.chen,Hardware,All,Sun
2009-10-15 10:13:01 PDT,ginn.chen,Attachment #406467                Flags,review?(brendan),
2009-10-15 11:54:14 PDT,brendan,Attachment #406467                Flags,review+,review?(brendan)
2009-10-19 23:35:53 PDT,ginn.chen,Attachment #406467                Flags,approval1.9.2?,
2009-10-19 23:36:10 PDT,ginn.chen,Status,RESOLVED,REOPENED
2009-10-19 23:36:10 PDT,ginn.chen,Resolution,FIXED,---
2009-10-19 23:36:10 PDT,ginn.chen,Last Resolved,2009-10-19 23:36:10,2009-09-29 15:49:39
2009-11-18 07:03:37 PST,sayrer,status1.9.2,final-fixed,---
2009-11-18 07:03:51 PST,sayrer,Attachment #406467                Flags,approval1.9.2+,approval1.9.2?
