When,Who,What,Added,Removed
2009-09-14 08:05:51 PDT,philip.chee,Status,ASSIGNED,NEW
2009-09-14 08:05:51 PDT,philip.chee,Assignee,philip.chee,nobody
2009-09-14 08:05:51 PDT,philip.chee,CC,philip.chee,
2009-09-14 08:55:51 PDT,bugzilla.spam2,CC,bugzilla.spam2,
2009-09-14 10:07:40 PDT,philip.chee,Depends on,516453,
2009-09-16 04:44:54 PDT,kairo,Blocks,516883,
2009-09-16 05:02:26 PDT,philip.chee,Assignee,nobody,philip.chee
2009-09-16 05:20:54 PDT,neil,Assignee,neil,nobody
2009-09-16 05:27:27 PDT,kairo,Blocks,,516883
2009-09-16 08:48:50 PDT,neil,Attachment #400995                Attachment is obsolete,1,0
2009-09-16 08:48:50 PDT,neil,Attachment #401035                Flags,review?(mschroeder),
2009-09-17 20:54:26 PDT,stevew,CC,stevew,
2009-09-19 09:05:19 PDT,mschroeder,Attachment #401035                Flags,review+,review?(mschroeder)
2009-09-19 09:10:19 PDT,iann_bugzilla,CC,iann_bugzilla,
2009-09-19 09:28:37 PDT,dominique,CC,dominique,
2009-09-19 11:43:00 PDT,iann_bugzilla,Blocks,517700,
2009-09-19 11:56:27 PDT,iann_bugzilla,Blocks,517705,
2009-09-19 12:01:11 PDT,iann_bugzilla,Attachment #401035                Flags,review+,
2009-09-19 12:08:49 PDT,neil,Attachment #401035                Attachment is obsolete,1,0
2009-09-19 12:08:49 PDT,neil,Attachment #401650                Flags,review?(iann_bugzilla),
2009-09-19 13:16:07 PDT,neil,Attachment #401650                Attachment is obsolete,1,0
2009-09-19 13:16:07 PDT,neil,Attachment #401657                Flags,review?(iann_bugzilla),
2009-09-19 13:16:07 PDT,neil,Attachment #401650                Flags,,review?(iann_bugzilla)
2009-09-19 13:54:51 PDT,iann_bugzilla,Attachment #401657                Flags,review+,review?(iann_bugzilla)
2009-09-19 14:03:23 PDT,iann_bugzilla,Blocks,517722,
2009-09-19 15:56:49 PDT,neil,Resolution,FIXED,---
2009-09-19 15:56:49 PDT,neil,Last Resolved,2009-09-19 15:56:49,
2009-09-19 15:56:49 PDT,neil,Keywords,fixed-seamonkey2.0,
2009-09-19 15:56:49 PDT,neil,Status,RESOLVED,ASSIGNED
2009-09-19 17:57:05 PDT,mschroeder,Target Milestone,1.0,---
2010-01-12 04:57:05 PST,bugzilla,Keywords,relnote,
2011-11-07 02:39:08 PST,philipp,Target Milestone,1.0b1,1.0
