When,Who,What,Added,Removed
2009-09-13 21:09:42 PDT,davida,Keywords,qawanted,
2009-09-14 13:40:00 PDT,Nomis101,CC,Nomis101,
2009-09-15 10:30:47 PDT,davida,Attachment #400621                Flags,review?(philringnalda),
2009-09-15 10:31:01 PDT,davida,Flags,blocking-thunderbird3+,
2009-09-15 11:23:16 PDT,davida,Attachment #400815                Flags,review?(philringnalda),
2009-09-15 11:23:30 PDT,davida,Attachment #400621                Attachment is obsolete,1,0
2009-09-15 11:23:30 PDT,davida,Attachment #400621                Flags,,review?(philringnalda)
2009-09-16 01:10:40 PDT,bugzilla,Whiteboard,[no l10n impact],
2009-09-16 10:35:47 PDT,davida,Status,ASSIGNED,NEW
2009-09-16 10:35:47 PDT,davida,Assignee,david.ascher,nobody
2009-09-16 10:39:05 PDT,davida,Whiteboard,[no l10n impact][has patch, needs review philor],[no l10n impact]
2009-09-16 10:39:05 PDT,davida,Target Milestone,Thunderbird 3.0rc1,---
2009-09-18 06:26:43 PDT,standard8,Blocks,472069,
2009-09-20 16:12:38 PDT,philringnalda,Attachment #400815                Flags,review+,review?(philringnalda)
2009-09-21 01:33:02 PDT,standard8,Whiteboard,[no l10n impact][has review, needs updated patch],[no l10n impact][has patch, needs review philor]
2009-09-21 10:00:31 PDT,davida,Attachment #400815                Attachment is obsolete,1,0
2009-09-21 10:00:31 PDT,davida,Attachment #401881                Flags,review+,
2009-09-21 10:00:48 PDT,davida,Keywords,checkin-needed,qawanted
2009-09-21 10:00:48 PDT,davida,Whiteboard,[no l10n impact],[no l10n impact][has review, needs updated patch]
2009-09-21 11:51:20 PDT,standard8,Last Resolved,2009-09-21 11:51:20,
2009-09-21 11:51:20 PDT,standard8,Keywords,,checkin-needed
2009-09-21 11:51:20 PDT,standard8,Status,RESOLVED,ASSIGNED
2009-09-21 11:51:20 PDT,standard8,Resolution,FIXED,---
