When,Who,What,Added,Removed
2009-09-14 06:28:38 PDT,reed,Flags,blocking1.9.2?, blocking1.9.0.15?,
2009-09-14 06:30:42 PDT,reed,Whiteboard,[sg:critical],
2009-09-14 06:30:42 PDT,reed,blocking1.9.1,?,---
2009-09-14 06:39:00 PDT,benjamin,CC,benjamin, ted.mielczarek, wtc,
2009-09-14 07:21:24 PDT,reed,Keywords,crash,
2009-09-14 07:26:34 PDT,reed,Keywords,testcase,
2009-09-14 07:27:47 PDT,reed,CC,vuln,
2009-09-14 13:13:10 PDT,benjamin,Flags,blocking1.9.2+,blocking1.9.2?
2009-09-14 15:01:26 PDT,dveditz,Flags,blocking1.9.0.15+, wanted1.9.0.x+,blocking1.9.0.15?
2009-09-14 15:01:26 PDT,dveditz,blocking1.9.1,.4+,?
2009-09-14 15:01:26 PDT,dveditz,status1.9.1,wanted,---
2009-09-14 15:59:04 PDT,jwalden+bmo,CC,brendan, dmandelin, dvander, gal, graydon, jorendorff, jwalden+bmo, lw,
2009-09-14 17:19:29 PDT,wtc,Attachment #400623                Flags,review?(reed),
2009-09-14 18:49:36 PDT,reed,Attachment #400623                Flags,review?(ted.mielczarek),review?(reed)
2009-09-14 19:26:53 PDT,benjamin,Attachment #400623                Flags,review?(crowder),review?(ted.mielczarek)
2009-09-14 19:29:41 PDT,reed,CC,crowder,
2009-09-15 08:28:23 PDT,crowderbt,Attachment #400623                Flags,review+,review?(crowder)
2009-09-17 09:44:13 PDT,wtc,Attachment #400623                Flags,approval1.9.2?, approval1.9.1.4?,
2009-09-17 11:28:39 PDT,dveditz,Attachment #400623                Flags,approval1.9.1.4+,approval1.9.1.4?
2009-09-18 09:20:42 PDT,reed,Attachment #400623                Flags,,approval1.9.2?
2009-09-21 15:20:10 PDT,abillings,CC,abillings,
2009-09-21 18:51:41 PDT,wtc,Status,RESOLVED,NEW
2009-09-21 18:51:41 PDT,wtc,Resolution,FIXED,---
2009-09-21 18:51:41 PDT,wtc,Target Milestone,4.8.1,---
2009-09-21 18:51:41 PDT,wtc,status1.9.2,beta1-fixed,---
2009-09-21 18:51:41 PDT,wtc,Last Resolved,2009-09-21 18:51:41,
2009-09-21 19:09:37 PDT,wtc,status1.9.1,.4-fixed,wanted
2009-09-23 16:17:10 PDT,dveditz,CC,kairo,
2009-09-23 16:17:10 PDT,dveditz,Flags,blocking1.8.1.next+, wanted1.8.1.x+,
2009-09-23 18:11:30 PDT,wtc,Attachment #402497                Attachment is obsolete,1,0
2009-09-24 12:10:16 PDT,reed,Status,REOPENED,RESOLVED
2009-09-24 12:10:16 PDT,reed,Resolution,---,FIXED
2009-09-24 12:10:16 PDT,reed,status1.9.1,?,.4-fixed
2009-09-24 12:10:16 PDT,reed,status1.9.2,---,beta1-fixed
2009-09-24 16:03:12 PDT,reed,status1.9.1,.4-fixed,?
2009-09-24 16:03:12 PDT,reed,status1.9.2,beta1-fixed,---
2009-09-24 16:23:01 PDT,nelson,Attachment #402502                Flags,review+,
2009-09-25 10:18:29 PDT,wtc,Attachment #402499                Flags,review?(nelson),
2009-09-25 10:56:21 PDT,dveditz,status1.9.1,wanted,.4-fixed
2009-09-25 10:56:21 PDT,dveditz,status1.9.2,---,beta1-fixed
2009-09-25 11:59:28 PDT,wtc,Attachment #402499                Attachment is obsolete,1,0
2009-09-25 11:59:28 PDT,wtc,Attachment #402883                Flags,review?(nelson),
2009-09-25 11:59:28 PDT,wtc,Attachment #402499                Flags,,review?(nelson)
2009-09-25 18:33:11 PDT,wtc,Attachment #402883                Flags,approval1.9.1.4?,
2009-09-25 18:48:09 PDT,wtc,Status,RESOLVED,REOPENED
2009-09-25 18:48:09 PDT,wtc,Resolution,FIXED,---
2009-09-25 18:48:09 PDT,wtc,status1.9.2,beta1-fixed,---
2009-09-25 18:48:09 PDT,wtc,Last Resolved,2009-09-25 18:48:09,2009-09-21 18:51:41
2009-09-28 12:30:13 PDT,dveditz,Attachment #402883                Flags,review+, approval1.9.1.4+,review?(nelson), approval1.9.1.4?
2009-09-28 18:51:42 PDT,wtc,status1.9.1,.4-fixed,wanted
2009-09-29 13:25:29 PDT,wtc,Attachment #400490                Attachment description,Testcase for JavaScript based on comment #1,Testcase based on comment #1
2009-09-29 20:40:17 PDT,jmuizelaar,CC,jmuizelaar,
2009-09-30 09:52:45 PDT,bzbarsky,CC,bzbarsky, sayrer,
2009-10-03 13:08:03 PDT,jruderman,CC,jruderman, jwatt, longsonr,
2009-10-03 13:51:51 PDT,jwatt,Depends on,519839,
2009-10-03 15:51:06 PDT,reed,Status,REOPENED,RESOLVED
2009-10-03 15:51:06 PDT,reed,Resolution,---,FIXED
2009-10-03 15:51:06 PDT,reed,status1.9.1,?,.4-fixed
2009-10-03 15:51:06 PDT,reed,status1.9.2,---,beta1-fixed
2009-10-03 18:34:22 PDT,reed,Attachment #403970                Flags,review?(nelson),
2009-10-04 11:26:05 PDT,samuel.sidler+old,CC,samuel.sidler,
2009-10-05 02:15:12 PDT,hskupin,CC,hskupin,
2009-10-05 10:59:21 PDT,wtc,Attachment #403970                Attachment is obsolete,1,0
2009-10-05 10:59:21 PDT,wtc,Attachment #403970                Flags,,review?(nelson)
2009-10-05 16:48:23 PDT,wtc,Keywords,fixed1.9.0.15,
2009-10-05 16:48:23 PDT,wtc,Status,RESOLVED,REOPENED
2009-10-05 16:48:23 PDT,wtc,Resolution,FIXED,---
2009-10-05 16:48:23 PDT,wtc,status1.9.1,.4-fixed,?
2009-10-05 16:48:23 PDT,wtc,status1.9.2,beta1-fixed,---
2009-10-05 16:48:23 PDT,wtc,Last Resolved,2009-10-05 16:48:23,2009-09-25 18:48:09
2009-10-05 16:49:43 PDT,wtc,Attachment #400623                Flags,approval1.9.0.15?,
2009-10-05 16:50:06 PDT,wtc,Keywords,,fixed1.9.0.15
2009-10-05 18:10:07 PDT,dveditz,Attachment #400623                Flags,approval1.9.0.15+,approval1.9.0.15?
2009-10-05 18:18:00 PDT,dveditz,Attachment #404742                Flags,review?(wtc),
2009-10-05 18:19:06 PDT,dveditz,Attachment #404742                Flags,approval1.9.0.15?,
2009-10-05 18:21:31 PDT,wtc,Keywords,fixed1.9.0.15,
2009-10-05 18:23:10 PDT,wtc,Attachment #404742                Flags,review+,review?(wtc)
2009-10-06 10:41:52 PDT,dveditz,Attachment #404742                Flags,approval1.9.0.15+,approval1.9.0.15?
2009-10-08 13:59:54 PDT,dveditz,Blocks,516862,
2009-10-08 14:05:27 PDT,hskupin,Keywords,verified1.9.1, verified1.9.2,
2009-10-08 14:05:27 PDT,hskupin,Status,VERIFIED,RESOLVED
2009-10-08 14:09:06 PDT,dveditz,Depends on,521306,
2009-10-12 23:59:38 PDT,mozilla,CC,mozilla,
2009-10-13 09:28:09 PDT,hskupin,Depends on,522041,
2009-10-13 10:11:57 PDT,hskupin,Depends on,,522041
2009-10-16 10:52:53 PDT,abillings,Keywords,verified1.9.0.15,fixed1.9.0.15
2009-10-29 23:58:57 PDT,dveditz,Group,,core-security
2009-11-09 12:14:19 PST,wtc,Target Milestone,4.8.2,4.8.1
2009-12-02 10:34:09 PST,dveditz,Alias,CVE-2009-0869,CVE-2009-1563
2009-12-09 14:08:40 PST,dveditz,CC,Manfred.Neugebauer,
2009-12-15 09:50:03 PST,reed,Alias,CVE-2009-0689,CVE-2009-0869
2009-12-15 16:04:49 PST,alqahira,CC,alqahira,
2010-02-22 09:07:57 PST,dveditz,Keywords,fixed1.8.1.24,
2010-02-25 14:35:32 PST,abillings,CC,nrthomas,
2010-02-25 15:11:44 PST,luke,CC,,lw
2010-02-25 18:22:26 PST,john+bugzilla,Blocks,547309,
2010-02-25 23:22:57 PST,dveditz,Attachment #429065                Attachment description,jscpucfg fix from bug 466531 for the 1.8 branch,jscpucfg fix for the 1.8 branch
2010-02-25 23:22:57 PST,dveditz,Attachment #429065                Flags,approval1.8.1.next+,
2010-02-26 17:20:24 PST,abillings,Keywords,verified1.8.1.24,fixed1.8.1.24
