When,Who,What,Added,Removed
2009-09-14 01:56:13 PDT,bugzilla2007,Whiteboard,no l10n impact,
2009-09-14 01:56:13 PDT,bugzilla2007,Severity,enhancement,normal
2009-09-14 02:00:07 PDT,standard8,Whiteboard,,no l10n impact
2010-03-09 08:11:39 PST,bugzilla2007,Attachment #431374                Flags,ui-review?(clarkbw),
2010-03-09 08:13:22 PST,bugzilla2007,Whiteboard,good first bug,
2010-03-10 15:53:36 PST,clarkbw,Attachment #431374                Flags,ui-review+,ui-review?(clarkbw)
2012-07-11 17:55:28 PDT,vseerror,CC,vseerror,
2012-07-11 17:55:28 PDT,vseerror,Whiteboard,[good first bug],good first bug
2014-01-07 14:58:40 PST,zach.x.nickell,CC,zach.x.nickell,
2014-01-10 00:23:59 PST,zach.x.nickell,Attachment #8358289                Flags,review?(bwinton),
2014-01-10 00:23:59 PST,zach.x.nickell,CC,bwinton,
2014-01-10 00:50:55 PST,mkmelin+mozilla,CC,mkmelin+mozilla,
2014-01-11 09:28:29 PST,bwinton,Attachment #8358289                Flags,review-,review?(bwinton)
2014-01-17 20:17:25 PST,zach.x.nickell,Attachment #8358289                Attachment is obsolete,1,0
2014-01-17 20:17:25 PST,zach.x.nickell,Attachment #8362046                Flags,review?(bwinton),
2014-01-24 09:19:13 PST,bwinton,Attachment #8362046                Flags,review-,review?(bwinton)
2014-01-29 14:22:29 PST,zach.x.nickell,Attachment #8362046                Attachment is obsolete,1,0
2014-01-29 14:22:29 PST,zach.x.nickell,Attachment #8367617                Flags,review?(bwinton),
2014-01-31 08:02:26 PST,bwinton,Attachment #8367617                Flags,review+,review?(bwinton)
2014-01-31 11:36:21 PST,bugzilla2007,Attachment #8367617                Flags,feedback+,
2014-01-31 13:10:15 PST,bugzilla2007,Attachment #8368787                Flags,review+, ui-review+, feedback+,
2014-01-31 13:15:30 PST,bugzilla2007,Keywords,checkin-needed,
2014-02-02 18:03:48 PST,ryanvm,Attachment #8367617                Attachment is obsolete,1,0
2014-02-02 18:08:06 PST,ryanvm,Keywords,,checkin-needed
2014-02-02 18:08:06 PST,ryanvm,Status,RESOLVED,NEW
2014-02-02 18:08:06 PST,ryanvm,Resolution,FIXED,---
2014-02-02 18:08:06 PST,ryanvm,Assignee,zach.x.nickell,nobody
2014-02-02 18:08:06 PST,ryanvm,Target Milestone,Thunderbird 29.0,---
2014-02-02 18:08:06 PST,ryanvm,Last Resolved,2014-02-02 18:08:06,
2014-02-03 14:20:32 PST,acelists,CC,acelists,
2014-03-16 09:09:47 PDT,alta88,Depends on,967583,
