When,Who,What,Added,Removed
2009-09-14 01:19:03 PDT,thunder,Attachment #400451                Flags,review?(edilee),
2009-09-14 14:18:52 PDT,edilee,Assignee,thunder,nobody
2009-09-14 14:18:52 PDT,edilee,CC,edilee,
2009-09-17 12:03:57 PDT,mconnor,CC,mconnor,
2009-09-17 12:17:35 PDT,edilee,Attachment #400551                Attachment is obsolete,1,0
2009-09-17 12:17:35 PDT,edilee,Attachment #401258                Flags,review?(thunder),
2009-09-17 16:36:51 PDT,thunder,Attachment #401258                Flags,,review?(thunder)
2009-09-17 16:37:47 PDT,thunder,Attachment #400451                Flags,,review?(edilee)
2009-09-21 23:45:19 PDT,thunder,Status,RESOLVED,NEW
2009-09-21 23:45:19 PDT,thunder,Resolution,FIXED,---
2009-09-21 23:45:19 PDT,thunder,Last Resolved,2009-09-21 23:45:19,
