When,Who,What,Added,Removed
2009-09-14 06:50:55 PDT,ludovic,CC,ludovic,
2009-09-14 06:50:55 PDT,ludovic,Blocks,257942,
2009-12-02 22:10:32 PST,sbastig,CC,sbastig,
2009-12-04 00:41:13 PST,ludovic,Flags,blocking-thunderbird3.1?,
2009-12-09 15:22:12 PST,philringnalda,CC,spam,
2010-02-10 16:06:00 PST,mozilla,CC,bienvenu,
2010-02-10 16:06:00 PST,mozilla,Flags,blocking-thunderbird3.1-,blocking-thunderbird3.1?
2010-02-10 16:06:00 PST,mozilla,blocking-thunderbird3.1,-,---
2010-02-10 16:06:00 PST,mozilla,status-thunderbird3.1,wanted,---
2010-07-30 04:16:52 PDT,standard8,Flags,wanted-thunderbird+,
2010-07-30 04:16:52 PDT,standard8,status-thunderbird3.1,---,wanted
2012-05-25 06:46:58 PDT,vseerror,CC,vseerror,
2013-08-17 12:10:56 PDT,aryx.bugmail,Attachment #791728                Flags,review?(mconley),
2013-08-17 12:10:56 PDT,aryx.bugmail,Status,ASSIGNED,NEW
2013-08-17 12:10:56 PDT,aryx.bugmail,CC,mconley,
2013-08-17 12:10:56 PDT,aryx.bugmail,Assignee,archaeopteryx,nobody
2013-08-18 03:12:09 PDT,mkmelin+mozilla,Attachment #791728                Flags,review+,review?(mconley)
2013-08-18 03:12:19 PDT,mkmelin+mozilla,CC,mkmelin+mozilla,
2013-08-18 03:49:30 PDT,aryx.bugmail,Attachment #791728                Attachment is obsolete,1,0
2013-08-18 03:50:16 PDT,aryx.bugmail,Whiteboard,[push to comm-central],
2013-08-18 03:50:16 PDT,aryx.bugmail,Keywords,checkin-needed,
2013-08-19 06:52:47 PDT,ludovic,tracking-thunderbird24,?,---
2013-08-20 05:05:37 PDT,ryanvm,Keywords,,checkin-needed
2013-08-20 05:05:37 PDT,ryanvm,Status,RESOLVED,ASSIGNED
2013-08-20 05:05:37 PDT,ryanvm,Resolution,FIXED,---
2013-08-20 05:05:37 PDT,ryanvm,Target Milestone,Thunderbird 26.0,---
2013-08-20 05:05:37 PDT,ryanvm,Whiteboard,,[push to comm-central]
2013-08-20 05:05:37 PDT,ryanvm,Last Resolved,2013-08-20 05:05:37,
2013-08-20 07:04:18 PDT,bugzilla2007,Attachment #791819                Flags,approval-comm-beta?,
2013-08-27 01:01:35 PDT,standard8,Attachment #791819                Flags,approval-comm-aurora+, approval-comm-beta+,approval-comm-beta?
2013-08-27 01:02:06 PDT,standard8,tracking-thunderbird24,-,?
2013-08-27 02:49:03 PDT,standard8,status-thunderbird25,fixed,---
2013-08-27 02:49:03 PDT,standard8,status-thunderbird24,fixed,---
