When,Who,What,Added,Removed
2009-09-13 18:03:22 PDT,phiw2,CC,phiw,
2009-09-13 18:03:43 PDT,bobbyholley,Attachment #400412                Flags,review?(joe),
2009-09-13 18:06:06 PDT,joe,Attachment #400412                Flags,review+,review?(joe)
2009-09-13 18:18:40 PDT,ol.rrm.2008,CC,Wildcatter1980,
2009-09-13 18:21:21 PDT,bobbyholley,Status,RESOLVED,NEW
2009-09-13 18:21:21 PDT,bobbyholley,Resolution,FIXED,---
2009-09-13 18:21:21 PDT,bobbyholley,Last Resolved,2009-09-13 18:21:21,
2009-09-13 20:38:18 PDT,dholbert,CC,dholbert,
2009-09-20 13:01:42 PDT,wgianopoulos,Depends on,516665,
2010-02-21 05:10:53 PST,ol.rrm.2008,CC,,ol.rrm.2008
