When,Who,What,Added,Removed
2009-09-13 23:48:48 PDT,bobbyholley,Whiteboard,[decodeondraw],
2009-09-14 07:11:50 PDT,jmuizelaar,CC,jmuizelaar,
2009-09-14 12:41:49 PDT,bobbyholley,Depends on,516486,
2009-10-05 12:30:20 PDT,jfkthame,CC,jfkthame,
2009-10-09 10:16:40 PDT,jfkthame,Assignee,jfkthame,bobbyholley
2009-10-09 10:16:40 PDT,jfkthame,Attachment #405508                Flags,review?(bobbyholley),
2009-10-09 15:02:28 PDT,bobbyholley,Attachment #405508                Flags,review-,review?(bobbyholley)
2009-10-15 20:53:02 PDT,highmind63,CC,highmind63,
2009-10-22 05:08:16 PDT,ted,CC,ted.mielczarek,
2009-11-25 12:20:13 PST,jfkthame,Attachment #405508                Attachment is obsolete,1,0
2009-11-27 21:15:40 PST,bobbyholley,Status,ASSIGNED,NEW
2009-11-27 21:15:40 PST,bobbyholley,Assignee,bobbyholley,jfkthame
2009-11-28 12:51:18 PST,bobbyholley,Attachment #414895                Flags,review?(joe),
2009-12-03 13:02:32 PST,joe,Attachment #414895                Flags,review+,review?(joe)
2009-12-08 10:02:58 PST,bobbyholley,Attachment #414895                Attachment is obsolete,1,0
2009-12-14 02:43:25 PST,jfkthame,Resolution,FIXED,---
2009-12-14 02:43:25 PST,jfkthame,Last Resolved,2009-12-14 02:43:25,
2009-12-14 02:43:25 PST,jfkthame,Status,RESOLVED,ASSIGNED
