When,Who,What,Added,Removed
2009-09-14 07:01:24 PDT,bugs,Status,NEW,UNCONFIRMED
2009-09-14 07:01:24 PDT,bugs,CC,Olli.Pettay,
2009-09-14 07:01:24 PDT,bugs,Ever confirmed,1,0
2009-09-14 07:38:23 PDT,Ms2ger,Attachment #400459                Flags,review?(Olli.Pettay),
2009-09-14 07:41:23 PDT,bugs,Attachment #400459                Flags,review+,review?(Olli.Pettay)
2009-09-14 07:42:04 PDT,bugs,Keywords,checkin-needed,
2009-09-14 12:18:02 PDT,highmind63,Assignee,Ms2ger,nobody
2009-09-14 12:18:02 PDT,highmind63,CC,highmind63,
2009-09-27 02:26:20 PDT,dao,Status,RESOLVED,NEW
2009-09-27 02:26:20 PDT,dao,Resolution,FIXED,---
2009-09-27 02:26:20 PDT,dao,CC,dao,
2009-09-27 02:26:20 PDT,dao,Target Milestone,mozilla1.9.3a1,---
2009-09-27 02:26:20 PDT,dao,Last Resolved,2009-09-27 02:26:20,
2009-09-27 02:26:20 PDT,dao,Keywords,,checkin-needed
2010-07-04 13:25:48 PDT,Ms2ger,Flags,in-testsuite+,
