When,Who,What,Added,Removed
2009-09-14 12:15:43 PDT,clarkbw,CC,clarkbw, nisses.mail,
2009-09-15 05:48:20 PDT,bugs,Attachment #400746                Flags,ui-review?(clarkbw),
2009-09-15 05:48:30 PDT,bugs,Assignee,nisses.mail,nobody
2009-09-15 09:03:54 PDT,clarkbw,Attachment #400746                Attachment mime type,text/plain,application/octet-stream
2009-09-15 09:03:54 PDT,clarkbw,Attachment #400746                Attachment is patch,1,0
2009-09-16 05:16:41 PDT,bugs,Attachment #400746                Attachment is obsolete,1,0
2009-09-16 05:16:41 PDT,bugs,Attachment #400746                Flags,,ui-review?(clarkbw)
2009-09-16 08:06:28 PDT,philringnalda,CC,philringnalda,
2009-09-23 01:10:31 PDT,ts.bugzilla,Keywords,polish,
2009-09-30 10:15:19 PDT,clarkbw,Status,ASSIGNED,UNCONFIRMED
2009-09-30 10:15:19 PDT,clarkbw,Ever confirmed,1,0
2009-09-30 22:57:50 PDT,euryalus.0,CC,ulysse,
2009-10-17 15:24:47 PDT,philringnalda,Attachment #400993                Flags,review+, ui-review?(clarkbw),
2009-10-25 11:38:44 PDT,philringnalda,Flags,blocking-thunderbird3?,
2009-10-25 13:12:12 PDT,clarkbw,Attachment #400993                Flags,ui-review+,ui-review?(clarkbw)
2009-10-25 13:38:38 PDT,philringnalda,Version,Trunk,unspecified
2009-10-25 13:38:38 PDT,philringnalda,Priority,P3,--
2009-10-25 13:38:38 PDT,philringnalda,Target Milestone,Thunderbird 3.0rc1,---
2009-10-25 13:38:38 PDT,philringnalda,Flags,blocking-thunderbird3+,blocking-thunderbird3?
2009-10-25 14:41:01 PDT,philringnalda,Last Resolved,2009-10-25 14:41:01,
2009-10-25 14:41:01 PDT,philringnalda,Status,RESOLVED,ASSIGNED
2009-10-25 14:41:01 PDT,philringnalda,Resolution,FIXED,---
2009-10-25 14:41:01 PDT,philringnalda,Flags,in-testsuite-,
2010-04-06 11:06:48 PDT,tymerkaev,CC,tymerkaev,
2010-08-26 09:05:43 PDT,tymerkaev,CC,,tymerkaev, ulysse
