When,Who,What,Added,Removed
2009-09-14 10:50:32 PDT,stephen.donner,CC,mozwebqa,
2009-09-14 16:28:39 PDT,mzeier,Severity,blocker,major
2009-09-14 16:29:40 PDT,oremj,CC,jeremy.orem+bugs,
2009-09-14 16:29:40 PDT,oremj,Assignee,jeremy.orem+bugs,server-ops
2009-09-14 16:31:02 PDT,oremj,Status,RESOLVED,NEW
2009-09-14 16:31:02 PDT,oremj,Resolution,FIXED,---
2009-09-14 16:31:02 PDT,oremj,Last Resolved,2009-09-14 16:31:02,
2009-09-14 16:35:08 PDT,stephen.donner,URL,http://mozillaservice.org/,
2009-09-22 21:41:25 PDT,stephen.donner,Status,VERIFIED,RESOLVED
2013-10-09 10:29:28 PDT,nobody,Product,Infrastructure & Operations,mozilla.org
2013-10-09 10:29:28 PDT,nobody,Component,WebOps: Other,Server Operations: Web Operations
