When,Who,What,Added,Removed
2009-09-14 10:18:20 PDT,cbook,Keywords,regression,
2009-09-14 10:18:20 PDT,cbook,CC,dietrich,
2009-09-14 10:29:06 PDT,cbook,CC,sdwilsh,
2009-09-14 10:56:05 PDT,cbook,Summary,Installation of Firefox Custom Builds without migration from a 2nd Browser is missing the Firefox default bookmarks,Installation of Firefox Custom Builds without migration from a 2nd is missing the Firefox default bookmarks
2009-09-14 11:16:25 PDT,jbecerra,CC,jbecerra,
2009-09-14 12:20:36 PDT,kev,CC,thunder,
2009-09-14 21:56:32 PDT,sdwilsh,CC,mak77,
2009-09-16 09:02:18 PDT,kev,Product,Firefox,mozilla.org
2009-09-16 09:02:18 PDT,kev,Version,3.5 Branch,other
2009-09-16 09:02:18 PDT,kev,Component,Bookmarks & History,Release Engineering: Custom Builds
2009-09-16 09:02:18 PDT,kev,QA Contact,bookmarks,custom-builds
2009-09-16 09:02:18 PDT,kev,Target Milestone,Firefox 3.5,---
2009-09-16 09:54:42 PDT,cbook,blocking1.9.1,?,---
2009-09-16 10:02:18 PDT,mak77,Status,ASSIGNED,NEW
2009-09-16 10:02:18 PDT,mak77,Assignee,mak77,nobody
2009-09-16 15:43:00 PDT,dveditz,Keywords,regressionwindow-wanted,
2009-09-16 15:43:00 PDT,dveditz,CC,dveditz,
2009-09-16 15:43:00 PDT,dveditz,blocking1.9.1,needed,?
2009-09-16 15:43:00 PDT,dveditz,status1.9.1,wanted,---
2009-09-18 16:13:59 PDT,mak77,Attachment #401524                Attachment is obsolete,1,0
2009-09-19 07:34:41 PDT,mak77,Keywords,,regressionwindow-wanted
2009-09-19 07:34:41 PDT,mak77,Blocks,483980,
2009-09-19 07:36:06 PDT,mak77,Attachment #401631                Attachment mime type,text/plain,application/octet-stream
2009-09-19 07:36:06 PDT,mak77,Attachment #401631                Attachment is patch,1,0
2009-09-19 07:36:45 PDT,mak77,Flags,in-testsuite?,
2009-09-20 14:07:06 PDT,mak77,Attachment #401743                Flags,review?(thunder),
2009-09-20 14:07:06 PDT,mak77,Attachment #401631                Attachment is obsolete,1,0
2009-09-22 09:37:02 PDT,dietrich,Whiteboard,[has patch][needs review thunder],
2009-09-25 01:31:15 PDT,thunder,Attachment #401743                Flags,review+,review?(thunder)
2009-09-28 05:39:38 PDT,mak77,Attachment #401743                Attachment is obsolete,1,0
2009-09-28 05:39:49 PDT,mak77,Whiteboard,[has patch],[has patch][needs review thunder]
2009-09-28 06:02:05 PDT,mak77,Attachment #403226                Attachment is obsolete,1,0
2009-09-28 07:51:53 PDT,mak77,Attachment #403245                Flags,review?(thunder),
2009-09-28 17:34:19 PDT,fullmetaljacket.xp+bugmail,CC,fullmetaljacket.xp+bugmail,
2009-09-29 06:36:39 PDT,mak77,Attachment #403245                Attachment is obsolete,1,0
2009-09-29 06:36:39 PDT,mak77,Attachment #403473                Flags,review?(thunder),
2009-09-29 06:36:39 PDT,mak77,Attachment #403245                Flags,,review?(thunder)
2009-10-03 18:45:30 PDT,thunder,Attachment #403473                Flags,review+,review?(thunder)
2009-10-05 03:10:08 PDT,mak77,Attachment #403473                Attachment is obsolete,1,0
2009-10-05 03:20:43 PDT,mak77,Resolution,FIXED,---
2009-10-05 03:20:43 PDT,mak77,Target Milestone,Firefox 3.7a1,Firefox 3.5
2009-10-05 03:20:43 PDT,mak77,Flags,in-testsuite+,in-testsuite?
2009-10-05 03:20:43 PDT,mak77,Last Resolved,2009-10-05 03:20:43,
2009-10-05 03:20:43 PDT,mak77,Status,RESOLVED,ASSIGNED
2009-10-05 11:31:14 PDT,mak77,Attachment #404648                Flags,approval1.9.1.5?,
2009-10-05 12:40:04 PDT,mak77,Attachment #404664                Flags,approval1.9.2?,
2009-10-14 16:46:57 PDT,dveditz,blocking1.9.1,---,needed
2009-10-14 16:47:41 PDT,samuel.sidler+old,CC,samuel.sidler,
2009-10-28 04:43:32 PDT,mak77,Flags,blocking-firefox3.6?,
2009-10-29 07:52:25 PDT,mbeltzner,Priority,P2,--
2009-10-29 07:52:25 PDT,mbeltzner,Flags,blocking-firefox3.6+,blocking-firefox3.6?
2009-10-29 09:07:03 PDT,mak77,Attachment #404664                Flags,,approval1.9.2?
2009-10-29 09:42:18 PDT,mak77,status1.9.2,final-fixed,---
2009-11-04 16:41:49 PST,dveditz,Attachment #404648                Flags,approval1.9.1.6+,approval1.9.1.6?
2009-11-07 03:14:47 PST,mak77,status1.9.1,.6-fixed,wanted
