When,Who,What,Added,Removed
2010-02-09 20:18:17 PST,lorchard,Whiteboard,02 hrs,
2010-02-09 20:18:17 PST,lorchard,Severity,enhancement,normal
2010-02-09 20:18:17 PST,lorchard,Priority,P5,--
2010-02-10 19:49:46 PST,lorchard,Depends on,545572,
2010-05-05 17:04:56 PDT,neil,CC,,neil
2010-06-02 11:18:20 PDT,lorchard,Status,RESOLVED,NEW
2010-06-02 11:18:20 PDT,lorchard,Resolution,FIXED,---
2010-06-02 11:18:20 PDT,lorchard,Last Resolved,2010-06-02 11:18:20,
2014-08-19 07:41:41 PDT,nobody,Product,Websites Graveyard,Websites
