When,Who,What,Added,Removed
2009-09-14 08:07:52 PDT,slavomir.katuscak+mozilla,Attachment #400506                Flags,review?(nelson),
2009-09-14 19:27:52 PDT,nelson,Attachment #400506                Flags,review-,review?(nelson)
2009-09-15 11:16:04 PDT,slavomir.katuscak+mozilla,Attachment #400506                Attachment is obsolete,1,0
2009-09-15 11:16:04 PDT,slavomir.katuscak+mozilla,Attachment #400814                Flags,review?(nelson),
2009-09-15 11:22:20 PDT,nelson,Attachment #400814                Flags,review+,review?(nelson)
2009-09-15 11:28:23 PDT,slavomir.katuscak+mozilla,Status,RESOLVED,NEW
2009-09-15 11:28:23 PDT,slavomir.katuscak+mozilla,Resolution,FIXED,---
2009-09-15 11:28:23 PDT,slavomir.katuscak+mozilla,Last Resolved,2009-09-15 11:28:23,
