When,Who,What,Added,Removed
2009-09-14 11:27:31 PDT,aryx.bugmail,CC,archaeopteryx,
2009-09-14 13:05:53 PDT,gal,Status,NEW,UNCONFIRMED
2009-09-14 13:05:53 PDT,gal,CC,gal,
2009-09-14 13:05:53 PDT,gal,Ever confirmed,1,0
2009-09-14 13:06:11 PDT,gal,CC,dmandelin, igor, lw,
2009-09-14 13:07:00 PDT,gal,CC,sayrer,
2009-09-14 13:41:42 PDT,dmandelin,Summary,Excessive memory consumption/OOM on http://bbarker.co.uk,crash on viewing page
2009-09-14 14:49:18 PDT,gal,Depends on,506125,
2009-09-14 16:04:25 PDT,ryanvm,CC,ryanvm,
2009-09-14 20:08:31 PDT,mozilla-bugs,CC,mozilla-bugs,
2009-09-15 12:55:39 PDT,brendan,CC,brendan, jonas, mrbkap, peterv,
2009-09-15 14:39:05 PDT,jonas,CC,jst,
2009-09-18 17:36:14 PDT,dmandelin,Status,ASSIGNED,NEW
2009-09-18 17:36:14 PDT,dmandelin,Assignee,dmandelin,general
2009-09-18 17:36:14 PDT,dmandelin,Attachment #401579                Flags,review?(igor),
2009-09-20 00:52:14 PDT,igor,Attachment #401579                Flags,review-,review?(igor)
2009-09-21 11:04:04 PDT,dmandelin,Attachment #401579                Attachment is obsolete,1,0
2009-09-21 11:04:13 PDT,dmandelin,Whiteboard,fixed-in-tracemonkey,
2009-09-29 15:46:44 PDT,sayrer,Last Resolved,2009-09-29 15:46:44,
2009-09-29 15:46:44 PDT,sayrer,Status,RESOLVED,ASSIGNED
2009-09-29 15:46:44 PDT,sayrer,Resolution,FIXED,---
2009-10-10 13:24:08 PDT,sayrer,Flags,wanted1.9.2+,
2009-10-10 13:24:08 PDT,sayrer,status1.9.2,beta1-fixed,---
2010-09-18 09:47:49 PDT,feedback,See Also,https://launchpad.net/bugs/429476,
