When,Who,What,Added,Removed
2010-08-06 09:35:36 PDT,k0scist,Whiteboard,[mozmill-2.0?][CLI],
2010-08-06 09:35:36 PDT,k0scist,CC,jhammel,
2010-08-06 11:15:28 PDT,hskupin,CC,hskupin,
2011-01-04 10:52:41 PST,dougkearns,CC,dougkearns,
2011-01-04 16:02:33 PST,k0scist,Summary,[CLI] Unknown command line parameters should be forwarded to Firefox,Unknown command line parameters should be forwarded to Firefox
2011-01-05 22:05:23 PST,k0scist,Assignee,jhammel,nobody
2011-01-05 22:06:48 PST,k0scist,Attachment #501593                Flags,review?(fayearthur+bugs),
2011-01-14 18:07:05 PST,fayearthur,Attachment #501593                Flags,review+,review?(fayearthur+bugs)
2011-01-14 18:09:36 PST,fayearthur,Whiteboard,[mozmill-1.5.2?][mozmill-2.0?][CLI],[mozmill-2.0?][CLI]
2011-01-14 18:09:36 PST,fayearthur,CC,fayearthur+bugs,
2011-01-18 11:36:41 PST,cmtalbert,Whiteboard,[mozmill-1.5.2+][mozmill-2.0+][CLI],[mozmill-1.5.2?][mozmill-2.0?][CLI]
2011-01-18 12:52:32 PST,hskupin,Status,ASSIGNED,NEW
2011-01-18 15:17:11 PST,k0scist,Blocks,622891,
2011-01-18 15:38:35 PST,hskupin,Whiteboard,[mozmill-1.5.2+][mozmill-2.0+][CLI][mozmill-doc-needed],[mozmill-1.5.2+][mozmill-2.0+][CLI]
2011-01-19 09:57:36 PST,k0scist,Attachment #505105                Flags,feedback?(fayearthur+bugs),
2011-01-19 10:16:30 PST,fayearthur,Attachment #505105                Flags,feedback+,feedback?(fayearthur+bugs)
2011-01-19 10:17:31 PST,k0scist,Attachment #505105                Flags,review?(fayearthur+bugs),feedback+
2011-01-19 10:18:44 PST,fayearthur,Attachment #505105                Flags,review+,review?(fayearthur+bugs)
2011-01-19 10:19:24 PST,k0scist,Attachment #505105                Flags,review?(ctalbert), feedback?(hskupin),review+
2011-01-19 10:21:49 PST,cmtalbert,Attachment #505105                Flags,review+,review?(ctalbert)
2011-01-19 13:36:40 PST,hskupin,Attachment #505105                Flags,feedback+,feedback?(hskupin)
2011-01-19 13:52:03 PST,k0scist,Attachment #501593                Attachment is obsolete,1,0
2011-01-19 13:52:03 PST,k0scist,Attachment #505181                Flags,review?(fayearthur+bugs),
2011-01-19 13:59:23 PST,k0scist,Attachment #505181                Attachment is obsolete,1,0
2011-01-19 13:59:23 PST,k0scist,Attachment #505185                Flags,review?(ctalbert),
2011-01-19 13:59:23 PST,k0scist,Attachment #505181                Flags,,review?(fayearthur+bugs)
2011-01-19 14:05:28 PST,k0scist,Attachment #505105                Attachment is obsolete,1,0
2011-01-19 14:05:28 PST,k0scist,Attachment #505192                Flags,review?(ctalbert),
2011-01-20 12:06:16 PST,cmtalbert,Attachment #505185                Flags,review+,review?(ctalbert)
2011-01-20 12:06:55 PST,cmtalbert,Attachment #505192                Flags,review+,review?(ctalbert)
2011-01-20 12:17:28 PST,k0scist,Status,RESOLVED,ASSIGNED
2011-01-20 12:17:28 PST,k0scist,Resolution,FIXED,---
2011-01-20 12:17:28 PST,k0scist,Last Resolved,2011-01-20 12:17:28,
2011-01-23 13:24:51 PST,hskupin,Status,VERIFIED,RESOLVED
