When,Who,What,Added,Removed
2009-09-14 10:10:22 PDT,bugzilla.spam2,CC,bugzilla.spam2,
2009-09-14 10:11:57 PDT,philip.chee,Attachment #400533                Flags,review?(mnyromyr), ui-review?(kairo),
2009-09-14 10:12:40 PDT,philip.chee,Attachment #400533                Flags,review?(neil),
2009-09-14 22:38:05 PDT,dominique,CC,dominique,
2009-09-15 02:06:24 PDT,tobias,CC,tobias,
2009-09-15 06:09:46 PDT,neil,Attachment #400533                Flags,review-,review?(neil)
2009-09-15 08:58:27 PDT,philip.chee,Attachment #400533                Attachment is obsolete,1,0
2009-09-15 08:58:27 PDT,philip.chee,Attachment #400781                Flags,review?(mnyromyr), superreview?(neil),
2009-09-15 08:58:27 PDT,philip.chee,Attachment #400533                Flags,,review?(mnyromyr), ui-review?(kairo)
2009-09-15 09:25:17 PDT,neil,Attachment #400781                Flags,superreview+,superreview?(neil)
2009-09-16 04:44:54 PDT,kairo,Blocks,516883,
2009-09-16 04:44:59 PDT,kairo,Blocks,516882,
2009-09-16 05:27:27 PDT,kairo,Blocks,,516883
2009-09-16 07:40:25 PDT,philip.chee,Attachment #401016                Flags,review?(mnyromyr), superreview+,
2009-09-16 07:40:25 PDT,philip.chee,Attachment #400781                Flags,,review?(mnyromyr)
2009-09-16 07:40:25 PDT,philip.chee,Attachment #400781                Attachment is obsolete,1,0
2009-09-17 09:50:44 PDT,philip.chee,Blocks,517238,
2009-09-17 20:52:51 PDT,stevew,CC,stevew,
2009-09-18 01:22:58 PDT,philip.chee,Attachment #401016                Attachment is obsolete,1,0
2009-09-18 01:22:58 PDT,philip.chee,Attachment #401393                Flags,review?(mnyromyr), superreview?(neil),
2009-09-18 01:22:58 PDT,philip.chee,Attachment #401016                Flags,,review?(mnyromyr)
2009-09-18 01:32:34 PDT,philip.chee,Attachment #401393                Flags,review?(iann_bugzilla),review?(mnyromyr)
2009-09-18 01:56:47 PDT,neil,Attachment #401393                Flags,superreview+,superreview?(neil)
2009-09-18 08:00:57 PDT,jonathanr.pritchard+bugzilla,CC,jonathanr.pritchard+bugzilla,
2009-09-19 04:52:18 PDT,kairo,Flags,blocking-seamonkey2.0?,
2009-09-19 05:32:40 PDT,svl-bmo,CC,svl_bmo,
2009-09-19 07:18:00 PDT,iann_bugzilla,Attachment #401393                Flags,review+,review?(iann_bugzilla)
2009-09-19 07:21:38 PDT,philip.chee,Attachment #401393                Flags,approval-seamonkey2.0?,
2009-09-19 07:28:29 PDT,iann_bugzilla,Attachment #401393                Flags,approval-seamonkey2.0+,approval-seamonkey2.0?
2009-09-19 07:28:43 PDT,iann_bugzilla,Flags,,blocking-seamonkey2.0?
2009-09-19 07:52:22 PDT,philip.chee,Keywords,checkin-needed,
2009-09-19 07:53:32 PDT,philip.chee,Attachment #401393                Attachment description,[for checkin] Patch v1.3 additional fix.,Patch v1.3 additional fix.
2009-09-19 08:05:00 PDT,iann_bugzilla,Attachment #401393                Attachment description,Patch v1.3 additional fix [Checkin: Comment 19],[for checkin] Patch v1.3 additional fix.
2009-09-19 08:05:22 PDT,iann_bugzilla,Keywords,fixed-seamonkey2.0,checkin-needed
2009-09-19 08:05:22 PDT,iann_bugzilla,Status,RESOLVED,ASSIGNED
2009-09-19 08:05:22 PDT,iann_bugzilla,Resolution,FIXED,---
2009-09-19 08:05:22 PDT,iann_bugzilla,Last Resolved,2009-09-19 08:05:22,
2009-12-16 10:26:36 PST,iann_bugzilla,Blocks,313822,
2009-12-16 10:31:34 PST,iann_bugzilla,Blocks,509324,
