When,Who,What,Added,Removed
2009-09-15 08:08:24 PDT,jmuizelaar,CC,johnath,
2009-09-16 09:15:05 PDT,coop,Assignee,ccooper,nobody
2009-09-16 09:15:05 PDT,coop,Attachment #401037                Flags,review?(anodelman),
2009-09-16 09:15:05 PDT,coop,Status,ASSIGNED,NEW
2009-09-16 14:55:58 PDT,anodelman,CC,anodelman,
2009-09-16 14:56:17 PDT,anodelman,Attachment #401037                Flags,review+,review?(anodelman)
2009-09-22 07:43:57 PDT,coop,Attachment #402080                Flags,review?(catlee),
2009-09-22 07:44:45 PDT,coop,Attachment #402080                Attachment mime type,text/plain,application/octet-stream
2009-09-22 08:02:32 PDT,coop,Attachment #402080                Attachment is obsolete,1,0
2009-09-22 08:02:32 PDT,coop,Attachment #402080                Flags,,review?(catlee)
2009-09-22 10:50:14 PDT,coop,Attachment #402117                Flags,review?(catlee),
2009-09-22 20:00:56 PDT,coop,Attachment #402117                Attachment is obsolete,1,0
2009-09-22 20:00:56 PDT,coop,Attachment #402262                Flags,review?(catlee),
2009-09-22 20:00:56 PDT,coop,Attachment #402117                Flags,,review?(catlee)
2009-09-23 06:44:12 PDT,catlee,Attachment #402262                Flags,review+,review?(catlee)
2009-09-23 08:56:55 PDT,coop,Attachment #402262                Flags,review?(justdave),
2009-09-23 09:02:49 PDT,catlee,CC,catlee,
2009-09-24 06:17:59 PDT,catlee,Attachment #401037                Flags,checked-in+,
2009-09-24 06:44:50 PDT,smani,CC,shyam,
2009-09-24 08:25:00 PDT,catlee,Attachment #402262                Attachment is obsolete,1,0
2009-09-24 08:25:00 PDT,catlee,Attachment #402262                Flags,,review?(justdave)
2009-09-24 08:36:42 PDT,smani,Attachment #402582                Attachment mime type,text/plain,text/x-python
2009-09-24 08:52:05 PDT,coop,Status,RESOLVED,ASSIGNED
2009-09-24 08:52:05 PDT,coop,Resolution,FIXED,---
2009-09-24 08:52:05 PDT,coop,Last Resolved,2009-09-24 08:52:05,
2009-09-24 15:10:49 PDT,anodelman,Status,REOPENED,RESOLVED
2009-09-24 15:10:49 PDT,anodelman,Resolution,---,FIXED
2009-09-24 15:28:01 PDT,coop,Status,ASSIGNED,REOPENED
2009-09-24 15:28:01 PDT,coop,Priority,P1,--
2009-09-24 16:17:56 PDT,coop,Attachment #402582                Attachment is obsolete,1,0
2009-09-24 16:17:56 PDT,coop,Attachment #402705                Flags,review?(anodelman),
2009-09-24 16:45:52 PDT,anodelman,Attachment #402705                Flags,review+,review?(anodelman)
2009-09-24 16:52:33 PDT,ryan.doherty,Attachment #402705                Flags,review?,review+
2009-09-24 17:29:08 PDT,coop,Status,RESOLVED,ASSIGNED
2009-09-24 17:29:08 PDT,coop,Resolution,FIXED,---
2009-09-24 17:29:08 PDT,coop,Last Resolved,2009-09-24 17:29:08,2009-09-24 08:52:05
2009-09-24 19:09:03 PDT,coop,Attachment #402705                Flags,,review?
2013-08-12 21:54:08 PDT,nobody,Product,Release Engineering,mozilla.org
