When,Who,What,Added,Removed
2009-09-14 13:44:57 PDT,davidwboswell,Blocks,503637,
2010-08-31 16:39:56 PDT,buchanae+bugs,Assignee,kourge,nobody
2010-08-31 16:39:56 PDT,buchanae+bugs,CC,abuchanan,
2010-08-31 17:18:28 PDT,kourge,Keywords,qawanted,
2010-08-31 18:11:28 PDT,stephen.donner,Keywords,push-needed,qawanted
2010-08-31 18:11:28 PDT,stephen.donner,Hardware,All,x86
2010-08-31 18:11:28 PDT,stephen.donner,OS,All,Mac OS X
2010-08-31 18:11:28 PDT,stephen.donner,CC,stephen.donner,
2010-09-02 12:31:58 PDT,buchanae+bugs,Keywords,,push-needed
2010-09-02 12:31:58 PDT,buchanae+bugs,Status,RESOLVED,NEW
2010-09-02 12:31:58 PDT,buchanae+bugs,Resolution,FIXED,---
2010-09-02 12:31:58 PDT,buchanae+bugs,Last Resolved,2010-09-02 12:31:58,
2010-09-02 14:07:39 PDT,davidwboswell,Status,VERIFIED,RESOLVED
2012-04-23 08:15:30 PDT,nobody,Product,Websites,Websites
2012-04-23 08:15:30 PDT,nobody,Component,www.mozilla.org,www.mozilla.org/firefox
2012-08-23 00:16:07 PDT,nobody,Product,www.mozilla.org,Websites
2012-08-23 00:16:07 PDT,nobody,Component,General,www.mozilla.org
