When,Who,What,Added,Removed
2009-09-14 12:41:59 PDT,bobbyholley,Whiteboard,[decodeondraw],
2009-09-14 12:45:00 PDT,bobbyholley,Attachment #400563                Flags,review?(joe),
2009-09-14 13:10:57 PDT,joe,Attachment #400563                Flags,review+,review?(joe)
2009-09-15 17:36:22 PDT,bobbyholley,Status,RESOLVED,NEW
2009-09-15 17:36:22 PDT,bobbyholley,Resolution,FIXED,---
2009-09-15 17:36:22 PDT,bobbyholley,Last Resolved,2009-09-15 17:36:22,
2009-09-16 06:55:23 PDT,alfredkayser,CC,alfredkayser,
