When,Who,What,Added,Removed
2009-09-14 12:16:02 PDT,graphicsguru,CC,rebron,
2009-09-14 12:16:39 PDT,graphicsguru,CC,mozilla,
2009-09-15 03:45:42 PDT,paul,Assignee,mozilla,nobody
2009-09-15 03:49:54 PDT,paul,Severity,major,normal
2009-09-15 03:49:54 PDT,paul,CC,gozer,
2009-09-17 01:31:41 PDT,paul,CC,ian-bugzilla,
2009-09-17 09:12:10 PDT,paul,Status,RESOLVED,NEW
2009-09-17 09:12:10 PDT,paul,Resolution,FIXED,---
2009-09-17 09:12:10 PDT,paul,Last Resolved,2009-09-17 09:12:10,
2012-12-18 15:07:46 PST,nobody,Product,Websites Graveyard,Websites
2012-12-18 15:07:46 PST,nobody,Component,spreadthunderbird.com,spreadthunderbird.com
