When,Who,What,Added,Removed
2009-09-15 01:00:25 PDT,LpSolit,Version,3.4.1,unspecified
2009-09-15 01:00:25 PDT,LpSolit,CC,mkanat,
2010-01-12 11:57:42 PST,reed,CC,reed,
2010-01-15 14:14:20 PST,dkl,CC,dkl,
2010-02-25 16:32:16 PST,mkanat,Target Milestone,Bugzilla 3.4,---
2010-02-25 16:32:16 PST,mkanat,Flags,blocking3.4.6+,
2010-02-25 18:25:35 PST,mkanat,Status,NEW,UNCONFIRMED
2010-02-25 18:25:35 PST,mkanat,Ever confirmed,1,0
2010-03-01 16:10:00 PST,mkanat,Flags,blocking3.4.7+,blocking3.4.6+
2010-03-29 19:17:53 PDT,mkanat,Keywords,helpwanted,
2010-04-12 21:29:25 PDT,mkanat,Flags,blocking3.4.7-, blocking3.6.1+,blocking3.4.7+
2010-04-13 00:40:37 PDT,LpSolit,Target Milestone,---,Bugzilla 3.4
2010-04-13 02:15:36 PDT,mkanat,Target Milestone,Bugzilla 3.6,---
2010-05-19 06:56:14 PDT,kar,CC,kar,
2010-05-23 12:28:21 PDT,LpSolit,Flags,blocking3.6.1-,blocking3.6.1+
2010-07-20 20:13:38 PDT,mkanat,Status,ASSIGNED,NEW
2010-07-20 20:13:38 PDT,mkanat,Assignee,mkanat,email-notifications
2010-07-20 20:41:08 PDT,mkanat,Flags,blocking4.0+,
2010-09-04 20:40:02 PDT,mkanat,Keywords,,helpwanted
2010-09-04 20:40:02 PDT,mkanat,Summary,jobqueue.pl slowly leaks memory over time due to Email::MIME::walk_parts,jobqueue.pl: possible memory leak?
2010-09-04 20:40:02 PDT,mkanat,Hardware,All,x86_64
2010-09-04 20:40:02 PDT,mkanat,OS,All,Linux
2010-09-04 20:40:02 PDT,mkanat,Severity,normal,minor
2010-09-04 20:40:02 PDT,mkanat,Flags,blocking3.6.3+,
2010-09-04 20:44:06 PDT,mkanat,Target Milestone,Bugzilla 4.0,Bugzilla 3.6
2010-09-04 20:44:06 PDT,mkanat,Flags,blocking3.6.3-,blocking3.6.3+
2010-09-04 20:48:16 PDT,mkanat,Attachment #472227                Flags,review?(LpSolit),
2010-09-05 04:16:52 PDT,LpSolit,Attachment #472227                Flags,review-,review?(LpSolit)
2010-09-05 04:17:29 PDT,LpSolit,Blocks,65477,
2010-09-07 02:12:04 PDT,mkanat,Attachment #472577                Flags,review?(LpSolit),
2010-09-07 02:12:04 PDT,mkanat,Attachment #472227                Attachment is obsolete,1,0
2010-09-07 08:04:39 PDT,LpSolit,Attachment #472577                Flags,review+,review?(LpSolit)
2010-09-07 08:05:37 PDT,LpSolit,Flags,approval+, approval4.0+,
2010-09-07 18:39:57 PDT,mkanat,Status,RESOLVED,ASSIGNED
2010-09-07 18:39:57 PDT,mkanat,Resolution,FIXED,---
2010-09-07 18:39:57 PDT,mkanat,Last Resolved,2010-09-07 18:39:57,
