When,Who,What,Added,Removed
2009-09-14 12:58:01 PDT,mark.finkle,Attachment #400568                Flags,review?(gavin.sharp), ui-review?(madhava),
2009-09-14 12:58:21 PDT,mark.finkle,Whiteboard,[fennec l10n],
2009-09-14 12:58:21 PDT,mark.finkle,CC,l10n,
2009-09-14 13:07:38 PDT,l10n,Attachment #400568                Flags,review-,
2009-09-14 22:28:06 PDT,sethb,CC,sethb,
2009-09-14 22:52:53 PDT,mark.finkle,Attachment #400568                Flags,,review?(gavin.sharp), ui-review?(madhava)
2009-09-14 22:52:53 PDT,mark.finkle,Assignee,mark.finkle,nobody
2009-09-14 22:52:53 PDT,mark.finkle,Attachment #400568                Attachment is obsolete,1,0
2009-09-14 22:52:53 PDT,mark.finkle,Attachment #400688                Flags,review?(gavin.sharp),
2009-09-15 06:33:18 PDT,l10n,Attachment #400688                Flags,review-,
2009-09-15 10:01:39 PDT,mark.finkle,Attachment #400688                Attachment is obsolete,1,0
2009-09-15 10:01:39 PDT,mark.finkle,Attachment #400794                Flags,review?(gavin.sharp),
2009-09-15 10:01:39 PDT,mark.finkle,Attachment #400688                Flags,,review?(gavin.sharp)
2009-09-16 10:52:42 PDT,l10n,CC,pascalc,
2009-09-16 20:42:23 PDT,mark.finkle,Attachment #400794                Attachment is obsolete,1,0
2009-09-16 20:42:23 PDT,mark.finkle,Attachment #401162                Flags,review?(gavin.sharp),
2009-09-16 20:42:23 PDT,mark.finkle,Attachment #400794                Flags,,review?(gavin.sharp)
2009-09-17 07:53:34 PDT,madhava,CC,madhava,
2009-09-17 10:36:22 PDT,mark.finkle,Attachment #401233                Flags,review?,
2009-09-17 10:39:09 PDT,mark.finkle,Attachment #401233                Flags,review?(gavin.sharp),review?
2009-09-17 10:39:21 PDT,mark.finkle,Attachment #401162                Attachment is obsolete,1,0
2009-09-17 10:39:21 PDT,mark.finkle,Attachment #401162                Flags,,review?(gavin.sharp)
2009-09-17 23:34:58 PDT,mark.finkle,tracking-fennec,?,---
2009-09-18 12:43:27 PDT,gavin.sharp,Attachment #401233                Flags,review+,review?(gavin.sharp)
2009-09-18 14:20:44 PDT,mark.finkle,CC,pavlov,
2009-09-22 07:31:45 PDT,mark.finkle,Status,RESOLVED,NEW
2009-09-22 07:31:45 PDT,mark.finkle,Resolution,FIXED,---
2009-09-22 07:31:45 PDT,mark.finkle,Target Milestone,B4,---
2009-09-22 07:31:45 PDT,mark.finkle,Last Resolved,2009-09-22 07:31:45,
2009-09-24 12:10:48 PDT,jmaher,CC,jmaher,
2013-12-10 09:59:05 PST,nobody,tracking-fennec,---,?
