When,Who,What,Added,Removed
2009-09-30 17:57:13 PDT,fullmetaljacket.xp+bugmail,CC,fullmetaljacket.xp+bugmail,
2009-11-27 04:59:47 PST,stebs,Summary,[HTML5] Link Prefetch test fails in Browserscope Network Test (regression),[HTML5] 3 Tests fail in Browserscope Network Test (regression)
2009-11-27 06:18:17 PST,hsivonen,CC,hsivonen,
2009-11-27 06:20:41 PST,hsivonen,Status,NEW,UNCONFIRMED
2009-11-27 06:20:41 PST,hsivonen,Priority,P3,--
2009-11-27 06:20:41 PST,hsivonen,Ever confirmed,1,0
2010-02-16 07:00:27 PST,bzbarsky,Blocks,373864,
2010-02-16 07:22:15 PST,xtc4uall,CC,xtc4uall,
2010-02-16 16:46:03 PST,jwalden+bmo,CC,jwalden+bmo,
2010-02-18 00:25:05 PST,hsivonen,Priority,P1,P3
2010-02-24 06:38:39 PST,hsivonen,Assignee,hsivonen,nobody
2010-02-24 06:38:39 PST,hsivonen,Attachment #428708                Flags,review?(bnewman),
2010-02-24 06:38:39 PST,hsivonen,Status,ASSIGNED,NEW
2010-02-24 06:38:51 PST,hsivonen,Summary,[HTML5][Patch] Link Prefetch test fails in Browserscope Network Test (regression),[HTML5] Link Prefetch test fails in Browserscope Network Test (regression)
2010-02-24 15:01:10 PST,mozilla+ben,Attachment #428708                Flags,review+,review?(bnewman)
2010-02-26 01:49:43 PST,hsivonen,Status,RESOLVED,ASSIGNED
2010-02-26 01:49:43 PST,hsivonen,Resolution,FIXED,---
2010-02-26 01:49:43 PST,hsivonen,Last Resolved,2010-02-26 01:49:43,
2010-02-26 02:37:02 PST,deprecationmail,CC,bugzilla,
2010-04-15 04:56:14 PDT,hsivonen,Status,REOPENED,RESOLVED
2010-04-15 04:56:14 PDT,hsivonen,Resolution,---,FIXED
2010-04-15 06:48:18 PDT,hsivonen,Keywords,regressionwindow-wanted,
2010-04-15 23:53:45 PDT,hsivonen,Keywords,,regressionwindow-wanted
2010-04-16 00:46:56 PDT,hsivonen,Status,RESOLVED,REOPENED
2010-04-16 00:46:56 PDT,hsivonen,Resolution,FIXED,---
2010-04-16 00:46:56 PDT,hsivonen,Last Resolved,2010-04-16 00:46:56,2010-02-26 01:49:43
