When,Who,What,Added,Removed
2009-09-14 08:35:46 PDT,eshepherd,Summary,MDC badly broken this morning,MDC settings all missing
2009-09-14 08:37:05 PDT,smani,Assignee,shyam,server-ops
2009-09-14 08:37:05 PDT,smani,CC,shyam,
2009-09-14 08:37:12 PDT,oremj,Assignee,server-ops,shyam
2009-09-14 08:37:12 PDT,oremj,CC,jeremy.orem+bugs,
2009-09-14 08:42:04 PDT,eshepherd,Status,RESOLVED,NEW
2009-09-14 08:42:04 PDT,eshepherd,Resolution,FIXED,---
2009-09-14 08:42:04 PDT,eshepherd,Last Resolved,2009-09-14 08:42:04,
2009-09-14 08:50:51 PDT,smani,Assignee,shyam,server-ops
2015-03-12 08:17:16 PDT,nobody,Product,mozilla.org Graveyard,mozilla.org
