When,Who,What,Added,Removed
2009-09-14 12:16:22 PDT,hskupin,Attachment #400555                Flags,review?(adesai),
2009-09-15 11:50:45 PDT,mozaakash,Attachment #400555                Flags,review-,review?(adesai)
2009-09-15 16:10:19 PDT,hskupin,Attachment #400555                Flags,review?(adesai),review-
2009-09-16 09:55:33 PDT,hskupin,Attachment #400555                Flags,,review?(adesai)
2009-09-16 10:15:16 PDT,hskupin,Attachment #400555                Attachment is obsolete,1,0
2009-09-16 10:15:16 PDT,hskupin,Attachment #401045                Flags,review?(adesai),
2009-09-22 16:10:25 PDT,mozaakash,Attachment #401045                Flags,review+,review?(adesai)
2009-09-23 06:42:43 PDT,hskupin,Attachment #401045                Attachment is obsolete,1,0
2009-09-23 06:42:43 PDT,hskupin,Attachment #402342                Flags,review?(adesai),
2009-09-23 14:48:06 PDT,mozaakash,Attachment #402342                Flags,review+,review?(adesai)
2009-09-24 16:02:36 PDT,hskupin,Status,RESOLVED,ASSIGNED
2009-09-24 16:02:36 PDT,hskupin,Resolution,FIXED,---
2009-09-24 16:02:36 PDT,hskupin,CC,hskupin,
2009-09-24 16:02:36 PDT,hskupin,Last Resolved,2009-09-24 16:02:36,
2010-11-19 12:47:49 PST,hskupin,Product,Mozilla QA,Firefox
2010-11-19 12:47:49 PST,hskupin,Version,unspecified,Trunk
2010-11-19 12:47:49 PST,hskupin,Component,Mozmill Tests,Private Browsing
2010-11-19 12:47:49 PST,hskupin,QA Contact,mozmill-tests,private.browsing
