When,Who,What,Added,Removed
2009-09-14 11:03:12 PDT,paul+moz,CC,paul.craciunoiu,
2009-09-14 12:37:12 PDT,tmzmoz,CC,jsocol,
2009-09-14 13:50:40 PDT,me+bugzilla,Assignee,jsocol,nobody
2009-09-14 14:01:05 PDT,me+bugzilla,Target Milestone,1.4,---
2009-09-14 14:01:31 PDT,me+bugzilla,Summary,Purpose of your response box changes selection randomly on new replies,Purpose of your response box changes selection randomly
2009-09-14 15:12:44 PDT,me+bugzilla,Attachment #400597                Flags,review?(laura),
2009-09-16 14:29:05 PDT,laura,Attachment #400597                Flags,review+,review?(laura)
2009-09-16 14:45:47 PDT,me+bugzilla,Status,RESOLVED,NEW
2009-09-16 14:45:47 PDT,me+bugzilla,Resolution,FIXED,---
2009-09-16 14:45:47 PDT,me+bugzilla,Last Resolved,2009-09-16 14:45:47,
2009-09-17 13:28:20 PDT,tmzmoz,Status,VERIFIED,RESOLVED
2009-12-16 15:51:02 PST,me+bugzilla,Whiteboard,sumo_only,
