When,Who,What,Added,Removed
2009-09-14 13:58:52 PDT,nthomas,Priority,P2,--
2009-09-14 13:58:52 PDT,nthomas,Assignee,nthomas,nobody
2009-09-14 14:16:53 PDT,nthomas,Status,RESOLVED,NEW
2009-09-14 14:16:53 PDT,nthomas,Resolution,FIXED,---
2009-09-14 14:16:53 PDT,nthomas,Last Resolved,2009-09-14 14:16:53,
2009-09-21 08:11:21 PDT,gozer,Status,REOPENED,RESOLVED
2009-09-21 08:11:21 PDT,gozer,Resolution,---,FIXED
2009-09-21 14:36:43 PDT,nthomas,Last Resolved,2009-09-21 14:36:43,2009-09-14 14:16:53
2009-09-21 14:36:43 PDT,nthomas,Status,RESOLVED,REOPENED
2009-09-21 14:36:43 PDT,nthomas,Resolution,FIXED,---
2013-08-12 21:54:08 PDT,nobody,Product,Release Engineering,mozilla.org
