When,Who,What,Added,Removed
2009-09-14 11:48:05 PDT,gandalf,Assignee,gandalf,nobody
2009-09-14 12:09:59 PDT,davidwboswell,CC,fantasai.bugs,
2009-09-16 09:42:24 PDT,pascalc,CC,pascalc,
2009-09-16 09:42:37 PDT,pascalc,CC,,pascalc
2009-10-04 11:27:42 PDT,samuel.sidler+old,CC,samuel.sidler,
2009-11-19 20:48:48 PST,davidwboswell,Priority,P2,--
2010-12-09 13:10:03 PST,davidwboswell,CC,kohei.yoshino.bugs,
2010-12-09 13:10:20 PST,davidwboswell,CC,sethb,
2010-12-09 13:28:55 PST,davidwboswell,CC,abuchanan,
2010-12-09 13:29:15 PST,davidwboswell,Summary,Internationalize www.mozilla.org,Internationalize new www.mozilla.org
2011-01-10 13:15:35 PST,samuel.sidler,CC,bmo,
2011-01-10 14:40:34 PST,themilossh,Depends on,624479,
2011-01-11 00:56:50 PST,stas,CC,stas,
2011-01-21 03:24:18 PST,themilossh,Depends on,627659,
2012-08-23 00:16:07 PDT,nobody,Product,www.mozilla.org,Websites
2012-08-23 00:16:07 PDT,nobody,Component,General,www.mozilla.org
2012-09-05 05:54:18 PDT,pascalc,Status,RESOLVED,NEW
2012-09-05 05:54:18 PDT,pascalc,Resolution,FIXED,---
2012-09-05 05:54:18 PDT,pascalc,Last Resolved,2012-09-05 05:54:18,
