When,Who,What,Added,Removed
2009-09-14 11:17:39 PDT,mak77,CC,mak77,
2009-09-14 11:17:39 PDT,mak77,Keywords,privacy,
2009-09-14 11:19:15 PDT,mak77,Keywords,regression,
2009-09-14 11:29:24 PDT,mak77,Flags,blocking1.9.2?,
2009-09-14 14:48:04 PDT,xtc4uall,CC,xtc4uall,
2009-09-14 15:08:10 PDT,ryanvm,CC,ryanvm,
2009-09-15 16:50:49 PDT,fullmetaljacket.xp+bugmail,CC,fullmetaljacket.xp+bugmail,
2009-09-16 09:48:54 PDT,dietrich,Priority,P2,--
2009-09-16 09:48:54 PDT,dietrich,Assignee,sdwilsh,nobody
2009-09-16 09:48:54 PDT,dietrich,CC,dietrich, sdwilsh,
2009-09-16 09:48:54 PDT,dietrich,Flags,blocking1.9.2+,blocking1.9.2?
2009-09-22 16:01:00 PDT,sdwilsh,Status,ASSIGNED,NEW
2009-09-22 16:01:00 PDT,sdwilsh,Whiteboard,[needs patch],
2009-09-23 15:11:15 PDT,sdwilsh,Attachment #402452                Flags,review?(dietrich),
2009-09-23 15:11:38 PDT,sdwilsh,Whiteboard,[needs review dietrich],[needs patch]
2009-09-23 15:11:38 PDT,sdwilsh,Flags,in-testsuite?, in-litmus-,
2009-09-28 14:08:38 PDT,sdwilsh,Attachment #402452                Attachment is obsolete,1,0
2009-09-28 14:08:38 PDT,sdwilsh,Attachment #403327                Flags,review?(dietrich),
2009-09-28 14:08:38 PDT,sdwilsh,Attachment #402452                Flags,,review?(dietrich)
2009-09-28 14:27:08 PDT,dietrich,Attachment #403327                Flags,review+,review?(dietrich)
2009-09-28 14:59:05 PDT,sdwilsh,Whiteboard,[can land],[needs review dietrich]
2009-09-28 16:28:15 PDT,sdwilsh,Attachment #403327                Attachment is obsolete,1,0
2009-09-29 04:54:33 PDT,mak77,Whiteboard,,[can land]
2009-09-29 04:54:33 PDT,mak77,Status,RESOLVED,ASSIGNED
2009-09-29 04:54:33 PDT,mak77,Resolution,FIXED,---
2009-09-29 04:54:33 PDT,mak77,Target Milestone,mozilla1.9.3a1,---
2009-09-29 04:54:33 PDT,mak77,Flags,in-testsuite+,in-testsuite?
2009-09-29 04:54:33 PDT,mak77,Last Resolved,2009-09-29 04:54:33,
2009-09-29 06:53:20 PDT,mak77,status1.9.2,beta1-fixed,---
