When,Who,What,Added,Removed
2009-09-14 08:57:03 PDT,bugzilla.spam2,CC,bugzilla.spam2,
2009-09-14 10:07:40 PDT,philip.chee,Depends on,516453,
2009-09-19 08:08:07 PDT,iann_bugzilla,CC,iann_bugzilla,
2009-09-19 09:28:15 PDT,dominique,CC,dominique,
2009-09-19 17:45:42 PDT,vvduma,CC,vvduma,
2009-09-19 20:50:57 PDT,philip.chee,Status,RESOLVED,NEW
2009-09-19 20:50:57 PDT,philip.chee,Resolution,FIXED,---
2009-09-19 20:50:57 PDT,philip.chee,Depends on,,509324
2009-09-19 20:50:57 PDT,philip.chee,Last Resolved,2009-09-19 20:50:57,
