When,Who,What,Added,Removed
2009-09-14 12:17:52 PDT,dtownsend,Flags,blocking-thunderbird3?,
2009-09-14 12:22:21 PDT,mozilla,CC,bienvenu,
2009-09-14 13:42:11 PDT,davida,Target Milestone,Thunderbird 3.0rc1,---
2009-09-14 13:42:11 PDT,davida,Flags,blocking-thunderbird3+,blocking-thunderbird3?
2009-09-14 14:31:45 PDT,david.humphrey,QA Contact,os-integration,folders-message-lists
2009-09-14 14:31:45 PDT,david.humphrey,Status,ASSIGNED,NEW
2009-09-14 14:31:45 PDT,david.humphrey,Component,OS Integration,Folder and Message Lists
2009-09-14 14:31:45 PDT,david.humphrey,Assignee,nobody,david.humphrey
2009-09-14 14:59:12 PDT,standard8,Assignee,david.humphrey,nobody
2009-09-16 01:08:31 PDT,bugzilla,Whiteboard,[no l10n impact],
2009-09-20 19:28:19 PDT,rbg_bz2,CC,rbg_bz2,
2009-09-22 05:01:24 PDT,iann_bugzilla,CC,iann_bugzilla,
2009-09-22 05:02:27 PDT,iann_bugzilla,Blocks,509163,
2009-09-25 06:53:06 PDT,david.humphrey,CC,omnichad,
2009-09-28 01:23:08 PDT,ludovic,CC,ludovic,
2009-10-02 13:18:24 PDT,jason,CC,jason,
2009-10-13 10:41:03 PDT,dmose,CC,dmose,
2009-10-13 10:41:03 PDT,dmose,Keywords,qawanted,
2009-10-14 05:24:23 PDT,kairo,CC,kairo,
2009-10-18 08:25:14 PDT,chris,CC,chris,
2009-10-20 11:17:18 PDT,dmose,Whiteboard,[no l10n impact] [hopefully fixed by bug 501963; waiting for confirmation],[no l10n impact]
2009-10-26 07:26:05 PDT,standard8,Status,RESOLVED,ASSIGNED
2009-10-26 07:26:05 PDT,standard8,Resolution,FIXED,---
2009-10-26 07:26:05 PDT,standard8,Depends on,509163,
2009-10-26 07:26:05 PDT,standard8,Blocks,,509163
2009-10-26 07:26:05 PDT,standard8,Last Resolved,2009-10-26 07:26:05,
2009-10-26 07:26:31 PDT,standard8,Whiteboard,[no l10n impact][believed fixed by bug 501963],[no l10n impact] [hopefully fixed by bug 501963; waiting for confirmation]
2009-11-03 19:34:37 PST,david.humphrey,Attachment #406539                Attachment is obsolete,1,0
2009-11-03 19:34:37 PST,david.humphrey,Attachment #410116                Flags,review?,
2009-11-03 19:35:03 PST,david.humphrey,Attachment #410116                Flags,review?(david.ascher),review?
2009-11-04 15:32:16 PST,davida,Status,REOPENED,RESOLVED
2009-11-04 15:32:16 PST,davida,Resolution,---,FIXED
2009-11-05 04:15:13 PST,standard8,Whiteboard,[no l10n impact],[no l10n impact][believed fixed by bug 501963]
2009-11-06 04:31:20 PST,blog,CC,blog,
2009-11-06 09:10:16 PST,dmose,Flags,blocking-thunderbird3-,blocking-thunderbird3+
2009-11-13 23:05:53 PST,mkporwit,CC,mkporwit,
2009-11-23 16:17:51 PST,mozilla,Attachment #410543                Flags,review?(bugzilla), superreview?(bugzilla),
2009-11-25 01:07:05 PST,standard8,CC,samuel.blanc,
2009-11-25 06:54:50 PST,standard8,Attachment #414172                Attachment mime type,text/plain,application/octet-stream
2009-11-25 07:00:12 PST,standard8,Attachment #410116                Flags,,review?(david.ascher)
2009-11-25 07:27:39 PST,standard8,Attachment #410543                Flags,review-,review?(bugzilla), superreview?(bugzilla)
2009-11-27 11:31:44 PST,standard8,Whiteboard,,[no l10n impact]
2009-11-27 11:31:44 PST,standard8,Assignee,bienvenu,david.humphrey
2009-11-27 11:31:44 PST,standard8,Target Milestone,---,Thunderbird 3.0rc1
2009-11-27 11:31:44 PST,standard8,status-thunderbird3.0,wanted,---
2009-11-30 14:31:23 PST,mozilla,Attachment #410543                Attachment is obsolete,1,0
2009-11-30 14:31:23 PST,mozilla,Attachment #415252                Flags,review?(bugzilla), superreview?(bugzilla),
2009-12-09 07:47:44 PST,mozilla,Attachment #415252                Attachment is obsolete,1,0
2009-12-09 07:47:44 PST,mozilla,Attachment #416751                Flags,review?(bugzilla), superreview?(bugzilla),
2009-12-09 07:47:44 PST,mozilla,Attachment #415252                Flags,,review?(bugzilla), superreview?(bugzilla)
2009-12-09 08:31:26 PST,standard8,Attachment #416751                Flags,review+, superreview+, approval-thunderbird3.0.1?,review?(bugzilla), superreview?(bugzilla)
2009-12-10 09:10:36 PST,richard.s.hall,CC,richard.s.hall,
2009-12-10 09:57:58 PST,mozilla,Status,RESOLVED,REOPENED
2009-12-10 09:57:58 PST,mozilla,Resolution,FIXED,---
2009-12-10 09:57:58 PST,mozilla,Last Resolved,2009-12-10 09:57:58,2009-10-26 07:26:05
2009-12-10 13:57:34 PST,standard8,Target Milestone,Thunderbird 3.1a1,---
2009-12-11 06:41:31 PST,ludovic,CC,roger.myjunk,
2009-12-14 07:51:04 PST,geoff-list,CC,geoff-list,
2009-12-17 01:05:59 PST,utku,CC,utku,
2009-12-22 11:21:57 PST,standard8,Attachment #416751                Flags,approval-thunderbird3.0.1+,approval-thunderbird3.0.1?
2009-12-24 06:09:34 PST,standard8,status-thunderbird3.0,.1-fixed,wanted
2010-01-06 00:57:22 PST,ludovic,CC,lorensr,
2010-01-06 06:56:44 PST,ludovic,CC,george,
2010-01-06 07:17:24 PST,jason,CC,,jason
2010-01-08 03:13:14 PST,ludovic,Keywords,verified-thunderbird3.0,qawanted
2010-01-08 03:13:14 PST,ludovic,Status,VERIFIED,RESOLVED
2010-01-14 09:59:04 PST,ludovic,CC,ali,
2010-01-22 11:28:23 PST,utku,CC,,utku
2010-02-01 10:55:51 PST,mike001,CC,mike001,
2010-02-02 08:25:59 PST,ludovic,Status,REOPENED,VERIFIED
2010-02-02 08:25:59 PST,ludovic,Resolution,---,FIXED
2010-02-02 08:26:13 PST,ludovic,CC,auria.mg,
2010-02-08 17:41:37 PST,jithin1987,CC,jithin1987,
2010-02-09 10:15:13 PST,bugzilla1,CC,bugzilla1,
2010-02-10 00:01:58 PST,euryalus.0,CC,gary,
2010-02-10 06:09:04 PST,bob.spamnot,CC,bob.spamnot,
2010-02-10 13:52:01 PST,dmose,Status,NEW,REOPENED
2010-02-10 13:52:01 PST,dmose,blocking-thunderbird3.1,needed,---
2010-02-10 14:22:01 PST,mozilla,Summary,Dock shows a double count of unread messages,Dock shows a double count of unread messages in smart folder view
2010-02-13 09:15:12 PST,work,CC,work,
2010-02-23 20:38:37 PST,apayan,CC,apayan,
2010-02-25 19:09:16 PST,m-wada,CC,m-wada,
2010-03-01 08:46:05 PST,troycauble,CC,troycauble,
2010-03-03 05:09:21 PST,jf.gorup,CC,jf.gorup,
2010-03-03 19:00:41 PST,dmose,blocking-thunderbird3.1,rc1+,needed
2010-03-04 20:06:22 PST,mozilla,Attachment #428921                Attachment is obsolete,1,0
2010-03-05 10:35:34 PST,work,CC,,work
2010-03-05 10:45:52 PST,deinspanjer,CC,deinspanjer,
2010-03-05 14:34:14 PST,mozilla,Attachment #430510                Attachment is obsolete,1,0
2010-03-05 17:06:56 PST,mozilla,Whiteboard,[has patch, waiting for dmose to try try server build],
2010-03-08 14:46:26 PST,mozilla,Attachment #430732                Flags,review?(dmose), superreview?(dmose),
2010-03-08 14:50:18 PST,mozilla,Whiteboard,[has patch for r/sr dmose],[has patch, waiting for dmose to try try server build]
2010-03-08 16:44:18 PST,dmose,Attachment #430732                Flags,review+, superreview+,review?(dmose), superreview?(dmose)
2010-03-08 17:38:33 PST,dmose,Whiteboard,[needs updated patch],[has patch for r/sr dmose]
2010-03-09 06:44:18 PST,mozilla,Whiteboard,,[needs updated patch]
2010-03-09 06:44:18 PST,mozilla,Status,RESOLVED,NEW
2010-03-09 06:44:18 PST,mozilla,Resolution,FIXED,---
2010-03-09 06:44:18 PST,mozilla,Target Milestone,Thunderbird 3.1b2,Thunderbird 3.1a1
2010-03-09 06:44:18 PST,mozilla,Last Resolved,2010-03-09 06:44:18,2009-12-10 09:57:58
2010-03-09 06:44:51 PST,mozilla,Attachment #430732                Flags,approval-thunderbird3.0.4?,
2010-03-09 17:11:35 PST,dmose,status-thunderbird3.1,beta2-fixed,---
2010-03-11 08:04:46 PST,standard8,Blocks,551694,
2010-03-11 08:07:03 PST,standard8,Attachment #430732                Flags,approval-thunderbird3.0.4-,approval-thunderbird3.0.4?
2010-03-11 08:07:47 PST,standard8,URL,http://gsfn.us/t/dz2n,
2010-03-11 08:07:47 PST,standard8,Whiteboard,[gs],
2010-04-11 07:49:51 PDT,chris,Blocks,558661,
2010-06-06 20:57:06 PDT,josh,CC,josh,
2010-06-27 09:44:01 PDT,m-wada,CC,,m-wada
