When,Who,What,Added,Removed
2009-09-14 09:22:05 PDT,ozten.bugs,Status,RESOLVED,NEW
2009-09-14 09:22:05 PDT,ozten.bugs,Resolution,FIXED,---
2009-09-14 09:22:05 PDT,ozten.bugs,Last Resolved,2009-09-14 09:22:05,
2009-09-14 09:25:54 PDT,stephen.donner,OS,All,Mac OS X
2009-09-14 09:25:54 PDT,stephen.donner,CC,stephen.donner,
2009-09-14 09:25:54 PDT,stephen.donner,Hardware,All,x86
2009-09-14 09:31:49 PDT,stephen.donner,Status,VERIFIED,RESOLVED
2011-01-10 00:51:39 PST,timeless,Product,Websites Graveyard,Websites
2011-01-10 00:51:39 PST,timeless,Component,mozillaservice.org,mozillaservice.org
