When,Who,What,Added,Removed
2009-09-14 10:32:24 PDT,jwalden+bmo,CC,jwalden+bmo,
2009-09-15 01:34:13 PDT,fullmetaljacket.xp+bugmail,CC,fullmetaljacket.xp+bugmail,
2009-09-21 06:19:19 PDT,hsivonen,Status,ASSIGNED,NEW
2009-09-21 06:19:19 PDT,hsivonen,Assignee,hsivonen,nobody
2009-09-22 04:32:42 PDT,hsivonen,Depends on,515338,
2009-09-22 04:33:13 PDT,hsivonen,Depends on,517943,
2009-09-22 06:38:32 PDT,hsivonen,Blocks,518104,
2009-09-24 09:09:08 PDT,hsivonen,Attachment #401835                Attachment is obsolete,1,0
2009-09-25 10:14:15 PDT,hsivonen,Blocks,516411,
2009-09-30 07:21:53 PDT,hsivonen,Attachment #402587                Attachment is obsolete,1,0
2009-10-01 02:36:28 PDT,hsivonen,Attachment #403778                Attachment is obsolete,1,0
2009-10-01 06:22:33 PDT,hsivonen,Attachment #403998                Attachment is obsolete,1,0
2009-10-02 08:35:55 PDT,hsivonen,Blocks,,518104
2009-10-06 05:40:02 PDT,hsivonen,Attachment #404024                Attachment is obsolete,1,0
2009-10-06 05:40:02 PDT,hsivonen,Attachment #404804                Flags,review?(bnewman),
2009-10-07 00:06:06 PDT,hsivonen,Attachment #404804                Flags,,review?(bnewman)
2009-10-07 00:06:06 PDT,hsivonen,Attachment #404804                Attachment is obsolete,1,0
2009-10-13 14:29:54 PDT,mozilla+ben,CC,bnewman,
2009-10-14 07:08:08 PDT,hsivonen,Attachment #405485                Attachment is obsolete,1,0
2009-10-14 07:08:08 PDT,hsivonen,Attachment #406218                Flags,review?(bnewman),
2009-10-15 08:00:12 PDT,hsivonen,Attachment #406218                Attachment is obsolete,1,0
2009-10-15 08:00:12 PDT,hsivonen,Attachment #406446                Flags,review?(bnewman),
2009-10-15 08:00:12 PDT,hsivonen,Attachment #406218                Flags,,review?(bnewman)
2009-10-16 05:17:18 PDT,hsivonen,Attachment #406446                Attachment is obsolete,1,0
2009-10-16 05:17:18 PDT,hsivonen,Attachment #406446                Flags,,review?(bnewman)
2009-10-16 05:40:56 PDT,hsivonen,Attachment #406667                Attachment is obsolete,1,0
2009-10-16 05:42:22 PDT,hsivonen,Attachment #406669                Attachment is obsolete,1,0
2009-10-16 07:37:03 PDT,hsivonen,Attachment #406644                Attachment is obsolete,1,0
2009-10-16 07:37:03 PDT,hsivonen,Attachment #406670                Attachment is obsolete,1,0
2009-10-16 07:37:03 PDT,hsivonen,Attachment #406683                Flags,review?(bnewman),
2009-10-19 01:44:12 PDT,hsivonen,Attachment #406683                Attachment is obsolete,1,0
2009-10-19 01:44:12 PDT,hsivonen,Attachment #406986                Flags,review?(bnewman),
2009-10-19 01:44:12 PDT,hsivonen,Attachment #406683                Flags,,review?(bnewman)
2009-10-19 14:59:54 PDT,mozilla+ben,Attachment #406986                Flags,review+,review?(bnewman)
2009-11-18 04:35:25 PST,hsivonen,Status,RESOLVED,ASSIGNED
2009-11-18 04:35:25 PST,hsivonen,Resolution,FIXED,---
2009-11-18 04:35:25 PST,hsivonen,Last Resolved,2009-11-18 04:35:25,
