When,Who,What,Added,Removed
2009-09-14 09:58:01 PDT,tmzmoz,CC,mozwebqa,
2009-09-14 10:55:36 PDT,me+bugzilla,CC,djst,
2009-09-14 10:55:59 PDT,stephen.donner,CC,stephen.donner,
2009-09-14 10:58:11 PDT,oremj,Assignee,jeremy.orem+bugs,server-ops
2009-09-14 10:58:11 PDT,oremj,CC,jeremy.orem+bugs,
2009-09-14 11:27:58 PDT,bmo2010,CC,bmo2008,
2009-09-14 11:58:28 PDT,morgamic,CC,morgamic,
2009-09-14 12:24:30 PDT,oremj,Resolution,FIXED,---
2009-09-14 12:24:30 PDT,oremj,Last Resolved,2009-09-14 12:24:30,
2009-09-14 12:24:30 PDT,oremj,Status,RESOLVED,NEW
2009-09-14 13:33:32 PDT,stephen.donner,Status,VERIFIED,RESOLVED
2009-09-15 08:54:29 PDT,morgamic,CC,laura,
2013-10-09 10:29:28 PDT,nobody,Product,Infrastructure & Operations,mozilla.org
2013-10-09 10:29:28 PDT,nobody,Component,WebOps: Other,Server Operations: Web Operations
