When,Who,What,Added,Removed
2009-09-14 12:25:20 PDT,jmuizelaar,Whiteboard,[orange],
2009-09-14 12:25:20 PDT,jmuizelaar,Blocks,438871,
2009-09-14 18:05:50 PDT,jmuizelaar,CC,tglek,
2009-09-15 01:07:33 PDT,fullmetaljacket.xp+bugmail,CC,fullmetaljacket.xp+bugmail,
2009-09-15 17:51:13 PDT,mstange,CC,mstange,
2009-09-15 17:51:13 PDT,mstange,Blocks,514803,
2009-09-15 21:11:54 PDT,mstange,Status,RESOLVED,NEW
2009-09-15 21:11:54 PDT,mstange,Resolution,FIXED,---
2009-09-15 21:11:54 PDT,mstange,Last Resolved,2009-09-15 21:11:54,
2009-09-16 09:38:13 PDT,bugzillamozillaorg_serge_20140323,Assignee,tglek,nobody
2009-09-16 09:38:13 PDT,bugzillamozillaorg_serge_20140323,Target Milestone,mozilla1.9.3a1,---
2009-09-16 09:38:13 PDT,bugzillamozillaorg_serge_20140323,Flags,in-testsuite-,
2009-09-16 09:41:15 PDT,bugzillamozillaorg_serge_20140323,Whiteboard,[fixed in bug 514803] [orange],[orange]
2012-11-19 14:40:44 PST,nobody,Keywords,intermittent-failure,
2012-11-25 19:31:11 PST,nobody,Whiteboard,[fixed in bug 514803],[fixed in bug 514803] [orange]
