When,Who,What,Added,Removed
2009-09-15 14:58:52 PDT,ryan.doherty,CC,rdoherty,
2009-09-17 01:53:29 PDT,stephen.donner,CC,stephen.donner,
2009-09-18 13:57:23 PDT,smccammon,Attachment #401526                Flags,review?(clouserw),
2009-09-18 14:08:25 PDT,wclouser,Attachment #401526                Flags,review+,review?(clouserw)
2009-09-18 23:37:17 PDT,smccammon,Attachment #401607                Flags,review?(clouserw),
2009-09-19 08:07:09 PDT,wclouser,Attachment #401607                Flags,review+,review?(clouserw)
2009-09-21 09:03:58 PDT,smccammon,Keywords,push-needed,
2009-09-21 09:03:58 PDT,smccammon,Status,RESOLVED,NEW
2009-09-21 09:03:58 PDT,smccammon,Resolution,FIXED,---
2009-09-21 09:03:58 PDT,smccammon,Last Resolved,2009-09-21 09:03:58,
2009-09-21 13:40:03 PDT,fligtar+bugs,Status,REOPENED,RESOLVED
2009-09-21 13:40:03 PDT,fligtar+bugs,Resolution,---,FIXED
2009-09-21 13:58:47 PDT,smccammon,Attachment #401926                Flags,review?(clouserw),
2009-09-21 14:03:15 PDT,fligtar+bugs,Attachment #401926                Flags,review+,review?(clouserw)
2009-09-21 14:14:43 PDT,smccammon,Status,RESOLVED,REOPENED
2009-09-21 14:14:43 PDT,smccammon,Resolution,FIXED,---
2009-09-21 14:14:43 PDT,smccammon,Last Resolved,2009-09-21 14:14:43,2009-09-21 09:03:58
2009-09-25 14:06:27 PDT,vish.mozilla,Status,VERIFIED,RESOLVED
2009-09-25 14:06:27 PDT,vish.mozilla,CC,vish.mozilla,
2009-09-30 02:27:03 PDT,stephen.donner,Keywords,,push-needed
