When,Who,What,Added,Removed
2009-09-14 06:59:26 PDT,bhearsum,Status,RESOLVED,NEW
2009-09-14 06:59:26 PDT,bhearsum,Resolution,WONTFIX,---
2009-09-14 06:59:26 PDT,bhearsum,CC,bhearsum,
2009-09-14 06:59:26 PDT,bhearsum,Last Resolved,2009-09-14 06:59:26,
2009-09-14 07:27:53 PDT,bhearsum,Status,REOPENED,RESOLVED
2009-09-14 07:27:53 PDT,bhearsum,Resolution,---,WONTFIX
2009-09-14 07:27:53 PDT,bhearsum,CC,kairo,
2009-09-14 09:48:47 PDT,kairo,CC,gozer,
2009-09-15 12:37:46 PDT,coop,Component,Server Operations,Release Engineering
2009-09-15 12:37:46 PDT,coop,Assignee,server-ops,nobody
2009-09-15 12:37:46 PDT,coop,QA Contact,mrz,release
2009-09-15 12:37:46 PDT,coop,CC,ccooper,
2009-09-16 14:25:21 PDT,mzeier,Assignee,phong,server-ops
2009-09-17 14:39:52 PDT,phong,Attachment #401183                Attachment mime type,text/plain,application/octet-stream
2009-09-17 14:48:19 PDT,phong,Resolution,FIXED,---
2009-09-17 14:48:19 PDT,phong,Last Resolved,2009-09-17 14:48:19,2009-09-14 06:59:26
2009-09-17 14:48:19 PDT,phong,Status,RESOLVED,REOPENED
2009-11-03 01:57:36 PST,ginn.chen,Resolution,---,FIXED
2009-11-03 01:57:36 PST,ginn.chen,Status,REOPENED,RESOLVED
2009-11-03 04:03:13 PST,smani,Status,RESOLVED,REOPENED
2009-11-03 04:03:13 PST,smani,Resolution,FIXED,---
2009-11-03 04:03:13 PST,smani,Last Resolved,2009-11-03 04:03:13,2009-09-17 14:48:19
2015-03-12 08:17:16 PDT,nobody,Product,mozilla.org Graveyard,mozilla.org
