When,Who,What,Added,Removed
2009-09-14 07:03:13 PDT,kairo,Status,ASSIGNED,NEW
2009-09-14 07:03:13 PDT,kairo,Assignee,kairo,nobody
2009-09-14 07:03:13 PDT,kairo,Attachment #400488                Flags,review?(philipp),
2009-09-14 07:20:46 PDT,bugzilla,Attachment #400488                Flags,review+,review?(philipp)
2009-09-14 07:36:33 PDT,kairo,Status,RESOLVED,ASSIGNED
2009-09-14 07:36:33 PDT,kairo,Resolution,FIXED,---
2009-09-14 07:36:33 PDT,kairo,Last Resolved,2009-09-14 07:36:33,
2009-09-14 07:52:49 PDT,mschroeder,Target Milestone,1.0,---
2009-09-14 12:34:33 PDT,seshu.parvataneni,CC,parvata,
2010-04-25 02:38:03 PDT,tymerkaev,CC,tymerkaev,
2011-11-07 02:37:13 PST,philipp,Target Milestone,1.0b1,1.0
