When,Who,What,Added,Removed
2009-09-14 11:35:54 PDT,blassey.bugs,Assignee,bugmail,nobody
2009-09-14 11:35:54 PDT,blassey.bugs,Attachment #400549                Flags,review?(doug.turner),
2009-09-14 13:38:59 PDT,dougt,Attachment #400549                Flags,review+,review?(doug.turner)
2009-09-19 01:56:48 PDT,blassey.bugs,Attachment #400549                Flags,review-,review+
2009-09-19 01:58:40 PDT,blassey.bugs,Attachment #400549                Attachment is obsolete,1,0
2009-09-19 01:58:40 PDT,blassey.bugs,Attachment #401609                Flags,review?(doug.turner),
2009-09-21 11:10:05 PDT,dougt,Attachment #401609                Flags,review-,review?(doug.turner)
2009-12-18 15:27:50 PST,alex.mozilla,CC,alexp,
2009-12-22 17:55:25 PST,alex.mozilla,Assignee,alexp,bugmail
2010-01-29 12:08:28 PST,alex.mozilla,Depends on,532929, 542623, 542884,
2010-02-11 16:23:34 PST,alex.mozilla,Status,RESOLVED,NEW
2010-02-11 16:23:34 PST,alex.mozilla,Resolution,FIXED,---
2010-02-11 16:23:34 PST,alex.mozilla,Last Resolved,2010-02-11 16:23:34,
