When,Who,What,Added,Removed
2009-09-14 12:27:24 PDT,mozilla,Depends on,516479,
2009-09-15 10:32:18 PDT,stephen.donner,Hardware,All,x86
2009-09-15 10:32:18 PDT,stephen.donner,OS,All,Mac OS X
2009-09-15 10:32:18 PDT,stephen.donner,CC,stephen.donner,
2009-09-18 13:56:38 PDT,mozilla,Depends on,517558,
2009-09-24 11:31:26 PDT,mozilla,Status,RESOLVED,NEW
2009-09-24 11:31:26 PDT,mozilla,Resolution,FIXED,---
2009-09-24 11:31:26 PDT,mozilla,Last Resolved,2009-09-24 11:31:26,
2009-09-30 10:57:22 PDT,stephen.donner,Status,VERIFIED,RESOLVED
