When,Who,What,Added,Removed
2009-10-23 16:33:51 PDT,mkanat,Blocks,524229,
2009-11-20 23:02:12 PST,mkanat,Target Milestone,Bugzilla 3.6,---
2009-11-20 23:11:30 PST,mkanat,Hardware,All,x86
2009-11-20 23:11:30 PST,mkanat,OS,All,Linux
2009-11-20 23:11:30 PST,mkanat,Status,NEW,UNCONFIRMED
2009-11-20 23:11:30 PST,mkanat,Depends on,430010,
2009-11-20 23:11:30 PST,mkanat,Ever confirmed,1,0
2009-11-21 00:02:37 PST,mkanat,Assignee,mkanat,general
2009-11-21 00:02:37 PST,mkanat,Attachment #413789                Flags,review?,
2009-11-21 00:02:37 PST,mkanat,Status,ASSIGNED,NEW
2009-11-22 14:17:58 PST,mkanat,Attachment #413789                Flags,review+,review?
2009-11-22 14:18:04 PST,mkanat,Flags,approval+,
2009-11-22 23:01:34 PST,mkanat,Status,RESOLVED,ASSIGNED
2009-11-22 23:01:34 PST,mkanat,Resolution,FIXED,---
2009-11-22 23:01:34 PST,mkanat,Last Resolved,2009-11-22 23:01:34,
2009-11-24 17:50:55 PST,mkanat,Component,Extensions,Bugzilla-General
