When,Who,What,Added,Removed
2009-09-14 09:33:32 PDT,ehsan,Keywords,,checkin-needed
2009-09-14 09:33:32 PDT,ehsan,CC,ehsan.akhgari,
2009-09-14 14:12:05 PDT,ehsan,CC,gavin.sharp,
2009-09-15 01:34:59 PDT,fullmetaljacket.xp+bugmail,CC,fullmetaljacket.xp+bugmail,
2009-09-18 07:10:08 PDT,mak77,Attachment #401434                Flags,review?(gavin.sharp),
2009-09-18 08:57:07 PDT,mak77,CC,mak77,
2009-09-18 09:10:03 PDT,mak77,Blocks,507172,
2009-09-18 12:23:58 PDT,mak77,Attachment #401434                Attachment is obsolete,1,0
2009-09-18 12:23:58 PDT,mak77,Attachment #401434                Flags,,review?(gavin.sharp)
2009-09-18 13:15:44 PDT,mak77,Attachment #401500                Attachment is obsolete,1,0
2009-09-21 09:06:45 PDT,gavin.sharp,Attachment #401511                Flags,review+,
2009-09-21 13:11:44 PDT,mak77,Assignee,mak77,nobody
2009-09-22 02:18:35 PDT,mak77,Status,RESOLVED,NEW
2009-09-22 02:18:35 PDT,mak77,Resolution,FIXED,---
2009-09-22 02:18:35 PDT,mak77,Target Milestone,mozilla1.9.3a1,---
2009-09-22 02:18:35 PDT,mak77,Last Resolved,2009-09-22 02:18:35,
2009-09-24 09:17:46 PDT,bugzillamozillaorg_serge_20140323,Whiteboard,[fixed1.9.2b1],
2009-10-08 06:50:02 PDT,dao,CC,dao,
2009-10-08 07:33:19 PDT,dao,Depends on,521233,
