When,Who,What,Added,Removed
2009-09-16 10:09:10 PDT,ozten.bugs,Status,RESOLVED,NEW
2009-09-16 10:09:10 PDT,ozten.bugs,Resolution,FIXED,---
2009-09-16 10:09:10 PDT,ozten.bugs,CC,ozten.bugs,
2009-09-16 10:09:10 PDT,ozten.bugs,Last Resolved,2009-09-16 10:09:10,
2009-09-16 10:10:26 PDT,stephen.donner,Hardware,All,x86
2009-09-16 10:10:26 PDT,stephen.donner,OS,All,Mac OS X
2009-09-16 10:10:26 PDT,stephen.donner,CC,stephen.donner,
2009-09-17 00:16:50 PDT,stephen.donner,Status,VERIFIED,RESOLVED
2009-09-17 00:16:50 PDT,stephen.donner,URL,http://mozillaservice.stage.mozilla.com/learn_more/index/en_US,http://mozillaservice.org/learn_more/index/en_US
2011-01-10 00:51:56 PST,timeless,Product,Websites Graveyard,Websites
2011-01-10 00:51:56 PST,timeless,Component,mozillaservice.org,mozillaservice.org
