When,Who,What,Added,Removed
2009-09-15 09:43:24 PDT,ozten.bugs,Status,RESOLVED,NEW
2009-09-15 09:43:24 PDT,ozten.bugs,Resolution,FIXED,---
2009-09-15 09:43:24 PDT,ozten.bugs,CC,ozten.bugs,
2009-09-15 09:43:24 PDT,ozten.bugs,Last Resolved,2009-09-15 09:43:24,
2009-09-15 10:14:33 PDT,stephen.donner,Status,REOPENED,RESOLVED
2009-09-15 10:14:33 PDT,stephen.donner,Resolution,---,FIXED
2009-09-15 10:14:33 PDT,stephen.donner,CC,stephen.donner,
2009-09-15 10:14:40 PDT,stephen.donner,OS,All,Mac OS X
2009-09-15 10:14:40 PDT,stephen.donner,Hardware,All,x86
2009-09-16 09:01:00 PDT,ozten.bugs,Status,RESOLVED,REOPENED
2009-09-16 09:01:00 PDT,ozten.bugs,Resolution,FIXED,---
2009-09-16 09:01:00 PDT,ozten.bugs,Last Resolved,2009-09-16 09:01:00,2009-09-15 09:43:24
2009-09-17 00:21:09 PDT,stephen.donner,Status,VERIFIED,RESOLVED
2011-01-10 00:52:24 PST,timeless,Product,Websites Graveyard,Websites
2011-01-10 00:52:24 PST,timeless,Component,mozillaservice.org,mozillaservice.org
