When,Who,What,Added,Removed
2009-09-15 12:25:37 PDT,mdudziak,Status,ASSIGNED,UNCONFIRMED
2009-09-15 12:25:37 PDT,mdudziak,Assignee,beckley,mozilla-bugs
2009-09-15 12:25:37 PDT,mdudziak,Ever confirmed,1,0
2009-10-09 14:53:39 PDT,francini,CC,francini,
2009-10-14 19:22:05 PDT,beckley,OS,All,Windows XP
2009-10-14 19:22:05 PDT,beckley,Status,RESOLVED,ASSIGNED
2009-10-14 19:22:05 PDT,beckley,Resolution,FIXED,---
2009-10-14 19:22:05 PDT,beckley,Component,Mail Window,General
2009-10-14 19:22:05 PDT,beckley,QA Contact,mail-window,general
2009-10-14 19:22:05 PDT,beckley,Target Milestone,0.5,---
2009-10-14 19:22:05 PDT,beckley,Last Resolved,2009-10-14 19:22:05,
2009-10-14 19:22:05 PDT,beckley,Version,0.5,unspecified
2009-10-14 19:22:05 PDT,beckley,Hardware,All,x86
2010-02-03 14:57:51 PST,mdudziak,Target Milestone,---,0.5
