When,Who,What,Added,Removed
2009-09-16 10:45:33 PDT,ozten.bugs,Status,RESOLVED,NEW
2009-09-16 10:45:33 PDT,ozten.bugs,Resolution,FIXED,---
2009-09-16 10:45:33 PDT,ozten.bugs,CC,ozten.bugs,
2009-09-16 10:45:33 PDT,ozten.bugs,Last Resolved,2009-09-16 10:45:33,
2009-09-16 10:53:04 PDT,stephen.donner,URL,http://mozillaservice.stage.mozilla.com/activity/stories/en_US?phase=3,http://mozillaservice.org/activity/stories/en_US
2009-09-16 10:53:04 PDT,stephen.donner,Hardware,All,x86
2009-09-16 10:53:04 PDT,stephen.donner,OS,All,Mac OS X
2009-09-16 10:53:04 PDT,stephen.donner,CC,stephen.donner,
2009-09-16 13:57:24 PDT,krupa.mozbugs,Status,REOPENED,RESOLVED
2009-09-16 13:57:24 PDT,krupa.mozbugs,Resolution,---,FIXED
2009-09-16 13:57:24 PDT,krupa.mozbugs,CC,krupa.raj82,
2009-09-16 14:09:41 PDT,ozten.bugs,Status,RESOLVED,REOPENED
2009-09-16 14:09:41 PDT,ozten.bugs,Resolution,FIXED,---
2009-09-16 14:09:41 PDT,ozten.bugs,Last Resolved,2009-09-16 14:09:41,2009-09-16 10:45:33
2009-09-17 00:24:15 PDT,stephen.donner,Status,VERIFIED,RESOLVED
2011-01-10 00:51:49 PST,timeless,Product,Websites Graveyard,Websites
2011-01-10 00:51:49 PST,timeless,Component,mozillaservice.org,mozillaservice.org
