When,Who,What,Added,Removed
2009-09-14 13:44:57 PDT,jruderman,blocking2.0,?,---
2009-09-14 13:46:52 PDT,dtownsend,Assignee,dtownsend,nobody
2009-09-14 13:46:52 PDT,dtownsend,Blocks,392180,
2009-09-14 13:58:25 PDT,dtownsend,Attachment #400578                Flags,review?(robert.bugzilla),
2009-09-14 13:59:57 PDT,robert.strong.bugs,Attachment #400578                Flags,review+,review?(robert.bugzilla)
2009-09-15 04:11:05 PDT,dtownsend,Last Resolved,2009-09-15 04:11:05,
2009-09-15 04:11:05 PDT,dtownsend,Status,RESOLVED,NEW
2009-09-15 04:11:05 PDT,dtownsend,Resolution,FIXED,---
2009-09-15 04:11:05 PDT,dtownsend,Target Milestone,mozilla1.9.3a1,---
2009-09-15 05:31:28 PDT,dtownsend,CC,acn1,
2009-09-22 00:54:17 PDT,dtownsend,Attachment #400578                Flags,approval1.9.2?,
2009-09-29 11:22:54 PDT,benjamin,Attachment #400578                Flags,approval1.9.2+,approval1.9.2?
2009-10-16 16:55:59 PDT,dtownsend,status1.9.2,beta1-fixed,---
2009-10-16 16:55:59 PDT,dtownsend,blocking2.0,---,?
