When,Who,What,Added,Removed
2009-09-21 14:52:25 PDT,ozten.bugs,Status,RESOLVED,NEW
2009-09-21 14:52:25 PDT,ozten.bugs,Resolution,FIXED,---
2009-09-21 14:52:25 PDT,ozten.bugs,CC,ozten.bugs,
2009-09-21 14:52:25 PDT,ozten.bugs,Last Resolved,2009-09-21 14:52:25,
2009-09-21 15:41:06 PDT,mozbugs.retornam,Status,VERIFIED,RESOLVED
2009-09-21 15:41:06 PDT,mozbugs.retornam,CC,mozbugs.retornam,
2011-01-10 00:51:37 PST,timeless,Product,Websites Graveyard,Websites
2011-01-10 00:51:37 PST,timeless,Component,mozillaservice.org,mozillaservice.org
