When,Who,What,Added,Removed
2009-09-16 11:03:20 PDT,ozten.bugs,Status,RESOLVED,NEW
2009-09-16 11:03:20 PDT,ozten.bugs,Resolution,FIXED,---
2009-09-16 11:03:20 PDT,ozten.bugs,CC,ozten.bugs,
2009-09-16 11:03:20 PDT,ozten.bugs,Last Resolved,2009-09-16 11:03:20,
2009-09-16 13:38:49 PDT,krupa.mozbugs,CC,krupa.raj82,
2009-09-16 13:38:49 PDT,krupa.mozbugs,Status,REOPENED,RESOLVED
2009-09-16 13:38:49 PDT,krupa.mozbugs,Resolution,---,FIXED
2009-09-16 14:10:53 PDT,ozten.bugs,Status,RESOLVED,REOPENED
2009-09-16 14:10:53 PDT,ozten.bugs,Resolution,FIXED,---
2009-09-16 14:10:53 PDT,ozten.bugs,Last Resolved,2009-09-16 14:10:53,2009-09-16 11:03:20
2009-09-16 16:55:12 PDT,stephen.donner,Status,VERIFIED,RESOLVED
2009-09-16 16:55:12 PDT,stephen.donner,CC,stephen.donner,
2009-09-16 16:55:12 PDT,stephen.donner,URL,http://mozillaservice.stage.mozilla.com/partners/overview/en_US,http://mozillaservice.org/partners/overview/en_US
2009-09-16 16:55:12 PDT,stephen.donner,Hardware,All,x86
2009-09-16 16:55:12 PDT,stephen.donner,OS,All,Mac OS X
2011-01-10 00:52:20 PST,timeless,Product,Websites Graveyard,Websites
2011-01-10 00:52:20 PST,timeless,Component,mozillaservice.org,mozillaservice.org
