When,Who,What,Added,Removed
2009-09-14 16:11:29 PDT,brandt24,Version,3.0,unspecified
2009-09-15 06:55:45 PDT,ludovic,CC,ludovic, nisses.mail,
2009-09-15 12:14:31 PDT,shopik,CC,shopik,
2009-09-17 02:13:54 PDT,shopik,Ever confirmed,1,0
2009-09-17 02:13:54 PDT,shopik,Status,NEW,UNCONFIRMED
2009-09-26 09:10:49 PDT,euryalus.0,CC,rrf5000,
2009-09-26 09:13:15 PDT,euryalus.0,CC,dongato,
2009-09-26 09:13:58 PDT,euryalus.0,OS,All,Windows Vista
2009-09-26 09:13:58 PDT,euryalus.0,CC,ulysse,
2009-10-02 08:26:46 PDT,vkondakoff,CC,strauss,
2009-11-05 06:11:25 PST,euryalus.0,Component,Account Manager,Preferences
2009-11-05 06:11:25 PST,euryalus.0,QA Contact,account-manager,preferences
2009-11-05 06:13:46 PST,euryalus.0,CC,mrb,
2009-11-17 06:17:26 PST,euryalus.0,Depends on,529245,
2009-11-20 09:32:31 PST,gyszilagyi,CC,gyszilagyi,
2009-11-29 08:32:58 PST,jsabash,CC,jsabash,
2009-11-29 10:17:42 PST,justhinkin2,CC,justhinkin2,
2009-11-29 10:18:31 PST,justhinkin2,Flags,blocking-thunderbird3?,
2009-11-30 05:57:42 PST,wladow,CC,wladow,
2009-11-30 10:11:41 PST,dmose,CC,dmose,
2009-11-30 10:11:41 PST,dmose,status-thunderbird3.0,wanted,---
2009-11-30 10:15:24 PST,dmose,Flags,blocking-thunderbird3-,blocking-thunderbird3?
2009-11-30 10:15:24 PST,dmose,blocking-thunderbird3.0,.1,---
2009-12-02 07:42:30 PST,bugzilla,CC,bugzilla,
2009-12-03 07:58:09 PST,standard8,CC,rflobo,
2009-12-08 03:07:00 PST,bugs,Assignee,nisses.mail,nobody
2009-12-08 03:07:26 PST,standard8,status-thunderbird3.0,---,wanted
2009-12-09 09:14:33 PST,euryalus.0,CC,bugzilla,
2009-12-09 09:21:56 PST,moriaux.vincent,CC,moriaux.vincent,
2009-12-09 09:22:09 PST,moriaux.vincent,CC,,moriaux.vincent
2009-12-10 03:33:20 PST,bugs,Attachment #416887                Flags,ui-review?(clarkbw),
2009-12-10 03:59:18 PST,bugs,Attachment #416887                Flags,review?(neil),
2009-12-11 03:21:22 PST,bugs,Attachment #416887                Attachment is obsolete,1,0
2009-12-11 03:21:22 PST,bugs,Attachment #417084                Flags,review?(neil), ui-review?(clarkbw),
2009-12-11 03:21:22 PST,bugs,Attachment #416887                Flags,,ui-review?(clarkbw), review?(neil)
2009-12-11 22:33:21 PST,clarkbw,Attachment #417084                Flags,ui-review+,ui-review?(clarkbw)
2009-12-14 03:49:43 PST,pjemen,CC,pjemen,
2009-12-15 11:58:33 PST,euryalus.0,CC,pyther,
2009-12-15 12:01:16 PST,euryalus.0,Keywords,polish,
2009-12-18 07:19:51 PST,standard8,Whiteboard,[needs review neil],
2009-12-18 07:19:51 PST,standard8,CC,neil,
2009-12-23 00:02:42 PST,zeusz4u,CC,zeusz4u,
2009-12-28 11:20:32 PST,mkmelin+mozilla,CC,mkmelin+mozilla,
2010-01-08 05:35:22 PST,neil,Attachment #417084                Flags,review+,review?(neil)
2010-01-08 06:45:08 PST,bugs,Keywords,checkin-needed,polish
2010-01-08 06:45:08 PST,bugs,Whiteboard,,[needs review neil]
2010-01-08 07:00:01 PST,bwinton,Keywords,,checkin-needed
2010-01-08 07:00:01 PST,bwinton,Status,RESOLVED,NEW
2010-01-08 07:00:01 PST,bwinton,Resolution,FIXED,---
2010-01-08 07:00:01 PST,bwinton,CC,bwinton,
2010-01-08 07:00:01 PST,bwinton,Last Resolved,2010-01-08 07:00:01,
2010-01-08 07:05:27 PST,standard8,Target Milestone,Thunderbird 3.1a1,---
2010-01-08 07:05:57 PST,standard8,Attachment #417084                Flags,approval-thunderbird3.0.1?,
2010-01-08 12:59:50 PST,dmose,blocking-thunderbird3.0,needed,.1+
2010-01-10 06:16:45 PST,standard8,Attachment #417084                Flags,approval-thunderbird3.0.1+,approval-thunderbird3.0.1?
2010-01-10 08:21:20 PST,bwinton,Flags,blocking1.8.0.next?,
2010-01-10 08:21:20 PST,bwinton,status-thunderbird3.0,.1-fixed,---
2010-01-10 08:46:06 PST,bwinton,Flags,,blocking1.8.0.next?
2010-02-09 12:06:16 PST,euryalus.0,CC,caseyclaydon,
2010-02-25 14:08:55 PST,intemtc,CC,intemtc,
2010-06-01 11:10:58 PDT,bill+mozilla,CC,bill+mozilla,
2010-08-03 11:41:57 PDT,vseerror,Summary,Account Settings dialog cuts off buttons, needs to be wider,Account Settings dialog cuts off buttons
2010-08-03 11:41:57 PDT,vseerror,CC,vseerror,
2010-08-03 11:41:57 PDT,vseerror,Depends on,,529245
2010-08-03 11:41:57 PDT,vseerror,See Also,https://bugzilla.mozilla.org/show_bug.cgi?id=529245,
