When,Who,What,Added,Removed
2009-09-16 11:21:42 PDT,ozten.bugs,Status,RESOLVED,NEW
2009-09-16 11:21:42 PDT,ozten.bugs,Resolution,FIXED,---
2009-09-16 11:21:42 PDT,ozten.bugs,CC,ozten.bugs,
2009-09-16 11:21:42 PDT,ozten.bugs,Last Resolved,2009-09-16 11:21:42,
2009-09-16 16:31:29 PDT,krupa.mozbugs,Status,REOPENED,RESOLVED
2009-09-16 16:31:29 PDT,krupa.mozbugs,Resolution,---,FIXED
2009-09-16 16:31:29 PDT,krupa.mozbugs,CC,krupa.raj82,
2009-09-21 15:03:14 PDT,ozten.bugs,Status,RESOLVED,REOPENED
2009-09-21 15:03:14 PDT,ozten.bugs,Resolution,FIXED,---
2009-09-21 15:03:14 PDT,ozten.bugs,Last Resolved,2009-09-21 15:03:14,2009-09-16 11:21:42
2009-09-21 15:38:23 PDT,mozbugs.retornam,Status,VERIFIED,RESOLVED
2009-09-21 15:38:23 PDT,mozbugs.retornam,CC,mozbugs.retornam,
2011-01-10 00:52:17 PST,timeless,Product,Websites Graveyard,Websites
2011-01-10 00:52:17 PST,timeless,Component,mozillaservice.org,mozillaservice.org
