When,Who,What,Added,Removed
2009-09-15 10:01:26 PDT,ozten.bugs,Status,RESOLVED,NEW
2009-09-15 10:01:26 PDT,ozten.bugs,Resolution,FIXED,---
2009-09-15 10:01:26 PDT,ozten.bugs,CC,ozten.bugs,
2009-09-15 10:01:26 PDT,ozten.bugs,Last Resolved,2009-09-15 10:01:26,
2009-09-15 10:46:05 PDT,stephen.donner,OS,All,Mac OS X
2009-09-15 10:46:05 PDT,stephen.donner,Status,VERIFIED,RESOLVED
2009-09-15 10:46:05 PDT,stephen.donner,CC,stephen.donner,
2009-09-15 10:46:05 PDT,stephen.donner,URL,http://mozillaservice.stage.mozilla.com/learn_more/index/en_US?phase=3,http://mozillaservice.org/learn_more/index/en_US
2009-09-15 10:46:05 PDT,stephen.donner,Hardware,All,x86
2011-01-10 00:52:09 PST,timeless,Product,Websites Graveyard,Websites
2011-01-10 00:52:09 PST,timeless,Component,mozillaservice.org,mozillaservice.org
