When,Who,What,Added,Removed
2009-09-14 15:54:53 PDT,ryanvm,CC,ryanvm,
2009-10-29 12:39:23 PDT,avarma,CC,avarma,
2009-10-29 12:39:23 PDT,avarma,Whiteboard,[jetpack],
2009-10-30 05:35:14 PDT,mrbkap,Assignee,bnewman,mrbkap
2009-11-10 11:24:15 PST,cjones.bugs,CC,jones.chris.g,
2009-11-25 16:11:37 PST,mozilla+ben,CC,jst, mrbkap,
2009-11-29 11:05:04 PST,bugmail,CC,bugmail,
2009-12-11 11:09:11 PST,bugs,CC,Olli.Pettay,
2009-12-15 11:40:21 PST,ehsan,CC,ehsan.akhgari,
2010-01-08 00:52:25 PST,m_kato,CC,m_kato,
2010-01-08 01:02:19 PST,josh,CC,josh,
2010-01-12 15:13:25 PST,mozilla+ben,Summary,CPOW: the Cross-Process (JavaScript) Object Wrapper,JPW: the Javascript Process Wrapper
2010-01-12 15:14:10 PST,mozilla+ben,Depends on,521922,
2010-01-12 15:18:26 PST,mozilla+ben,Summary,CPOW: Cross-Process (JavaScript) Object Wrapper,CPOW: the Cross-Process (JavaScript) Object Wrapper
2010-01-12 15:18:26 PST,mozilla+ben,Alias,cpow,
2010-01-13 17:05:36 PST,mozilla+ben,Depends on,539603,
2010-01-13 17:19:51 PST,mozilla+ben,Attachment #421553                Flags,review?(mrbkap), superreview?(benjamin),
2010-01-13 17:19:51 PST,mozilla+ben,Attachment #411346                Attachment is obsolete,1,0
2010-01-13 17:19:51 PST,mozilla+ben,Attachment #414590                Attachment is obsolete,1,0
2010-01-13 17:37:17 PST,mozilla+ben,Attachment #421553                Attachment is obsolete,1,0
2010-01-13 17:37:17 PST,mozilla+ben,Attachment #421556                Flags,review?(mrbkap), superreview?(benjamin),
2010-01-13 17:37:17 PST,mozilla+ben,Attachment #421553                Flags,,review?(mrbkap), superreview?(benjamin)
2010-01-14 09:51:10 PST,mozilla+ben,Attachment #421555                Attachment is obsolete,1,0
2010-01-15 17:40:22 PST,mozilla+ben,Depends on,540111,
2010-01-15 20:26:01 PST,mozilla+ben,Attachment #421556                Attachment is obsolete,1,0
2010-01-15 20:26:01 PST,mozilla+ben,Attachment #421978                Flags,review?(mrbkap), superreview?(benjamin),
2010-01-15 20:26:01 PST,mozilla+ben,Attachment #421556                Flags,,review?(mrbkap), superreview?(benjamin)
2010-01-15 20:45:14 PST,mozilla+ben,Blocks,540126,
2010-01-19 13:38:53 PST,mozilla+ben,Attachment #422400                Flags,review?(mrbkap), superreview?(benjamin),
2010-01-19 13:38:53 PST,mozilla+ben,Attachment #421978                Flags,,review?(mrbkap), superreview?(benjamin)
2010-01-19 13:38:53 PST,mozilla+ben,Attachment #421978                Attachment is obsolete,1,0
2010-01-20 18:42:20 PST,mozilla+ben,Blocks,541003,
2010-01-26 15:50:20 PST,mozilla+ben,Attachment #422400                Flags,review?(bent.mozilla), superreview?(mrbkap),review?(mrbkap), superreview?(benjamin)
2010-01-27 16:51:54 PST,mozilla+ben,CC,bnewman,
2010-01-27 18:12:17 PST,mozilla+ben,Attachment #422400                Attachment is obsolete,1,0
2010-01-27 18:12:17 PST,mozilla+ben,Attachment #423914                Flags,review?(bent.mozilla), superreview?(mrbkap),
2010-01-27 18:12:17 PST,mozilla+ben,Attachment #422400                Flags,,review?(bent.mozilla), superreview?(mrbkap)
2010-02-02 17:07:46 PST,xtc4uall,CC,xtc4uall,
2010-02-03 04:29:29 PST,igor,CC,igor,
2010-02-11 14:12:00 PST,adw,Blocks,543856,
2010-02-11 22:55:14 PST,hidenosuke,CC,hidenosuke,
2010-02-24 13:55:33 PST,dsicore,Blocks,548416,
2010-02-24 16:01:17 PST,jgriffin,CC,jgriffin,
2010-02-24 16:25:28 PST,mrbkap,Attachment #423914                Flags,,superreview?(mrbkap)
2010-02-25 18:54:12 PST,mozilla+ben,Attachment #423914                Attachment is obsolete,1,0
2010-02-25 18:54:12 PST,mozilla+ben,Attachment #429048                Flags,review?(bent.mozilla), superreview?(mrbkap),
2010-02-25 18:54:12 PST,mozilla+ben,Attachment #423914                Flags,,review?(bent.mozilla)
2010-02-25 18:55:00 PST,mozilla+ben,Attachment #429048                Flags,review?(jst),
2010-02-25 19:03:57 PST,gavin.sharp,CC,gavin.sharp,
2010-03-02 15:47:13 PST,mozilla+ben,Depends on,480850,
2010-03-02 16:03:21 PST,jwalden+bmo,CC,jwalden+bmo,
2010-03-02 18:03:34 PST,mozilla+ben,Attachment #429901                Flags,review?(mrbkap),
2010-03-12 17:08:41 PST,jst,Attachment #429048                Flags,review+,review?(jst)
2010-03-15 17:08:18 PDT,mozilla+ben,Blocks,552568,
2010-03-16 18:08:44 PDT,bent.mozilla,CC,bent.mozilla,
2010-03-18 17:13:05 PDT,mozilla+ben,Depends on,553448,
2010-03-18 17:30:51 PDT,mozilla+ben,Attachment #433459                Flags,review?(jst),
2010-03-18 17:32:54 PDT,mozilla+ben,Attachment #433460                Flags,review?(bent.mozilla),
2010-03-18 17:40:54 PDT,mozilla+ben,Attachment #433464                Flags,review?(josh),
2010-03-18 18:30:13 PDT,jst,Attachment #433459                Flags,review+,review?(jst)
2010-03-18 18:59:37 PDT,josh,Attachment #433464                Flags,review+,review?(josh)
2010-03-22 14:55:16 PDT,mrbkap,Attachment #429901                Flags,review+,review?(mrbkap)
2010-03-22 15:00:54 PDT,mrbkap,Attachment #429048                Flags,superreview+,superreview?(mrbkap)
2010-03-22 15:51:05 PDT,bent.mozilla,Attachment #429048                Flags,review-,review?(bent.mozilla)
2010-03-22 16:25:35 PDT,bent.mozilla,Attachment #433460                Flags,review+,review?(bent.mozilla)
2010-03-22 17:07:11 PDT,mozilla+ben,Attachment #421655                Attachment is obsolete,1,0
2010-03-23 22:41:14 PDT,mozilla+ben,Resolution,FIXED,---
2010-03-23 22:41:14 PDT,mozilla+ben,Last Resolved,2010-03-23 22:41:14,
2010-03-23 22:41:14 PDT,mozilla+ben,Status,RESOLVED,NEW
2010-03-24 18:37:20 PDT,mozilla+ben,Blocks,554828,
2010-03-24 18:45:08 PDT,mozilla+ben,Blocks,554829,
2010-03-25 15:58:41 PDT,mozilla+ben,Depends on,,539603
2010-04-05 10:49:01 PDT,mozilla+ben,Blocks,557259,
2010-04-28 12:20:45 PDT,mozilla+ben,Blocks,562414,
2010-05-11 10:47:22 PDT,mozilla+ben,Blocks,565078,
2010-09-26 05:08:25 PDT,aqualon,Depends on,599713,
2011-02-06 13:19:43 PST,shaun.hill,CC,shaun.hill,
2011-05-24 11:16:21 PDT,dave,CC,dave,
2011-07-21 06:24:43 PDT,cedricv,CC,cedricv,
2012-01-22 23:56:04 PST,dbcooper.nz,CC,dbcooper.nz,
2013-03-26 04:15:53 PDT,timbugzilla,CC,timbugzilla,
2013-07-16 01:37:10 PDT,bernesb,CC,BernesB,
2014-07-14 10:43:34 PDT,lukebenes,CC,lukebenes,
