When,Who,What,Added,Removed
2009-09-15 03:04:25 PDT,21,CC,21,
2009-09-15 05:55:30 PDT,mozaakash,OS,All,Windows Mobile 6 Professional
2009-09-15 05:55:30 PDT,mozaakash,CC,adesai,
2009-09-15 05:55:30 PDT,mozaakash,tracking-fennec,?,---
2009-09-15 13:49:41 PDT,ben.combee,Status,RESOLVED,NEW
2009-09-15 13:49:41 PDT,ben.combee,Resolution,FIXED,---
2009-09-15 13:49:41 PDT,ben.combee,CC,combee,
2009-09-15 13:49:41 PDT,ben.combee,Last Resolved,2009-09-15 13:49:41,
2009-09-16 06:49:51 PDT,mozaakash,Status,VERIFIED,RESOLVED
2009-10-22 13:09:34 PDT,mozaakash,Flags,in-litmus?,
2009-12-15 16:07:08 PST,mozaakash,Flags,in-litmus+,in-litmus?
2010-02-23 22:02:49 PST,mozaakash,Component,Panning/Zooming,General
2013-12-10 09:59:05 PST,nobody,tracking-fennec,---,?
