When,Who,What,Added,Removed
2009-09-14 15:15:29 PDT,jwalden+bmo,Whiteboard,[good first bug],
2009-10-23 19:45:25 PDT,bzbarsky,Assignee,thesilversurfer,nobody
2009-10-23 19:45:30 PDT,bzbarsky,CC,bzbarsky,
2010-12-08 23:15:58 PST,matjk7,CC,matjk7,
2011-07-07 03:46:27 PDT,leofigueres,CC,leofigueres,
2011-07-10 18:34:43 PDT,leofigueres,Attachment #545109                Flags,review?,
2011-07-10 18:35:34 PDT,leofigueres,Attachment #545109                Flags,review?(bzbarsky),review?
2011-07-11 08:52:59 PDT,bzbarsky,Attachment #545109                Flags,review+, superreview?(dbaron),review?(bzbarsky)
2011-07-11 09:29:08 PDT,dbaron,Attachment #545109                Flags,superreview+,superreview?(dbaron)
2011-07-11 12:11:13 PDT,bzbarsky,Assignee,leofigueres,thesilversurfer
2011-07-11 19:38:03 PDT,bzbarsky,Target Milestone,mozilla8,---
2011-07-11 19:38:03 PDT,bzbarsky,Flags,in-testsuite-,
2011-07-12 03:47:52 PDT,mounir,Resolution,FIXED,---
2011-07-12 03:47:52 PDT,mounir,CC,mounir,
2011-07-12 03:47:52 PDT,mounir,Last Resolved,2011-07-12 03:47:52,
2011-07-12 03:47:52 PDT,mounir,Status,RESOLVED,NEW
