When,Who,What,Added,Removed
2009-09-21 15:00:28 PDT,ozten.bugs,Status,RESOLVED,NEW
2009-09-21 15:00:28 PDT,ozten.bugs,Resolution,FIXED,---
2009-09-21 15:00:28 PDT,ozten.bugs,CC,ozten.bugs,
2009-09-21 15:00:28 PDT,ozten.bugs,Last Resolved,2009-09-21 15:00:28,
2009-09-21 15:30:26 PDT,mozbugs.retornam,Status,REOPENED,RESOLVED
2009-09-21 15:30:26 PDT,mozbugs.retornam,Resolution,---,FIXED
2009-09-21 15:30:26 PDT,mozbugs.retornam,CC,mozbugs.retornam,
2009-09-21 15:38:07 PDT,ozten.bugs,Resolution,FIXED,---
2009-09-21 15:38:07 PDT,ozten.bugs,Last Resolved,2009-09-21 15:38:07,2009-09-21 15:00:28
2009-09-21 15:38:07 PDT,ozten.bugs,Status,RESOLVED,REOPENED
2009-09-21 15:45:50 PDT,mozbugs.retornam,Status,VERIFIED,RESOLVED
2011-01-10 00:52:01 PST,timeless,Product,Websites Graveyard,Websites
2011-01-10 00:52:01 PST,timeless,Component,mozillaservice.org,mozillaservice.org
