When,Who,What,Added,Removed
2009-09-14 17:50:53 PDT,clarkbw,Attachment #400634                Flags,review?(mkmelin+mozilla),
2009-09-14 21:52:51 PDT,ludovic,Component,Search,Toolbars and Tabs
2009-09-14 21:52:51 PDT,ludovic,QA Contact,search,toolbars-tabs
2009-09-16 14:00:04 PDT,mkmelin+mozilla,Attachment #400634                Flags,review+,review?(mkmelin+mozilla)
2009-09-16 14:00:10 PDT,mkmelin+mozilla,CC,mkmelin+mozilla,
2009-09-16 15:17:51 PDT,clarkbw,Keywords,checkin-needed,
2009-09-17 01:57:58 PDT,standard8,Attachment #400634                Flags,approval-thunderbird3+,
2009-09-21 01:29:15 PDT,standard8,Keywords,,checkin-needed
2009-09-21 01:29:15 PDT,standard8,Status,RESOLVED,NEW
2009-09-21 01:29:15 PDT,standard8,Resolution,FIXED,---
2009-09-21 01:29:15 PDT,standard8,Last Resolved,2009-09-21 01:29:15,
