When,Who,What,Added,Removed
2009-09-16 09:07:07 PDT,ozten.bugs,Status,RESOLVED,NEW
2009-09-16 09:07:07 PDT,ozten.bugs,Resolution,FIXED,---
2009-09-16 09:07:07 PDT,ozten.bugs,CC,ozten.bugs,
2009-09-16 09:07:07 PDT,ozten.bugs,Last Resolved,2009-09-16 09:07:07,
2009-09-16 10:08:21 PDT,stephen.donner,CC,stephen.donner,
2009-09-16 13:45:25 PDT,krupa.mozbugs,Status,VERIFIED,RESOLVED
2009-09-16 13:45:25 PDT,krupa.mozbugs,CC,krupa.raj82,
2011-01-10 00:51:55 PST,timeless,Component,mozillaservice.org,mozillaservice.org
2011-01-10 00:51:55 PST,timeless,Product,Websites Graveyard,Websites
