When,Who,What,Added,Removed
2009-09-14 13:33:21 PDT,21,Attachment #400573                Flags,review?(gavin.sharp), review?(mark.finkle),
2009-09-14 13:35:00 PDT,mark.finkle,Attachment #400573                Flags,review+,review?(mark.finkle)
2009-09-21 12:48:04 PDT,gavin.sharp,Attachment #400573                Flags,review+,review?(gavin.sharp)
2009-09-21 13:12:37 PDT,21,Assignee,21,nobody
2009-09-21 14:21:45 PDT,mark.finkle,Resolution,FIXED,---
2009-09-21 14:21:45 PDT,mark.finkle,CC,mark.finkle,
2009-09-21 14:21:45 PDT,mark.finkle,Last Resolved,2009-09-21 14:21:45,
2009-09-21 14:21:45 PDT,mark.finkle,Status,RESOLVED,NEW
2009-09-22 08:29:33 PDT,mozaakash,Status,VERIFIED,RESOLVED
2009-09-22 08:29:33 PDT,mozaakash,CC,adesai,
