When,Who,What,Added,Removed
2009-09-15 12:08:03 PDT,mdudziak,Status,ASSIGNED,UNCONFIRMED
2009-09-15 12:08:03 PDT,mdudziak,Assignee,beckley,mozilla-bugs
2009-09-15 12:08:03 PDT,mdudziak,Ever confirmed,1,0
2010-02-26 22:20:49 PST,beckley,Resolution,FIXED,---
2010-02-26 22:20:49 PST,beckley,Component,Toolbar,General
2010-02-26 22:20:49 PST,beckley,QA Contact,toolbar,general
2010-02-26 22:20:49 PST,beckley,Target Milestone,1.0b1 (Eudora 8.0b9),---
2010-02-26 22:20:49 PST,beckley,Last Resolved,2010-02-26 22:20:49,
2010-02-26 22:20:49 PST,beckley,Version,0.5,unspecified
2010-02-26 22:20:49 PST,beckley,Status,RESOLVED,ASSIGNED
