When,Who,What,Added,Removed
2009-09-14 14:10:17 PDT,dolske,Whiteboard,[nv],
2009-09-14 14:11:40 PDT,dolske,Summary,Add suppose for firefox-faststart.exe to nightly WinCE builds,Add suppose for firefox-faststart.exe to nightly builds
2009-09-14 14:21:08 PDT,nthomas,CC,nthomas,
2009-09-14 15:06:29 PDT,dolske,Summary,Add support for firefox-faststart.exe to nightly WinCE builds,Add suppose for firefox-faststart.exe to nightly WinCE builds
2009-09-15 18:53:54 PDT,dolske,Status,RESOLVED,NEW
2009-09-15 18:53:54 PDT,dolske,Resolution,DUPLICATE,---
2009-09-15 18:53:54 PDT,dolske,Last Resolved,2009-09-15 18:53:54,
2009-09-15 19:02:27 PDT,nthomas,Status,REOPENED,RESOLVED
2009-09-15 19:02:27 PDT,nthomas,Resolution,---,DUPLICATE
2009-09-16 17:45:06 PDT,nthomas,Product,mozilla.org,Firefox
2009-09-16 17:45:06 PDT,nthomas,Version,other,Trunk
2009-09-16 17:45:06 PDT,nthomas,Component,Release Engineering,Build Config
2009-09-16 17:45:06 PDT,nthomas,Assignee,nthomas,nobody
2009-09-16 17:45:06 PDT,nthomas,QA Contact,release,build.config
2009-09-16 17:45:06 PDT,nthomas,Depends on,511984,
2009-09-17 18:16:47 PDT,dolske,Summary,Add --enable-faststart to nightly WinCE builds,Add support for firefox-faststart.exe to nightly WinCE builds
2009-09-17 19:32:38 PDT,nthomas,Attachment #401366                Flags,review?(bhearsum),
2009-09-17 19:48:54 PDT,bhearsum,Attachment #401366                Flags,review+,review?(bhearsum)
2009-09-17 19:56:47 PDT,nthomas,Attachment #401366                Flags,checked-in+,
2009-09-17 19:57:03 PDT,nthomas,Status,RESOLVED,REOPENED
2009-09-17 19:57:03 PDT,nthomas,Resolution,FIXED,---
2009-09-17 19:57:03 PDT,nthomas,Last Resolved,2009-09-17 19:57:03,2009-09-15 18:53:54
2013-08-12 21:54:08 PDT,nobody,Product,Release Engineering,mozilla.org
