When,Who,What,Added,Removed
2009-09-14 14:17:14 PDT,phong,Assignee,justdave,server-ops
2009-09-14 14:17:14 PDT,phong,CC,phong,
2009-09-14 22:40:18 PDT,justdave,Status,NEW,UNCONFIRMED
2009-09-14 22:40:18 PDT,justdave,Component,Bugzilla: Keywords & Components,Server Operations: Account Requests
2009-09-14 22:40:18 PDT,justdave,Assignee,marcia,justdave
2009-09-14 22:40:18 PDT,justdave,QA Contact,timeless,mrz
2009-09-14 22:40:18 PDT,justdave,CC,reed,
2009-09-14 22:40:18 PDT,justdave,Ever confirmed,1,0
2009-09-14 22:40:18 PDT,justdave,Group,,infra
2009-09-14 22:48:41 PDT,reed,CC,gavin.sharp, justdave,
2009-09-14 22:48:41 PDT,reed,Component,Bugzilla: Other b.m.o Issues,Bugzilla: Keywords & Components
2009-09-14 22:48:41 PDT,reed,Assignee,nobody,marcia
2009-09-14 22:48:41 PDT,reed,QA Contact,other-bmo-issues,timeless
2009-09-14 22:55:38 PDT,justdave,Assignee,justdave,nobody
2009-09-15 00:01:10 PDT,timeless,Status,RESOLVED,NEW
2009-09-15 00:01:10 PDT,timeless,Resolution,FIXED,---
2009-09-15 00:01:10 PDT,timeless,Last Resolved,2009-09-15 00:01:10,
2009-09-15 00:01:20 PDT,timeless,Status,VERIFIED,RESOLVED
2011-06-26 22:59:39 PDT,nobody,Product,bugzilla.mozilla.org,mozilla.org
2011-06-26 22:59:39 PDT,nobody,Component,General,Bugzilla: Other b.m.o Issues
