When,Who,What,Added,Removed
2009-09-16 09:14:07 PDT,ozten.bugs,Assignee,jfinette,nobody
2009-09-16 09:14:07 PDT,ozten.bugs,CC,ozten.bugs,
2009-09-16 11:47:43 PDT,ozten.bugs,Status,RESOLVED,NEW
2009-09-16 11:47:43 PDT,ozten.bugs,Resolution,FIXED,---
2009-09-16 11:47:43 PDT,ozten.bugs,Last Resolved,2009-09-16 11:47:43,
2009-09-16 13:50:03 PDT,krupa.mozbugs,CC,krupa.raj82,
2009-09-16 13:50:03 PDT,krupa.mozbugs,Status,REOPENED,RESOLVED
2009-09-16 13:50:03 PDT,krupa.mozbugs,Resolution,---,FIXED
2009-09-16 14:06:59 PDT,ozten.bugs,Status,RESOLVED,REOPENED
2009-09-16 14:06:59 PDT,ozten.bugs,Resolution,FIXED,---
2009-09-16 14:06:59 PDT,ozten.bugs,Last Resolved,2009-09-16 14:06:59,2009-09-16 11:47:43
2009-09-16 15:55:42 PDT,krupa.mozbugs,Status,VERIFIED,RESOLVED
2011-01-10 00:52:27 PST,timeless,Product,Websites Graveyard,Websites
2011-01-10 00:52:27 PST,timeless,Component,mozillaservice.org,mozillaservice.org
