When,Who,What,Added,Removed
2009-09-14 15:39:56 PDT,graydon,Attachment #400605                Flags,review?(gal),
2009-09-14 15:53:24 PDT,gal,Attachment #400605                Flags,review+,review?(gal)
2009-09-14 16:02:13 PDT,graydon,Whiteboard,fixed-in-tracemonkey,
2009-09-16 17:43:32 PDT,mrbkap,Status,RESOLVED,NEW
2009-09-16 17:43:32 PDT,mrbkap,Resolution,FIXED,---
2009-09-16 17:43:32 PDT,mrbkap,CC,mrbkap,
2009-09-16 17:43:32 PDT,mrbkap,Last Resolved,2009-09-16 17:43:32,
2009-10-02 15:43:35 PDT,sayrer,CC,sayrer,
2009-10-02 15:43:35 PDT,sayrer,Flags,wanted1.9.2+,
2009-10-02 15:43:35 PDT,sayrer,status1.9.2,beta1-fixed,---
2009-11-12 17:45:26 PST,graydon,Flags,in-testsuite-,
