When,Who,What,Added,Removed
2009-09-15 11:59:25 PDT,mdudziak,CC,gary,
2009-09-15 12:01:03 PDT,mdudziak,Status,ASSIGNED,UNCONFIRMED
2009-09-15 12:01:03 PDT,mdudziak,Ever confirmed,1,0
2009-09-15 12:01:13 PDT,mdudziak,Assignee,beckley,mozilla-bugs
2009-09-18 11:28:14 PDT,collura,CC,jcollura06,
2009-09-23 17:25:17 PDT,beckley,Resolution,FIXED,---
2009-09-23 17:25:17 PDT,beckley,Severity,major,normal
2009-09-23 17:25:17 PDT,beckley,Priority,P1,--
2009-09-23 17:25:17 PDT,beckley,Target Milestone,0.5,---
2009-09-23 17:25:17 PDT,beckley,Last Resolved,2009-09-23 17:25:17,
2009-09-23 17:25:17 PDT,beckley,Version,0.5,unspecified
2009-09-23 17:25:17 PDT,beckley,Hardware,All,Other
2009-09-23 17:25:17 PDT,beckley,Status,RESOLVED,ASSIGNED
2009-09-25 22:09:56 PDT,beckley,CC,name.withheld,
2009-12-08 21:39:45 PST,mike001,CC,mike001,
2010-02-03 14:59:27 PST,mdudziak,Target Milestone,---,0.5
