When,Who,What,Added,Removed
2009-09-16 11:11:05 PDT,ozten.bugs,Resolution,FIXED,---
2009-09-16 11:11:05 PDT,ozten.bugs,CC,ozten.bugs,
2009-09-16 11:11:05 PDT,ozten.bugs,Last Resolved,2009-09-16 11:11:05,
2009-09-16 11:11:05 PDT,ozten.bugs,Status,RESOLVED,NEW
2009-09-16 13:55:08 PDT,krupa.mozbugs,Status,VERIFIED,RESOLVED
2009-09-16 13:55:08 PDT,krupa.mozbugs,CC,krupa.raj82,
2011-01-10 00:51:38 PST,timeless,Product,Websites Graveyard,Websites
2011-01-10 00:51:38 PST,timeless,Component,mozillaservice.org,mozillaservice.org
