When,Who,What,Added,Removed
2009-09-16 10:31:15 PDT,ozten.bugs,Status,RESOLVED,NEW
2009-09-16 10:31:15 PDT,ozten.bugs,Resolution,FIXED,---
2009-09-16 10:31:15 PDT,ozten.bugs,CC,ozten.bugs,
2009-09-16 10:31:15 PDT,ozten.bugs,Last Resolved,2009-09-16 10:31:15,
2009-09-16 13:13:16 PDT,krupa.mozbugs,Status,VERIFIED,RESOLVED
2009-09-16 13:13:16 PDT,krupa.mozbugs,CC,krupa.raj82,
2009-09-20 20:39:06 PDT,mary,Status,REOPENED,VERIFIED
2009-09-20 20:39:06 PDT,mary,Resolution,---,FIXED
2009-09-21 15:08:32 PDT,ozten.bugs,Last Resolved,2009-09-21 15:08:32,2009-09-16 10:31:15
2009-09-21 15:08:32 PDT,ozten.bugs,Status,RESOLVED,REOPENED
2009-09-21 15:08:32 PDT,ozten.bugs,Resolution,FIXED,---
2009-09-21 15:33:17 PDT,mozbugs.retornam,Status,VERIFIED,RESOLVED
2009-09-21 15:33:17 PDT,mozbugs.retornam,CC,mozbugs.retornam,
2011-01-10 00:52:03 PST,timeless,Product,Websites Graveyard,Websites
2011-01-10 00:52:03 PST,timeless,Component,mozillaservice.org,mozillaservice.org
