When,Who,What,Added,Removed
2009-09-16 10:22:05 PDT,ozten.bugs,Status,RESOLVED,NEW
2009-09-16 10:22:05 PDT,ozten.bugs,Resolution,FIXED,---
2009-09-16 10:22:05 PDT,ozten.bugs,CC,ozten.bugs,
2009-09-16 10:22:05 PDT,ozten.bugs,Last Resolved,2009-09-16 10:22:05,
2009-09-16 10:27:24 PDT,stephen.donner,Hardware,All,x86
2009-09-16 10:27:24 PDT,stephen.donner,OS,All,Mac OS X
2009-09-16 10:27:24 PDT,stephen.donner,CC,stephen.donner,
2009-09-16 13:22:55 PDT,krupa.mozbugs,Status,REOPENED,RESOLVED
2009-09-16 13:22:55 PDT,krupa.mozbugs,Resolution,---,FIXED
2009-09-16 13:22:55 PDT,krupa.mozbugs,CC,krupa.raj82,
2009-09-16 14:02:30 PDT,ozten.bugs,Resolution,FIXED,---
2009-09-16 14:02:30 PDT,ozten.bugs,Last Resolved,2009-09-16 14:02:30,2009-09-16 10:22:05
2009-09-16 14:02:30 PDT,ozten.bugs,Status,RESOLVED,REOPENED
2009-09-16 16:01:00 PDT,krupa.mozbugs,Status,REOPENED,RESOLVED
2009-09-16 16:01:00 PDT,krupa.mozbugs,Resolution,---,FIXED
2009-09-16 16:18:19 PDT,ozten.bugs,Status,RESOLVED,REOPENED
2009-09-16 16:18:19 PDT,ozten.bugs,Resolution,FIXED,---
2009-09-16 16:18:19 PDT,ozten.bugs,Last Resolved,2009-09-16 16:18:19,2009-09-16 14:02:30
2009-09-16 16:38:13 PDT,krupa.mozbugs,Status,VERIFIED,RESOLVED
2011-01-10 00:52:09 PST,timeless,Product,Websites Graveyard,Websites
2011-01-10 00:52:09 PST,timeless,Component,mozillaservice.org,mozillaservice.org
