When,Who,What,Added,Removed
2009-09-14 14:03:57 PDT,benjamin,Blocks,478976,
2009-09-14 16:46:53 PDT,fullmetaljacket.xp+bugmail,CC,fullmetaljacket.xp+bugmail,
2009-10-12 12:14:52 PDT,jaas,Assignee,joshmoz,nobody
2009-10-19 06:47:51 PDT,benjamin,Blocks,523094,
2009-10-22 23:05:57 PDT,jaas,Hardware,All,x86
2009-10-22 23:05:57 PDT,jaas,OS,All,Windows NT
2009-10-26 12:31:14 PDT,jaas,Attachment #407948                Attachment is obsolete,1,0
2009-10-26 12:31:14 PDT,jaas,Attachment #408438                Flags,review?(jones.chris.g),
2009-10-26 13:20:28 PDT,karlt,CC,mozbugz,
2009-10-26 18:41:38 PDT,jaas,Attachment #408540                Flags,review?(jones.chris.g),
2009-10-26 18:41:38 PDT,jaas,Attachment #408438                Flags,,review?(jones.chris.g)
2009-10-26 18:41:38 PDT,jaas,Attachment #408438                Attachment is obsolete,1,0
2009-10-27 09:11:27 PDT,cjones.bugs,Attachment #408540                Flags,review+,review?(jones.chris.g)
2009-10-27 12:57:01 PDT,jaas,Attachment #408540                Attachment is obsolete,1,0
2009-10-27 12:58:16 PDT,jaas,Status,RESOLVED,NEW
2009-10-27 12:58:16 PDT,jaas,Resolution,FIXED,---
2009-10-27 12:58:16 PDT,jaas,Last Resolved,2009-10-27 12:58:16,
2009-10-31 12:50:11 PDT,benjamin,Depends on,525605,
2009-12-15 18:21:10 PST,benjamin,Depends on,534866,
2009-12-21 14:56:30 PST,wuno,Depends on,536264,
2010-01-28 22:41:28 PST,dholbert,Depends on,542959,
