When,Who,What,Added,Removed
2009-09-14 13:44:57 PDT,davidwboswell,Blocks,503637,
2009-09-14 15:33:50 PDT,jslater,Assignee,steven,nobody
2009-09-14 15:33:50 PDT,jslater,CC,jslater,
2009-09-18 13:38:04 PDT,glennrp+bmo,CC,glennrp+bmo,
2009-09-23 20:29:33 PDT,davidwboswell,Attachment #400576                Attachment is obsolete,1,0
2009-09-23 20:29:33 PDT,davidwboswell,Attachment #401519                Attachment is obsolete,1,0
2010-02-25 17:53:37 PST,buchanae+bugs,CC,buchanae,
2010-02-25 18:43:39 PST,buchanae+bugs,Status,RESOLVED,NEW
2010-02-25 18:43:39 PST,buchanae+bugs,Resolution,FIXED,---
2010-02-25 18:43:39 PST,buchanae+bugs,Last Resolved,2010-02-25 18:43:39,
2010-02-26 10:23:35 PST,mozbugs.retornam,Status,VERIFIED,RESOLVED
2010-02-26 10:23:35 PST,mozbugs.retornam,CC,mozbugs.retornam,
2012-04-23 08:15:30 PDT,nobody,Product,Websites,Websites
2012-04-23 08:15:30 PDT,nobody,Component,www.mozilla.org,www.mozilla.org/firefox
2012-08-23 00:16:07 PDT,nobody,Product,www.mozilla.org,Websites
2012-08-23 00:16:07 PDT,nobody,Component,General,www.mozilla.org
