When,Who,What,Added,Removed
2009-09-14 14:40:37 PDT,xtc4uall,CC,xtc4uall,
2009-09-14 16:47:07 PDT,fullmetaljacket.xp+bugmail,CC,fullmetaljacket.xp+bugmail,
2009-09-30 12:29:31 PDT,bent.mozilla,Attachment #403833                Flags,review?(benjamin), review?(jst),
2009-09-30 12:51:08 PDT,cjones.bugs,Depends on,506171,
2009-09-30 13:53:46 PDT,benjamin,Depends on,519813,
2009-10-01 14:05:45 PDT,benjamin,Attachment #403833                Flags,review-,review?(benjamin)
2009-10-02 16:11:20 PDT,bent.mozilla,Attachment #403833                Attachment is obsolete,1,0
2009-10-02 16:11:20 PDT,bent.mozilla,Attachment #404359                Flags,review?(benjamin),
2009-10-02 16:11:20 PDT,bent.mozilla,Attachment #403833                Flags,,review?(jst)
2009-10-06 13:12:52 PDT,benjamin,Attachment #404359                Flags,review+,review?(benjamin)
2009-10-07 15:49:45 PDT,cjones.bugs,Blocks,521118,
2009-10-07 18:04:44 PDT,cjones.bugs,CC,jones.chris.g,
2009-10-08 10:47:43 PDT,bent.mozilla,Resolution,FIXED,---
2009-10-08 10:47:43 PDT,bent.mozilla,Last Resolved,2009-10-08 10:47:43,
2009-10-08 10:47:43 PDT,bent.mozilla,Status,RESOLVED,NEW
