When,Who,What,Added,Removed
2009-09-16 11:31:33 PDT,ozten.bugs,Status,RESOLVED,NEW
2009-09-16 11:31:33 PDT,ozten.bugs,Resolution,FIXED,---
2009-09-16 11:31:33 PDT,ozten.bugs,CC,ozten.bugs,
2009-09-16 11:31:33 PDT,ozten.bugs,Last Resolved,2009-09-16 11:31:33,
2009-09-16 14:13:01 PDT,krupa.mozbugs,Status,VERIFIED,RESOLVED
2009-09-16 14:13:01 PDT,krupa.mozbugs,CC,krupa.raj82,
2011-01-10 00:51:45 PST,timeless,Product,Websites Graveyard,Websites
2011-01-10 00:51:45 PST,timeless,Component,mozillaservice.org,mozillaservice.org
