When,Who,What,Added,Removed
2009-09-14 14:03:57 PDT,benjamin,Blocks,478976,
2009-09-14 16:46:42 PDT,fullmetaljacket.xp+bugmail,CC,fullmetaljacket.xp+bugmail,
2009-12-21 14:38:55 PST,karlt,CC,karlt,
2010-01-27 02:07:31 PST,bugzilla-user,CC,bugzilla-user,
2010-01-29 14:35:06 PST,benjamin,Status,ASSIGNED,NEW
2010-01-29 14:35:06 PST,benjamin,Assignee,benjamin,nobody
2010-02-02 07:05:00 PST,benjamin,Attachment #424642                Attachment is obsolete,1,0
2010-02-02 07:05:00 PST,benjamin,Attachment #424778                Flags,review?(jones.chris.g),
2010-02-02 13:33:57 PST,benjamin,Attachment #424853                Flags,review?(jones.chris.g),
2010-02-02 13:33:57 PST,benjamin,Attachment #424778                Flags,,review?(jones.chris.g)
2010-02-02 13:33:57 PST,benjamin,Attachment #424778                Attachment is obsolete,1,0
2010-02-02 14:24:40 PST,supernova00,CC,supernova00,
2010-02-02 14:26:33 PST,david,CC,david,
2010-02-03 10:24:59 PST,benjamin,Attachment #424853                Attachment is obsolete,1,0
2010-02-03 10:24:59 PST,benjamin,Attachment #425023                Flags,review?(jones.chris.g),
2010-02-03 10:24:59 PST,benjamin,Attachment #424853                Flags,,review?(jones.chris.g)
2010-02-03 11:00:03 PST,cjones.bugs,Attachment #425023                Flags,review+,review?(jones.chris.g)
2010-02-03 14:30:00 PST,benjamin,Status,RESOLVED,ASSIGNED
2010-02-03 14:30:00 PST,benjamin,Resolution,FIXED,---
2010-02-03 14:30:00 PST,benjamin,Last Resolved,2010-02-03 14:30:00,
2010-02-03 23:10:33 PST,romaxa,CC,romaxa,
2010-02-04 18:17:44 PST,wgianopoulos,Depends on,544410,
2010-02-10 18:24:45 PST,karlt,Depends on,545312,
2010-02-10 18:27:29 PST,karlt,Depends on,544882,
2010-03-24 08:10:44 PDT,benjamin,Whiteboard,[fixed-lorentz],
2010-04-07 06:11:28 PDT,benjamin,status1.9.2,.4-fixed,---
