When,Who,What,Added,Removed
2009-09-14 15:44:53 PDT,dougt,Flags,wanted-fennec1.0?,
2009-09-14 19:22:35 PDT,mark.finkle,CC,mark.finkle,
2009-09-14 19:35:49 PDT,mark.finkle,tracking-fennec,?,---
2009-09-14 19:36:04 PDT,mark.finkle,CC,21,
2009-09-15 13:16:12 PDT,mark.finkle,Attachment #400721                Flags,review+,
2009-09-15 13:18:43 PDT,mark.finkle,Status,RESOLVED,NEW
2009-09-15 13:18:43 PDT,mark.finkle,Resolution,FIXED,---
2009-09-15 13:18:43 PDT,mark.finkle,Assignee,21,nobody
2009-09-15 13:18:43 PDT,mark.finkle,Target Milestone,B4,---
2009-09-15 13:18:43 PDT,mark.finkle,Last Resolved,2009-09-15 13:18:43,
2009-09-16 07:45:27 PDT,mozaakash,CC,adesai,
2009-09-21 06:52:06 PDT,jmaher,CC,jmaher,
2009-09-22 09:27:36 PDT,mozaakash,Status,VERIFIED,RESOLVED
2009-10-06 16:51:46 PDT,dougt,Flags,,wanted-fennec1.0?
2009-10-06 16:51:46 PDT,dougt,tracking-fennec,---,?
2009-10-22 12:50:55 PDT,mozaakash,Flags,in-litmus?,
2009-12-15 15:56:43 PST,mozaakash,Flags,in-litmus+,in-litmus?
