When,Who,What,Added,Removed
2009-09-16 11:21:37 PDT,ozten.bugs,Status,RESOLVED,NEW
2009-09-16 11:21:37 PDT,ozten.bugs,Resolution,FIXED,---
2009-09-16 11:21:37 PDT,ozten.bugs,CC,ozten.bugs,
2009-09-16 11:21:37 PDT,ozten.bugs,Last Resolved,2009-09-16 11:21:37,
2009-09-16 11:30:14 PDT,stephen.donner,CC,stephen.donner,
2009-09-16 11:30:14 PDT,stephen.donner,Hardware,All,x86
2009-09-16 11:30:14 PDT,stephen.donner,OS,All,Mac OS X
2009-09-16 11:30:14 PDT,stephen.donner,Status,REOPENED,RESOLVED
2009-09-16 11:30:14 PDT,stephen.donner,Resolution,---,FIXED
2009-09-16 13:58:34 PDT,ozten.bugs,Status,RESOLVED,REOPENED
2009-09-16 13:58:34 PDT,ozten.bugs,Resolution,FIXED,---
2009-09-16 13:58:34 PDT,ozten.bugs,Last Resolved,2009-09-16 13:58:34,2009-09-16 11:21:37
2009-09-16 16:57:16 PDT,stephen.donner,URL,http://mozillaservice.stage.mozilla.com/promote/mozservice09/en_US,http://mozillaservice.org/promote/mozservice09/en_US
2009-09-16 16:57:16 PDT,stephen.donner,Status,VERIFIED,RESOLVED
2011-01-10 00:51:31 PST,timeless,Product,Websites Graveyard,Websites
2011-01-10 00:51:31 PST,timeless,Component,mozillaservice.org,mozillaservice.org
