When,Who,What,Added,Removed
2009-09-15 03:51:12 PDT,ehsan,CC,ehsan.akhgari,
2009-09-15 04:06:48 PDT,hskupin,Attachment #400734                Flags,review?(adesai),
2009-09-15 04:11:01 PDT,hskupin,CC,hskupin,
2009-09-15 04:13:50 PDT,ehsan,CC,marcia,
2009-09-15 12:00:38 PDT,mozaakash,Attachment #400734                Flags,review-,review?(adesai)
2009-09-15 16:16:56 PDT,hskupin,Attachment #400899                Flags,review+,
2009-09-15 16:20:22 PDT,hskupin,Status,RESOLVED,ASSIGNED
2009-09-15 16:20:22 PDT,hskupin,Resolution,FIXED,---
2009-09-15 16:20:22 PDT,hskupin,Last Resolved,2009-09-15 16:20:22,
2010-11-19 12:48:31 PST,hskupin,Component,Mozmill Tests,Private Browsing
2010-11-19 12:48:31 PST,hskupin,QA Contact,mozmill-tests,private.browsing
2010-11-19 12:48:31 PST,hskupin,Product,Mozilla QA,Firefox
2010-11-19 12:48:31 PST,hskupin,Version,unspecified,Trunk
