When,Who,What,Added,Removed
2009-09-15 05:23:29 PDT,ria.klaassen,Version,3.5 Branch,unspecified
2009-09-15 05:23:29 PDT,ria.klaassen,Component,Bookmarks & History,General
2009-09-15 05:23:29 PDT,ria.klaassen,QA Contact,bookmarks,general
2009-09-15 05:56:23 PDT,shailen.n.jain,Attachment #400748                Flags,review?(roc),
2009-09-15 10:58:53 PDT,roc,Attachment #400748                Flags,review?(sdwilsh),review?(roc)
2009-09-15 19:53:10 PDT,sdwilsh,Attachment #400748                Flags,review?(mak77),review?(sdwilsh)
2009-09-16 02:09:06 PDT,shailen.n.jain,Attachment #400973                Flags,review?(mak77),
2009-09-16 03:15:18 PDT,mak77,Attachment #400973                Flags,,review?(mak77)
2009-09-16 03:16:52 PDT,mak77,Attachment #400748                Flags,review-,review?(mak77)
2009-09-16 03:17:08 PDT,mak77,Summary,Mozilla Firefox Cannot add bookmarks on AIX platform,Mozilla Firefox Cannot add bookmarks
2009-09-16 03:17:08 PDT,mak77,CC,mak77,
2009-09-16 03:21:53 PDT,mak77,CC,dmandelin, gal, mrbkap,
2009-10-28 01:39:29 PDT,ul.mcamafia,CC,ul.mcamafia,
2009-12-19 02:40:18 PST,shailen.n.jain,Attachment #418493                Flags,review?(lw),
2009-12-19 02:40:18 PST,shailen.n.jain,Attachment #400748                Attachment is obsolete,1,0
2009-12-19 13:16:51 PST,luke,CC,lw,
2009-12-20 11:03:46 PST,gal,Attachment #418493                Flags,review+,review?(lw)
2009-12-20 11:07:32 PST,gal,CC,crowder,
2009-12-20 11:44:54 PST,ul.mcamafia,CC,benjamin,
2009-12-20 20:55:51 PST,shailen.n.jain,Keywords,checkin-needed,
2009-12-21 03:58:57 PST,ted,Product,Core,Firefox
2009-12-21 03:58:57 PST,ted,Version,Trunk,3.5 Branch
2009-12-21 03:58:57 PST,ted,Component,XPConnect,Bookmarks & History
2009-12-21 03:58:57 PST,ted,Assignee,shailen.n.jain,nobody
2009-12-21 03:58:57 PST,ted,QA Contact,xpconnect,bookmarks
2009-12-21 03:58:57 PST,ted,CC,ted.mielczarek,
2009-12-21 05:37:25 PST,benjamin,Status,NEW,UNCONFIRMED
2009-12-21 05:37:25 PST,benjamin,Ever confirmed,1,0
2009-12-21 12:39:48 PST,gal,Depends on,535894,
2009-12-23 03:16:20 PST,shailen.n.jain,Attachment #418493                Flags,superreview?(benjamin),
2009-12-23 03:17:19 PST,shailen.n.jain,Attachment #418493                Flags,approval1.9.2.1?, approval1.9.1.8?, approval1.9.0.18?,
2009-12-30 19:22:02 PST,reed,QA Contact,xpcom,xpconnect
2009-12-30 19:22:02 PST,reed,CC,reed,
2009-12-30 19:22:02 PST,reed,Keywords,,checkin-needed
2009-12-30 19:22:02 PST,reed,OS,AIX,Other
2009-12-30 19:22:02 PST,reed,Status,ASSIGNED,NEW
2009-12-30 19:22:02 PST,reed,Component,XPCOM,XPConnect
2009-12-30 19:22:17 PST,reed,Attachment #418493                Flags,,approval1.9.2.1?, approval1.9.1.8?, approval1.9.0.18?
2010-01-03 14:17:08 PST,ul.mcamafia,Blocks,537588,
2010-01-07 12:09:41 PST,benjamin,Attachment #418493                Flags,superreview+,superreview?(benjamin)
2010-01-07 12:21:18 PST,reed,Keywords,checkin-needed,
2010-01-21 04:20:32 PST,dao,Keywords,,checkin-needed
2010-02-01 06:00:09 PST,shailen.n.jain,Keywords,checkin-needed,
2010-02-04 06:06:14 PST,dao,Last Resolved,2010-02-04 06:06:14,
2010-02-04 06:06:14 PST,dao,Keywords,,checkin-needed
2010-02-04 06:06:14 PST,dao,Status,RESOLVED,ASSIGNED
2010-02-04 06:06:14 PST,dao,Resolution,FIXED,---
2010-02-04 06:06:14 PST,dao,CC,dao,
2010-02-04 06:06:14 PST,dao,Target Milestone,mozilla1.9.3a1,---
2010-02-04 06:40:58 PST,ul.mcamafia,Attachment #422729                Flags,approval1.9.2.2?, approval1.9.1.9?, approval1.9.0.19?,
2010-02-22 10:16:59 PST,mbeltzner,Attachment #422729                Flags,approval1.9.2.2+, approval1.9.1.9+, approval1.9.0.19+,approval1.9.2.2?, approval1.9.1.9?, approval1.9.0.19?
2010-02-22 12:52:18 PST,mstange,Keywords,checkin-needed,
2010-02-22 12:52:18 PST,mstange,CC,mstange,
2010-03-05 04:13:40 PST,dao,status1.9.2,.2-fixed,---
2010-03-07 09:58:33 PST,ul.mcamafia,Whiteboard,[checkin to 1.9.1] [checkin to cvs],
2010-03-08 11:25:03 PST,gavin.sharp,Whiteboard,,[checkin to 1.9.1] [checkin to cvs]
2010-03-08 11:25:03 PST,gavin.sharp,CC,gavin.sharp,
2010-03-08 11:25:03 PST,gavin.sharp,status1.9.1,.9-fixed,---
2010-03-08 11:25:03 PST,gavin.sharp,Keywords,fixed1.9.0.19,checkin-needed
2010-04-25 07:25:54 PDT,ul.mcamafia,Keywords,verified1.9.0.19,fixed1.9.0.19
2010-04-25 07:30:37 PDT,ul.mcamafia,Keywords,verified1.9.1, verified1.9.2,
2011-01-15 20:59:42 PST,k.sangeeth,CC,k.sangeeth,
