When,Who,What,Added,Removed
2009-09-14 17:07:43 PDT,stephen.donner,Blocks,391433,
2009-09-14 21:28:58 PDT,fullmetaljacket.xp+bugmail,CC,fullmetaljacket.xp+bugmail,
2009-09-15 06:02:26 PDT,steven,Status,RESOLVED,NEW
2009-09-15 06:02:26 PDT,steven,Resolution,FIXED,---
2009-09-15 06:02:26 PDT,steven,Last Resolved,2009-09-15 06:02:26,
2009-09-15 10:10:19 PDT,stephen.donner,Status,VERIFIED,RESOLVED
2012-04-23 08:15:30 PDT,nobody,Product,Websites,Websites
2012-04-23 08:15:30 PDT,nobody,Component,www.mozilla.org,www.mozilla.org/firefox
2012-08-23 00:16:07 PDT,nobody,Product,www.mozilla.org,Websites
2012-08-23 00:16:07 PDT,nobody,Component,General,www.mozilla.org
