When,Who,What,Added,Removed
2009-09-14 17:45:41 PDT,graydon,Attachment #400632                Flags,review?(gal),
2009-09-14 19:01:44 PDT,gal,Attachment #400632                Flags,review+,review?(gal)
2009-09-14 20:06:27 PDT,graydon,Whiteboard,fixed-in-tracemonkey,
2009-09-14 21:13:47 PDT,graydon,Whiteboard,,fixed-in-tracemonkey
2009-09-15 03:51:16 PDT,ryanvm,CC,ryanvm,
2009-09-15 18:57:07 PDT,graydon,Attachment #400632                Attachment is obsolete,1,0
2009-09-15 18:57:07 PDT,graydon,Attachment #400927                Flags,review?(gal),
2009-09-16 13:32:14 PDT,gal,Attachment #400927                Flags,review+,review?(gal)
2009-09-16 20:31:58 PDT,graydon,Whiteboard,fixed-in-tracemonkey,
2009-09-17 13:11:19 PDT,jruderman,Depends on,517299,
2009-09-21 11:58:30 PDT,luke,Attachment #401904                Flags,review?(graydon),
2009-09-21 15:05:07 PDT,graydon,Attachment #401904                Flags,review-,review?(graydon)
2009-09-25 16:09:14 PDT,graydon,Blocks,503556,
2009-09-29 14:59:16 PDT,sayrer,Status,RESOLVED,NEW
2009-09-29 14:59:16 PDT,sayrer,Resolution,FIXED,---
2009-09-29 14:59:16 PDT,sayrer,CC,sayrer,
2009-09-29 14:59:16 PDT,sayrer,Last Resolved,2009-09-29 14:59:16,
2009-10-09 20:46:44 PDT,sayrer,Flags,wanted1.9.2+,
2009-10-09 20:46:44 PDT,sayrer,status1.9.2,beta1-fixed,---
2009-11-12 17:47:34 PST,graydon,Flags,in-testsuite-,
