When,Who,What,Added,Removed
2009-09-14 19:08:09 PDT,daveryeo,CC,dragtext,
2009-09-14 19:08:09 PDT,daveryeo,Blocks,512424,
2009-09-14 19:17:31 PDT,daveryeo,CC,mozilla,
2009-09-14 19:17:34 PDT,surkov.alexander,Attachment #400651                Flags,review+,
2009-09-14 19:17:59 PDT,surkov.alexander,Status,ASSIGNED,UNCONFIRMED
2009-09-14 19:17:59 PDT,surkov.alexander,Assignee,daveryeo,nobody
2009-09-14 19:17:59 PDT,surkov.alexander,CC,surkov.alexander,
2009-09-14 19:17:59 PDT,surkov.alexander,Ever confirmed,1,0
2009-09-14 20:04:40 PDT,surkov.alexander,Status,RESOLVED,ASSIGNED
2009-09-14 20:04:40 PDT,surkov.alexander,Resolution,FIXED,---
2009-09-14 20:04:40 PDT,surkov.alexander,Last Resolved,2009-09-14 20:04:40,
2009-10-07 08:17:02 PDT,mzehe,Attachment #400651                Flags,approval1.9.2?,
2009-10-28 07:43:50 PDT,mbeltzner,Attachment #400651                Flags,approval1.9.2+,approval1.9.2?
2009-10-29 10:50:01 PDT,mzehe,CC,marco.zehe,
2009-10-29 10:50:01 PDT,mzehe,status1.9.2,final-fixed,---
