When,Who,What,Added,Removed
2009-09-14 21:08:50 PDT,mark.finkle,Attachment #400673                Flags,review?(gavin.sharp),
2009-09-14 21:10:08 PDT,mark.finkle,tracking-fennec,?,---
2009-09-18 14:21:58 PDT,mark.finkle,Blocks,515514,
2009-09-18 16:57:24 PDT,madhava,Whiteboard,[polish],
2009-09-18 16:57:24 PDT,madhava,CC,madhava,
2009-09-21 13:36:26 PDT,pavlov,tracking-fennec,1.0+,?
2009-10-20 23:07:18 PDT,mark.finkle,Assignee,mark.finkle,nobody
2009-10-28 11:34:29 PDT,mark.finkle,Attachment #400673                Attachment is obsolete,1,0
2009-10-28 11:34:29 PDT,mark.finkle,Attachment #408889                Flags,review?(gavin.sharp),
2009-10-28 11:34:29 PDT,mark.finkle,Attachment #400673                Flags,,review?(gavin.sharp)
2009-10-28 15:21:51 PDT,gavin.sharp,Attachment #408889                Flags,review-,review?(gavin.sharp)
2009-10-28 17:28:05 PDT,mark.finkle,Attachment #408889                Attachment is obsolete,1,0
2009-10-28 17:28:05 PDT,mark.finkle,Attachment #408988                Flags,review?(gavin.sharp),
2009-10-29 15:45:59 PDT,gavin.sharp,Attachment #408988                Flags,review+,review?(gavin.sharp)
2009-10-29 16:02:22 PDT,mark.finkle,Status,RESOLVED,NEW
2009-10-29 16:02:22 PDT,mark.finkle,Resolution,FIXED,---
2009-10-29 16:02:22 PDT,mark.finkle,Last Resolved,2009-10-29 16:02:22,
2009-11-02 10:46:42 PST,mozaakash,CC,adesai,
2009-11-02 10:46:42 PST,mozaakash,Status,VERIFIED,RESOLVED
