When,Who,What,Added,Removed
2009-09-15 05:24:17 PDT,neil,Assignee,neil,nobody
2009-09-15 05:24:17 PDT,neil,Attachment #400741                Flags,review?(philipp),
2009-09-19 09:25:19 PDT,dominique,CC,dominique,
2009-09-19 17:43:36 PDT,vvduma,CC,vvduma,
2009-09-20 09:23:35 PDT,raj,CC,raj,
2009-09-28 07:58:05 PDT,neil,Attachment #400741                Flags,review?(mschroeder),review?(philipp)
2009-09-28 08:49:36 PDT,mschroeder,Attachment #400741                Flags,review+,review?(mschroeder)
2009-09-28 09:10:59 PDT,neil,CC,mschroeder,
2009-09-28 09:14:51 PDT,mschroeder,Status,ASSIGNED,NEW
2009-09-28 11:53:05 PDT,neil,Last Resolved,2009-09-28 11:53:05,
2009-09-28 11:53:05 PDT,neil,Status,RESOLVED,ASSIGNED
2009-09-28 11:53:05 PDT,neil,Resolution,FIXED,---
2009-09-28 12:31:34 PDT,mschroeder,Target Milestone,1.0,---
2009-10-20 09:06:30 PDT,mschroeder,CC,,mschroeder
2011-11-07 04:00:47 PST,philipp,Target Milestone,1.0b1,1.0
