When,Who,What,Added,Removed
2009-09-15 21:28:43 PDT,smani,Product,Websites,mozilla.org
2009-09-15 21:28:43 PDT,smani,Component,planet.mozilla.org,Server Operations: Account Requests
2009-09-15 21:28:43 PDT,smani,Assignee,asa,server-ops
2009-09-15 21:28:43 PDT,smani,QA Contact,planet-mozilla-org,mrz
2009-09-15 21:28:43 PDT,smani,CC,deb, reed, shyam,
2009-09-15 21:28:43 PDT,smani,Group,,infra
2009-09-19 19:46:10 PDT,robert,Assignee,robert,asa
2009-09-19 19:46:10 PDT,robert,CC,robert,
2009-09-19 19:46:10 PDT,robert,Last Resolved,2009-09-19 19:46:10,
2009-09-19 19:46:10 PDT,robert,Summary,Add Ragavan S to planet,Getting on Planet Mozilla
2009-09-19 19:46:10 PDT,robert,Status,RESOLVED,NEW
2009-09-19 19:46:10 PDT,robert,Resolution,FIXED,---
