When,Who,What,Added,Removed
2009-09-14 17:36:48 PDT,brendan,QA Contact,events,general
2009-09-14 17:36:48 PDT,brendan,CC,brendan,
2009-09-14 17:36:48 PDT,brendan,Last Resolved,2009-09-14 17:36:48,
2009-09-14 17:36:48 PDT,brendan,Status,RESOLVED,NEW
2009-09-14 17:36:48 PDT,brendan,Resolution,DUPLICATE,---
2009-09-14 17:36:48 PDT,brendan,Component,DOM: Events,JavaScript Engine
2009-09-14 17:36:48 PDT,brendan,Assignee,nobody,general
2009-09-14 17:36:55 PDT,dmandelin,CC,dmandelin,
2009-09-14 17:38:46 PDT,brendan,Status,REOPENED,RESOLVED
2009-09-14 17:38:46 PDT,brendan,Resolution,---,DUPLICATE
2009-09-14 17:38:46 PDT,brendan,CC,masayuki, roc,
2009-09-14 17:39:23 PDT,brendan,CC,Olli.Pettay,
2009-09-14 20:53:07 PDT,gavin.sharp,CC,gavin.sharp,
2009-09-15 02:17:05 PDT,mrbkap,Keywords,regressionwindow-wanted,
2009-09-15 02:17:05 PDT,mrbkap,CC,mrbkap,
2009-09-15 03:12:38 PDT,bugs,Blocks,503943,
2009-09-15 03:12:53 PDT,bugs,CC,enndeakin,
2009-09-15 03:13:19 PDT,bugs,Keywords,,regressionwindow-wanted
2009-09-15 08:44:37 PDT,enndeakin,CC,ted.mielczarek,
2009-09-15 08:46:03 PDT,enndeakin,Status,ASSIGNED,REOPENED
2009-09-15 08:46:03 PDT,enndeakin,Assignee,enndeakin,nobody
2009-09-15 09:03:13 PDT,highmind63,CC,highmind63,
2009-09-15 12:16:32 PDT,jwalden+bmo,CC,jwalden+bmo,
2009-09-15 12:29:38 PDT,mstange,CC,mstange,
2009-09-18 13:12:22 PDT,ted,Keywords,dogfood,
2009-09-18 16:28:26 PDT,enndeakin,Attachment #400775                Attachment is obsolete,1,0
2009-09-22 11:03:03 PDT,enndeakin,Attachment #401566                Attachment is obsolete,1,0
2009-09-22 11:03:03 PDT,enndeakin,Attachment #402119                Flags,review?(roc), superreview?(Olli.Pettay),
2009-09-22 14:55:04 PDT,roc,Attachment #402119                Flags,review+,review?(roc)
2009-09-23 09:10:40 PDT,bugs,Attachment #402119                Flags,superreview+,superreview?(Olli.Pettay)
2009-09-28 07:24:33 PDT,enndeakin,Status,RESOLVED,ASSIGNED
2009-09-28 07:24:33 PDT,enndeakin,Resolution,FIXED,---
2009-09-28 07:24:33 PDT,enndeakin,Last Resolved,2009-09-28 07:24:33,2009-09-14 17:36:48
2009-09-28 07:24:49 PDT,enndeakin,Flags,in-testsuite+,
2009-09-28 11:56:36 PDT,dao,Hardware,All,x86
2009-09-28 11:56:36 PDT,dao,OS,All,Mac OS X
2009-10-08 08:37:43 PDT,enndeakin,Blocks,519693,
2011-07-18 08:40:25 PDT,martijn.martijn,Depends on,668640,
