When,Who,What,Added,Removed
2009-09-15 06:42:15 PDT,mokha,CC,marion.dupire,
2009-09-15 06:43:25 PDT,mokha,Version,3.4.1,unspecified
2009-09-15 09:31:10 PDT,LpSolit,Hardware,All,x86
2009-09-15 09:31:10 PDT,LpSolit,OS,All,Windows XP
2009-09-15 09:31:10 PDT,LpSolit,Status,NEW,UNCONFIRMED
2009-09-15 09:31:10 PDT,LpSolit,Component,Documentation,Administration
2009-09-15 09:31:10 PDT,LpSolit,Assignee,documentation,administration
2009-09-15 09:31:10 PDT,LpSolit,CC,documentation,
2009-09-15 09:31:10 PDT,LpSolit,Depends on,308253,
2009-09-15 09:31:10 PDT,LpSolit,Target Milestone,Bugzilla 3.4,---
2009-09-15 09:31:10 PDT,LpSolit,Ever confirmed,1,0
2011-12-03 03:20:48 PST,LpSolit,Whiteboard,[blocker will fix],
2011-12-03 03:20:48 PST,LpSolit,Status,ASSIGNED,NEW
2011-12-03 03:20:48 PST,LpSolit,Assignee,LpSolit,documentation
2011-12-03 03:20:48 PST,LpSolit,Depends on,707170,
2011-12-08 14:53:58 PST,LpSolit,Status,RESOLVED,ASSIGNED
2011-12-08 14:53:58 PST,LpSolit,Resolution,FIXED,---
2011-12-08 14:53:58 PST,LpSolit,Last Resolved,2011-12-08 14:53:58,
