When,Who,What,Added,Removed
2009-09-14 20:33:52 PDT,mark.finkle,tracking-fennec,?,---
2009-09-18 16:52:06 PDT,madhava,Whiteboard,[polish],
2009-09-18 16:52:06 PDT,madhava,Assignee,madhava,nobody
2009-09-18 16:52:06 PDT,madhava,CC,madhava,
2009-09-21 13:36:34 PDT,pavlov,tracking-fennec,1.0+,?
2009-11-04 10:03:21 PST,21,CC,21,
2009-11-24 09:51:46 PST,pavlov,tracking-fennec,1.0-,1.0+
2010-02-18 13:57:34 PST,mozaakash,Blocks,547068,
2010-03-16 18:35:02 PDT,21,Attachment #432571                Attachment is obsolete,1,0
2010-03-17 05:29:51 PDT,21,Attachment #432969                Attachment is obsolete,1,0
2010-03-18 18:32:41 PDT,21,Assignee,21,madhava
2010-03-18 18:32:41 PDT,21,Attachment #433041                Attachment is obsolete,1,0
2010-03-18 18:33:45 PDT,21,Attachment #432970                Attachment is obsolete,1,0
2010-03-18 18:57:41 PDT,21,CC,smartell,
2010-03-23 05:06:38 PDT,21,Attachment #433482                Attachment is obsolete,1,0
2010-03-26 10:28:10 PDT,pavlov,tracking-fennec,1.1+,1.0-
2010-03-29 04:31:25 PDT,21,Attachment #434216                Attachment is obsolete,1,0
2010-03-29 04:31:25 PDT,21,Attachment #435576                Flags,review?(mark.finkle),
2010-03-29 09:04:24 PDT,21,Attachment #435576                Attachment is obsolete,1,0
2010-03-29 09:04:24 PDT,21,Attachment #435643                Flags,review?(mark.finkle),
2010-03-29 09:04:24 PDT,21,Attachment #435576                Flags,,review?(mark.finkle)
2010-03-30 11:06:57 PDT,mark.finkle,Attachment #435643                Flags,review+,review?(mark.finkle)
2010-03-30 11:08:22 PDT,mark.finkle,Status,RESOLVED,NEW
2010-03-30 11:08:22 PDT,mark.finkle,Resolution,FIXED,---
2010-03-30 11:08:22 PDT,mark.finkle,Last Resolved,2010-03-30 11:08:22,
2010-03-31 09:25:46 PDT,mozaakash,CC,adesai,
2010-03-31 09:25:46 PDT,mozaakash,Flags,in-testsuite?,
2010-03-31 11:29:37 PDT,mozaakash,Status,VERIFIED,RESOLVED
