When,Who,What,Added,Removed
2009-09-15 04:39:32 PDT,aryx.bugmail,Hardware,All,x86
2009-09-15 04:39:32 PDT,aryx.bugmail,OS,All,Windows Server 2003
2009-09-15 04:39:32 PDT,aryx.bugmail,CC,archaeopteryx,
2009-09-15 06:30:18 PDT,a.sacred.line+bugzilla,CC,cdolivei.bugzilla,
2009-12-01 14:24:07 PST,wclouser,Priority,P3,--
2009-12-01 14:24:07 PST,wclouser,CC,clouserw,
2009-12-01 14:24:07 PST,wclouser,Target Milestone,4.x (triaged),---
2010-09-22 21:55:52 PDT,wclouser,CC,dd,
2010-09-22 22:26:07 PDT,mozilla,Last Resolved,2010-09-22 22:26:07,
2010-09-22 22:26:07 PDT,mozilla,Status,RESOLVED,NEW
2010-09-22 22:26:07 PDT,mozilla,Resolution,FIXED,---
