When,Who,What,Added,Removed
2009-10-02 08:00:10 PDT,lhansen,Hardware,All,x86
2009-10-02 08:00:10 PDT,lhansen,OS,All,Mac OS X
2009-10-02 08:00:10 PDT,lhansen,Priority,P5,--
2009-10-02 08:00:10 PDT,lhansen,CC,lhansen,
2009-10-02 08:00:10 PDT,lhansen,Target Milestone,flash10.1,---
2009-10-09 07:04:07 PDT,treilly,Resolution,FIXED,---
2009-10-09 07:04:07 PDT,treilly,Last Resolved,2009-10-09 07:04:07,
2009-10-09 07:04:07 PDT,treilly,Status,RESOLVED,NEW
2009-10-14 15:02:01 PDT,cpeyer,Status,VERIFIED,RESOLVED
2009-10-14 15:02:01 PDT,cpeyer,CC,cpeyer,
