When,Who,What,Added,Removed
2009-09-14 17:38:18 PDT,sarah,CC,sarah,
2009-09-14 23:59:57 PDT,standard8,Product,Websites,Mozilla Messaging
2009-09-14 23:59:57 PDT,standard8,Component,www.mozilla.org,Server Operations
2009-09-14 23:59:57 PDT,standard8,QA Contact,www-mozilla-org,server-ops
2009-09-14 23:59:57 PDT,standard8,CC,bugzilla, reed,
2009-09-16 19:45:33 PDT,davidwboswell,CC,david,
2009-09-16 19:45:33 PDT,davidwboswell,Last Resolved,2009-09-16 19:45:33,
2009-09-16 19:45:33 PDT,davidwboswell,Status,RESOLVED,NEW
2009-09-16 19:45:33 PDT,davidwboswell,Resolution,FIXED,---
2012-08-23 00:16:07 PDT,nobody,Product,www.mozilla.org,Websites
2012-08-23 00:16:07 PDT,nobody,Component,General,www.mozilla.org
