When,Who,What,Added,Removed
2009-09-15 11:09:16 PDT,dominique,CC,dominique,
2009-09-15 22:25:54 PDT,mkmelin+mozilla,Keywords,regression,
2009-09-15 22:25:54 PDT,mkmelin+mozilla,CC,mkmelin+mozilla,
2009-09-16 03:53:44 PDT,standard8,Assignee,bugzilla,nobody
2009-09-16 03:53:44 PDT,standard8,Attachment #400987                Flags,review?(mnyromyr), superreview?(dmose),
2009-09-16 10:14:53 PDT,jh,CC,jh,
2009-09-16 10:23:12 PDT,bugzilla.spam2,CC,bugzilla.spam2,
2009-09-16 14:10:50 PDT,mnyromyr,Attachment #400987                Flags,review+,review?(mnyromyr)
2009-09-16 14:14:44 PDT,dmose,Attachment #400987                Flags,superreview+,superreview?(dmose)
2009-09-16 23:49:02 PDT,standard8,Attachment #400987                Flags,approval-seamonkey2.0+,
2009-09-17 02:08:46 PDT,standard8,Status,RESOLVED,NEW
2009-09-17 02:08:46 PDT,standard8,Resolution,FIXED,---
2009-09-17 02:08:46 PDT,standard8,Target Milestone,seamonkey2.0,---
2009-09-17 02:08:46 PDT,standard8,Last Resolved,2009-09-17 02:08:46,
2009-09-17 05:34:34 PDT,philip.chee,CC,wade_reese,
2009-09-17 18:09:16 PDT,kairo,Keywords,fixed-seamonkey2.0,
