When,Who,What,Added,Removed
2009-09-14 19:06:58 PDT,davida,Flags,blocking-thunderbird3?,
2009-09-14 22:08:24 PDT,davida,Attachment #400682                Flags,review?(bugmail), review?(bugzilla),
2009-09-14 22:08:50 PDT,davida,Attachment #400682                Flags,approval-thunderbird3?,
2009-09-15 01:29:36 PDT,standard8,Attachment #400682                Flags,review+, approval-thunderbird3+,review?(bugmail), review?(bugzilla), approval-thunderbird3?
2009-09-15 01:30:49 PDT,standard8,Flags,blocking-thunderbird3+,blocking-thunderbird3?
2009-09-15 01:33:10 PDT,standard8,Status,RESOLVED,ASSIGNED
2009-09-15 01:33:10 PDT,standard8,Resolution,FIXED,---
2009-09-15 01:33:10 PDT,standard8,Last Resolved,2009-09-15 01:33:10,
