When,Who,What,Added,Removed
2009-09-14 16:43:03 PDT,dolske,blocking2.0,?,---
2009-09-14 16:43:13 PDT,dolske,Keywords,regressionwindow-wanted,
2009-09-15 13:05:20 PDT,jboriss,Severity,major,normal
2009-09-15 13:05:20 PDT,jboriss,CC,jboriss,
2009-09-17 11:47:31 PDT,jbecerra,Keywords,,regressionwindow-wanted
2009-09-17 11:47:31 PDT,jbecerra,CC,jbecerra,
2009-09-17 12:51:56 PDT,dolske,CC,joshmoz,
2009-09-17 12:51:56 PDT,dolske,Blocks,435041,
2009-09-17 13:21:10 PDT,mstange,CC,mstange,
2009-09-17 21:58:23 PDT,fullmetaljacket.xp+bugmail,CC,fullmetaljacket.xp+bugmail,
2009-09-22 09:41:12 PDT,jaas,Assignee,joshmoz,nobody
2009-09-22 18:33:33 PDT,jaas,Attachment #402249                Flags,review?(roc),
2009-09-22 18:34:59 PDT,roc,Attachment #402249                Flags,review+,review?(roc)
2009-09-22 18:35:38 PDT,roc,CC,roc,
2009-09-22 18:54:39 PDT,jaas,Resolution,FIXED,---
2009-09-22 18:54:39 PDT,jaas,Last Resolved,2009-09-22 18:54:39,
2009-09-22 18:54:39 PDT,jaas,Status,RESOLVED,NEW
2010-09-15 15:38:39 PDT,benjamin,blocking2.0,final+,?
