When,Who,What,Added,Removed
2009-09-15 04:31:15 PDT,bugs,Attachment #400737                Flags,review?(david.ascher), ui-review?(clarkbw),
2009-09-15 04:31:33 PDT,bugs,Assignee,nisses.mail,nobody
2009-09-15 08:32:15 PDT,davida,Attachment #400737                Flags,review+,review?(david.ascher)
2009-09-15 08:54:53 PDT,clarkbw,Attachment #400737                Flags,ui-review+,ui-review?(clarkbw)
2009-09-26 09:59:45 PDT,bugs,Keywords,checkin-needed,
2009-09-26 10:20:25 PDT,clarkbw,Keywords,,checkin-needed
2009-09-26 10:20:25 PDT,clarkbw,CC,clarkbw,
2009-09-26 10:20:37 PDT,clarkbw,Attachment #400737                Attachment is obsolete,1,0
2009-09-28 00:42:22 PDT,ludovic,Whiteboard,fixed by 518947,
2009-09-28 00:42:22 PDT,ludovic,Status,RESOLVED,NEW
2009-09-28 00:42:22 PDT,ludovic,Resolution,FIXED,---
2009-09-28 00:42:22 PDT,ludovic,CC,ludovic,
2009-09-28 00:42:22 PDT,ludovic,Target Milestone,Thunderbird 3.0rc1,---
2009-09-28 00:42:22 PDT,ludovic,Last Resolved,2009-09-28 00:42:22,
