When,Who,What,Added,Removed
2009-09-14 20:19:32 PDT,a.sacred.line+bugzilla,CC,cdolivei.bugzilla,
2009-09-14 21:20:24 PDT,fligtar+bugs,Assignee,nobody,fwenzel
2009-09-16 15:06:59 PDT,wclouser,Assignee,fwenzel,nobody
2009-09-16 15:06:59 PDT,wclouser,CC,clouserw,
2009-09-16 15:06:59 PDT,wclouser,Target Milestone,5.2,5.1
2009-10-05 08:20:54 PDT,fwenzel,Attachment #404614                Flags,review?(clouserw),
2009-10-05 08:21:04 PDT,fwenzel,Status,ASSIGNED,NEW
2009-10-05 09:47:52 PDT,wclouser,Attachment #404614                Flags,review+,review?(clouserw)
2009-10-05 11:42:16 PDT,fwenzel,Status,RESOLVED,ASSIGNED
2009-10-05 11:42:16 PDT,fwenzel,Resolution,FIXED,---
2009-10-05 11:42:16 PDT,fwenzel,Last Resolved,2009-10-05 11:42:16,
2009-10-05 11:42:16 PDT,fwenzel,Keywords,push-needed,
2009-10-05 14:56:02 PDT,stephen.donner,Status,VERIFIED,RESOLVED
2009-10-20 22:52:16 PDT,stephen.donner,Keywords,,push-needed
