When,Who,What,Added,Removed
2009-09-15 01:52:35 PDT,bugzilla.i.sekler,Version,Trunk,unspecified
2009-09-15 01:52:35 PDT,bugzilla.i.sekler,Keywords,regression,
2009-09-15 10:28:59 PDT,bobbyholley,CC,ddahl,
2009-09-15 10:31:17 PDT,bobbyholley,CC,bobbyholley,
2009-09-15 10:31:29 PDT,bobbyholley,Whiteboard,[decodeondraw],
2009-09-15 11:53:17 PDT,reed,Severity,major,normal
2009-09-15 11:53:17 PDT,reed,CC,reed,
2009-09-15 11:53:17 PDT,reed,blocking2.0,?,---
2009-09-20 11:11:01 PDT,dbaron,Status,NEW,UNCONFIRMED
2009-09-20 11:11:01 PDT,dbaron,CC,dbaron,
2009-09-20 11:11:01 PDT,dbaron,Ever confirmed,1,0
2009-09-20 13:01:42 PDT,wgianopoulos,CC,bill,
2009-09-20 13:01:42 PDT,wgianopoulos,Blocks,516311,
2009-09-21 10:26:11 PDT,bobbyholley,CC,dd9k,
2009-09-22 00:11:56 PDT,hidenosuke,CC,hidenosuke,
2009-09-23 09:58:09 PDT,bobbyholley,CC,fredbezies,
2009-09-24 14:02:51 PDT,dholbert,URL,moz-icon://stock/gtk-dialog-warning?size=dialog,
2009-09-24 14:02:51 PDT,dholbert,CC,dholbert,
2009-09-24 18:19:32 PDT,t.matsuu,CC,t.matsuu,
2009-09-27 06:50:23 PDT,elmar.ludwig,CC,elmar.ludwig,
2009-09-28 17:19:38 PDT,taken.spc,CC,taken.spc,
2009-09-28 20:41:45 PDT,fullmetaljacket.xp+bugmail,CC,fullmetaljacket.xp+bugmail,
2009-09-29 17:04:08 PDT,mrbkap,CC,mrbkap,
2009-10-01 16:38:09 PDT,21,CC,21,
2009-10-02 15:38:31 PDT,bzbarsky,Blocks,435296,
2009-10-02 16:19:55 PDT,djcater+bugzilla,CC,DJCater,
2009-10-05 15:12:31 PDT,tuukka.tolvanen,CC,tuukka.tolvanen,
2009-10-05 18:58:09 PDT,jwalden+bmo,CC,jwalden+bmo,
2009-10-07 23:39:46 PDT,mehturt,CC,mehturt,
2009-10-19 01:41:11 PDT,ginn.chen,CC,ginn.chen,
2009-10-19 04:00:43 PDT,ginn.chen,Attachment #406996                Flags,review?(bobbyholley),
2009-10-19 04:00:43 PDT,ginn.chen,Status,ASSIGNED,NEW
2009-10-19 04:00:43 PDT,ginn.chen,Assignee,ginn.chen,nobody
2009-10-19 09:11:06 PDT,joe,CC,ehsan.akhgari,
2009-10-19 09:26:06 PDT,bobbyholley,Attachment #406996                Flags,review+,review?(bobbyholley)
2009-10-19 23:04:42 PDT,ginn.chen,Status,RESOLVED,ASSIGNED
2009-10-19 23:04:42 PDT,ginn.chen,Resolution,FIXED,---
2009-10-19 23:04:42 PDT,ginn.chen,Last Resolved,2009-10-19 23:04:42,
2010-02-09 12:44:19 PST,joe,CC,joe,
2010-02-09 12:44:19 PST,joe,blocking2.0,beta1,?
2010-08-18 11:13:20 PDT,vseerror,Depends on,520504,
