When,Who,What,Added,Removed
2009-09-14 20:00:21 PDT,mark.finkle,Attachment #400661                Flags,review?(gavin.sharp),
2009-09-14 20:04:05 PDT,mark.finkle,CC,gavin.sharp,
2009-09-14 20:04:26 PDT,mark.finkle,CC,pavlov,
2009-09-14 20:34:28 PDT,mark.finkle,tracking-fennec,?,---
2009-09-15 08:31:37 PDT,mozaakash,Blocks,508648,
2009-09-15 08:31:40 PDT,mozaakash,Blocks,496896,
2009-09-16 12:21:27 PDT,gavin.sharp,Attachment #400661                Flags,review+,review?(gavin.sharp)
2009-09-16 20:21:34 PDT,mark.finkle,Status,RESOLVED,NEW
2009-09-16 20:21:34 PDT,mark.finkle,Resolution,FIXED,---
2009-09-16 20:21:34 PDT,mark.finkle,Last Resolved,2009-09-16 20:21:34,
2009-09-21 06:48:36 PDT,jmaher,Status,VERIFIED,RESOLVED
2009-09-21 06:48:36 PDT,jmaher,CC,jmaher,
2011-06-12 02:09:14 PDT,dao,Assignee,mark.finkle,nobody
2013-12-10 09:59:05 PST,nobody,tracking-fennec,---,?
