When,Who,What,Added,Removed
2009-09-14 17:14:47 PDT,dmandelin,CC,dmandelin,
2009-09-14 17:15:09 PDT,gal,CC,crowder, dvander, shaver,
2009-09-15 03:50:30 PDT,ryanvm,CC,ryanvm,
2009-09-15 14:00:33 PDT,crowderbt,Blocks,481419,
2009-09-15 15:24:47 PDT,crowderbt,Assignee,crowder,general
2009-09-16 16:46:45 PDT,fullmetaljacket.xp+bugmail,CC,fullmetaljacket.xp+bugmail,
2009-10-09 10:12:45 PDT,crowderbt,Status,RESOLVED,NEW
2009-10-09 10:12:45 PDT,crowderbt,Resolution,FIXED,---
2009-10-09 10:12:45 PDT,crowderbt,Last Resolved,2009-10-09 10:12:45,
2009-10-09 13:40:01 PDT,brendan,CC,brendan,
