When,Who,What,Added,Removed
2009-09-15 06:30:57 PDT,steven,Blocks,516691,
2009-09-15 06:59:18 PDT,steven,CC,rdoherty,
2009-09-15 09:02:20 PDT,steven,Assignee,steven,nobody
2009-09-15 11:46:15 PDT,gavin.sharp,CC,gavin.sharp,
2009-09-18 11:46:02 PDT,gavin.sharp,Blocks,514467,
2009-11-04 17:05:23 PST,buchanae+bugs,CC,lmesa,
2009-11-05 09:39:30 PST,ryan.doherty,CC,,rdoherty
2009-11-05 16:54:54 PST,buchanae+bugs,Last Resolved,2009-11-05 16:54:54,
2009-11-05 16:54:54 PST,buchanae+bugs,Status,RESOLVED,NEW
2009-11-05 16:54:54 PST,buchanae+bugs,Resolution,FIXED,---
2009-11-05 16:54:54 PST,buchanae+bugs,CC,buchanae,
2009-11-10 13:23:44 PST,stephen.donner,Status,VERIFIED,RESOLVED
2012-04-23 08:15:30 PDT,nobody,Component,www.mozilla.org,www.mozilla.org/firefox
2012-04-23 08:15:30 PDT,nobody,Product,Websites,Websites
2012-08-23 00:16:07 PDT,nobody,Product,www.mozilla.org,Websites
2012-08-23 00:16:07 PDT,nobody,Component,General,www.mozilla.org
