When,Who,What,Added,Removed
2009-09-14 16:53:09 PDT,hskupin,OS,All,Linux
2009-09-14 16:53:09 PDT,hskupin,CC,hskupin,
2009-09-14 16:53:09 PDT,hskupin,Hardware,All,x86
2009-09-17 01:03:13 PDT,jmorkel,Status,ASSIGNED,NEW
2009-09-17 01:03:13 PDT,jmorkel,Assignee,jmorkel,nobody
2009-09-17 01:03:13 PDT,jmorkel,Attachment #401170                Flags,review?(dao),
2009-09-17 02:24:35 PDT,jmorkel,Attachment #401170                Attachment is obsolete,1,0
2009-09-17 02:24:35 PDT,jmorkel,Attachment #401181                Flags,review?(dao),
2009-09-17 02:24:35 PDT,jmorkel,Attachment #401170                Flags,,review?(dao)
2009-09-17 02:36:59 PDT,dao,Attachment #401181                Flags,review+,review?(dao)
2009-09-17 02:45:42 PDT,jmorkel,Attachment #401184                Flags,approval1.9.2?,
2009-09-17 02:45:42 PDT,jmorkel,Attachment #401181                Attachment is obsolete,1,0
2009-09-17 02:46:40 PDT,jmorkel,Keywords,checkin-needed,
2009-09-17 02:46:40 PDT,jmorkel,Flags,wanted-firefox3.6?,
2009-09-17 06:07:32 PDT,dao,Last Resolved,2009-09-17 06:07:32,
2009-09-17 06:07:32 PDT,dao,Keywords,,checkin-needed
2009-09-17 06:07:32 PDT,dao,Status,RESOLVED,ASSIGNED
2009-09-17 06:07:32 PDT,dao,Resolution,FIXED,---
2009-09-17 06:07:32 PDT,dao,Target Milestone,Firefox 3.7a1,---
2009-09-21 05:10:21 PDT,hskupin,Status,VERIFIED,RESOLVED
2009-10-05 07:54:55 PDT,bugzilla,Attachment #401184                Flags,approval1.9.2+,approval1.9.2?
2009-10-05 07:56:14 PDT,gavin.sharp,CC,gavin.sharp,
2009-10-05 10:34:02 PDT,dao,status1.9.2,beta1-fixed,---
2010-02-16 16:43:33 PST,dholbert,Depends on,546533,
2010-02-16 17:27:40 PST,dholbert,Depends on,,546533
2010-02-24 01:21:09 PST,jmorkel,Attachment #427249                Flags,review?(dao), approval1.9.2.2?,
2010-02-24 01:31:40 PST,dao,Attachment #427249                Attachment is obsolete,1,0
2010-02-24 01:31:40 PST,dao,Attachment #427249                Flags,,review?(dao), approval1.9.2.2?
