When,Who,What,Added,Removed
2009-09-15 14:20:51 PDT,jaas,Attachment #400700                Attachment is obsolete,1,0
2009-09-15 14:26:40 PDT,jaas,Summary,Gecko should use NPAPI directly, remove nsplugindefs.h abstractions,remove nsplugindefs.h
2009-09-15 17:14:11 PDT,xtc4uall,CC,xtc4uall,
2009-09-15 19:09:56 PDT,jaas,Attachment #400861                Attachment is obsolete,1,0
2009-09-15 19:09:56 PDT,jaas,Attachment #400930                Flags,review?(jst),
2009-09-16 14:06:09 PDT,jaas,Attachment #400930                Attachment is obsolete,1,0
2009-09-16 14:06:09 PDT,jaas,Attachment #401092                Flags,review?(jst),
2009-09-16 14:06:09 PDT,jaas,Attachment #400930                Flags,,review?(jst)
2009-09-16 15:33:19 PDT,jst,Attachment #401092                Flags,review+, superreview+,review?(jst)
2009-09-16 18:46:15 PDT,jaas,Last Resolved,2009-09-16 18:46:15,
2009-09-16 18:46:15 PDT,jaas,Status,RESOLVED,NEW
2009-09-16 18:46:15 PDT,jaas,Resolution,FIXED,---
2009-09-21 07:23:07 PDT,mozilla,Depends on,517880,
