When,Who,What,Added,Removed
2009-09-14 22:32:04 PDT,davida,Attachment #400684                Flags,review?(bugmail),
2009-09-15 14:24:22 PDT,bugmail,Attachment #400684                Flags,review+,review?(bugmail)
2009-09-20 23:25:31 PDT,bugmail,Status,RESOLVED,ASSIGNED
2009-09-20 23:25:31 PDT,bugmail,Resolution,FIXED,---
2009-09-20 23:25:31 PDT,bugmail,CC,bugmail,
2009-09-20 23:25:31 PDT,bugmail,Last Resolved,2009-09-20 23:25:31,
2009-09-20 23:26:04 PDT,bugmail,CC,mkmelin+mozilla,
2009-09-20 23:52:08 PDT,mkmelin+mozilla,Target Milestone,Thunderbird 3.0rc1,---
