When,Who,What,Added,Removed
2009-09-14 19:32:32 PDT,jwalden+bmo,Status,ASSIGNED,NEW
2009-09-14 19:32:32 PDT,jwalden+bmo,Assignee,jwalden+bmo,general
2009-09-14 19:32:32 PDT,jwalden+bmo,Attachment #400657                Flags,review?(mrbkap),
2009-09-14 22:30:46 PDT,mrbkap,Attachment #400657                Flags,review+,review?(mrbkap)
2009-09-15 02:33:36 PDT,igor,CC,igor,
2009-09-15 12:20:22 PDT,jwalden+bmo,Attachment #400837                Flags,review?(mrbkap),
2009-09-15 13:21:25 PDT,mrbkap,Attachment #400837                Flags,review+,review?(mrbkap)
2009-09-15 14:13:07 PDT,jwalden+bmo,OS,All,Linux
2009-09-15 14:13:07 PDT,jwalden+bmo,Whiteboard,fixed-in-tracemonkey,
2009-09-15 14:13:07 PDT,jwalden+bmo,Hardware,All,x86
2009-09-16 17:44:32 PDT,mrbkap,Status,RESOLVED,ASSIGNED
2009-09-16 17:44:32 PDT,mrbkap,Resolution,FIXED,---
2009-09-16 17:44:32 PDT,mrbkap,Last Resolved,2009-09-16 17:44:32,
2009-10-02 15:45:14 PDT,sayrer,CC,sayrer,
2009-10-02 15:45:25 PDT,sayrer,Flags,wanted1.9.2+,
2009-10-02 15:45:25 PDT,sayrer,status1.9.2,beta1-fixed,---
