When,Who,What,Added,Removed
2009-09-17 14:48:28 PDT,me+bugzilla,Assignee,james,nobody
2009-09-17 14:48:28 PDT,me+bugzilla,CC,james,
2009-09-20 22:34:22 PDT,paul+moz,CC,paulc,
2009-09-23 09:56:49 PDT,me+bugzilla,Target Milestone,1.4.1,1.4
2009-10-01 10:00:23 PDT,me+bugzilla,Target Milestone,Future,1.4.1
2010-10-24 07:27:57 PDT,me+bugzilla,Status,RESOLVED,NEW
2010-10-24 07:27:57 PDT,me+bugzilla,Resolution,FIXED,---
2010-10-24 07:27:57 PDT,me+bugzilla,Last Resolved,2010-10-24 07:27:57,
2010-11-24 11:00:49 PST,stephen.donner,Status,VERIFIED,RESOLVED
