When,Who,What,Added,Removed
2009-09-14 19:51:18 PDT,reed,Attachment #400659                Flags,review?(LpSolit),
2009-10-18 18:57:28 PDT,LpSolit,Attachment #400659                Flags,review+,review?(LpSolit)
2009-10-18 18:57:48 PDT,LpSolit,Severity,enhancement,normal
2009-10-18 18:57:48 PDT,LpSolit,Target Milestone,Bugzilla 3.6,---
2009-10-18 18:57:48 PDT,LpSolit,Flags,approval+,
2009-10-18 19:11:13 PDT,reed,Status,RESOLVED,ASSIGNED
2009-10-18 19:11:13 PDT,reed,Resolution,FIXED,---
2009-10-18 19:11:13 PDT,reed,Last Resolved,2009-10-18 19:11:13,
2009-10-19 09:44:42 PDT,reed,Flags,approval3.4?,
2009-10-23 15:35:47 PDT,LpSolit,Flags,approval3.4+,approval3.4?
2009-10-24 04:05:03 PDT,LpSolit,Target Milestone,Bugzilla 3.4,Bugzilla 3.6
