When,Who,What,Added,Removed
2009-09-15 05:16:19 PDT,mzehe,Flags,blocking-thunderbird3?,
2009-09-15 05:19:44 PDT,vseerror,CC,vseerror,
2009-09-15 05:44:15 PDT,jdiggs,CC,browser-china-atf, joanmarie.diggs,
2009-09-15 09:55:57 PDT,standard8,CC,david.ascher, dmose,
2009-09-15 16:14:43 PDT,jamie,CC,jamie,
2009-09-17 10:29:44 PDT,bugzilla,Whiteboard,[maybe has l10n impact],
2009-09-17 10:44:32 PDT,vseerror,Summary,[faceted search] Add keyboard navigation capabilities to new search,Add keyboard navigation capabilities to new search
2009-09-17 11:26:18 PDT,davida,Whiteboard,[no l10n impact],[maybe has l10n impact]
2009-09-17 11:27:02 PDT,davida,Assignee,david.ascher,nobody
2009-09-17 12:57:40 PDT,davida,Attachment #401267                Flags,review?(philringnalda), ui-review?(clarkbw),
2009-09-17 12:58:06 PDT,davida,Whiteboard,[no l10n impact][has patch, needs uireview clarbkw, review philor],[no l10n impact]
2009-09-17 13:17:40 PDT,philringnalda,CC,philringnalda,
2009-09-17 14:37:54 PDT,clarkbw,Attachment #401267                Flags,ui-review+,ui-review?(clarkbw)
2009-09-18 14:43:51 PDT,clarkbw,Whiteboard,[no l10n impact][has patch, needs review philor],[no l10n impact][has patch, needs uireview clarbkw, review philor]
2009-09-18 14:43:51 PDT,clarkbw,CC,clarkbw,
2009-09-20 16:52:42 PDT,philringnalda,Attachment #401267                Flags,,review?(philringnalda)
2009-09-20 16:52:42 PDT,philringnalda,Attachment #401267                Attachment is obsolete,1,0
2009-09-20 16:53:01 PDT,philringnalda,Whiteboard,[no l10n impact][needs new patch],[no l10n impact][has patch, needs review philor]
2009-09-20 23:29:55 PDT,philringnalda,Attachment #401267                Attachment is obsolete,0,1
2009-09-20 23:29:55 PDT,philringnalda,Attachment #401267                Flags,review?(philringnalda),
2009-09-20 23:32:02 PDT,philringnalda,Whiteboard,[no l10n impact][needs review philor],[no l10n impact][needs new patch]
2009-09-21 13:25:48 PDT,davida,Flags,blocking-thunderbird3+,blocking-thunderbird3?
2009-09-27 11:24:13 PDT,davida,Attachment #401267                Attachment is obsolete,1,0
2009-09-27 11:24:13 PDT,davida,Attachment #403127                Flags,review?(philringnalda), ui-review+,
2009-09-27 11:24:13 PDT,davida,Attachment #401267                Flags,,review?(philringnalda)
2009-09-27 19:54:10 PDT,philringnalda,Attachment #403127                Flags,review-,review?(philringnalda)
2009-09-27 23:55:00 PDT,philringnalda,Whiteboard,[no l10n impact][needs new patch],[no l10n impact][needs review philor]
2009-10-13 10:16:16 PDT,dmose,Priority,P2,--
2009-10-20 22:18:48 PDT,davida,Attachment #403127                Attachment is obsolete,1,0
2009-10-28 07:07:14 PDT,standard8,Assignee,philringnalda,david.ascher
2009-10-28 22:30:47 PDT,philringnalda,Assignee,david.ascher,philringnalda
2009-10-29 05:35:30 PDT,standard8,Assignee,bwinton,david.ascher
2009-10-29 05:35:30 PDT,standard8,Target Milestone,Thunderbird 3.0rc1,---
2009-10-31 11:34:14 PDT,philringnalda,Assignee,david.ascher,bwinton
2009-10-31 11:34:14 PDT,philringnalda,Target Milestone,---,Thunderbird 3.0rc1
2009-10-31 11:40:07 PDT,philringnalda,Target Milestone,Thunderbird 3.0rc1,---
2009-10-31 11:43:00 PDT,philringnalda,Assignee,bwinton,david.ascher
2009-11-01 17:54:37 PST,bwinton,Attachment #407462                Attachment is obsolete,1,0
2009-11-01 17:54:37 PST,bwinton,Attachment #409640                Flags,review?(philringnalda),
2009-11-02 06:35:03 PST,bwinton,Whiteboard,[no l10n impact][patch up, needs r philor],[no l10n impact][needs new patch]
2009-11-02 10:22:01 PST,philringnalda,Whiteboard,[no l10n impact][needs new patch],[no l10n impact][patch up, needs r philor]
2009-11-02 11:42:17 PST,bwinton,Attachment #409640                Attachment is obsolete,1,0
2009-11-02 11:42:17 PST,bwinton,Attachment #409734                Flags,review?(philringnalda),
2009-11-02 11:42:17 PST,bwinton,Attachment #409640                Flags,,review?(philringnalda)
2009-11-02 11:42:37 PST,bwinton,Whiteboard,[no l10n impact][patch up, needs r philor],[no l10n impact][needs new patch]
2009-11-02 14:33:04 PST,philringnalda,Attachment #409734                Flags,review+,review?(philringnalda)
2009-11-02 15:54:18 PST,bwinton,Status,ASSIGNED,NEW
2009-11-02 15:55:59 PST,bwinton,Whiteboard,[no l10n impact][patch up, could use a11y-r marcoz],[no l10n impact][patch up, needs r philor]
2009-11-03 08:02:44 PST,bwinton,Attachment #409734                Attachment is obsolete,1,0
2009-11-03 10:27:24 PST,bwinton,Whiteboard,[no l10n impact][ready to land],[no l10n impact][patch up, could use a11y-r marcoz]
2009-11-03 12:32:42 PST,bwinton,Whiteboard,[no l10n impact],[no l10n impact][ready to land]
2009-11-03 12:32:42 PST,bwinton,Status,RESOLVED,ASSIGNED
2009-11-03 12:32:42 PST,bwinton,Resolution,FIXED,---
2009-11-03 12:32:42 PST,bwinton,Last Resolved,2009-11-03 12:32:42,
2009-11-03 12:32:42 PST,bwinton,Keywords,relnote,
2009-11-04 05:48:50 PST,ludovic,Depends on,526473,
2009-11-04 06:39:34 PST,mzehe,Status,VERIFIED,RESOLVED
2009-11-05 13:50:08 PST,bwinton,Flags,in-testsuite-,
2010-03-02 08:43:45 PST,vseerror,Blocks,526311,
2012-06-20 03:06:54 PDT,standard8,Keywords,,relnote
