When,Who,What,Added,Removed
2009-09-15 10:57:29 PDT,dougt,Attachment #400805                Flags,review?(vladimir),
2009-09-15 11:30:49 PDT,vladimir,Attachment #400805                Flags,review+,review?(vladimir)
2009-09-16 14:12:05 PDT,dougt,Status,RESOLVED,NEW
2009-09-16 14:12:05 PDT,dougt,Resolution,FIXED,---
2009-09-16 14:12:05 PDT,dougt,Last Resolved,2009-09-16 14:12:05,
2009-09-16 14:12:16 PDT,dougt,Flags,blocking1.9.2?,
2009-09-16 14:16:12 PDT,pavlov,Attachment #400805                Flags,approval1.9.2+,
2009-09-16 14:58:42 PDT,dougt,Flags,,blocking1.9.2?
2009-09-21 23:16:54 PDT,dietrich,CC,dietrich,
2009-11-06 07:58:21 PST,dao,status1.9.2,beta1-fixed,---
