When,Who,What,Added,Removed
2009-09-18 11:46:02 PDT,gavin.sharp,Blocks,514467,
2009-11-04 14:49:52 PST,buchanae+bugs,CC,buchanae,
2009-11-04 14:49:52 PST,buchanae+bugs,Last Resolved,2009-11-04 14:49:52,
2009-11-04 14:49:52 PST,buchanae+bugs,Status,RESOLVED,NEW
2009-11-04 14:49:52 PST,buchanae+bugs,Resolution,FIXED,---
2009-11-04 14:51:25 PST,stephen.donner,Status,VERIFIED,RESOLVED
2012-04-23 08:15:30 PDT,nobody,Product,Websites,Websites
2012-04-23 08:15:30 PDT,nobody,Component,www.mozilla.org,www.mozilla.org/firefox
2012-08-23 00:16:07 PDT,nobody,Product,www.mozilla.org,Websites
2012-08-23 00:16:07 PDT,nobody,Component,General,www.mozilla.org
