When,Who,What,Added,Removed
2009-09-15 00:23:30 PDT,standard8,Flags,blocking-thunderbird3?,
2009-09-16 15:08:02 PDT,bugmail,Whiteboard,[gloda key],
2009-09-16 15:36:31 PDT,davida,Flags,blocking-thunderbird3+,blocking-thunderbird3?
2009-09-17 09:54:22 PDT,davida,Whiteboard,[no l10n impact][gloda key],[gloda key]
2009-09-28 09:24:14 PDT,davida,Assignee,bugmail,nobody
2009-10-20 14:33:44 PDT,bugmail,Whiteboard,[no l10n impact][gloda key][will be fixed by gloda correctness patch],[no l10n impact][gloda key]
2009-11-03 13:51:04 PST,splewako,CC,splewako,
2009-11-06 04:28:58 PST,blog,CC,blog,
2009-11-06 16:04:59 PST,bugmail,Resolution,FIXED,---
2009-11-06 16:04:59 PST,bugmail,Flags,in-testsuite+,
2009-11-06 16:04:59 PST,bugmail,Last Resolved,2009-11-06 16:04:59,
2009-11-06 16:04:59 PST,bugmail,Whiteboard,[no l10n impact][gloda key],[no l10n impact][gloda key][will be fixed by gloda correctness patch]
2009-11-06 16:04:59 PST,bugmail,Status,RESOLVED,NEW
2009-12-13 06:05:09 PST,kairo,Keywords,fixed-seamonkey2.0.1,
2009-12-13 06:24:33 PST,kairo,Keywords,,fixed-seamonkey2.0.1
