When,Who,What,Added,Removed
2009-09-14 22:51:08 PDT,masayuki,Attachment #400687                Flags,review?(roc),
2009-09-14 22:51:08 PDT,masayuki,Flags,blocking1.9.2?,
2009-09-14 22:51:43 PDT,masayuki,Version,Trunk,1.9.2 Branch
2009-09-14 22:52:18 PDT,khuey,CC,me,
2009-09-14 23:05:05 PDT,fullmetaljacket.xp+bugmail,CC,fullmetaljacket.xp+bugmail,
2009-09-15 06:37:42 PDT,VYV03354,CC,VYV03354,
2009-09-15 14:24:31 PDT,roc,CC,roc,
2009-09-15 17:15:57 PDT,xtc4uall,CC,xtc4uall,
2009-09-15 22:44:53 PDT,masayuki,Attachment #400687                Attachment is obsolete,1,0
2009-09-15 22:44:53 PDT,masayuki,Attachment #400949                Flags,review?(roc),
2009-09-15 22:44:53 PDT,masayuki,Attachment #400687                Flags,,review?(roc)
2009-09-15 22:47:19 PDT,masayuki,Attachment #400949                Attachment is obsolete,1,0
2009-09-15 22:47:19 PDT,masayuki,Attachment #400950                Flags,review?(roc),
2009-09-15 22:47:19 PDT,masayuki,Attachment #400949                Flags,,review?(roc)
2009-09-15 22:51:37 PDT,masayuki,Attachment #400950                Flags,review-,review?(roc)
2009-09-16 02:54:17 PDT,masayuki,Attachment #400950                Attachment is obsolete,1,0
2009-09-16 02:54:17 PDT,masayuki,Attachment #400978                Flags,review?(roc),
2009-09-16 02:55:21 PDT,masayuki,Attachment #400978                Attachment is obsolete,1,0
2009-09-16 02:55:21 PDT,masayuki,Attachment #400980                Flags,review?(roc),
2009-09-16 02:55:21 PDT,masayuki,Attachment #400978                Flags,,review?(roc)
2009-09-23 02:43:37 PDT,roc,Attachment #400980                Flags,review+,review?(roc)
2009-09-23 10:14:44 PDT,masayuki,Status,RESOLVED,ASSIGNED
2009-09-23 10:14:44 PDT,masayuki,Resolution,FIXED,---
2009-09-23 10:14:44 PDT,masayuki,Target Milestone,mozilla1.9.3a1,---
2009-09-23 10:14:44 PDT,masayuki,Last Resolved,2009-09-23 10:14:44,
2009-09-23 12:47:57 PDT,masayuki,Attachment #400980                Flags,approval1.9.2?,
2009-09-23 13:23:38 PDT,mbeltzner,Flags,blocking1.9.2+,blocking1.9.2?
2009-09-23 13:23:38 PDT,mbeltzner,Priority,P2,--
2009-10-06 22:00:02 PDT,joe,Attachment #400980                Flags,,approval1.9.2?
2009-10-06 22:03:31 PDT,joe,CC,joe,
2009-10-06 22:03:31 PDT,joe,status1.9.2,beta1-fixed,---
