When,Who,What,Added,Removed
2009-09-15 11:01:35 PDT,ozten.bugs,Blocks,516765,
2009-09-15 13:47:07 PDT,phong,Assignee,thardcastle,server-ops
2009-09-15 13:47:07 PDT,phong,CC,phong,
2009-09-15 15:33:39 PDT,chizu,CC,jeremy.orem+bugs,
2009-09-20 19:50:43 PDT,chizu,Severity,major,critical
2009-09-20 19:50:43 PDT,chizu,Assignee,jeremy.orem+bugs,thardcastle
2009-09-22 15:30:22 PDT,ozten.bugs,Status,RESOLVED,NEW
2009-09-22 15:30:22 PDT,ozten.bugs,Resolution,FIXED,---
2009-09-22 15:30:22 PDT,ozten.bugs,Last Resolved,2009-09-22 15:30:22,
2013-10-09 10:29:28 PDT,nobody,Product,Infrastructure & Operations,mozilla.org
2013-10-09 10:29:28 PDT,nobody,Component,WebOps: Other,Server Operations: Web Operations
