When,Who,What,Added,Removed
2009-09-15 13:35:41 PDT,mzeier,Flags,needs-downtime+,
2009-09-15 17:15:31 PDT,oremj,CC,jeremy.orem+bugs,
2009-09-15 21:31:25 PDT,smani,Assignee,shyam,server-ops
2009-09-15 21:31:25 PDT,smani,CC,shyam,
2009-09-15 21:32:34 PDT,smani,Status,RESOLVED,NEW
2009-09-15 21:32:34 PDT,smani,Resolution,FIXED,---
2009-09-15 21:32:34 PDT,smani,Last Resolved,2009-09-15 21:32:34,
2009-09-22 11:35:41 PDT,stephen.donner,Status,VERIFIED,RESOLVED
2013-10-09 10:29:28 PDT,nobody,Product,Infrastructure & Operations,mozilla.org
2013-10-09 10:29:28 PDT,nobody,Component,WebOps: Other,Server Operations: Web Operations
