When,Who,What,Added,Removed
2009-09-15 11:05:49 PDT,dougt,Attachment #400809                Flags,review?(vladimir),
2009-09-15 13:19:48 PDT,vladimir,Attachment #400809                Flags,review+,review?(vladimir)
2009-09-15 13:46:23 PDT,dougt,Resolution,FIXED,---
2009-09-15 13:46:23 PDT,dougt,Last Resolved,2009-09-15 13:46:23,
2009-09-15 13:46:23 PDT,dougt,Status,RESOLVED,NEW
2009-09-15 13:46:46 PDT,dougt,Attachment #400809                Flags,approval1.9.2?,
2009-09-16 14:03:46 PDT,pavlov,Attachment #400809                Flags,approval1.9.2+,approval1.9.2?
2009-09-21 23:17:09 PDT,dietrich,CC,dietrich,
2009-11-06 08:11:42 PST,dao,status1.9.2,beta1-fixed,---
