When,Who,What,Added,Removed
2009-09-15 08:05:58 PDT,cbook,Whiteboard,crash,
2009-09-15 08:05:58 PDT,cbook,status1.9.1,?,---
2009-09-15 08:44:30 PDT,dveditz,CC,jdaggett,
2009-09-15 08:45:09 PDT,dveditz,Whiteboard,[sg:critical],crash
2009-09-15 08:45:09 PDT,dveditz,blocking1.9.1,?,---
2009-09-15 08:45:09 PDT,dveditz,status1.9.1,wanted,?
2009-09-15 08:45:09 PDT,dveditz,Keywords,crash,
2009-09-15 08:48:15 PDT,chofmann,CC,bsterne,
2009-09-15 10:03:18 PDT,jbecerra,CC,jbecerra,
2009-09-15 10:09:50 PDT,cbook,Flags,blocking1.9.2?,
2009-09-15 11:26:43 PDT,vladimir,CC,vladimir,
2009-09-15 13:11:57 PDT,jwalden+bmo,CC,jwalden+bmo,
2009-09-16 00:07:48 PDT,jdaggett,Status,ASSIGNED,NEW
2009-09-16 00:07:48 PDT,jdaggett,Assignee,jdaggett,nobody
2009-09-16 01:58:36 PDT,jdaggett,Attachment #400971                Flags,review?,
2009-09-16 02:29:10 PDT,jdaggett,CC,mozbugz,
2009-09-16 02:36:06 PDT,jdaggett,CC,jfkthame,
2009-09-16 02:40:50 PDT,jdaggett,Attachment #400971                Flags,review?(jfkthame),review?
2009-09-16 04:46:57 PDT,cbook,Keywords,testcase,
2009-09-16 11:10:23 PDT,reed,CC,reed,
2009-09-16 14:50:03 PDT,abillings,CC,abillings,
2009-09-16 15:50:20 PDT,dveditz,blocking1.9.1,.4+,?
2009-09-17 02:02:56 PDT,jdaggett,Attachment #400971                Attachment is obsolete,1,0
2009-09-17 02:02:56 PDT,jdaggett,Attachment #401178                Flags,review?(jfkthame),
2009-09-17 02:02:56 PDT,jdaggett,Attachment #400971                Flags,,review?(jfkthame)
2009-09-17 08:20:37 PDT,jfkthame,Attachment #401178                Flags,review+,review?(jfkthame)
2009-09-17 17:53:27 PDT,jdaggett,Attachment #401178                Flags,approval1.9.2?,
2009-09-17 18:00:05 PDT,jdaggett,Status,RESOLVED,ASSIGNED
2009-09-17 18:00:05 PDT,jdaggett,Resolution,FIXED,---
2009-09-17 18:00:05 PDT,jdaggett,Last Resolved,2009-09-17 18:00:05,
2009-09-21 15:14:54 PDT,dveditz,Attachment #401178                Flags,approval1.9.1.4+,
2009-09-22 18:55:38 PDT,jdaggett,status1.9.1,.4-fixed,wanted
2009-09-23 13:24:01 PDT,mbeltzner,Flags,blocking1.9.2+,blocking1.9.2?
2009-09-23 13:24:01 PDT,mbeltzner,Priority,P1,--
2009-09-23 13:25:09 PDT,dbaron,Attachment #401178                Flags,approval1.9.2+,approval1.9.2?
2009-09-23 19:43:02 PDT,jdaggett,status1.9.2,beta1-fixed,---
2009-09-30 16:19:42 PDT,abillings,Keywords,verified1.9.1,
2009-10-05 06:44:04 PDT,samuel.sidler+old,CC,samuel.sidler,
2009-10-16 16:56:37 PDT,dveditz,Flags,wanted1.9.0.x-,
2009-10-29 20:39:06 PDT,roc,CC,roc, tellrob,
2009-10-29 20:39:36 PDT,roc,CC,bas.schouten,
2009-10-29 20:39:43 PDT,gavin.sharp,CC,gavin.sharp,
2009-11-05 21:26:44 PST,jdaggett,Blocks,526869,
2009-12-15 11:02:12 PST,dveditz,Depends on,526869,
2009-12-15 11:02:12 PST,dveditz,Blocks,,526869
2010-02-13 11:54:29 PST,dveditz,Group,,core-security
2010-02-16 09:34:54 PST,dveditz,Group,core-security,
2010-02-16 09:34:54 PST,dveditz,Whiteboard,[sg:vector-critical] wait for MS,[sg:critical]
2010-02-16 09:46:25 PST,dveditz,Whiteboard,[sg:vector-critical][MS ref: 9458mh --keep private until their patch, ETA ~May 2010],[sg:vector-critical] wait for MS
2011-01-27 11:27:17 PST,dveditz,Group,,core-security
