When,Who,What,Added,Removed
2009-09-15 09:32:32 PDT,LpSolit,Version,3.4.2,unspecified
2009-09-15 09:32:32 PDT,LpSolit,Hardware,All,x86
2009-09-15 09:32:32 PDT,LpSolit,OS,All,Linux
2009-09-15 09:32:32 PDT,LpSolit,CC,mkanat,
2009-09-16 02:39:42 PDT,mkanat,Status,ASSIGNED,UNCONFIRMED
2009-09-16 02:39:42 PDT,mkanat,Assignee,mkanat,installation
2009-09-16 02:39:42 PDT,mkanat,Ever confirmed,1,0
2009-09-16 02:55:00 PDT,mkanat,Attachment #400979                Flags,review?(dkl),
2009-09-16 02:55:11 PDT,mkanat,Target Milestone,Bugzilla 3.4,---
2009-09-16 14:15:04 PDT,dkl,Attachment #400979                Flags,review+,review?(dkl)
2009-09-16 14:15:53 PDT,mkanat,Flags,approval+, approval3.4+,
2009-09-21 17:01:42 PDT,mkanat,Status,RESOLVED,ASSIGNED
2009-09-21 17:01:42 PDT,mkanat,Resolution,FIXED,---
2009-09-21 17:01:42 PDT,mkanat,Last Resolved,2009-09-21 17:01:42,
2009-09-21 17:02:14 PDT,mkanat,Attachment #401978                Flags,review+,
