When,Who,What,Added,Removed
2009-09-15 12:28:40 PDT,gavin.sharp,CC,gavin.sharp,
2009-10-19 06:57:21 PDT,bugs,Depends on,522533,
2009-10-30 12:28:27 PDT,bugs,Summary,Electrolysis+Fennec: forward mouse events from the chrome tiles to the content process,Electrolysis+Fennec: forward mouse and keyboard events from the chrome tiles to the content process
2009-10-30 12:28:46 PDT,bugs,Attachment #407047                Attachment is obsolete,1,0
2009-11-02 04:05:32 PST,bugs,Attachment #409389                Flags,review?(benjamin),
2009-11-03 09:20:08 PST,benjamin,Attachment #409389                Flags,review+,review?(benjamin)
2009-11-05 10:21:36 PST,bugs,Assignee,Olli.Pettay,nobody
2009-11-05 10:21:36 PST,bugs,Attachment #409389                Attachment is obsolete,1,0
2009-11-05 11:01:40 PST,bugs,Status,RESOLVED,NEW
2009-11-05 11:01:40 PST,bugs,Resolution,FIXED,---
2009-11-05 11:01:40 PST,bugs,Last Resolved,2009-11-05 11:01:40,
