When,Who,What,Added,Removed
2009-09-15 19:00:14 PDT,jaas,Attachment #400928                Flags,review?(bzbarsky),
2009-09-15 20:29:41 PDT,bzbarsky,Attachment #400928                Flags,review?(benjamin),review?(bzbarsky)
2009-09-16 12:07:50 PDT,jaas,Attachment #400928                Flags,,review?(benjamin)
2009-09-21 22:30:17 PDT,jaas,Attachment #402034                Flags,review?(benjamin),
2009-09-21 22:30:17 PDT,jaas,Attachment #400928                Attachment is obsolete,1,0
2009-09-22 10:31:31 PDT,benjamin,Attachment #402034                Flags,review+,review?(benjamin)
2009-09-22 10:38:39 PDT,jaas,Status,RESOLVED,NEW
2009-09-22 10:38:39 PDT,jaas,Resolution,FIXED,---
2009-09-22 10:38:39 PDT,jaas,Last Resolved,2009-09-22 10:38:39,
