When,Who,What,Added,Removed
2009-09-15 12:23:37 PDT,ludovic,Version,1.9.1 Branch,3.0
2009-09-15 12:23:37 PDT,ludovic,Component,Networking: SMTP,General
2009-09-15 12:23:37 PDT,ludovic,QA Contact,networking.smtp,general
2009-09-15 12:23:37 PDT,ludovic,CC,ludovic,
2009-09-15 12:23:37 PDT,ludovic,Keywords,regression,
2009-09-15 12:23:37 PDT,ludovic,Product,MailNews Core,Thunderbird
2009-09-15 21:35:16 PDT,ludovic,Whiteboard,[has protocol logs],
2009-09-15 21:38:13 PDT,ludovic,CC,bienvenu, m-wada,
2009-09-17 02:36:17 PDT,pcvrcek,Summary,SMTP authorization doesn't work in latest TB 3 build (cs version),SMTP authorization doesn't work in latest TB 3 build
2009-09-17 03:03:56 PDT,ludovic,CC,thunderbird,
2009-09-17 03:22:41 PDT,standard8,Assignee,p.franc,nobody
2009-09-17 03:22:41 PDT,standard8,QA Contact,aha,networking.smtp
2009-09-17 03:22:41 PDT,standard8,CC,bugzilla, bugzilla,
2009-09-17 03:22:41 PDT,standard8,Ever confirmed,1,0
2009-09-17 03:22:41 PDT,standard8,Product,Mozilla Localizations,MailNews Core
2009-09-17 03:22:41 PDT,standard8,Version,unspecified,1.9.1 Branch
2009-09-17 03:22:41 PDT,standard8,Status,NEW,UNCONFIRMED
2009-09-17 03:22:41 PDT,standard8,Component,cs / Czech,Networking: SMTP
2009-09-27 11:37:02 PDT,p.franc,Status,RESOLVED,NEW
2009-09-27 11:37:02 PDT,p.franc,Resolution,FIXED,---
2009-09-27 11:37:02 PDT,p.franc,Last Resolved,2009-09-27 11:37:02,
2009-10-08 09:53:23 PDT,mcepl,CC,mcepl,
2009-10-08 09:53:44 PDT,mcepl,CC,jhorak,
2009-10-14 07:17:46 PDT,standard8,CC,dgalway,
2009-10-15 04:26:53 PDT,standard8,CC,boris,
2009-10-21 11:47:25 PDT,standard8,CC,xjakub,
2010-10-19 10:34:26 PDT,bugzilla,CC,,bugzilla
