When,Who,What,Added,Removed
2009-09-15 12:53:35 PDT,highmind63,CC,highmind63,
2009-09-15 12:56:26 PDT,ted,CC,ted.mielczarek,
2009-09-15 16:17:11 PDT,mstange,CC,mstange,
2009-09-21 15:49:15 PDT,jgriffin,CC,jgriffin,
2009-09-25 19:36:24 PDT,MattN+bmo,CC,mmn100+bmo,
2009-09-28 21:44:44 PDT,kinetik,CC,kinetik,
2009-10-02 14:48:23 PDT,cmtalbert,CC,ctalbert,
2009-10-05 08:03:57 PDT,asaf,CC,mano,
2009-10-08 15:00:02 PDT,dougt,CC,doug.turner,
2009-10-24 18:46:41 PDT,tom.dyas,CC,tdyas,
2009-10-30 07:08:56 PDT,rcampbell,CC,rcampbell,
2009-11-03 08:46:07 PST,ehsan,CC,ehsan,
2009-11-11 13:35:24 PST,honzab.moz,CC,honzab.moz,
2010-01-22 07:56:27 PST,ted,Status,RESOLVED,NEW
2010-01-22 07:56:27 PST,ted,Resolution,FIXED,---
2010-01-22 07:56:27 PST,ted,Last Resolved,2010-01-22 07:56:27,
