When,Who,What,Added,Removed
2009-09-15 11:28:23 PDT,bobbyholley,Whiteboard,[decodeondraw],
2009-09-15 11:28:23 PDT,bobbyholley,CC,bobbyholley,
2009-09-15 12:21:23 PDT,jwalden+bmo,CC,jwalden+bmo,
2009-09-16 17:20:08 PDT,fullmetaljacket.xp+bugmail,CC,fullmetaljacket.xp+bugmail,
2009-10-02 15:38:18 PDT,bzbarsky,Assignee,joe,nobody
2009-10-02 15:38:18 PDT,bzbarsky,blocking2.0,?,---
2009-10-23 13:22:28 PDT,joe,Attachment #408095                Flags,review?(bobbyholley),
2009-10-23 20:55:29 PDT,bobbyholley,Attachment #408095                Flags,review+, review?(bzbarsky),review?(bobbyholley)
2009-12-21 18:49:37 PST,bzbarsky,Attachment #408095                Flags,review+,review?(bzbarsky)
2010-03-05 00:45:27 PST,dao,Keywords,checkin-needed,
2010-03-07 02:41:34 PST,dao,Target Milestone,mozilla1.9.3a3,---
2010-03-07 02:41:34 PST,dao,Last Resolved,2010-03-07 02:41:34,
2010-03-07 02:41:34 PST,dao,Keywords,,checkin-needed
2010-03-07 02:41:34 PST,dao,Status,RESOLVED,NEW
2010-03-07 02:41:34 PST,dao,Resolution,FIXED,---
2010-03-07 02:41:34 PST,dao,CC,dao,
2010-04-06 14:12:13 PDT,joe,blocking2.0,final+,?
