When,Who,What,Added,Removed
2009-09-15 10:39:11 PDT,benjamin,Keywords,student-project,
2009-09-15 11:19:53 PDT,ted,CC,ted.mielczarek,
2009-09-15 17:09:15 PDT,fullmetaljacket.xp+bugmail,CC,fullmetaljacket.xp+bugmail,
2009-09-16 06:55:29 PDT,david.humphrey,CC,david.humphrey,
2009-11-02 03:57:43 PST,ted,Blocks,525849,
2009-11-02 04:07:17 PST,ted,Blocks,525850,
2009-11-02 07:15:15 PST,benjamin,Blocks,,525849
2009-12-03 10:26:37 PST,bugzilla-mozilla-20000923,CC,silver,
2009-12-14 03:45:15 PST,gavin.sharp,CC,gavin.sharp,
2009-12-14 12:49:06 PST,cjones.bugs,Assignee,jones.chris.g,nobody
2009-12-14 12:49:06 PST,cjones.bugs,CC,jones.chris.g,
2009-12-14 12:49:06 PST,cjones.bugs,Blocks,531142,525850
2009-12-14 12:50:10 PST,chris.blore,CC,chris.blore,
2009-12-14 14:40:27 PST,cjones.bugs,Attachment #417565                Flags,review?(ted.mielczarek),
2009-12-16 00:59:24 PST,cjones.bugs,Attachment #417565                Attachment is obsolete,1,0
2009-12-16 00:59:24 PST,cjones.bugs,Attachment #417885                Flags,review?(ted.mielczarek),
2009-12-16 00:59:24 PST,cjones.bugs,Attachment #417565                Flags,,review?(ted.mielczarek)
2009-12-16 01:00:20 PST,cjones.bugs,Attachment #417886                Flags,review?(ted.mielczarek),
2009-12-16 01:03:53 PST,cjones.bugs,Attachment #417887                Flags,review?(ted.mielczarek),
2009-12-16 13:15:00 PST,jwalden+bmo,CC,jwalden+bmo,
2009-12-22 01:37:17 PST,xtc4uall,CC,xtc4uall,
2009-12-22 08:03:25 PST,matafagafo,CC,matafagafo,
2009-12-22 11:26:48 PST,ted,Attachment #417885                Flags,review+,review?(ted.mielczarek)
2009-12-23 06:46:32 PST,supernova00,CC,supernova00,
2010-01-04 12:44:30 PST,highmind63,CC,highmind63,
2010-01-08 11:29:07 PST,benjamin,Depends on,538642,
2010-01-08 12:56:51 PST,cjones.bugs,Attachment #417887                Attachment is obsolete,1,0
2010-01-08 12:56:51 PST,cjones.bugs,Attachment #417887                Flags,,review?(ted.mielczarek)
2010-01-08 13:02:42 PST,cjones.bugs,Attachment #420801                Flags,review?(ted.mielczarek),
2010-01-11 07:56:25 PST,ted,Attachment #417886                Flags,review-,review?(ted.mielczarek)
2010-01-11 12:06:27 PST,benjamin,Blocks,539048,
2010-01-11 13:10:41 PST,ted,Attachment #420801                Flags,review+,review?(ted.mielczarek)
2010-01-11 14:25:20 PST,cjones.bugs,Attachment #417886                Attachment is obsolete,1,0
2010-01-11 14:25:20 PST,cjones.bugs,Attachment #420801                Attachment is obsolete,1,0
2010-01-11 14:25:20 PST,cjones.bugs,Attachment #421139                Flags,review?(ted.mielczarek),
2010-01-11 15:55:52 PST,dgtb1994,CC,dgtb1994,
2010-01-12 04:46:34 PST,ted,Attachment #421139                Flags,review+,review?(ted.mielczarek)
2010-01-12 14:39:56 PST,cjones.bugs,Depends on,539326,
2010-01-13 07:22:28 PST,benjamin,Keywords,,student-project
2010-01-13 07:24:42 PST,benjamin,Attachment #421448                Flags,review?(ted.mielczarek),
2010-01-13 07:36:41 PST,ted,Attachment #421448                Flags,review+,review?(ted.mielczarek)
2010-01-13 07:41:40 PST,benjamin,Blocks,539451,
2010-01-13 12:55:12 PST,benjamin,Depends on,539290,
2010-01-15 08:55:33 PST,benjamin,Status,RESOLVED,NEW
2010-01-15 08:55:33 PST,benjamin,Resolution,FIXED,---
2010-01-15 08:55:33 PST,benjamin,Last Resolved,2010-01-15 08:55:33,
2010-03-24 08:03:30 PDT,benjamin,Whiteboard,[fixed-lorentz],
2010-04-07 06:11:11 PDT,benjamin,status1.9.2,.4-fixed,---
