When,Who,What,Added,Removed
2009-09-15 17:11:51 PDT,fullmetaljacket.xp+bugmail,CC,fullmetaljacket.xp+bugmail,
2009-09-22 09:23:11 PDT,cjones.bugs,CC,jones.chris.g,
2009-09-22 09:23:11 PDT,cjones.bugs,Summary,Electrolysis: Clean up plugin processes when no longer needed,Electrolysis: Clean up the plugin process when its no longer needed
2009-11-25 12:51:48 PST,benjamin,Blocks,531142,
2009-11-25 12:57:52 PST,benjamin,Status,RESOLVED,NEW
2009-11-25 12:57:52 PST,benjamin,Resolution,FIXED,---
2009-11-25 12:57:52 PST,benjamin,Last Resolved,2009-11-25 12:57:52,
