When,Who,What,Added,Removed
2009-09-15 11:16:05 PDT,mozilla,CC,jbalogh,
2009-09-21 13:14:13 PDT,ryan.doherty,Attachment #401913                Flags,review?(jbalogh),
2009-09-21 17:34:57 PDT,mozilla,Attachment #401913                Flags,review-,review?(jbalogh)
2009-09-22 10:24:20 PDT,ryan.doherty,Attachment #401913                Attachment is obsolete,1,0
2009-09-22 10:24:20 PDT,ryan.doherty,Attachment #402110                Flags,review?(jbalogh),
2009-09-22 16:03:14 PDT,mozilla,Attachment #402110                Flags,review+,review?(jbalogh)
2009-10-16 10:24:58 PDT,ryan.doherty,Status,RESOLVED,NEW
2009-10-16 10:24:58 PDT,ryan.doherty,Resolution,FIXED,---
2009-10-16 10:24:58 PDT,ryan.doherty,Last Resolved,2009-10-16 10:24:58,
