When,Who,What,Added,Removed
2009-09-15 11:39:52 PDT,jwalden+bmo,CC,jwalden+bmo,
2009-09-15 12:02:10 PDT,ajvincent,CC,ajvincent,
2009-09-15 12:25:37 PDT,mook,CC,mook.moz+mozbz,
2009-09-15 18:03:38 PDT,ray,CC,ray,
2009-09-15 20:45:21 PDT,nthomas,CC,nthomas,
2009-09-16 05:28:53 PDT,djcater+bugzilla,CC,DJCater,
2009-09-18 14:00:42 PDT,ted,CC,ted.mielczarek,
2009-09-19 17:57:56 PDT,gavin.sharp,CC,gavin.sharp,
2009-09-22 01:06:41 PDT,cbiesinger,CC,cbiesinger,
2009-09-22 04:35:17 PDT,ted,CC,smontagu,
2009-09-22 04:49:52 PDT,ted,CC,dietrich, dmose, roc,
2009-09-22 05:24:04 PDT,standard8,CC,kairo, neil,
2009-09-22 07:52:02 PDT,philringnalda,CC,philringnalda,
2010-03-24 11:55:01 PDT,mitchell.field,Attachment #434612                Flags,review?(ted.mielczarek),
2010-03-24 15:31:10 PDT,khuey,CC,me,
2010-03-30 10:11:21 PDT,ted,Attachment #434612                Flags,review+,review?(ted.mielczarek)
2010-03-30 10:13:42 PDT,ted,Keywords,checkin-needed,
2010-03-30 10:34:08 PDT,mitchell.field,Attachment #434612                Attachment is obsolete,1,0
2010-03-30 10:34:08 PDT,mitchell.field,Attachment #435945                Flags,review?(ted.mielczarek),
2010-03-30 16:41:24 PDT,ben.bucksch,CC,ben.bucksch,
2010-03-30 20:30:16 PDT,bugspam.Callek,CC,bugspam.Callek,
2010-03-31 02:54:13 PDT,ted,Attachment #435945                Flags,review+,review?(ted.mielczarek)
2010-03-31 02:57:13 PDT,ted,Keywords,,checkin-needed
2010-03-31 15:26:44 PDT,bugzillamozillaorg_serge_20140323,Blocks,546177,
2010-04-15 20:27:39 PDT,ewong,CC,ewong,
2010-04-26 14:01:36 PDT,jh,CC,jh,
2010-04-26 15:56:46 PDT,iann_bugzilla,CC,iann_bugzilla,
2010-04-26 18:00:41 PDT,kairo,Depends on,561663,
2010-04-26 19:21:16 PDT,bugspam.Callek,Attachment #441686                Flags,review?(ted.mielczarek), feedback?(kairo),
2010-04-27 05:47:50 PDT,ted,Attachment #441686                Flags,review+,review?(ted.mielczarek)
2010-04-27 07:12:55 PDT,philip.chee,CC,philip.chee,
2010-04-27 12:04:36 PDT,kairo,Attachment #441686                Flags,feedback+,feedback?(kairo)
2010-05-17 10:58:38 PDT,mitchell.field,Attachment #445745                Flags,review?(zweinberg),
2010-05-17 11:16:35 PDT,zackw,Attachment #445745                Flags,review?(ted.mielczarek), feedback+,review?(zweinberg)
2010-05-17 11:26:38 PDT,zackw,CC,zweinberg,
2010-05-18 09:55:01 PDT,ted,Attachment #445745                Flags,review+,review?(ted.mielczarek)
2010-06-28 00:26:04 PDT,t.matsuu,Attachment #454457                Flags,review?(bugspam.Callek),
2010-06-28 21:32:10 PDT,bugspam.Callek,Attachment #454457                Flags,review-,review?(bugspam.Callek)
2010-06-28 22:35:51 PDT,t.matsuu,CC,t.matsuu,
2010-06-29 01:14:23 PDT,t.matsuu,Attachment #454457                Attachment is obsolete,1,0
2010-07-21 23:11:51 PDT,t.matsuu,Blocks,575509,
2010-08-02 03:32:37 PDT,t.matsuu,Blocks,,546177
2010-08-13 21:57:04 PDT,bugspam.Callek,Status,RESOLVED,ASSIGNED
2010-08-13 21:57:04 PDT,bugspam.Callek,Resolution,FIXED,---
2010-08-13 21:57:04 PDT,bugspam.Callek,Last Resolved,2010-08-13 21:57:04,
2011-09-27 08:39:50 PDT,emorley,CC,bmo,
2013-12-13 05:40:54 PST,mh+mozilla,Blocks,950027,
