When,Who,What,Added,Removed
2009-09-15 09:11:17 PDT,hskupin,Attachment #400785                Flags,review?(ctalbert),
2009-09-15 09:12:31 PDT,hskupin,Severity,blocker,normal
2009-09-15 09:12:31 PDT,hskupin,CC,hskupin,
2009-09-15 10:51:27 PDT,hskupin,Attachment #400804                Flags,review?(ctalbert),
2009-09-16 04:58:25 PDT,hskupin,Blocks,512283,
2009-09-16 05:22:51 PDT,hskupin,Blocks,512363,
2009-09-16 05:36:41 PDT,hskupin,Blocks,500543, 476236, 475719, 510621, 500419, 501105,
2009-09-16 14:48:56 PDT,cmtalbert,Attachment #400804                Flags,review+,review?(ctalbert)
2009-09-16 14:49:13 PDT,cmtalbert,Attachment #400785                Flags,review+,review?(ctalbert)
2009-09-16 15:08:46 PDT,hskupin,Keywords,checkin-needed,
2009-09-21 05:54:30 PDT,hskupin,Keywords,,checkin-needed
2009-09-21 06:24:33 PDT,hskupin,Attachment #400785                Attachment is obsolete,1,0
2009-09-21 06:24:33 PDT,hskupin,Attachment #400804                Attachment is obsolete,1,0
2009-09-21 06:24:33 PDT,hskupin,Attachment #401838                Flags,review?(ctalbert),
2009-09-21 09:22:42 PDT,cmtalbert,Attachment #401838                Flags,review+,review?(ctalbert)
2009-09-28 15:34:51 PDT,hskupin,Last Resolved,2009-09-28 15:34:51,
2009-09-28 15:34:51 PDT,hskupin,Status,RESOLVED,ASSIGNED
2009-09-28 15:34:51 PDT,hskupin,Resolution,FIXED,---
2009-09-30 09:47:37 PDT,hskupin,Whiteboard,[mozmill-1.2.2],
2009-09-30 09:47:37 PDT,hskupin,Status,VERIFIED,RESOLVED
