When,Who,What,Added,Removed
2009-09-15 09:47:10 PDT,bmo2010,Summary,Create 1.4.1 milestone for support.mozilla.com,Create 1.4.1 milestone for support.mozilla.org
2009-09-15 09:47:10 PDT,bmo2010,CC,bmo2008,
2009-09-15 15:52:32 PDT,mozillamarcia.knous,Status,RESOLVED,NEW
2009-09-15 15:52:32 PDT,mozillamarcia.knous,Resolution,FIXED,---
2009-09-15 15:52:32 PDT,mozillamarcia.knous,Last Resolved,2009-09-15 15:52:32,
2009-09-16 01:05:19 PDT,timeless,Status,VERIFIED,RESOLVED
2011-06-26 22:54:48 PDT,nobody,Product,bugzilla.mozilla.org,mozilla.org
2011-06-26 22:54:48 PDT,nobody,Component,Administration,Bugzilla: Keywords & Components
