When,Who,What,Added,Removed
2009-09-15 07:48:34 PDT,neil,Assignee,neil,nobody
2009-09-15 07:48:34 PDT,neil,Attachment #400761                Flags,review?(iann_bugzilla),
2009-09-15 11:10:27 PDT,dominique,CC,dominique,
2009-09-16 15:52:24 PDT,iann_bugzilla,CC,iann_bugzilla,
2009-09-19 06:23:53 PDT,iann_bugzilla,Attachment #400761                Flags,review+,review?(iann_bugzilla)
2009-09-20 03:26:23 PDT,neil,Attachment #400761                Attachment is obsolete,1,0
2009-09-20 03:26:23 PDT,neil,Attachment #401694                Flags,review+, approval-seamonkey2.0?,
2009-09-20 05:57:30 PDT,kairo,Attachment #401694                Flags,approval-seamonkey2.0+,approval-seamonkey2.0?
2009-09-20 12:23:20 PDT,bugzilla.lenochod,Status,ASSIGNED,NEW
2009-09-20 13:43:01 PDT,neil,Keywords,fixed-seamonkey2.0,
2009-09-20 13:43:01 PDT,neil,Status,RESOLVED,ASSIGNED
2009-09-20 13:43:01 PDT,neil,Resolution,FIXED,---
2009-09-20 13:43:01 PDT,neil,Last Resolved,2009-09-20 13:43:01,
