When,Who,What,Added,Removed
2009-09-15 17:08:58 PDT,fullmetaljacket.xp+bugmail,CC,fullmetaljacket.xp+bugmail,
2009-09-30 15:34:11 PDT,karlt,Depends on,519641,
2009-09-30 20:46:48 PDT,karlt,Depends on,519896,
2009-10-13 15:04:32 PDT,jmuizelaar,Depends on,522122,
2009-10-14 11:08:45 PDT,jmuizelaar,Depends on,522299,
2009-10-14 11:09:33 PDT,jmuizelaar,Depends on,,522299
2009-10-14 11:09:58 PDT,jmuizelaar,Depends on,522299,
2009-10-14 14:00:37 PDT,jmathies,CC,jmathies,
2009-12-15 07:29:22 PST,benjamin,Status,RESOLVED,NEW
2009-12-15 07:29:22 PST,benjamin,Resolution,FIXED,---
2009-12-15 07:29:22 PST,benjamin,Last Resolved,2009-12-15 07:29:22,
