When,Who,What,Added,Removed
2009-09-15 11:17:06 PDT,zurtex,CC,zurtex,
2009-09-15 11:27:41 PDT,jwalden+bmo,CC,jwalden+bmo,
2009-09-15 11:51:04 PDT,bzbarsky,Attachment #400825                Flags,review?(roc), review?(fantasai.bugs),
2009-09-15 11:51:04 PDT,bzbarsky,Status,ASSIGNED,NEW
2009-09-15 11:51:04 PDT,bzbarsky,Assignee,bzbarsky,nobody
2009-09-15 12:49:03 PDT,tnikkel,CC,tnikkel,
2009-09-15 16:02:13 PDT,ryanvm,CC,ryanvm,
2009-09-15 22:21:46 PDT,bzbarsky,Blocks,40988,
2009-09-17 10:57:38 PDT,torres.dark,CC,torres.dark,
2009-09-24 13:55:40 PDT,bzbarsky,Blocks,518665,
2009-10-01 21:10:07 PDT,roc,Attachment #400825                Flags,review+,review?(roc)
2009-10-02 12:36:21 PDT,bzbarsky,Status,RESOLVED,ASSIGNED
2009-10-02 12:36:21 PDT,bzbarsky,Resolution,FIXED,---
2009-10-02 12:36:21 PDT,bzbarsky,Last Resolved,2009-10-02 12:36:21,
2009-10-02 21:30:17 PDT,fantasai.bugs,Attachment #400825                Flags,review+,review?(fantasai.bugs)
2010-05-12 18:03:36 PDT,bzbarsky,Target Milestone,mozilla1.9.3a1,---
