When,Who,What,Added,Removed
2009-09-15 11:25:26 PDT,zurtex,CC,zurtex,
2009-09-15 13:10:35 PDT,jwalden+bmo,CC,jwalden+bmo,
2009-09-15 16:02:46 PDT,ryanvm,CC,ryanvm,
2009-09-15 16:53:59 PDT,roc,Attachment #400909                Flags,review?(bzbarsky),
2009-09-15 16:53:59 PDT,roc,Assignee,roc,nobody
2009-09-15 17:11:11 PDT,xtc4uall,CC,xtc4uall,
2009-09-15 18:22:53 PDT,bzbarsky,Attachment #400909                Flags,review+,review?(bzbarsky)
2009-09-16 01:36:41 PDT,mstange,CC,mstange,
2009-09-16 02:53:07 PDT,mstange,Depends on,516924,
2009-09-16 14:50:49 PDT,roc,Whiteboard,[needs landing],
2009-09-17 11:27:42 PDT,torres.dark,CC,torres.dark,
2009-09-20 13:26:41 PDT,alex,CC,alex,
2009-09-20 21:11:17 PDT,roc,Whiteboard,,[needs landing]
2009-09-20 21:11:17 PDT,roc,Status,RESOLVED,NEW
2009-09-20 21:11:17 PDT,roc,Resolution,FIXED,---
2009-09-20 21:11:17 PDT,roc,Last Resolved,2009-09-20 21:11:17,
2009-09-20 21:11:51 PDT,roc,Attachment #400909                Flags,approval1.9.2?,
2009-09-22 15:35:22 PDT,dbaron,Attachment #400909                Flags,approval1.9.2+,approval1.9.2?
2009-09-22 17:01:11 PDT,roc,Whiteboard,[needs 192 landing],
2009-09-23 18:20:58 PDT,roc,Whiteboard,,[needs 192 landing]
2009-09-23 18:20:58 PDT,roc,status1.9.2,beta1-fixed,---
