When,Who,What,Added,Removed
2009-09-16 05:06:36 PDT,smani,Assignee,shyam,server-ops
2009-09-17 06:03:58 PDT,smani,Status,RESOLVED,NEW
2009-09-17 06:03:58 PDT,smani,Resolution,FIXED,---
2009-09-17 06:03:58 PDT,smani,Last Resolved,2009-09-17 06:03:58,
2009-09-17 12:46:31 PDT,bhearsum,Status,REOPENED,RESOLVED
2009-09-17 12:46:31 PDT,bhearsum,Resolution,---,FIXED
2009-09-17 13:03:04 PDT,smani,Last Resolved,2009-09-17 13:03:04,2009-09-17 06:03:58
2009-09-17 13:03:04 PDT,smani,Status,RESOLVED,REOPENED
2009-09-17 13:03:04 PDT,smani,Resolution,FIXED,---
2015-03-12 08:17:16 PDT,nobody,Product,mozilla.org Graveyard,mozilla.org
