When,Who,What,Added,Removed
2009-09-16 14:27:16 PDT,dmoore,Assignee,dmoore,server-ops
2009-09-16 14:27:16 PDT,dmoore,CC,dmoore,
2009-09-16 22:36:46 PDT,mzeier,Severity,enhancement,minor
2009-09-16 22:36:46 PDT,mzeier,Priority,P4,--
2010-02-03 00:08:04 PST,justdave,Status,RESOLVED,NEW
2010-02-03 00:08:04 PST,justdave,Resolution,FIXED,---
2010-02-03 00:08:04 PST,justdave,Assignee,justdave,dmoore
2010-02-03 00:08:04 PST,justdave,Last Resolved,2010-02-03 00:08:04,
2015-03-12 08:17:16 PDT,nobody,Product,mozilla.org Graveyard,mozilla.org
