When,Who,What,Added,Removed
2009-11-30 14:29:24 PST,sdwilsh,Assignee,nobody,sdwilsh
2010-01-13 14:17:11 PST,frederic.plourde,Assignee,bugzillaFred,nobody
2010-01-13 14:17:11 PST,frederic.plourde,CC,bugzillaFred,
2010-01-22 17:09:46 PST,bzbarsky,CC,bzbarsky,
2010-01-26 05:31:28 PST,frederic.plourde,Attachment #423515                Attachment is obsolete,1,0
2010-01-26 10:13:23 PST,sdwilsh,CC,sdwilsh,
2010-02-01 08:13:24 PST,frederic.plourde,CC,jones.chris.g,
2010-02-18 06:57:25 PST,frederic.plourde,Blocks,546938,
2010-03-04 14:51:21 PST,dougt,CC,dougt,
2010-03-05 13:40:06 PST,dwitte,CC,dwitte,
2010-03-09 07:04:32 PST,frederic.plourde,Attachment #424604                Attachment is obsolete,1,0
2010-03-09 07:04:32 PST,frederic.plourde,Attachment #431355                Flags,review?(sdwilsh),
2010-03-09 12:51:52 PST,frederic.plourde,Attachment #431355                Attachment is obsolete,1,0
2010-03-09 12:51:52 PST,frederic.plourde,Attachment #431434                Flags,review?(sdwilsh),
2010-03-09 12:51:52 PST,frederic.plourde,Attachment #431355                Flags,,review?(sdwilsh)
2010-03-14 18:14:04 PDT,sdwilsh,Attachment #431434                Flags,review?(dwitte),review?(sdwilsh)
2010-03-22 10:47:35 PDT,dwitte,Attachment #431434                Flags,,review?(dwitte)
2010-03-26 08:45:45 PDT,frederic.plourde,Attachment #435189                Flags,feedback?(dwitte),
2010-03-26 08:45:45 PDT,frederic.plourde,Attachment #431434                Attachment is obsolete,1,0
2010-04-21 10:04:09 PDT,frederic.plourde,Attachment #435189                Flags,,feedback?(dwitte)
2010-05-24 14:20:35 PDT,dougt,Assignee,dougt,bugzillaFred
2010-05-24 14:20:35 PDT,dougt,Attachment #435189                Attachment is obsolete,1,0
2010-05-24 14:21:08 PDT,dougt,Attachment #447179                Flags,review?,
2010-05-24 14:21:16 PDT,dougt,Attachment #447179                Flags,review?(sdwilsh),review?
2010-05-26 12:08:07 PDT,sdwilsh,Attachment #447179                Flags,review-,review?(sdwilsh)
2010-05-26 15:57:46 PDT,dougt,Attachment #447179                Attachment is obsolete,1,0
2010-05-26 15:57:46 PDT,dougt,Attachment #447635                Flags,review?(sdwilsh),
2010-06-01 10:43:51 PDT,dougt,Attachment #447635                Flags,review?(jones.chris.g),review?(sdwilsh)
2010-06-02 12:53:47 PDT,cjones.bugs,Attachment #447635                Flags,review+,review?(jones.chris.g)
2010-06-03 09:41:12 PDT,dougt,Attachment #449035                Flags,review?(sdwilsh),
2010-06-07 07:14:27 PDT,juhsep,CC,juhsep,
2010-06-07 14:57:50 PDT,sdwilsh,Attachment #449035                Flags,review-,review?(sdwilsh)
2010-06-08 17:39:56 PDT,dougt,Attachment #423103                Attachment is obsolete,1,0
2010-06-08 17:39:56 PDT,dougt,Attachment #423516                Attachment is obsolete,1,0
2010-06-08 17:39:56 PDT,dougt,Attachment #447635                Attachment is obsolete,1,0
2010-06-08 17:39:56 PDT,dougt,Attachment #449035                Attachment is obsolete,1,0
2010-06-08 17:39:56 PDT,dougt,Attachment #450008                Flags,feedback?(sdwilsh),
2010-06-09 11:33:55 PDT,dougt,Attachment #450008                Flags,feedback-,feedback?(sdwilsh)
2010-06-09 14:20:05 PDT,dougt,Attachment #450008                Attachment is obsolete,1,0
2010-06-09 14:20:05 PDT,dougt,Attachment #450209                Flags,review?(sdwilsh), superreview?(bzbarsky),
2010-06-10 10:46:02 PDT,sdwilsh,Attachment #450209                Flags,review+,review?(sdwilsh)
2010-06-11 09:08:17 PDT,dougt,Attachment #450209                Flags,,superreview?(bzbarsky)
2010-06-11 09:08:17 PDT,dougt,Attachment #450209                Attachment is obsolete,1,0
2010-06-11 09:08:17 PDT,dougt,Attachment #450668                Flags,superreview?(bzbarsky),
2010-06-11 09:58:39 PDT,bzbarsky,Attachment #450668                Flags,superreview+,superreview?(bzbarsky)
2010-06-29 17:10:20 PDT,dougt,Status,RESOLVED,NEW
2010-06-29 17:10:20 PDT,dougt,Resolution,FIXED,---
2010-06-29 17:10:20 PDT,dougt,Last Resolved,2010-06-29 17:10:20,
2010-07-02 08:20:01 PDT,dougt,Status,REOPENED,RESOLVED
2010-07-02 08:20:01 PDT,dougt,Resolution,---,FIXED
2010-07-02 08:41:49 PDT,mak77,CC,mak77,
2010-07-14 16:04:30 PDT,mak77,Attachment #450668                Attachment is obsolete,1,0
2010-07-15 11:37:56 PDT,ben,CC,webapps,
2010-07-15 11:37:56 PDT,ben,Depends on,556400,461199
2010-07-15 11:39:27 PDT,pavlov,tracking-fennec,2.0+,---
2010-07-15 15:35:36 PDT,mwu,CC,mwu,
2010-07-22 10:41:52 PDT,martijn.martijn,CC,martijn.martijn,
2010-07-25 01:36:02 PDT,romaxa,CC,romaxa,
2010-07-25 09:36:58 PDT,naginenis,CC,naginenis,
2010-07-25 10:56:49 PDT,dwitte,CC,josh,
2010-07-27 17:21:53 PDT,josh,Depends on,582442,
2010-07-27 19:19:52 PDT,highmind63,CC,highmind63,
2010-07-28 10:38:30 PDT,dougt,Status,RESOLVED,REOPENED
2010-07-28 10:38:30 PDT,dougt,Resolution,FIXED,---
2010-07-28 10:38:30 PDT,dougt,Last Resolved,2010-07-28 10:38:30,2010-06-29 17:10:20
