When,Who,What,Added,Removed
2009-09-16 00:34:39 PDT,ludovic,Ever confirmed,1,0
2009-09-16 00:34:39 PDT,ludovic,Status,NEW,UNCONFIRMED
2009-09-16 00:34:39 PDT,ludovic,CC,ludovic,
2009-09-16 00:34:39 PDT,ludovic,Depends on,195702,
2009-11-06 05:15:05 PST,ludovic,CC,mlissner,
2009-11-10 13:19:15 PST,mad.engineer,Severity,major,enhancement
2009-11-10 13:48:00 PST,mad.engineer,Severity,enhancement,major
2010-01-22 02:04:32 PST,u142003,CC,mozilla,
2010-01-22 15:39:00 PST,squibblyflabbetydoo,Attachment #423084                Flags,review?(dmose),
2010-01-22 16:43:30 PST,mad.engineer,Version,3.0,unspecified
2010-01-22 17:24:41 PST,squibblyflabbetydoo,CC,squibblyflabbetydoo,
2010-02-03 17:54:34 PST,dmose,CC,dmose,
2010-02-03 17:56:06 PST,dmose,Attachment #423084                Flags,review+, superreview+,review?(dmose)
2010-02-03 18:28:22 PST,dmose,Assignee,squibblyflabbetydoo,nobody
2010-02-03 18:30:49 PST,dmose,Attachment #425135                Flags,ui-review?(clarkbw),
2010-02-04 14:44:30 PST,clarkbw,Attachment #425135                Flags,ui-review+,ui-review?(clarkbw)
2010-02-11 14:54:38 PST,squibblyflabbetydoo,Attachment #423084                Attachment is obsolete,1,0
2010-02-11 14:55:35 PST,squibblyflabbetydoo,Attachment #426582                Flags,ui-review?(clarkbw),
2010-02-11 18:42:43 PST,dmose,CC,bienvenu,
2010-02-12 16:29:42 PST,squibblyflabbetydoo,Attachment #426581                Attachment is obsolete,1,0
2010-02-12 16:36:41 PST,squibblyflabbetydoo,Attachment #426774                Flags,review?(dmose), superreview?(dmose),
2010-02-23 09:40:07 PST,clarkbw,Attachment #426582                Flags,ui-review+,ui-review?(clarkbw)
2010-02-26 18:19:43 PST,squibblyflabbetydoo,Attachment #426774                Flags,review?(bienvenu),review?(dmose)
2010-03-04 20:36:55 PST,mozilla,Attachment #426774                Flags,review+,review?(bienvenu)
2010-03-05 16:15:59 PST,squibblyflabbetydoo,Attachment #426774                Attachment is obsolete,1,0
2010-03-05 16:15:59 PST,squibblyflabbetydoo,Attachment #430757                Flags,superreview?(neil),
2010-03-05 16:15:59 PST,squibblyflabbetydoo,Attachment #426774                Flags,,superreview?(dmose)
2010-03-07 14:02:43 PST,mozilla,CC,clarkbw,
2010-03-08 13:30:12 PST,squibblyflabbetydoo,Attachment #430757                Attachment is obsolete,1,0
2010-03-08 13:30:12 PST,squibblyflabbetydoo,Attachment #431185                Flags,review?(bienvenu), superreview?(neil),
2010-03-08 13:30:12 PST,squibblyflabbetydoo,Attachment #430757                Flags,,superreview?(neil)
2010-03-08 13:32:57 PST,squibblyflabbetydoo,Attachment #426582                Attachment is obsolete,1,0
2010-03-08 14:12:53 PST,squibblyflabbetydoo,Attachment #431185                Attachment is obsolete,1,0
2010-03-08 14:12:53 PST,squibblyflabbetydoo,Attachment #431200                Flags,superreview?(neil),
2010-03-08 14:12:53 PST,squibblyflabbetydoo,Attachment #431185                Flags,,review?(bienvenu), superreview?(neil)
2010-03-09 04:54:36 PST,neil,Attachment #431200                Flags,superreview+,superreview?(neil)
2010-03-10 16:03:36 PST,squibblyflabbetydoo,Attachment #431200                Attachment is obsolete,1,0
2010-03-10 16:03:36 PST,squibblyflabbetydoo,Attachment #431745                Flags,superreview?(neil),
2010-03-11 02:47:58 PST,neil,Attachment #431745                Flags,superreview+,superreview?(neil)
2010-03-16 14:09:53 PDT,bwinton,CC,bwinton,
2010-03-22 11:47:40 PDT,squibblyflabbetydoo,Attachment #433171                Flags,feedback?(neil),
2010-03-22 15:16:23 PDT,neil,Attachment #433171                Flags,feedback+,feedback?(neil)
2010-03-23 14:53:14 PDT,squibblyflabbetydoo,Attachment #431745                Attachment is obsolete,1,0
2010-03-23 14:53:14 PDT,squibblyflabbetydoo,Attachment #433171                Attachment is obsolete,1,0
2010-03-23 14:53:14 PDT,squibblyflabbetydoo,Attachment #434366                Flags,superreview?(neil),
2010-03-28 16:06:42 PDT,neil,Attachment #434366                Flags,superreview-,superreview?(neil)
2010-04-20 13:09:18 PDT,squibblyflabbetydoo,Attachment #440302                Flags,superreview?(neil),
2010-04-20 13:09:18 PDT,squibblyflabbetydoo,Attachment #434366                Attachment is obsolete,1,0
2010-04-21 05:26:10 PDT,neil,Attachment #440302                Flags,superreview+,superreview?(neil)
2010-04-21 11:06:58 PDT,squibblyflabbetydoo,Attachment #440302                Attachment is obsolete,1,0
2010-04-22 12:25:05 PDT,squibblyflabbetydoo,Attachment #440548                Flags,review+, superreview+,
2010-04-22 12:25:44 PDT,squibblyflabbetydoo,Keywords,checkin-needed,
2010-05-10 02:00:11 PDT,standard8,Whiteboard,[waiting on SM to re-open],
2010-05-13 03:20:36 PDT,standard8,Keywords,,checkin-needed
2010-05-13 03:20:36 PDT,standard8,Whiteboard,,[waiting on SM to re-open]
2010-05-13 03:20:36 PDT,standard8,Status,RESOLVED,NEW
2010-05-13 03:20:36 PDT,standard8,Resolution,FIXED,---
2010-05-13 03:20:36 PDT,standard8,Target Milestone,Thunderbird 3.2a1,---
2010-05-13 03:20:36 PDT,standard8,Last Resolved,2010-05-13 03:20:36,
2010-05-13 10:13:26 PDT,rimas,CC,rq,
2010-05-23 23:24:18 PDT,rimas,Depends on,477831,
2010-06-16 16:12:30 PDT,bugzilla.mozilla.org.sites,CC,bugzilla.mozilla.org.sites,
2010-06-24 15:06:26 PDT,squibblyflabbetydoo,Depends on,,195702
2010-06-24 15:06:26 PDT,squibblyflabbetydoo,Blocks,195702,
2010-10-27 11:12:14 PDT,squibblyflabbetydoo,Attachment #440548                Flags,approval-thunderbird3.2a1?,
2010-10-27 11:13:05 PDT,squibblyflabbetydoo,Blocks,559559,
2010-10-29 02:40:12 PDT,jonathan.protzenko,CC,jonathan.protzenko,
2011-03-01 07:08:15 PST,euryalus.0,CC,hugo,
2011-04-19 04:59:30 PDT,standard8,Attachment #440548                Flags,,approval-thunderbird3.2a1?
2011-10-10 09:56:17 PDT,dmose,CC,,dmose
2012-02-05 12:24:06 PST,lisken,CC,lisken,
2012-05-19 22:50:02 PDT,squibblyflabbetydoo,Blocks,,559559
2012-05-20 00:01:12 PDT,squibblyflabbetydoo,Blocks,559559,
