When,Who,What,Added,Removed
2009-09-15 11:41:54 PDT,standard8,Flags,wanted-thunderbird3+,
2009-09-15 11:46:36 PDT,davida,CC,david.ascher,
2010-02-16 09:16:58 PST,ludovic,Whiteboard,[UXprio],
2010-02-16 09:16:58 PST,ludovic,CC,ludovic,
2010-03-23 04:50:38 PDT,sid.bugzilla,CC,sid.bugzilla,
2010-04-23 10:02:28 PDT,gary,CC,gary,
2010-04-24 11:25:19 PDT,tymerkaev,CC,tymerkaev,
2010-09-24 07:11:29 PDT,standard8,Blocks,599331,
2010-09-24 13:34:28 PDT,antoine.mozilla,CC,geekshadow,
2010-09-25 02:06:05 PDT,bugzilla.spam2,CC,bugzilla.spam2,
2010-11-02 07:40:45 PDT,standard8,Depends on,608981,
2011-01-30 10:10:55 PST,standard8,CC,bwinton, clarkbw,
2011-01-30 12:11:36 PST,standard8,Attachment #508253                Attachment is obsolete,1,0
2011-01-31 10:11:46 PST,Nomis101,CC,Nomis101,
2011-02-01 06:41:08 PST,standard8,Attachment #508269                Attachment is obsolete,1,0
2011-02-01 06:41:08 PST,standard8,Attachment #508750                Flags,review?(bwinton),
2011-02-01 14:32:03 PST,bwinton,Attachment #508750                Flags,review?(bugmail),review?(bwinton)
2011-02-02 14:06:47 PST,bugmail,Attachment #508750                Flags,review+,review?(bugmail)
2011-02-03 04:00:09 PST,standard8,Status,RESOLVED,NEW
2011-02-03 04:00:09 PST,standard8,Resolution,FIXED,---
2011-02-03 04:00:09 PST,standard8,Target Milestone,Thunderbird 3.3a3,---
2011-02-03 04:00:09 PST,standard8,Flags,in-testsuite+,
2011-02-03 04:00:09 PST,standard8,Last Resolved,2011-02-03 04:00:09,
