When,Who,What,Added,Removed
2009-09-15 11:59:54 PDT,cmtalbert,CC,ctalbert,
2009-09-15 12:02:06 PDT,jmathies,CC,jmathies,
2009-09-15 12:39:00 PDT,jmathies,OS,Windows XP,Mac OS X
2009-09-15 13:11:39 PDT,chofmann,CC,cliss,
2009-09-15 13:26:52 PDT,chofmann,CC,cwwmozilla,
2009-09-15 13:34:01 PDT,timr,CC,timr,
2009-09-15 13:37:36 PDT,chofmann,Blocks,504378,
2009-09-15 13:42:54 PDT,cbook,CC,cbook,
2009-09-15 16:36:25 PDT,gavin.sharp,CC,gavin.sharp,
2009-09-15 17:14:41 PDT,xtc4uall,CC,xtc4uall,
2009-09-16 01:36:50 PDT,harmhilvers,CC,harmhilvers,
2009-09-16 11:12:31 PDT,blizzard,CC,blizzard,
2009-09-16 11:16:43 PDT,chung808,CC,tchung,
2009-09-16 17:49:58 PDT,cmtalbert,CC,vladimir,
2009-09-17 16:47:45 PDT,ted,CC,ted.mielczarek,
2009-09-18 14:06:56 PDT,vladimir,CC,bmoss,
2009-09-20 01:38:10 PDT,samuel.sidler+old,CC,samuel.sidler,
2009-09-20 04:47:02 PDT,duncan.loveday,CC,duncan.loveday,
2009-09-21 13:34:01 PDT,d_king,CC,dgk,
2009-09-22 03:50:26 PDT,pbrobinson,CC,pbrobinson,
2009-09-22 11:32:02 PDT,hskupin,CC,hskupin,
2009-09-22 11:36:01 PDT,jbecerra,CC,jbecerra,
2009-09-22 14:43:29 PDT,mozilla-bugzilla-nospam,CC,mozilla-bugzilla-nospam,
2009-09-22 20:11:46 PDT,brassen,CC,brassen,
2009-09-23 01:26:55 PDT,magicdice,CC,magicdice,
2009-09-23 07:22:38 PDT,pablo,CC,pablo,
2009-09-23 23:36:40 PDT,hsumen,CC,hsumen,
2009-09-28 16:31:25 PDT,timr,Summary,sharp increase in crashes [@ NPSWF32.dll@0x77bd0 ] around July 31 and in August 2009,sharp increase in crashes [@ NPSWF32.dll@0x77bd0 around July 31 and in August 2009
2009-10-11 16:08:36 PDT,chung808,CC,RNicoletto,
2009-10-13 22:32:11 PDT,wildmyron,CC,wildmyron,
2009-10-26 14:11:28 PDT,jruderman,Summary,Sharp increase in crashes [@ NPSWF32.dll@0x77bd0 ] around 31 Jul 2009, many at Farmtown,sharp increase in crashes [@ NPSWF32.dll@0x77bd0 ] around July 31 and in August 2009
2009-10-26 14:11:28 PDT,jruderman,CC,jruderman,
2009-11-12 15:22:34 PST,vseerror,Keywords,crash,
2009-11-12 15:22:34 PST,vseerror,Severity,critical,normal
2009-11-20 09:55:10 PST,aaron,CC,aaron,
2010-01-11 15:46:50 PST,chofmann,Status,RESOLVED,NEW
2010-01-11 15:46:50 PST,chofmann,Resolution,FIXED,---
2010-01-11 15:46:50 PST,chofmann,Last Resolved,2010-01-11 15:46:50,
2010-01-11 15:49:07 PST,chofmann,Summary,Please upgrade to Flash Player 10.0.42.34 or later to fixc rashes [@ NPSWF32.dll@0x77bd0 ] starting around around 31 Jul 2009, many at Farmtown,Sharp increase in crashes [@ NPSWF32.dll@0x77bd0 ] around 31 Jul 2009, many at Farmtown
2010-01-11 16:26:28 PST,jruderman,Summary,Please upgrade to Flash Player 10.0.42.34 or later to fix crashes [@ NPSWF32.dll@0x77bd0 ] starting around around 31 Jul 2009, many at Farmtown,Please upgrade to Flash Player 10.0.42.34 or later to fixc rashes [@ NPSWF32.dll@0x77bd0 ] starting around around 31 Jul 2009, many at Farmtown
2010-04-23 05:32:45 PDT,timeless,Product,Plugins,Core
2010-04-23 05:32:45 PDT,timeless,Version,10.x,Trunk
2010-04-23 05:32:45 PDT,timeless,Component,Flash (Adobe),Plug-ins
2010-04-23 05:32:45 PDT,timeless,Assignee,cliss,nobody
2010-04-23 05:32:45 PDT,timeless,QA Contact,adobe-flash,plugins
2010-04-23 05:32:45 PDT,timeless,Target Milestone,Dec 2009,---
2011-06-09 14:58:50 PDT,nobody,Crash Signature,[@ NPSWF32.dll@0x77bd0 ],
