When,Who,What,Added,Removed
2009-09-15 10:54:29 PDT,pascalc,Status,RESOLVED,NEW
2009-09-15 10:54:29 PDT,pascalc,Resolution,FIXED,---
2009-09-15 10:54:29 PDT,pascalc,Last Resolved,2009-09-15 10:54:29,
2009-09-15 12:35:47 PDT,mozbugs.retornam,Status,VERIFIED,RESOLVED
2009-09-15 12:35:47 PDT,mozbugs.retornam,CC,mozbugs.retornam,
2012-04-23 08:15:30 PDT,nobody,Product,Websites,Websites
2012-04-23 08:15:30 PDT,nobody,Component,www.mozilla.org,www.mozilla.org/firefox
2012-08-23 00:16:07 PDT,nobody,Product,www.mozilla.org,Websites
2012-08-23 00:16:07 PDT,nobody,Component,General,www.mozilla.org
