When,Who,What,Added,Removed
2009-09-15 08:27:52 PDT,jorendorff,Attachment #400769                Flags,review?(brendan),
2009-09-15 12:41:58 PDT,brendan,Attachment #400769                Flags,review+,review?(brendan)
2009-09-16 17:44:40 PDT,mrbkap,Status,RESOLVED,NEW
2009-09-16 17:44:40 PDT,mrbkap,Resolution,FIXED,---
2009-09-16 17:44:40 PDT,mrbkap,CC,mrbkap,
2009-09-16 17:44:40 PDT,mrbkap,Last Resolved,2009-09-16 17:44:40,
2009-10-02 15:45:50 PDT,sayrer,Flags,wanted1.9.2+,
2009-10-02 15:45:50 PDT,sayrer,status1.9.2,beta1-fixed,---
2009-10-02 15:45:50 PDT,sayrer,CC,sayrer,
