When,Who,What,Added,Removed
2009-09-15 12:20:16 PDT,stejohns,Assignee,stejohns,nobody
2009-09-15 12:20:16 PDT,stejohns,Attachment #400836                Flags,review?(treilly), superreview?(lhansen),
2009-09-16 03:39:33 PDT,lhansen,Attachment #400836                Flags,superreview+,superreview?(lhansen)
2009-10-02 10:18:31 PDT,lhansen,Priority,P3,--
2009-10-02 10:18:31 PDT,lhansen,Target Milestone,flash10.1,---
2009-10-05 08:22:18 PDT,treilly,Attachment #400836                Flags,review+,review?(treilly)
2009-10-08 01:33:46 PDT,lhansen,Resolution,FIXED,---
2009-10-08 01:33:46 PDT,lhansen,Last Resolved,2009-10-08 01:33:46,
2009-10-08 01:33:46 PDT,lhansen,Status,RESOLVED,NEW
2009-10-13 16:51:54 PDT,cpeyer,Status,VERIFIED,RESOLVED
