When,Who,What,Added,Removed
2009-09-15 14:03:19 PDT,mstange,CC,mstange,
2009-09-15 14:20:07 PDT,jaas,OS,Mac OS X,Windows NT
2009-09-15 17:09:09 PDT,fullmetaljacket.xp+bugmail,CC,fullmetaljacket.xp+bugmail,
2009-11-10 18:32:58 PST,cjones.bugs,Depends on,527847,
2009-12-14 11:57:58 PST,chris.blore,CC,chris.blore,
2009-12-14 14:34:35 PST,ehsan,CC,ehsan.akhgari,
2009-12-14 15:31:03 PST,phiw2,CC,phiw,
2009-12-15 14:56:11 PST,david,CC,david,
2009-12-29 10:37:55 PST,deprecationmail,CC,bugzilla,
2010-01-19 11:14:40 PST,harmhilvers,CC,harmhilvers,
2010-02-07 09:19:57 PST,2pawnder,CC,2pawnder,
2010-02-13 04:55:34 PST,hubert+bmo,CC,hubert,
2010-02-14 12:51:13 PST,gandalf,CC,gandalf,
2010-04-25 18:40:18 PDT,jaas,Status,RESOLVED,NEW
2010-04-25 18:40:18 PDT,jaas,Resolution,FIXED,---
2010-04-25 18:40:18 PDT,jaas,Last Resolved,2010-04-25 18:40:18,
