When,Who,What,Added,Removed
2009-09-15 10:41:31 PDT,edwsmith,CC,lhansen,
2009-09-16 18:09:03 PDT,edwsmith,Attachment #401143                Flags,review?(stejohns),
2009-09-16 18:09:03 PDT,edwsmith,Assignee,edwsmith,nobody
2009-09-16 18:44:32 PDT,stejohns,Attachment #401143                Flags,review+,review?(stejohns)
2009-10-20 07:07:56 PDT,edwsmith,Attachment #401143                Attachment is obsolete,1,0
2009-10-23 08:26:17 PDT,edwsmith,Hardware,All,x86
2009-10-23 08:26:17 PDT,edwsmith,OS,All,Mac OS X
2009-10-23 08:26:17 PDT,edwsmith,Status,ASSIGNED,NEW
2009-10-23 08:26:17 PDT,edwsmith,Severity,enhancement,normal
2009-10-23 08:26:17 PDT,edwsmith,Priority,P3,--
2009-10-23 08:26:17 PDT,edwsmith,Target Milestone,flash10.1,---
2009-10-26 13:42:53 PDT,edwsmith,Attachment #407285                Attachment is obsolete,1,0
2009-10-26 13:42:53 PDT,edwsmith,Attachment #408458                Flags,review?(stejohns), superreview?(lhansen),
2009-10-26 13:43:04 PDT,edwsmith,Attachment #408458                Attachment is patch,1,0
2009-10-26 13:43:04 PDT,edwsmith,Attachment #408458                Attachment mime type,text/plain,application/octet-stream
2009-10-26 13:56:18 PDT,stejohns,Attachment #408458                Flags,review+,review?(stejohns)
2009-10-27 02:22:01 PDT,lhansen,Attachment #408458                Flags,superreview+,superreview?(lhansen)
2009-10-27 08:14:29 PDT,edwsmith,Status,RESOLVED,ASSIGNED
2009-10-27 08:14:29 PDT,edwsmith,Resolution,FIXED,---
2009-10-27 08:14:29 PDT,edwsmith,Last Resolved,2009-10-27 08:14:29,
2010-01-18 17:14:23 PST,cpeyer,Status,VERIFIED,RESOLVED
2010-01-18 17:14:23 PST,cpeyer,CC,cpeyer,
