When,Who,What,Added,Removed
2009-09-15 07:28:16 PDT,dao,Product,Toolkit,Firefox
2009-09-15 07:28:16 PDT,dao,OS,Linux,Windows Vista
2009-09-15 07:28:16 PDT,dao,Component,Themes,Theme
2009-09-15 07:28:16 PDT,dao,QA Contact,themes,theme
2009-09-15 07:28:16 PDT,dao,Blocks,511107,
2009-09-16 02:27:24 PDT,fullmetaljacket.xp+bugmail,CC,fullmetaljacket.xp+bugmail,
2009-10-02 09:36:55 PDT,dao,Attachment #404267                Flags,review?(rflint),
2009-10-02 09:36:55 PDT,dao,Status,ASSIGNED,NEW
2009-10-02 09:36:55 PDT,dao,Assignee,dao,nobody
2009-10-03 15:16:37 PDT,rflint,Attachment #404267                Flags,review+,review?(rflint)
2009-10-03 15:16:56 PDT,dao,Keywords,checkin-needed,
2009-10-03 15:41:38 PDT,rflint,Resolution,FIXED,---
2009-10-03 15:41:38 PDT,rflint,Target Milestone,mozilla1.9.3a1,---
2009-10-03 15:41:38 PDT,rflint,Last Resolved,2009-10-03 15:41:38,
2009-10-03 15:41:38 PDT,rflint,Keywords,,checkin-needed
2009-10-03 15:41:38 PDT,rflint,Status,RESOLVED,ASSIGNED
2009-10-03 15:45:10 PDT,dao,Attachment #404267                Flags,approval1.9.2?,
2009-11-24 12:12:48 PST,dtownsend,Attachment #404267                Flags,approval1.9.2+,approval1.9.2?
2009-11-24 12:44:48 PST,dao,status1.9.2,final-fixed,---
2010-09-30 10:52:49 PDT,tymerkaev,CC,tymerkaev,
