When,Who,What,Added,Removed
2009-09-15 14:03:02 PDT,mstange,CC,mstange,
2009-10-24 09:19:09 PDT,ancestor.ak,CC,ancestor.ak,
2009-12-03 10:24:52 PST,bugzilla-mozilla-20000923,CC,silver,
2010-10-21 13:54:25 PDT,xtc4uall,CC,xtc4uall,
2011-03-03 05:10:26 PST,dugar.siddhartha,CC,dugar.siddhartha,
2011-05-03 11:42:25 PDT,dbcooper.nz,CC,dbcooper.nz,
2011-06-30 23:36:03 PDT,dao,Blocks,653064,516752
2011-06-30 23:38:43 PDT,matjk7,CC,matjk7,
2011-07-07 12:48:04 PDT,gavin.sharp,CC,gavin.sharp,
2011-07-21 13:57:03 PDT,mozilla,CC,mozilla,
2011-08-15 21:19:43 PDT,dietrich,Hardware,All,x86
2011-08-15 21:19:43 PDT,dietrich,OS,All,Windows NT
2011-08-15 21:19:43 PDT,dietrich,Assignee,mano,nobody
2011-08-15 21:19:43 PDT,dietrich,CC,dietrich,
2011-08-19 11:53:09 PDT,asaf,Status,ASSIGNED,NEW
2011-08-22 09:51:51 PDT,ttaubert,CC,tim.taubert,
2011-08-22 10:31:22 PDT,asaf,Depends on,680956,
2011-08-22 10:48:26 PDT,dao,CC,dao,
2011-08-28 09:16:22 PDT,jitenmt,CC,jitenmt,
2011-08-29 06:40:17 PDT,asaf,Depends on,682813,
2011-08-29 07:47:14 PDT,benjamin,CC,benjamin, felipc, Olli.Pettay,
2011-08-30 09:58:36 PDT,dugar.siddhartha,CC,,dugar.siddhartha
2011-09-01 04:39:55 PDT,dao,Keywords,addon-compat, dev-doc-needed,
2011-09-03 15:22:19 PDT,wgianopoulos,CC,bill,
2011-09-19 08:42:50 PDT,asaf,Depends on,687472,
2011-10-11 03:42:05 PDT,asaf,Depends on,693555,
2011-10-11 21:13:27 PDT,Jan.Varga,CC,Jan.Varga,
2011-10-18 11:23:06 PDT,ehsan,CC,ehsan,
2011-10-23 09:25:51 PDT,pwd.mozilla,CC,sabret00the,
2011-12-31 09:10:55 PST,asaf,Status,NEW,ASSIGNED
2011-12-31 09:10:55 PST,asaf,Assignee,nobody,mano
2013-07-25 04:08:43 PDT,saneyuki.s.snyk,CC,saneyuki.s.snyk,
2013-07-30 16:10:47 PDT,bezaleel360,CC,bezaleel360,
2013-07-31 16:37:51 PDT,dkeeler,Attachment #784085                Flags,review?(felipc), feedback?(evilpies),
2013-07-31 16:37:51 PDT,dkeeler,Status,ASSIGNED,NEW
2013-07-31 16:37:51 PDT,dkeeler,CC,evilpies,
2013-07-31 16:37:51 PDT,dkeeler,Assignee,dkeeler,nobody
2013-07-31 16:41:22 PDT,dkeeler,CC,brian,
2013-08-01 13:17:26 PDT,wmccloskey,CC,wmccloskey,
2013-08-02 11:30:53 PDT,dkeeler,Attachment #784085                Attachment is obsolete,1,0
2013-08-02 11:30:53 PDT,dkeeler,Attachment #784085                Flags,,review?(felipc), feedback?(evilpies)
2013-08-02 11:30:53 PDT,dkeeler,Attachment #784555                Attachment is obsolete,1,0
2013-08-02 11:30:53 PDT,dkeeler,Attachment #785110                Flags,review?(felipc),
2013-08-03 12:34:26 PDT,josh,CC,josh,
2013-08-04 21:46:26 PDT,felipc,Attachment #785110                Flags,feedback+,review?(felipc)
2013-08-06 12:44:09 PDT,dkeeler,Attachment #785110                Attachment is obsolete,1,0
2013-08-06 12:44:09 PDT,dkeeler,Attachment #786449                Flags,review?(felipc),
2013-08-06 14:26:05 PDT,felipc,Attachment #786449                Flags,feedback+,review?(felipc)
2013-08-06 15:05:44 PDT,dkeeler,Blocks,902193,
2013-08-06 15:11:11 PDT,dkeeler,Attachment #786449                Attachment is obsolete,1,0
2013-08-06 15:11:11 PDT,dkeeler,Attachment #786531                Flags,review?(felipc),
2013-08-06 15:43:33 PDT,felipc,Attachment #786531                Flags,review+,review?(felipc)
2013-08-06 16:56:03 PDT,dkeeler,Keywords,checkin-needed,
2013-08-06 16:56:03 PDT,dkeeler,Whiteboard,[checkin-needed contingent on green try run in comment 32],
2013-08-07 17:13:21 PDT,ryanvm,Attachment #566017                Attachment is obsolete,1,0
2013-08-07 17:24:38 PDT,ryanvm,Keywords,,checkin-needed
2013-08-07 17:24:38 PDT,ryanvm,Whiteboard,[fixed-in-fx-team],[checkin-needed contingent on green try run in comment 32]
2013-08-07 23:30:46 PDT,ttaubert,Status,RESOLVED,ASSIGNED
2013-08-07 23:30:46 PDT,ttaubert,Resolution,FIXED,---
2013-08-07 23:30:46 PDT,ttaubert,Target Milestone,Firefox 26,---
2013-08-07 23:30:46 PDT,ttaubert,Whiteboard,,[fixed-in-fx-team]
2013-08-07 23:30:46 PDT,ttaubert,Last Resolved,2013-08-07 23:30:46,
