When,Who,What,Added,Removed
2009-09-16 16:42:17 PDT,fullmetaljacket.xp+bugmail,CC,fullmetaljacket.xp+bugmail,
2009-09-21 15:02:19 PDT,catlee,Severity,major,normal
2009-09-21 15:02:19 PDT,catlee,Priority,P2,--
2009-09-21 15:02:19 PDT,catlee,Assignee,catlee,nobody
2009-09-21 15:02:19 PDT,catlee,CC,catlee,
2009-09-23 08:38:34 PDT,catlee,Attachment #402368                Flags,review?(bhearsum), review?(anodelman),
2009-09-23 12:35:44 PDT,bhearsum,Attachment #402368                Flags,review+,review?(bhearsum)
2009-09-23 16:56:54 PDT,anodelman,Attachment #402368                Flags,review+,review?(anodelman)
2009-09-24 05:53:26 PDT,catlee,Attachment #402368                Flags,checked-in+,
2009-09-24 11:14:00 PDT,catlee,Status,RESOLVED,NEW
2009-09-24 11:14:00 PDT,catlee,Resolution,FIXED,---
2009-09-24 11:14:00 PDT,catlee,Last Resolved,2009-09-24 11:14:00,
2013-08-12 21:54:08 PDT,nobody,Product,Release Engineering,mozilla.org
