When,Who,What,Added,Removed
2009-09-15 09:19:06 PDT,mzeier,Assignee,jeremy.orem+bugs,server-ops
2009-09-16 10:20:12 PDT,oremj,Whiteboard,Waiting for action.,
2009-09-24 15:18:12 PDT,oremj,Status,RESOLVED,NEW
2009-09-24 15:18:12 PDT,oremj,Resolution,FIXED,---
2009-09-24 15:18:12 PDT,oremj,Last Resolved,2009-09-24 15:18:12,
2009-09-24 15:44:32 PDT,wclouser,Status,REOPENED,RESOLVED
2009-09-24 15:44:32 PDT,wclouser,Resolution,---,FIXED
2009-09-25 13:31:03 PDT,oremj,Last Resolved,2009-09-25 13:31:03,2009-09-24 15:18:12
2009-09-25 13:31:03 PDT,oremj,Status,RESOLVED,REOPENED
2009-09-25 13:31:03 PDT,oremj,Resolution,FIXED,---
2013-10-09 10:29:28 PDT,nobody,Product,Infrastructure & Operations,mozilla.org
2013-10-09 10:29:28 PDT,nobody,Component,WebOps: Other,Server Operations: Web Operations
