When,Who,What,Added,Removed
2009-09-15 11:39:12 PDT,standard8,Flags,blocking-thunderbird3+,
2009-09-15 11:46:32 PDT,davida,CC,david.ascher,
2009-09-15 12:12:52 PDT,dmose,CC,dmose,
2009-09-16 01:07:43 PDT,bugzilla,Whiteboard,[no l10n impact],
2009-09-24 13:51:17 PDT,clarkbw,CC,clarkbw,
2009-09-29 01:44:22 PDT,standard8,Blocks,490817,480533
2009-09-30 07:45:31 PDT,standard8,Blocks,487072,
2009-10-19 13:16:48 PDT,philringnalda,CC,o.e.ekker,
2009-10-20 11:43:23 PDT,standard8,Whiteboard,[no l10n impact][needs investigation onclick versus other methods][part patch ETA Wed],[no l10n impact]
2009-10-20 13:23:29 PDT,standard8,Depends on,523447,
2009-10-21 22:15:22 PDT,jsabash,CC,jsabash,
2009-10-28 15:38:02 PDT,standard8,Whiteboard,[no l10n impact][needs investigation onclick versus other methods][patch ETA Thursday],[no l10n impact][needs investigation onclick versus other methods][part patch ETA Wed]
2009-11-03 13:56:29 PST,splewako,CC,splewako,
2009-11-04 07:07:07 PST,standard8,Attachment #408957                Attachment is obsolete,1,0
2009-11-04 07:07:07 PST,standard8,Attachment #410238                Flags,review?(philringnalda), ui-review?(clarkbw),
2009-11-04 07:11:21 PST,standard8,Whiteboard,[no l10n impact][has patch][needs review philor,clarkbw],[no l10n impact][needs investigation onclick versus other methods][patch ETA Thursday]
2009-11-04 07:11:21 PST,standard8,CC,philringnalda,
2009-11-04 07:21:47 PST,standard8,Keywords,dev-doc-needed,
2009-11-04 07:28:16 PST,standard8,Attachment #410241                Attachment mime type,application/octet-stream,text/plain
2009-11-04 07:28:16 PST,standard8,Attachment #410241                Attachment is patch,0,1
2009-11-04 18:11:03 PST,clarkbw,Attachment #410238                Flags,ui-review+,ui-review?(clarkbw)
2009-11-04 21:59:48 PST,highmind63,CC,highmind63,
2009-11-05 00:50:12 PST,philringnalda,CC,bzbarsky,
2009-11-05 02:41:04 PST,standard8,Blocks,526733,
2009-11-05 03:55:28 PST,standard8,Attachment #410473                Flags,review?(philringnalda),
2009-11-05 03:55:28 PST,standard8,Attachment #410238                Flags,,review?(philringnalda)
2009-11-05 03:55:28 PST,standard8,Attachment #410238                Attachment is obsolete,1,0
2009-11-05 03:55:58 PST,standard8,Whiteboard,[no l10n impact][has patch][needs review philor],[no l10n impact][has patch][needs review philor,clarkbw]
2009-11-06 04:29:25 PST,blog,CC,blog,
2009-11-06 04:55:15 PST,standard8,Attachment #410473                Attachment is obsolete,1,0
2009-11-06 04:55:15 PST,standard8,Attachment #410765                Flags,review?(philringnalda),
2009-11-06 04:55:15 PST,standard8,Attachment #410473                Flags,,review?(philringnalda)
2009-11-06 05:56:05 PST,standard8,Attachment #410765                Attachment is obsolete,1,0
2009-11-06 05:56:05 PST,standard8,Attachment #410773                Flags,review?(philringnalda),
2009-11-06 05:56:05 PST,standard8,Attachment #410765                Flags,,review?(philringnalda)
2009-11-06 06:16:25 PST,standard8,Attachment #410773                Attachment is obsolete,1,0
2009-11-06 06:16:25 PST,standard8,Attachment #410773                Flags,,review?(philringnalda)
2009-11-07 08:16:53 PST,killjay,CC,killjay,
2009-11-09 05:45:42 PST,standard8,Attachment #410775                Attachment is obsolete,1,0
2009-11-09 05:45:42 PST,standard8,Attachment #411177                Flags,review?(philringnalda),
2009-11-09 05:49:10 PST,standard8,Attachment #411178                Flags,review?(philringnalda),
2009-11-09 07:18:40 PST,standard8,Attachment #411177                Attachment is obsolete,1,0
2009-11-09 07:18:40 PST,standard8,Attachment #411185                Flags,review?(philringnalda),
2009-11-09 07:18:40 PST,standard8,Attachment #411177                Flags,,review?(philringnalda)
2009-11-09 07:21:16 PST,standard8,Attachment #411186                Flags,review?(philringnalda),
2009-11-09 07:37:12 PST,standard8,Attachment #410244                Attachment is obsolete,1,0
2009-11-09 07:52:54 PST,standard8,Attachment #410241                Attachment is obsolete,1,0
2009-11-09 11:59:48 PST,bugzilla,CC,bugzilla,
2009-11-09 12:04:36 PST,philringnalda,Attachment #411178                Flags,review+,review?(philringnalda)
2009-11-09 12:05:00 PST,philringnalda,Attachment #411185                Flags,review+,review?(philringnalda)
2009-11-09 12:05:15 PST,philringnalda,Attachment #411186                Flags,review+,review?(philringnalda)
2009-11-09 14:04:29 PST,standard8,Whiteboard,[no l10n impact][has patch][ready to land],[no l10n impact][has patch][needs review philor]
2009-11-10 01:49:37 PST,standard8,Whiteboard,[no l10n impact],[no l10n impact][has patch][ready to land]
2009-11-10 01:49:37 PST,standard8,Status,RESOLVED,NEW
2009-11-10 01:49:37 PST,standard8,Resolution,FIXED,---
2009-11-10 01:49:37 PST,standard8,Last Resolved,2009-11-10 01:49:37,
2009-11-10 04:40:07 PST,standard8,Keywords,dev-doc-complete,dev-doc-needed
2009-11-10 05:51:15 PST,standard8,Depends on,527664,
2009-11-11 12:03:25 PST,mkmelin+mozilla,CC,mkmelin+mozilla,
2009-11-17 00:21:58 PST,standard8,Depends on,529235,
2010-11-17 07:52:44 PST,clokep,CC,clokep,
