When,Who,What,Added,Removed
2009-09-15 08:58:19 PDT,ben.combee,Status,ASSIGNED,NEW
2009-09-15 08:58:19 PDT,ben.combee,Assignee,combee,nobody
2009-09-15 08:58:19 PDT,ben.combee,Attachment #400780                Flags,review?(mark.finkle),
2009-09-15 09:11:51 PDT,ben.combee,Attachment #400780                Attachment is obsolete,1,0
2009-09-15 09:11:51 PDT,ben.combee,Attachment #400786                Flags,review?(mark.finkle),
2009-09-15 09:11:51 PDT,ben.combee,Attachment #400780                Flags,,review?(mark.finkle)
2009-09-15 09:35:57 PDT,ben.combee,Attachment #400786                Attachment is obsolete,1,0
2009-09-15 09:35:57 PDT,ben.combee,Attachment #400790                Flags,review?(mark.finkle),
2009-09-15 09:35:57 PDT,ben.combee,Attachment #400786                Flags,,review?(mark.finkle)
2009-09-15 09:37:43 PDT,mark.finkle,Attachment #400790                Flags,review+,review?(mark.finkle)
2009-09-15 10:07:09 PDT,mark.finkle,Status,RESOLVED,ASSIGNED
2009-09-15 10:07:09 PDT,mark.finkle,Resolution,FIXED,---
2009-09-15 10:07:09 PDT,mark.finkle,CC,mark.finkle,
2009-09-15 10:07:09 PDT,mark.finkle,Target Milestone,B4,---
2009-09-15 10:07:09 PDT,mark.finkle,Last Resolved,2009-09-15 10:07:09,
2009-09-16 07:35:04 PDT,mozaakash,Status,VERIFIED,RESOLVED
2009-09-16 07:35:04 PDT,mozaakash,CC,adesai,
