When,Who,What,Added,Removed
2009-12-04 20:43:43 PST,bzbarsky,Attachment #416236                Flags,review?(benjamin),
2009-12-04 20:46:04 PST,bzbarsky,Attachment #416237                Flags,review?(benjamin),
2009-12-04 20:47:13 PST,bzbarsky,Attachment #416238                Flags,review?(benjamin),
2009-12-04 20:58:02 PST,bzbarsky,Depends on,533048,
2009-12-10 19:19:46 PST,benjamin,Attachment #416236                Flags,review+,review?(benjamin)
2009-12-10 19:21:03 PST,benjamin,Attachment #416237                Flags,review+,review?(benjamin)
2009-12-10 19:22:43 PST,benjamin,Attachment #416238                Flags,review+,review?(benjamin)
2009-12-31 17:36:47 PST,bzbarsky,Resolution,FIXED,---
2009-12-31 17:36:47 PST,bzbarsky,Last Resolved,2009-12-31 17:36:47,
2009-12-31 17:36:47 PST,bzbarsky,Status,RESOLVED,NEW
