When,Who,What,Added,Removed
2009-11-18 16:01:26 PST,jorge,Priority,P5,--
2009-11-18 16:01:26 PST,jorge,CC,jorge,
2009-11-18 16:01:26 PST,jorge,Target Milestone,4.x (triaged),---
2009-11-20 10:58:34 PST,philip.chee,CC,philip.chee,
2009-11-20 11:21:17 PST,dveditz,CC,dveditz,
2009-11-20 11:45:20 PST,eric.jung,CC,eric.jung,
2009-11-20 12:05:22 PST,jorge,Severity,normal,enhancement
2009-11-20 12:05:22 PST,jorge,Priority,P2,P5
2009-11-20 12:05:22 PST,jorge,Target Milestone,5.5,4.x (triaged)
2009-12-18 09:52:18 PST,wclouser,Assignee,fligtar,nobody
2009-12-18 09:52:18 PST,wclouser,CC,clouserw,
2010-01-05 15:20:44 PST,wclouser,Target Milestone,5.6,5.5
2010-01-06 15:44:28 PST,wclouser,Whiteboard,[z][needs spec],
2010-02-05 11:11:03 PST,fligtar+bugs,Whiteboard,[z],[z][needs spec]
2010-02-05 11:11:03 PST,fligtar+bugs,Target Milestone,5.8,5.6
2010-02-09 13:53:53 PST,fligtar+bugs,Whiteboard,[z][clearleft],[z]
2010-02-09 13:53:53 PST,fligtar+bugs,Depends on,544508,
2010-03-19 15:50:27 PDT,mozilla,Version,4.x,unspecified
2010-03-19 15:50:27 PDT,mozilla,Status,RESOLVED,NEW
2010-03-19 15:50:27 PDT,mozilla,Resolution,FIXED,---
2010-03-19 15:50:27 PDT,mozilla,Assignee,jbalogh,fligtar
2010-03-19 15:50:27 PDT,mozilla,CC,jbalogh,
2010-03-19 15:50:27 PDT,mozilla,Last Resolved,2010-03-19 15:50:27,
