When,Who,What,Added,Removed
2009-09-15 19:31:31 PDT,reed,Flags,blocking1.9.2?, blocking1.9.0.15?,
2009-09-15 19:34:03 PDT,reed,Whiteboard,[sg:critical] same issue as 516396 (CVE-2009-1563),
2009-09-15 19:34:03 PDT,reed,blocking1.9.1,?,.4+
2009-09-15 19:49:24 PDT,reed,Status,ASSIGNED,NEW
2009-09-15 19:49:24 PDT,reed,Assignee,reed,general
2009-09-15 19:49:24 PDT,reed,Attachment #400936                Flags,review?(crowder),
2009-09-15 20:37:35 PDT,dveditz,Flags,blocking1.9.0.15+, wanted1.9.0.x+,blocking1.9.0.15?
2009-09-15 20:37:35 PDT,dveditz,blocking1.9.1,.4+,?
2009-09-15 20:37:35 PDT,dveditz,status1.9.1,wanted,---
2009-09-16 07:33:26 PDT,crowderbt,Attachment #400936                Flags,review+,review?(crowder)
2009-09-16 07:37:34 PDT,reed,Attachment #400936                Flags,superreview?(brendan),
2009-09-16 09:27:06 PDT,mrbkap,Attachment #400936                Flags,review+,superreview?(brendan)
2009-09-16 23:32:31 PDT,reed,Resolution,FIXED,---
2009-09-16 23:32:31 PDT,reed,Target Milestone,mozilla1.9.3a1,---
2009-09-16 23:32:31 PDT,reed,Last Resolved,2009-09-16 23:32:31,
2009-09-16 23:32:31 PDT,reed,Status,RESOLVED,ASSIGNED
2009-09-16 23:32:57 PDT,reed,Attachment #400936                Flags,approval1.9.2?, approval1.9.1.4?, approval1.9.0.15?,
2009-09-17 11:31:49 PDT,dveditz,Flags,blocking1.8.1.next?, wanted1.8.1.x+,
2009-09-17 11:32:22 PDT,dveditz,Attachment #400936                Flags,approval1.9.1.4+, approval1.9.0.15+, approval1.8.1.next?,approval1.9.1.4?, approval1.9.0.15?
2009-09-17 12:20:48 PDT,dsicore,Priority,P1,--
2009-09-17 12:20:48 PDT,dsicore,CC,dsicore,
2009-09-17 12:20:48 PDT,dsicore,Flags,blocking1.9.2+,blocking1.9.2?
2009-09-18 08:14:58 PDT,reed,Attachment #400936                Flags,,approval1.9.2?
2009-09-18 08:31:21 PDT,reed,status1.9.1,.4-fixed,wanted
2009-09-18 08:31:21 PDT,reed,status1.9.2,beta1-fixed,---
2009-09-18 09:16:14 PDT,reed,Attachment #400936                Flags,,approval1.9.0.15+, approval1.8.1.next?
2009-09-18 09:18:24 PDT,reed,Attachment #401451                Flags,review?(crowder), review?(mrbkap),
2009-09-18 10:12:31 PDT,crowderbt,Attachment #401451                Flags,review+,review?(crowder)
2009-09-21 15:10:40 PDT,abillings,CC,abillings,
2009-09-21 15:50:51 PDT,mrbkap,Attachment #401451                Flags,review+,review?(mrbkap)
2009-09-21 17:46:02 PDT,reed,Attachment #401451                Flags,approval1.9.0.15?,
2009-09-21 17:47:42 PDT,dveditz,Attachment #401451                Flags,approval1.9.0.15+,approval1.9.0.15?
2009-09-21 23:16:54 PDT,reed,Keywords,fixed1.9.0.15,
2009-09-23 15:45:46 PDT,dveditz,Flags,blocking1.8.1.next+,blocking1.8.1.next?
2009-09-24 12:09:48 PDT,reed,Status,REOPENED,RESOLVED
2009-09-24 12:09:48 PDT,reed,Resolution,---,FIXED
2009-09-24 12:09:48 PDT,reed,status1.9.1,?,.4-fixed
2009-09-24 12:09:48 PDT,reed,status1.9.2,---,beta1-fixed
2009-09-25 10:57:51 PDT,dveditz,Keywords,,fixed1.9.0.15
2009-09-25 10:57:51 PDT,dveditz,status1.9.1,wanted,?
2009-09-28 14:45:43 PDT,abillings,Keywords,verified1.9.1,
2009-09-28 15:05:19 PDT,reed,Keywords,,verified1.9.1
2009-09-28 19:56:32 PDT,reed,Attachment #403404                Flags,review?(crowder), review?(mrbkap),
2009-10-02 11:24:15 PDT,dveditz,Whiteboard,[needs r=mrbkap or crowder][sg:critical] same issue as 516396 (CVE-2009-1563),[sg:critical] same issue as 516396 (CVE-2009-1563)
2009-10-02 17:28:24 PDT,reed,Attachment #403404                Attachment is obsolete,1,0
2009-10-02 17:28:24 PDT,reed,Attachment #404370                Flags,review?(crowder), review?(mrbkap),
2009-10-02 17:28:24 PDT,reed,Attachment #403404                Flags,,review?(crowder), review?(mrbkap)
2009-10-02 18:43:03 PDT,reed,Attachment #404380                Flags,review?(crowder), review?(mrbkap),
2009-10-02 18:43:03 PDT,reed,Attachment #404370                Flags,,review?(crowder), review?(mrbkap)
2009-10-02 18:43:03 PDT,reed,Attachment #404370                Attachment is obsolete,1,0
2009-10-05 06:56:10 PDT,samuel.sidler+old,CC,samuel.sidler,
2009-10-05 14:19:09 PDT,dveditz,Blocks,520629,
2009-10-05 14:21:23 PDT,dveditz,Keywords,fixed1.9.0.15,
2009-10-05 14:21:23 PDT,dveditz,Status,RESOLVED,REOPENED
2009-10-05 14:21:23 PDT,dveditz,Resolution,FIXED,---
2009-10-05 14:21:23 PDT,dveditz,status1.9.1,.4-fixed,wanted
2009-10-05 14:21:23 PDT,dveditz,status1.9.2,beta1-fixed,---
2009-10-05 14:21:23 PDT,dveditz,Last Resolved,2009-10-05 14:21:23,2009-09-16 23:32:31
2009-10-06 17:11:12 PDT,mrbkap,Attachment #404380                Flags,review+,review?(mrbkap)
2009-10-06 17:18:21 PDT,crowderbt,Attachment #404380                Flags,review+,review?(crowder)
2009-10-07 02:27:57 PDT,reed,Whiteboard,[sg:critical] same issue as 516396 (CVE-2009-1563),[needs r=mrbkap or crowder][sg:critical] same issue as 516396 (CVE-2009-1563)
2009-10-08 13:58:56 PDT,dveditz,Depends on,520629,
2009-10-08 13:58:56 PDT,dveditz,Blocks,,520629
2009-10-08 13:59:54 PDT,dveditz,Depends on,516396,
2009-10-08 14:14:37 PDT,hskupin,Keywords,verified1.9.1,
2009-10-08 14:14:37 PDT,hskupin,Status,VERIFIED,RESOLVED
2009-10-08 14:14:37 PDT,hskupin,CC,hskupin,
2009-10-08 14:14:37 PDT,hskupin,Flags,in-testsuite?,
2009-10-15 01:08:02 PDT,stransky,CC,stransky,
2009-10-15 03:38:05 PDT,reed,Attachment #404380                Attachment is obsolete,1,0
2009-10-15 03:38:05 PDT,reed,Attachment #406420                Flags,review?(crowder), review?(mrbkap),
2009-10-15 03:39:09 PDT,reed,Keywords,,fixed1.9.0.15
2009-10-15 07:20:58 PDT,wtc,Attachment #406420                Flags,review+,
2009-10-15 08:44:18 PDT,crowderbt,Attachment #406420                Flags,review+,review?(crowder)
2009-10-15 08:55:13 PDT,reed,Attachment #406420                Flags,approval1.9.0.15?,review?(mrbkap)
2009-10-15 12:50:42 PDT,samuel.sidler+old,Attachment #406420                Flags,approval1.9.0.15+, approval1.9.0.16+,approval1.9.0.15?
2009-10-15 13:00:53 PDT,reed,Keywords,fixed1.9.0.15,
2009-10-15 13:03:46 PDT,reed,Keywords,fixed1.9.0.16,
2009-10-16 17:10:26 PDT,abillings,Keywords,verified1.9.0.15,fixed1.9.0.15
2009-10-30 00:08:18 PDT,dveditz,Group,,core-security
2009-11-23 10:38:50 PST,abillings,Keywords,verified1.9.0.16,fixed1.9.0.16
2009-12-09 14:08:19 PST,dveditz,Whiteboard,[sg:critical] same issue as 516396 (CVE-2009-0869),[sg:critical] same issue as 516396 (CVE-2009-1563)
2009-12-11 10:47:53 PST,dveditz,Whiteboard,[sg:critical] same issue as 516396 (CVE-2009-0689),[sg:critical] same issue as 516396 (CVE-2009-0869)
2009-12-15 16:04:55 PST,alqahira,CC,alqahira,
2010-02-19 08:54:18 PST,gavin.sharp,Keywords,fixed1.8.1.24,
2010-02-19 08:54:18 PST,gavin.sharp,CC,gavin.sharp,
2010-02-26 17:37:22 PST,abillings,Keywords,verified1.8.1.24,fixed1.8.1.24
2013-03-19 07:29:40 PDT,choller,CC,choller,
2013-03-19 07:29:40 PDT,choller,Flags,in-testsuite-,in-testsuite?
