When,Who,What,Added,Removed
2009-09-15 14:01:43 PDT,mschroeder,Attachment #400856                Flags,review?(philipp),
2009-09-16 05:17:13 PDT,mschroeder,Attachment #400994                Flags,review?(philipp),
2009-09-16 05:21:50 PDT,mschroeder,Summary,Refactor & cleanup mode and calendar view switching + today pane code,Refactor & cleanup mode and calendar view switching
2009-10-02 11:03:16 PDT,philipp,Attachment #400856                Flags,review+,review?(philipp)
2009-10-02 11:26:23 PDT,philipp,Attachment #400994                Flags,review+,review?(philipp)
2009-10-26 05:51:46 PDT,mschroeder,Attachment #400994                Attachment description,[checked in] Patch (2) v1,Patch (2) v1
2009-11-04 08:09:19 PST,mschroeder,Attachment #400856                Attachment is obsolete,1,0
2009-11-04 08:09:19 PST,mschroeder,Attachment #410252                Flags,review?(philipp),
2009-11-04 14:43:45 PST,mschroeder,Attachment #410252                Attachment is obsolete,1,0
2009-11-04 14:43:45 PST,mschroeder,Attachment #410352                Flags,review?(philipp),
2009-11-04 14:43:45 PST,mschroeder,Attachment #410252                Flags,,review?(philipp)
2010-01-12 05:48:16 PST,philipp,Attachment #410352                Attachment description,[medium,test] Patch v3,Patch v3
2010-02-22 12:15:12 PST,philipp,CC,bugmail,
2010-03-01 08:23:27 PST,philipp,Attachment #410352                Flags,review+,review?(philipp)
2010-05-11 12:03:22 PDT,philipp,Whiteboard,[not needed beta][no l10n impact],
2010-05-11 12:03:22 PDT,philipp,Flags,blocking-calendar1.0+,
2010-08-13 12:29:31 PDT,philipp,Whiteboard,[needed beta][no l10n impact],[not needed beta][no l10n impact]
2010-08-29 11:38:44 PDT,philipp,Whiteboard,[needed beta][no l10n impact][needs updated patch],[needed beta][no l10n impact]
2010-12-13 15:12:40 PST,mschroeder,Resolution,FIXED,---
2010-12-13 15:12:40 PST,mschroeder,Last Resolved,2010-12-13 15:12:40,
2010-12-13 15:12:40 PST,mschroeder,Whiteboard,[needed beta][no l10n impact],[needed beta][no l10n impact][needs updated patch]
2010-12-13 15:12:40 PST,mschroeder,Status,RESOLVED,ASSIGNED
2010-12-13 15:12:49 PST,mschroeder,Target Milestone,Trunk,---
2011-02-04 08:23:20 PST,philipp,Target Milestone,1.0b3,Trunk
