When,Who,What,Added,Removed
2009-09-15 18:41:09 PDT,dmandelin,Attachment #400923                Flags,review?(gal),
2009-09-15 18:47:47 PDT,gal,Attachment #400923                Flags,review+,review?(gal)
2009-09-15 18:48:10 PDT,gal,CC,gal,
2009-09-15 19:09:04 PDT,dmandelin,Whiteboard,fixed-in-tracemonkey,
2009-09-16 17:46:27 PDT,mrbkap,Resolution,FIXED,---
2009-09-16 17:46:27 PDT,mrbkap,CC,mrbkap,
2009-09-16 17:46:27 PDT,mrbkap,Last Resolved,2009-09-16 17:46:27,
2009-09-16 17:46:27 PDT,mrbkap,Status,RESOLVED,NEW
2009-10-02 15:48:14 PDT,sayrer,CC,sayrer,
2009-10-02 15:48:14 PDT,sayrer,Flags,wanted1.9.2+,
2009-10-02 15:48:14 PDT,sayrer,status1.9.2,beta1-fixed,---
