When,Who,What,Added,Removed
2009-09-15 20:46:36 PDT,davida,Flags,blocking-thunderbird3?,
2009-09-15 20:48:29 PDT,davida,Status,ASSIGNED,NEW
2009-09-15 20:48:29 PDT,davida,Assignee,david.ascher,nobody
2009-09-15 20:49:46 PDT,davida,CC,ludovic, rebron, roland,
2009-09-16 03:53:11 PDT,mozilla,CC,mozilla,
2009-09-16 05:34:19 PDT,rsx11m.pub,CC,rsx11m.pub,
2009-09-16 05:34:19 PDT,rsx11m.pub,Blocks,508276, 515715,
2009-09-16 08:00:43 PDT,ts.bugzilla,CC,bugs.thomas,
2009-09-16 08:20:53 PDT,bugzilla.spam2,CC,bugzilla.spam2,
2009-09-16 09:19:47 PDT,mkmelin+mozilla,CC,mkmelin+mozilla,
2009-09-16 18:09:35 PDT,jsabash,CC,jsabash,
2009-09-17 08:16:44 PDT,mozilla,CC,temp2000,
2009-09-17 10:30:58 PDT,bugzilla,Whiteboard,[has l10n impact],
2009-09-17 13:03:53 PDT,davida,Flags,blocking-thunderbird3+,blocking-thunderbird3?
2009-09-18 16:59:50 PDT,davida,Attachment #401571                Flags,review?(philringnalda), ui-review?(clarkbw),
2009-09-18 16:59:50 PDT,davida,Attachment #400939                Attachment is obsolete,1,0
2009-09-18 16:59:50 PDT,davida,Attachment #400940                Attachment is obsolete,1,0
2009-09-24 17:28:25 PDT,davida,Attachment #401571                Attachment is obsolete,1,0
2009-09-24 17:28:25 PDT,davida,Attachment #402725                Flags,review?(philringnalda), ui-review?(clarkbw),
2009-09-24 17:28:25 PDT,davida,Attachment #401571                Flags,,review?(philringnalda), ui-review?(clarkbw)
2009-09-24 17:29:37 PDT,davida,Attachment #401572                Attachment is obsolete,1,0
2009-09-24 21:09:48 PDT,davida,CC,gozer,
2009-09-25 00:24:37 PDT,davida,Depends on,518769,
2009-09-25 00:28:50 PDT,reed,CC,reed,
2009-09-25 00:42:54 PDT,davida,Attachment #402725                Attachment is obsolete,1,0
2009-09-25 00:42:54 PDT,davida,Attachment #402772                Attachment is obsolete,1,0
2009-09-25 00:42:54 PDT,davida,Attachment #402725                Flags,,review?(philringnalda), ui-review?(clarkbw)
2009-09-25 13:18:53 PDT,davida,Attachment #402911                Flags,review?(philringnalda), ui-review?(clarkbw),
2009-09-25 13:18:53 PDT,davida,Attachment #402785                Attachment is obsolete,1,0
2009-09-25 14:03:04 PDT,davida,Whiteboard,[has l10n impact][needs ui-review clarkbw review philor],[has l10n impact]
2009-09-25 16:35:09 PDT,clarkbw,Attachment #402911                Flags,ui-review+,ui-review?(clarkbw)
2009-09-25 22:21:14 PDT,philringnalda,Whiteboard,[has l10n impact][needs review philor],[has l10n impact][needs ui-review clarkbw review philor]
2009-09-25 22:21:14 PDT,philringnalda,CC,thunderbird,
2009-09-26 09:54:27 PDT,tanstaafl,CC,tanstaafl_bh,
2009-09-27 23:09:18 PDT,philringnalda,Attachment #402727                Attachment is obsolete,1,0
2009-09-27 23:09:18 PDT,philringnalda,Attachment #402748                Attachment is obsolete,1,0
2009-09-27 23:09:18 PDT,philringnalda,Attachment #402911                Attachment is obsolete,1,0
2009-09-27 23:09:18 PDT,philringnalda,Attachment #403190                Flags,review+,
2009-09-27 23:09:18 PDT,philringnalda,Attachment #402911                Flags,,review?(philringnalda)
2009-09-27 23:10:53 PDT,philringnalda,Attachment #403190                Flags,review?(bugzilla),
2009-09-27 23:55:19 PDT,philringnalda,Whiteboard,[has l10n impact][needs review Standard8],[has l10n impact][needs review philor]
2009-09-28 08:19:01 PDT,standard8,Whiteboard,[has l10n impact][needs minor changes to patch],[has l10n impact][needs review Standard8]
2009-09-28 22:20:31 PDT,davida,Attachment #403190                Attachment is obsolete,1,0
2009-09-28 22:20:31 PDT,davida,Attachment #403428                Flags,review?(bugzilla), ui-review+,
2009-09-28 22:20:31 PDT,davida,Attachment #403190                Flags,,review?(bugzilla)
2009-09-29 02:52:29 PDT,standard8,Attachment #403428                Attachment description,[checked in] addressing upgrade issues,addressing upgrade issues
2009-09-29 02:52:29 PDT,standard8,Attachment #403428                Flags,review+,review?(bugzilla)
2009-09-29 02:53:03 PDT,standard8,Whiteboard,[no l10n impact][strings + bulk landed][minor fixes remain],[has l10n impact][needs minor changes to patch]
2009-09-29 02:53:03 PDT,standard8,Assignee,bugzilla,david.ascher
2009-09-29 06:54:24 PDT,standard8,Attachment #403475                Flags,review?(david.ascher),
2009-09-29 07:04:56 PDT,standard8,Whiteboard,[no l10n impact][strings + bulk landed][minor fixes needs review davida],[no l10n impact][strings + bulk landed][minor fixes remain]
2009-09-29 09:18:57 PDT,davida,Attachment #403475                Flags,review+,review?(david.ascher)
2009-09-29 09:23:31 PDT,pcvrcek,CC,pcvrcek,
2009-09-29 10:36:30 PDT,davida,Whiteboard,[no l10n impact][strings + bulk landed][minor fix needs landing],[no l10n impact][strings + bulk landed][minor fixes needs review davida]
2009-09-29 10:39:39 PDT,bwinton,CC,bwinton,
2009-09-29 14:08:34 PDT,standard8,Attachment #403475                Attachment description,[checked in] Remove find bar on chrome tabs,Remove find bar on chrome tabs
2009-09-29 14:10:06 PDT,standard8,Whiteboard,[no l10n impact][strings + bulk landed][needs toolbar labelalign=end patch],[no l10n impact][strings + bulk landed][minor fix needs landing]
2009-09-29 14:10:06 PDT,standard8,Assignee,david.ascher,bugzilla
2009-09-30 13:21:41 PDT,davida,Attachment #403428                Attachment is obsolete,1,0
2009-09-30 13:21:41 PDT,davida,Attachment #403475                Attachment is obsolete,1,0
2009-10-02 12:36:06 PDT,philringnalda,CC,estellnb,
2009-10-03 17:51:55 PDT,pardal,CC,pardal,
2009-10-05 14:28:37 PDT,bugs,CC,nisses.mail,
2009-10-06 09:46:11 PDT,davida,Assignee,bwinton,david.ascher
2009-10-13 10:13:04 PDT,dmose,Priority,P2,--
2009-10-13 10:13:04 PDT,dmose,CC,dmose,
2009-10-13 10:56:24 PDT,bwinton,Attachment #403850                Flags,review?(philringnalda), ui-review?(clarkbw),
2009-10-13 10:57:13 PDT,bwinton,Whiteboard,[no l10n impact][strings + bulk landed][patch up, needs r/ui-r][might need another toolbar labelalign=end patch],[no l10n impact][strings + bulk landed][needs toolbar labelalign=end patch]
2009-10-13 21:26:19 PDT,clarkbw,Attachment #403850                Flags,ui-review+,ui-review?(clarkbw)
2009-10-14 12:53:18 PDT,bwinton,Whiteboard,[no l10n impact][strings + bulk landed][patch up, needs r][might need another toolbar labelalign=end patch],[no l10n impact][strings + bulk landed][patch up, needs r/ui-r][might need another toolbar labelalign=end patch]
2009-10-16 10:28:26 PDT,mozilla,CC,bienvenu,
2009-10-16 10:28:26 PDT,mozilla,Whiteboard,[no l10n impact][strings + bulk landed][patch up, needs r philor][might need another toolbar labelalign=end patch],[no l10n impact][strings + bulk landed][patch up, needs r][might need another toolbar labelalign=end patch]
2009-10-16 22:14:36 PDT,philringnalda,Attachment #403850                Flags,review-,review?(philringnalda)
2009-10-17 08:17:11 PDT,jsabash,Blocks,522875,
2009-10-17 18:49:46 PDT,philringnalda,Whiteboard,[no l10n impact][strings + bulk landed][needs updated labelalign patch][might need another toolbar labelalign=end patch],[no l10n impact][strings + bulk landed][patch up, needs r philor][might need another toolbar labelalign=end patch]
2009-10-18 10:12:02 PDT,davida,Attachment #403428                Attachment is obsolete,0,1
2009-10-18 10:12:07 PDT,davida,Attachment #403475                Attachment is obsolete,0,1
2009-10-19 07:47:27 PDT,bwinton,Attachment #403850                Attachment is obsolete,1,0
2009-10-19 07:47:27 PDT,bwinton,Attachment #407032                Flags,review?(philringnalda),
2009-10-19 08:02:12 PDT,bwinton,Whiteboard,[no l10n impact][strings + bulk landed][patch up, needs r philor][might need another toolbar labelalign=end patch],[no l10n impact][strings + bulk landed][needs updated labelalign patch][might need another toolbar labelalign=end patch]
2009-10-19 15:06:45 PDT,philringnalda,Attachment #407032                Flags,review+,review?(philringnalda)
2009-10-19 15:31:15 PDT,philringnalda,Attachment #407032                Attachment description,[checked in] The previous patch, with fewer XXXs, and more ifdefs.,The previous patch, with fewer XXXs, and more ifdefs.
2009-10-19 15:32:02 PDT,philringnalda,Whiteboard,[no l10n impact],[no l10n impact][strings + bulk landed][patch up, needs r philor][might need another toolbar labelalign=end patch]
2009-10-19 15:32:02 PDT,philringnalda,Status,RESOLVED,ASSIGNED
2009-10-19 15:32:02 PDT,philringnalda,Resolution,FIXED,---
2009-10-19 15:32:02 PDT,philringnalda,Last Resolved,2009-10-19 15:32:02,
2009-10-20 02:07:00 PDT,estellnb,CC,,estellnb
2009-12-11 12:09:24 PST,ludovic,CC,jdsmet,
2009-12-14 05:46:15 PST,vseerror,CC,vseerror,
