When,Who,What,Added,Removed
2009-09-19 09:32:22 PDT,wildsage2,CC,wildsage2,
2009-09-20 03:01:17 PDT,naginenis,CC,naginenis,
2009-09-20 15:52:43 PDT,kairo,Product,Tech Evangelism,SeaMonkey
2009-09-20 15:52:43 PDT,kairo,Component,Other,General
2009-09-20 15:52:43 PDT,kairo,Assignee,other,nobody
2009-09-20 15:52:43 PDT,kairo,QA Contact,other,general
2009-09-20 15:52:43 PDT,kairo,CC,kairo,
2009-09-20 18:41:10 PDT,bugzilla-graveyard,Hardware,All,x86
2009-09-20 18:41:10 PDT,bugzilla-graveyard,OS,All,Windows XP
2009-09-20 18:41:10 PDT,bugzilla-graveyard,CC,cl-bugs-new, ishermandom+bugs,
2009-09-22 06:18:13 PDT,bugzilla-graveyard,CC,duredky,
2009-10-03 12:58:39 PDT,pbscompany,CC,pbscompany,
2009-10-15 08:43:26 PDT,bugzilla-graveyard,CC,topgunscooter,
2009-10-15 08:46:16 PDT,bugzilla-graveyard,Status,ASSIGNED,UNCONFIRMED
2009-10-15 08:46:16 PDT,bugzilla-graveyard,Assignee,ishermandom+bugs,other
2009-10-15 08:46:16 PDT,bugzilla-graveyard,Ever confirmed,1,0
2009-10-23 09:49:40 PDT,tds,CC,tds,
2009-10-31 14:54:21 PDT,gwalla,CC,gwalla,
2009-10-31 23:44:43 PDT,bugzilla-graveyard,CC,vlashua,
2009-12-23 09:40:01 PST,psychonaut,CC,psychonaut,
2010-09-10 08:26:12 PDT,astrand,CC,astrand,
2011-01-10 13:10:56 PST,gwalla,Last Resolved,2011-01-10 13:10:56,
2011-01-10 13:10:56 PST,gwalla,Status,RESOLVED,ASSIGNED
2011-01-10 13:10:56 PST,gwalla,Resolution,WORKSFORME,---
2011-01-10 15:25:38 PST,bugzilla-graveyard,Resolution,FIXED,WORKSFORME
2015-04-19 23:46:32 PDT,nobody,Product,Tech Evangelism Graveyard,Tech Evangelism
