When,Who,What,Added,Removed
2009-09-15 15:39:41 PDT,phong,Attachment #400888                Attachment mime type,text/plain,application/octet-stream
2009-09-15 15:41:10 PDT,phong,Status,RESOLVED,NEW
2009-09-15 15:41:10 PDT,phong,Resolution,FIXED,---
2009-09-15 15:41:10 PDT,phong,Assignee,phong,server-ops
2009-09-15 15:41:10 PDT,phong,CC,phong,
2009-09-15 15:41:10 PDT,phong,Last Resolved,2009-09-15 15:41:10,
2014-10-28 08:18:24 PDT,nobody,Product,Infrastructure & Operations,mozilla.org
2015-08-17 11:35:50 PDT,nobody,Product,Infrastructure & Operations Graveyard,Infrastructure & Operations
