When,Who,What,Added,Removed
2009-09-15 17:42:03 PDT,dmandelin,CC,dmandelin,
2009-09-15 17:58:05 PDT,ryanvm,CC,ryanvm,
2009-10-09 15:46:05 PDT,brendan,Status,ASSIGNED,NEW
2009-10-09 15:46:05 PDT,brendan,Assignee,brendan,general
2009-10-09 15:46:21 PDT,brendan,CC,igor, mrbkap,
2009-10-09 15:46:37 PDT,brendan,OS,All,Mac OS X
2009-10-09 15:46:37 PDT,brendan,Priority,P3,--
2009-10-09 15:46:37 PDT,brendan,Hardware,All,x86
2009-10-14 16:40:01 PDT,brendan,Attachment #405581                Attachment is obsolete,1,0
2009-10-14 16:40:01 PDT,brendan,Attachment #406343                Flags,review?(igor),
2009-10-14 16:41:14 PDT,brendan,CC,sayrer,
2009-10-15 10:24:20 PDT,igor,Attachment #406343                Flags,review+,review?(igor)
2009-10-15 12:27:12 PDT,brendan,Whiteboard,fixed-in-tracemonkey,
2009-10-15 12:27:12 PDT,brendan,Flags,wanted1.9.2?,
2009-10-15 12:30:28 PDT,brendan,Attachment #406343                Attachment is obsolete,1,0
2009-10-15 12:30:28 PDT,brendan,Attachment #406509                Flags,review?(igor),
2009-10-16 14:46:06 PDT,brendan,Whiteboard,,fixed-in-tracemonkey
2009-10-16 18:12:50 PDT,brendan,Attachment #406509                Attachment is obsolete,1,0
2009-10-16 18:12:50 PDT,brendan,Attachment #406829                Flags,review?(igor),
2009-10-16 18:12:50 PDT,brendan,Attachment #406509                Flags,,review?(igor)
2009-10-16 20:13:30 PDT,brendan,Attachment #406829                Attachment is obsolete,1,0
2009-10-16 20:13:30 PDT,brendan,Attachment #406835                Flags,review?(igor),
2009-10-16 20:13:30 PDT,brendan,Attachment #406829                Flags,,review?(igor)
2009-10-17 04:09:13 PDT,igor,Attachment #406835                Flags,review+,review?(igor)
2009-10-17 13:42:45 PDT,brendan,Attachment #406835                Attachment is obsolete,1,0
2009-10-17 13:42:45 PDT,brendan,Attachment #406883                Flags,review?(igor),
2009-10-17 14:20:57 PDT,brendan,Attachment #406883                Attachment is obsolete,1,0
2009-10-17 14:20:57 PDT,brendan,Attachment #406885                Flags,review?(igor),
2009-10-17 14:20:57 PDT,brendan,Attachment #406883                Flags,,review?(igor)
2009-10-18 12:51:56 PDT,igor,Attachment #406885                Flags,review+,review?(igor)
2009-10-18 17:42:14 PDT,brendan,Whiteboard,fixed-in-tracemonkey,
2009-10-19 23:17:06 PDT,gary,Depends on,523284,
2009-10-19 23:36:45 PDT,gary,Depends on,523280,
2009-10-21 11:38:27 PDT,brendan,CC,dvander,
2009-10-29 14:14:47 PDT,sayrer,Status,RESOLVED,ASSIGNED
2009-10-29 14:14:47 PDT,sayrer,Resolution,FIXED,---
2009-10-29 14:14:47 PDT,sayrer,Last Resolved,2009-10-29 14:14:47,
2009-11-01 17:19:11 PST,hskupin,Depends on,525481,
2009-11-01 17:20:41 PST,hskupin,CC,hskupin,
2009-11-01 17:20:41 PST,hskupin,Target Milestone,mozilla1.9.3a1,---
2009-11-17 06:03:41 PST,sayrer,Flags,wanted1.9.2-,wanted1.9.2?
2010-05-23 23:37:46 PDT,gary,Depends on,567577,
2010-06-15 15:56:34 PDT,jwalden+bmo,Depends on,572232,
