When,Who,What,Added,Removed
2009-09-15 23:21:45 PDT,gal,CC,dvander, gal,
2009-09-16 00:05:24 PDT,jwalden+bmo,CC,jwalden+bmo,
2009-09-16 00:20:16 PDT,mrbkap,Attachment #400961                Flags,review?(jwalden+bmo),
2009-09-16 00:20:16 PDT,mrbkap,Status,ASSIGNED,NEW
2009-09-16 00:20:16 PDT,mrbkap,Assignee,mrbkap,general
2009-09-16 00:24:27 PDT,jwalden+bmo,Attachment #400961                Flags,review+,review?(jwalden+bmo)
2009-09-16 00:52:03 PDT,mrbkap,Whiteboard,fixed-in-tracemonkey,
2009-09-16 00:52:03 PDT,mrbkap,Target Milestone,mozilla1.9.3a1,---
2009-09-16 15:18:39 PDT,mrbkap,Depends on,517041,
2009-09-16 15:22:52 PDT,mrbkap,Flags,in-testsuite?,
2009-09-16 17:46:50 PDT,mrbkap,Status,RESOLVED,ASSIGNED
2009-09-16 17:46:50 PDT,mrbkap,Resolution,FIXED,---
2009-09-16 17:46:50 PDT,mrbkap,Last Resolved,2009-09-16 17:46:50,
2009-09-22 10:39:31 PDT,dveditz,CC,dveditz,
2009-10-02 15:49:01 PDT,sayrer,Flags,wanted1.9.2+,
2009-10-02 15:49:01 PDT,sayrer,status1.9.2,beta1-fixed,---
2009-10-02 15:49:01 PDT,sayrer,CC,sayrer,
2009-10-05 06:57:25 PDT,samuel.sidler+old,CC,samuel.sidler,
2011-06-13 10:01:48 PDT,nobody,Crash Signature,[@ GetGCThingFlags][@ JS_CallTracer],
2011-09-26 23:33:52 PDT,dveditz,Group,,core-security
2013-01-19 13:52:55 PST,choller,CC,choller,
2013-01-19 13:52:55 PST,choller,Flags,in-testsuite+,in-testsuite?
