When,Who,What,Added,Removed
2009-09-16 00:39:38 PDT,n.nethercote,Depends on,516909,
2009-09-16 18:23:41 PDT,dvander,Status,ASSIGNED,NEW
2009-09-16 18:23:41 PDT,dvander,Assignee,dvander,general
2009-09-16 18:23:41 PDT,dvander,Attachment #401145                Flags,review?(nnethercote),
2009-09-16 23:25:51 PDT,n.nethercote,Attachment #401145                Flags,review+,review?(nnethercote)
2009-09-17 14:33:37 PDT,dvander,Whiteboard,fixed-in-tracemonkey,
2009-09-23 18:22:33 PDT,rreitmai,Blocks,518488,
2009-09-29 15:01:43 PDT,sayrer,Status,RESOLVED,ASSIGNED
2009-09-29 15:01:43 PDT,sayrer,Resolution,FIXED,---
2009-09-29 15:01:43 PDT,sayrer,CC,sayrer,
2009-09-29 15:01:43 PDT,sayrer,Last Resolved,2009-09-29 15:01:43,
2009-10-09 20:47:50 PDT,sayrer,Flags,wanted1.9.2+,
2009-10-09 20:47:50 PDT,sayrer,status1.9.2,beta1-fixed,---
