When,Who,What,Added,Removed
2009-09-28 20:21:57 PDT,bmo2010,URL,https://mobile.support-stage.mozilla.org/en-US/kb/How+to+navigate+Web+pages?bl=n,
2009-11-11 00:26:21 PST,bmo2010,URL,https://mobile.support.mozilla.com/en-US/kb/How+to+navigate+Web+pages,https://mobile.support-stage.mozilla.org/en-US/kb/How+to+navigate+Web+pages?bl=n
2009-11-11 00:26:21 PST,bmo2010,Status,RESOLVED,NEW
2009-11-11 00:26:21 PST,bmo2010,Resolution,FIXED,---
2009-11-11 00:26:21 PST,bmo2010,Last Resolved,2009-11-11 00:26:21,
