When,Who,What,Added,Removed
2009-09-15 15:54:45 PDT,anodelman,Attachment #400894                Flags,review?(bhearsum),
2009-09-16 07:31:24 PDT,bhearsum,Attachment #400894                Flags,review+,review?(bhearsum)
2009-09-16 10:11:08 PDT,bhearsum,CC,ted.mielczarek,
2009-09-17 07:44:55 PDT,bhearsum,Attachment #400894                Flags,review-,review+
2009-09-17 10:57:32 PDT,anodelman,Attachment #400894                Attachment is obsolete,1,0
2009-09-17 10:57:32 PDT,anodelman,Attachment #401236                Flags,review?(bhearsum),
2009-09-17 12:52:44 PDT,bhearsum,Attachment #401236                Flags,review+,review?(bhearsum)
2009-09-24 05:58:12 PDT,catlee,Attachment #401236                Flags,checked-in+,
2009-09-30 15:05:16 PDT,anodelman,Status,RESOLVED,NEW
2009-09-30 15:05:16 PDT,anodelman,Resolution,FIXED,---
2009-09-30 15:05:16 PDT,anodelman,Last Resolved,2009-09-30 15:05:16,
2013-08-12 21:54:08 PDT,nobody,Product,Release Engineering,mozilla.org
