When,Who,What,Added,Removed
2009-09-28 20:24:36 PDT,bmo2010,URL,https://mobile.support-stage.mozilla.org/en-US/kb/How+to+use+the+Location+Bar?bl=n,
2009-09-28 20:24:36 PDT,bmo2010,Summary,[Fennec] How to use the Location Bar,[Fennec] How to use the Location bar
2009-11-11 00:29:41 PST,bmo2010,Resolution,FIXED,---
2009-11-11 00:29:41 PST,bmo2010,Last Resolved,2009-11-11 00:29:41,
2009-11-11 00:29:41 PST,bmo2010,URL,https://mobile.support.mozilla.com/en-US/kb/How+to+use+the+Location+Bar,https://mobile.support-stage.mozilla.org/en-US/kb/How+to+use+the+Location+Bar?bl=n
2009-11-11 00:29:41 PST,bmo2010,Status,RESOLVED,NEW
