When,Who,What,Added,Removed
2009-09-15 16:42:21 PDT,sean,Status,ASSIGNED,NEW
2009-09-16 13:37:04 PDT,sean,Whiteboard,Shipped,
2009-09-17 12:55:00 PDT,sean,Whiteboard,,Shipped
2009-09-18 10:05:47 PDT,sean,Whiteboard,Waiting on loaner return,
2009-10-07 13:52:07 PDT,sean,Whiteboard,Waiting on loaner return (ETA 10/9),Waiting on loaner return
2009-10-09 14:44:46 PDT,sean,Whiteboard,,Waiting on loaner return (ETA 10/9)
2009-10-09 14:44:46 PDT,sean,Status,RESOLVED,ASSIGNED
2009-10-09 14:44:46 PDT,sean,Resolution,FIXED,---
2009-10-09 14:44:46 PDT,sean,Last Resolved,2009-10-09 14:44:46,
2014-10-28 07:42:24 PDT,nobody,Product,Infrastructure & Operations,mozilla.org
