When,Who,What,Added,Removed
2009-09-15 21:02:54 PDT,nirvn.asia,Version,1.9.2 Branch,unspecified
2009-09-16 03:15:04 PDT,ria.klaassen,CC,roc,
2009-09-16 09:35:40 PDT,xtc4uall,CC,xtc4uall,
2009-09-16 14:40:09 PDT,roc,Flags,blocking1.9.2?,
2009-09-22 11:59:54 PDT,roc,Assignee,roc,nobody
2009-09-22 14:51:33 PDT,roc,Priority,P2,--
2009-09-22 14:51:33 PDT,roc,Flags,blocking1.9.2+,blocking1.9.2?
2009-09-28 23:05:45 PDT,phiw2,CC,phiw,
2009-10-04 14:50:59 PDT,alex,CC,alex,
2009-10-05 19:22:22 PDT,roc,Attachment #404752                Flags,review?(dbaron),
2009-10-05 19:22:37 PDT,roc,Whiteboard,[needs review],
2009-10-06 08:56:27 PDT,alex,Status,NEW,UNCONFIRMED
2009-10-06 08:56:27 PDT,alex,Ever confirmed,1,0
2009-10-15 14:22:05 PDT,roc,Blocks,522551,
2009-10-15 17:40:41 PDT,mstange,CC,mstange,
2009-10-16 13:50:42 PDT,roc,Blocks,522747,
2009-10-22 14:29:07 PDT,roc,Blocks,523911,
2009-10-23 08:25:18 PDT,dbaron,Attachment #404752                Flags,review+,review?(dbaron)
2009-10-23 13:37:11 PDT,roc,Whiteboard,[needs landing],[needs review]
2009-10-25 09:26:25 PDT,highmind63,CC,highmind63,
2009-10-27 11:59:49 PDT,roc,Whiteboard,[needs 192 landing],[needs landing]
2009-10-27 11:59:49 PDT,roc,Status,RESOLVED,NEW
2009-10-27 11:59:49 PDT,roc,Resolution,FIXED,---
2009-10-27 11:59:49 PDT,roc,Flags,in-testsuite+,
2009-10-27 11:59:49 PDT,roc,Last Resolved,2009-10-27 11:59:49,
2009-10-29 14:25:35 PDT,roc,Attachment #409183                Flags,review?(dbaron),
2009-10-29 17:38:49 PDT,jruderman,Depends on,525375,
2009-11-05 03:15:50 PST,roc,Whiteboard,,[needs 192 landing]
2009-11-05 03:15:50 PST,roc,status1.9.2,final-fixed,---
2009-11-18 14:21:54 PST,dbaron,Attachment #409183                Flags,review+,review?(dbaron)
2009-11-18 14:52:44 PST,roc,Whiteboard,[needs 192 landing][sg:critical?],
2009-11-18 16:15:56 PST,roc,Whiteboard,[needs landing][sg:critical?],[needs 192 landing][sg:critical?]
2010-01-06 17:03:21 PST,roc,Whiteboard,[sg:critical?],[needs landing][sg:critical?]
2011-04-14 18:38:18 PDT,dveditz,status1.9.1,unaffected,---
