When,Who,What,Added,Removed
2009-09-15 14:16:09 PDT,wclouser,Attachment #400860                Flags,review?(jbalogh),
2009-09-15 15:34:50 PDT,mozilla,Attachment #400860                Flags,review+,review?(jbalogh)
2009-09-16 01:56:11 PDT,fwenzel,CC,fwenzel,
2009-09-17 15:58:50 PDT,wclouser,Status,RESOLVED,NEW
2009-09-17 15:58:50 PDT,wclouser,Resolution,FIXED,---
2009-09-17 15:58:50 PDT,wclouser,Last Resolved,2009-09-17 15:58:50,
2009-09-28 12:11:03 PDT,vish.mozilla,Status,VERIFIED,RESOLVED
2009-09-28 12:11:03 PDT,vish.mozilla,CC,vish.mozilla,
