When,Who,What,Added,Removed
2009-09-15 20:36:12 PDT,mstange,CC,mstange,
2009-09-16 08:01:36 PDT,ria.klaassen,CC,ria.klaassen,
2009-09-16 08:38:10 PDT,enndeakin,Status,ASSIGNED,NEW
2009-09-16 08:38:10 PDT,enndeakin,Assignee,enndeakin,nobody
2009-09-16 08:42:09 PDT,xtc4uall,CC,xtc4uall,
2009-09-16 13:51:47 PDT,enndeakin,Attachment #401031                Attachment is obsolete,1,0
2009-09-16 13:51:47 PDT,enndeakin,Attachment #401090                Flags,review?(roc),
2009-09-16 15:25:31 PDT,roc,Attachment #401090                Flags,review+,review?(roc)
2009-09-16 16:09:56 PDT,jwalden+bmo,CC,jwalden+bmo,
2009-09-17 10:00:46 PDT,enndeakin,Last Resolved,2009-09-17 10:00:46,
2009-09-17 10:00:46 PDT,enndeakin,Status,RESOLVED,ASSIGNED
2009-09-17 10:00:46 PDT,enndeakin,Resolution,FIXED,---
2010-02-10 08:00:56 PST,enndeakin,Flags,in-testsuite+,
2010-02-16 17:27:40 PST,dholbert,Depends on,546533,
2010-02-16 21:52:25 PST,wormsxulla,CC,wormsxulla,
