When,Who,What,Added,Removed
2009-10-01 05:30:04 PDT,ludovic,CC,ludovic,
2009-10-05 04:05:13 PDT,ludovic,CC,mkmelin+mozilla,
2009-10-05 09:58:30 PDT,mkmelin+mozilla,Ever confirmed,1,0
2009-10-05 09:58:30 PDT,mkmelin+mozilla,Summary,Using stars for NEW messages and starred messages is confusing.,Using stars for new messages and starred messages is confusing.
2009-10-05 09:58:30 PDT,mkmelin+mozilla,Status,NEW,UNCONFIRMED
2009-10-05 09:58:30 PDT,mkmelin+mozilla,CC,nisses.mail,
2009-10-05 13:46:12 PDT,bugs,CC,clarkbw,
2009-10-05 13:47:53 PDT,bugs,Assignee,nisses.mail,nobody
2009-10-16 12:36:45 PDT,mlissner+bugzilla,Flags,blocking-thunderbird3?,
2009-10-19 11:03:53 PDT,philringnalda,CC,philringnalda,
2009-10-19 13:46:23 PDT,bugs,Attachment #407038                Attachment is obsolete,1,0
2009-10-19 16:32:57 PDT,ben.bucksch,CC,ben.bucksch,
2009-10-20 01:54:58 PDT,bugs,Attachment #407245                Flags,review?(philringnalda), ui-review?(clarkbw),
2009-10-20 09:08:42 PDT,dmose,CC,dmose,
2009-10-20 09:08:42 PDT,dmose,Flags,blocking-thunderbird3+,blocking-thunderbird3?
2009-10-21 03:24:24 PDT,bugzilla,Whiteboard,[no l10n impact],
2009-10-21 09:13:15 PDT,clarkbw,Attachment #407245                Flags,ui-review+,ui-review?(clarkbw)
2009-10-21 23:13:38 PDT,philringnalda,Attachment #407245                Flags,review+,review?(philringnalda)
2009-10-21 23:14:10 PDT,philringnalda,Keywords,checkin-needed,
2009-10-21 23:14:10 PDT,philringnalda,Version,Trunk,unspecified
2009-10-21 23:14:10 PDT,philringnalda,Target Milestone,Thunderbird 3.0rc1,---
2009-10-21 23:14:10 PDT,philringnalda,Flags,in-testsuite-,
2009-10-22 01:04:09 PDT,standard8,Keywords,,checkin-needed
2009-10-22 01:04:09 PDT,standard8,Status,RESOLVED,NEW
2009-10-22 01:04:09 PDT,standard8,Resolution,FIXED,---
2009-10-22 01:04:09 PDT,standard8,Last Resolved,2009-10-22 01:04:09,
