When,Who,What,Added,Removed
2009-09-15 20:04:02 PDT,bmo2010,Depends on,516866,
2009-09-15 20:05:48 PDT,bmo2010,Depends on,516867,
2009-09-15 20:06:41 PDT,mark.finkle,CC,mark.finkle,
2009-09-15 20:11:15 PDT,bmo2010,Depends on,516869,
2009-09-15 20:13:25 PDT,bmo2010,Depends on,516870,
2009-09-15 20:15:43 PDT,bmo2010,Depends on,516871,
2009-09-15 20:16:49 PDT,bmo2010,Depends on,516872,
2009-09-15 20:20:18 PDT,bmo2010,Depends on,516874,
2009-09-15 20:22:44 PDT,bmo2010,Depends on,516875,
2009-09-15 20:24:29 PDT,bmo2010,Depends on,516876,
2009-09-15 20:26:02 PDT,bmo2010,Depends on,516877,
2009-09-15 20:27:37 PDT,bmo2010,Depends on,516878,
2009-09-25 05:27:13 PDT,djst,CC,clooney, djst,
2009-11-11 12:24:37 PST,madhava,CC,madhava,
2009-12-02 20:55:09 PST,bmo2010,Status,RESOLVED,NEW
2009-12-02 20:55:09 PST,bmo2010,Resolution,FIXED,---
2009-12-02 20:55:09 PST,bmo2010,Last Resolved,2009-12-02 20:55:09,
