When,Who,What,Added,Removed
2009-09-15 16:07:32 PDT,dolske,Flags,blocking-firefox3.6?,
2009-09-15 16:10:16 PDT,dolske,Whiteboard,[nv],
2009-09-15 16:10:16 PDT,dolske,CC,,reed
2009-09-23 10:43:32 PDT,mbeltzner,Priority,P2,--
2009-09-23 10:43:32 PDT,mbeltzner,Flags,blocking-firefox3.6+,blocking-firefox3.6?
2009-10-27 14:27:46 PDT,dolske,Priority,P1,P2
2009-10-27 14:28:56 PDT,stephen.donner,CC,stephen.donner,
2009-10-27 14:28:56 PDT,stephen.donner,Group,,mozilla-corporation-confidential
2009-10-27 14:28:56 PDT,stephen.donner,Product,addons.mozilla.org,Websites
2009-10-27 14:28:56 PDT,stephen.donner,Component,Plugins,www.mozilla.com
2009-10-27 14:28:56 PDT,stephen.donner,QA Contact,plugin-listings,www-mozilla-com
2009-11-02 13:30:51 PST,morgamic,CC,morgamic,
2009-11-02 13:30:59 PST,morgamic,Assignee,morgamic,nobody
2009-11-11 20:03:53 PST,dolske,Severity,blocker,normal
2009-11-11 20:03:53 PST,dolske,CC,beltzner,
2009-11-11 20:23:11 PST,samuel.sidler+old,CC,samuel.sidler,
2009-11-11 20:36:16 PST,morgamic,Attachment #411882                Flags,review?(dolske),
2009-11-11 20:37:34 PST,morgamic,Attachment #411882                Attachment is obsolete,1,0
2009-11-11 20:37:34 PST,morgamic,Attachment #411883                Flags,review?(dolske),
2009-11-11 20:37:34 PST,morgamic,Attachment #411882                Flags,,review?(dolske)
2009-11-11 20:55:01 PST,dolske,Attachment #411883                Flags,review+,review?(dolske)
2009-11-11 20:55:59 PST,morgamic,Last Resolved,2009-11-11 20:55:59,
2009-11-11 20:55:59 PST,morgamic,Status,RESOLVED,NEW
2009-11-11 20:55:59 PST,morgamic,Resolution,FIXED,---
2009-12-01 06:53:13 PST,gavin.sharp,CC,gavin.sharp,
2009-12-01 06:53:13 PST,gavin.sharp,status1.9.2,beta3-fixed,---
2009-12-15 10:14:05 PST,stephen.donner,CC,marcia,
