When,Who,What,Added,Removed
2009-09-16 04:44:59 PDT,kairo,CC,kairo,
2009-09-16 04:44:59 PDT,kairo,Depends on,516453,
2009-09-16 08:15:09 PDT,philip.chee,Status,ASSIGNED,NEW
2009-09-16 08:15:09 PDT,philip.chee,Assignee,philip.chee,nobody
2009-09-16 08:18:06 PDT,bugzilla.spam2,CC,bugzilla.spam2,
2009-09-16 08:23:44 PDT,philip.chee,Attachment #401024                Flags,review?(philipp),
2009-09-17 20:55:33 PDT,stevew,CC,stevew,
2009-09-19 07:03:28 PDT,iann_bugzilla,CC,iann_bugzilla,
2009-09-19 09:29:25 PDT,dominique,CC,dominique,
2009-09-19 12:08:09 PDT,mnyromyr,CC,mnyromyr,
2009-09-19 17:47:19 PDT,vvduma,CC,vvduma,
2009-09-21 01:59:34 PDT,raj,CC,raj,
2009-09-29 01:56:23 PDT,philip.chee,Attachment #401024                Flags,review?(mschroeder),review?(philipp)
2009-10-04 01:23:42 PDT,mschroeder,Attachment #401024                Flags,review-,review?(mschroeder)
2009-10-11 10:46:16 PDT,philip.chee,Attachment #401024                Attachment is obsolete,1,0
2009-10-11 10:46:16 PDT,philip.chee,Attachment #405777                Flags,review?(mschroeder),
2009-10-11 10:58:03 PDT,iann_bugzilla,Attachment #405778                Flags,review?(neil),
2009-10-11 11:51:11 PDT,neil,Attachment #405778                Flags,review+,review?(neil)
2009-10-11 11:52:39 PDT,neil,Product,SeaMonkey,Calendar
2009-10-11 11:52:39 PDT,neil,Component,MailNews: General,Lightning: SeaMonkey Integration
2009-10-11 11:52:39 PDT,neil,Assignee,iann_bugzilla,philip.chee
2009-10-11 11:52:39 PDT,neil,QA Contact,mail,lightning-seamonkey
2009-10-11 11:57:15 PDT,iann_bugzilla,Attachment #405778                Flags,superreview?(neil), approval-seamonkey2.0?,
2009-10-11 12:08:09 PDT,neil,Attachment #405778                Flags,superreview+,superreview?(neil)
2009-10-11 12:08:22 PDT,philip.chee,Attachment #405777                Attachment is obsolete,1,0
2009-10-11 12:08:22 PDT,philip.chee,Attachment #405777                Flags,,review?(mschroeder)
2009-10-11 14:49:41 PDT,kairo,Attachment #405778                Flags,approval-seamonkey2.0+,approval-seamonkey2.0?
2009-10-11 15:05:00 PDT,iann_bugzilla,Attachment #405778                Attachment description,Add menuitem to SM's mailWindowOverlay patch 2.0 alternative [Checkin: Comment 15],Add menuitem to SM's mailWindowOverlay patch 2.0 alternative
2009-10-11 15:05:46 PDT,iann_bugzilla,Keywords,fixed-seamonkey2.0,
2009-10-11 15:05:46 PDT,iann_bugzilla,Status,RESOLVED,ASSIGNED
2009-10-11 15:05:46 PDT,iann_bugzilla,Resolution,FIXED,---
2009-10-11 15:05:46 PDT,iann_bugzilla,Target Milestone,seamonkey2.0,---
2009-10-11 15:05:46 PDT,iann_bugzilla,Last Resolved,2009-10-11 15:05:46,
