When,Who,What,Added,Removed
2009-09-15 19:41:23 PDT,philringnalda,Attachment #400935                Flags,review?(bugzilla), approval-thunderbird3?,
2009-09-15 19:42:21 PDT,philringnalda,Blocks,504080,
2009-09-16 01:49:59 PDT,standard8,Attachment #400935                Flags,review+, approval-thunderbird3+,review?(bugzilla), approval-thunderbird3?
2009-09-16 02:03:30 PDT,standard8,Status,RESOLVED,ASSIGNED
2009-09-16 02:03:30 PDT,standard8,Resolution,FIXED,---
2009-09-16 02:03:30 PDT,standard8,Target Milestone,Thunderbird 3.0rc1,---
2009-09-16 02:03:30 PDT,standard8,Flags,in-testsuite-,
2009-09-16 02:03:30 PDT,standard8,Last Resolved,2009-09-16 02:03:30,
