When,Who,What,Added,Removed
2009-09-15 16:48:55 PDT,wagnerg,CC,gal,
2009-09-15 17:52:24 PDT,dmandelin,CC,dmandelin,
2009-09-15 17:58:08 PDT,ryanvm,CC,ryanvm,
2009-09-18 13:08:15 PDT,wagnerg,Attachment #400933                Attachment is obsolete,1,0
2009-09-18 17:13:19 PDT,wagnerg,Attachment #401509                Attachment is obsolete,1,0
2009-09-25 16:18:10 PDT,jruderman,Blocks,518942,
2009-10-01 04:01:17 PDT,gal,Assignee,gal,wagnerg
2009-10-01 04:01:17 PDT,gal,Attachment #401573                Attachment is obsolete,1,0
2009-10-01 04:02:52 PDT,gal,Blocks,508140,
2009-10-01 04:33:53 PDT,gal,Attachment #404009                Flags,review?(igor),
2009-10-01 04:37:27 PDT,gal,Blocks,519947,
2009-10-02 07:02:21 PDT,igor,CC,igor,
2009-10-05 12:43:01 PDT,gary,CC,gary,
2009-10-08 11:58:43 PDT,torres.dark,CC,torres.dark,
2009-10-10 07:45:20 PDT,steve.england,CC,steve.england,
2009-10-21 15:18:30 PDT,gal,Attachment #404009                Attachment is obsolete,1,0
2009-10-21 15:18:30 PDT,gal,Attachment #404009                Flags,,review?(igor)
2009-10-21 15:52:27 PDT,gal,Attachment #407635                Attachment is obsolete,1,0
2009-10-21 15:53:07 PDT,gal,Attachment #407642                Flags,review?(anygregor), review?(igor),
2009-10-21 17:13:02 PDT,anygregor,CC,anygregor,
2009-10-21 18:55:43 PDT,gal,Attachment #407642                Attachment is obsolete,1,0
2009-10-21 18:55:43 PDT,gal,Attachment #407642                Flags,,review?(anygregor), review?(igor)
2009-10-21 18:56:55 PDT,gal,Attachment #407672                Attachment is obsolete,1,0
2009-10-21 18:56:55 PDT,gal,Attachment #407673                Flags,review?(igor),
2009-10-21 19:39:28 PDT,gal,Blocks,523765,
2009-10-22 16:22:50 PDT,gal,Attachment #407673                Attachment is obsolete,1,0
2009-10-22 16:22:50 PDT,gal,Attachment #407673                Flags,,review?(igor)
2009-10-22 16:24:56 PDT,gal,Attachment #407886                Flags,review?(igor),
2009-10-22 22:08:37 PDT,anygregor,Attachment #407689                Attachment is obsolete,1,0
2009-10-22 22:21:14 PDT,gal,Attachment #407943                Flags,review?(igor),
2009-10-22 22:22:51 PDT,gal,Attachment #407943                Flags,review-,review?(igor)
2009-10-22 22:40:40 PDT,anygregor,Attachment #407943                Attachment is obsolete,1,0
2009-10-23 00:40:55 PDT,igor,Blocks,524051,
2009-10-23 04:25:59 PDT,igor,Attachment #407944                Flags,review-,
2009-10-23 04:28:07 PDT,igor,Attachment #407886                Flags,,review?(igor)
2009-10-24 17:54:15 PDT,brendan,CC,brendan,
2009-10-26 12:46:19 PDT,anygregor,Attachment #408291                Attachment is obsolete,1,0
2009-10-27 17:15:24 PDT,gal,Depends on,524841,
2009-10-28 15:52:43 PDT,gal,Attachment #407886                Attachment is obsolete,1,0
2009-10-28 15:52:43 PDT,gal,Attachment #407944                Attachment is obsolete,1,0
2009-10-28 15:52:43 PDT,gal,Attachment #408441                Attachment is obsolete,1,0
2009-10-28 16:15:58 PDT,gal,Attachment #408960                Attachment is obsolete,1,0
2009-10-28 16:22:35 PDT,gal,Attachment #408966                Attachment is obsolete,1,0
2009-10-28 16:45:07 PDT,gal,Attachment #408968                Attachment is obsolete,1,0
2009-10-28 16:50:22 PDT,gal,Depends on,525117,
2009-10-28 17:04:13 PDT,gal,Depends on,,525117
2009-10-28 17:04:13 PDT,gal,Blocks,525121,
2009-10-29 15:49:52 PDT,gal,Attachment #408976                Attachment is obsolete,1,0
2009-10-29 18:42:15 PDT,gal,Attachment #409026                Attachment is obsolete,1,0
2009-10-29 18:42:15 PDT,gal,Attachment #409208                Attachment is obsolete,1,0
2009-10-29 19:10:00 PDT,gal,Attachment #409253                Attachment is obsolete,1,0
2009-10-29 19:21:47 PDT,gal,Attachment #409255                Attachment is obsolete,1,0
2009-10-29 19:22:30 PDT,gal,Attachment #409257                Attachment is obsolete,1,0
2009-10-29 19:41:51 PDT,gal,Attachment #409258                Attachment is obsolete,1,0
2009-10-29 19:42:42 PDT,gal,Attachment #409260                Attachment is obsolete,1,0
2009-10-29 21:17:30 PDT,gal,Attachment #409261                Attachment is obsolete,1,0
2009-10-29 21:19:25 PDT,gal,Attachment #409274                Attachment is obsolete,1,0
2009-10-29 21:23:01 PDT,gal,Attachment #409276                Attachment is obsolete,1,0
2009-10-30 12:13:33 PDT,gal,Depends on,525527,
2009-10-30 14:58:52 PDT,gal,Attachment #409277                Attachment is obsolete,1,0
2009-10-30 15:10:39 PDT,gal,CC,mrbkap,
2009-11-02 13:56:06 PST,jruderman,CC,jruderman,
2009-11-02 19:35:39 PST,gal,Attachment #409420                Attachment is obsolete,1,0
2009-11-03 00:08:58 PST,gal,Attachment #409873                Attachment is obsolete,1,0
2009-11-03 15:56:42 PST,gal,Attachment #409842                Attachment is obsolete,1,0
2009-11-03 15:56:42 PST,gal,Attachment #410042                Attachment is obsolete,1,0
2009-11-03 17:41:08 PST,gal,Attachment #410090                Attachment is obsolete,1,0
2009-11-03 17:41:08 PST,gal,Attachment #410075                Attachment is obsolete,1,0
2009-11-03 17:52:38 PST,gal,Attachment #410100                Attachment is obsolete,1,0
2009-11-03 18:00:42 PST,gal,Attachment #410101                Attachment is obsolete,1,0
2009-11-03 18:01:08 PST,gal,Attachment #410105                Attachment is obsolete,1,0
2009-11-03 18:57:07 PST,gal,Attachment #410106                Attachment is obsolete,1,0
2009-11-03 18:57:07 PST,gal,Attachment #410111                Attachment is obsolete,1,0
2009-11-03 19:07:34 PST,gal,Attachment #410114                Attachment is obsolete,1,0
2009-11-03 23:16:18 PST,anygregor,Attachment #410117                Attachment is obsolete,1,0
2009-11-04 12:07:52 PST,magicdice,CC,magicdice,
2009-11-04 16:07:55 PST,gal,Attachment #410115                Attachment is obsolete,1,0
2009-11-04 16:07:55 PST,gal,Attachment #410162                Attachment is obsolete,1,0
2009-11-04 22:14:14 PST,gal,CC,roc,
2009-11-05 01:12:52 PST,gal,CC,mozilla,
2009-11-05 07:48:23 PST,jorendorff,CC,jorendorff,
2009-11-05 14:35:15 PST,anygregor,Attachment #410450                Attachment is obsolete,1,0
2009-11-10 17:34:36 PST,anygregor,Attachment #410616                Attachment is obsolete,1,0
2009-11-12 03:56:20 PST,peterv,CC,peterv,
2009-11-12 12:50:23 PST,gal,Blocks,,508140
2009-11-13 15:07:51 PST,anygregor,Attachment #411580                Attachment is obsolete,1,0
2010-01-15 09:52:24 PST,anygregor,Attachment #412311                Attachment is obsolete,1,0
2010-02-22 18:58:31 PST,anygregor,Attachment #421863                Attachment is obsolete,1,0
2010-02-22 19:47:42 PST,anygregor,Attachment #428355                Attachment is obsolete,1,0
2010-02-23 13:29:41 PST,anygregor,Attachment #428361                Attachment is obsolete,1,0
2010-02-26 14:34:44 PST,anygregor,Attachment #428518                Attachment is obsolete,1,0
2010-02-27 09:24:53 PST,anygregor,Attachment #429235                Attachment is obsolete,1,0
2010-03-03 17:00:45 PST,anygregor,Attachment #429342                Attachment is obsolete,1,0
2010-03-11 06:20:15 PST,igor,Depends on,551680,
2010-04-25 13:33:26 PDT,igor,Depends on,561657,
2010-04-27 13:39:35 PDT,jorendorff,Assignee,igor,gal
2010-04-28 16:22:10 PDT,bent.mozilla,CC,bent.mozilla,
2010-05-03 08:32:49 PDT,igor,Depends on,563345,
2010-05-03 17:31:13 PDT,sayrer,CC,sayrer,
2010-05-03 17:31:13 PDT,sayrer,blocking2.0,beta1+,---
2010-05-03 20:54:31 PDT,brendan,CC,bhackett1024,
2010-05-09 10:18:36 PDT,igor,Depends on,237006,
2010-05-11 05:46:29 PDT,igor,Attachment #410380                Attachment is obsolete,1,0
2010-05-11 05:46:29 PDT,igor,Attachment #430194                Attachment is obsolete,1,0
2010-05-13 14:18:14 PDT,igor,Attachment #444640                Attachment is obsolete,1,0
2010-05-21 12:08:57 PDT,igor,Attachment #445193                Attachment is obsolete,1,0
2010-05-25 14:56:57 PDT,igor,Attachment #446775                Attachment is obsolete,1,0
2010-05-27 05:54:27 PDT,igor,Blocks,546590,
2010-05-27 14:34:55 PDT,igor,Attachment #447381                Attachment is obsolete,1,0
2010-06-01 03:59:53 PDT,igor,Attachment #447839                Attachment is obsolete,1,0
2010-06-05 09:37:20 PDT,igor,Attachment #410653                Attachment is obsolete,1,0
2010-06-05 09:37:20 PDT,igor,Attachment #448497                Attachment is obsolete,1,0
2010-06-05 09:38:18 PDT,igor,Attachment #449458                Flags,review?(brendan),
2010-06-05 09:40:03 PDT,igor,Attachment #449458                Flags,review?(gal),
2010-06-09 15:31:13 PDT,gal,Attachment #449458                Flags,review+,review?(gal)
2010-06-12 01:51:19 PDT,igor,Attachment #449458                Attachment is obsolete,1,0
2010-06-12 01:51:19 PDT,igor,Attachment #450829                Flags,review?(brendan),
2010-06-12 01:51:19 PDT,igor,Attachment #449458                Flags,,review?(brendan)
2010-06-12 14:07:28 PDT,brendan,Attachment #450829                Flags,review+,review?(brendan)
2010-06-14 05:47:32 PDT,igor,Whiteboard,fixed-in-tracemonkey,
2010-06-14 23:12:58 PDT,gal,Blocks,572057,
2010-06-14 23:14:46 PDT,gal,Blocks,572061,
2010-06-14 23:31:35 PDT,gal,Blocks,572063,
2010-06-15 01:17:44 PDT,igor,Depends on,572077,
2010-06-16 09:21:30 PDT,gary,Depends on,572428,
2010-06-17 06:43:29 PDT,igor,Depends on,572678,
2010-06-17 13:24:28 PDT,jorendorff,Depends on,572839,
2010-06-18 11:05:14 PDT,dvander,Blocks,573083,
2010-06-22 09:34:52 PDT,highmind63,CC,highmind63,
2010-06-24 03:29:58 PDT,igor,Blocks,574313,
2010-06-24 09:08:06 PDT,sayrer,blocking2.0,beta2+,beta1+
2010-06-28 15:42:16 PDT,igor,Depends on,552266,
2010-07-13 03:41:56 PDT,igor,Depends on,578233,
2010-07-14 11:08:59 PDT,sayrer,Status,RESOLVED,NEW
2010-07-14 11:08:59 PDT,sayrer,Resolution,FIXED,---
2010-07-14 11:08:59 PDT,sayrer,Last Resolved,2010-07-14 11:08:59,
2010-07-21 04:08:39 PDT,igor,Depends on,580578,
2010-07-26 03:27:05 PDT,igor,Depends on,581919,
2010-08-03 00:15:11 PDT,bent.mozilla,Depends on,583983,
