When,Who,What,Added,Removed
2009-09-15 19:40:11 PDT,jaas,CC,ted.mielczarek,
2009-09-16 02:28:16 PDT,standard8,CC,bugzilla,
2009-09-16 03:32:37 PDT,standard8,CC,david.ascher, dmose,
2009-09-16 07:09:19 PDT,kairo,CC,kairo,
2009-09-16 12:52:04 PDT,bugzillamozillaorg_serge_20140323,Depends on,516195,
2009-09-17 09:36:46 PDT,bugzillamozillaorg_serge_20140323,Depends on,501436,
2009-09-17 11:02:54 PDT,standard8,Assignee,bugzilla,nobody
2009-09-17 14:01:58 PDT,standard8,Product,MailNews Core,Toolkit
2009-09-17 14:01:58 PDT,standard8,Severity,critical,blocker
2009-09-17 14:01:58 PDT,standard8,Component,Build Config,Breakpad Integration
2009-09-17 14:01:58 PDT,standard8,Assignee,nobody,bugzilla
2009-09-17 14:01:58 PDT,standard8,QA Contact,build-config,breakpad.integration
2009-09-17 14:01:58 PDT,standard8,Target Milestone,Thunderbird 3.0rc1,---
2009-09-17 14:04:23 PDT,standard8,Attachment #401289                Flags,review?(gozer),
2009-09-17 14:04:23 PDT,standard8,Status,ASSIGNED,NEW
2009-09-17 14:04:23 PDT,standard8,Assignee,bugzilla,nobody
2009-09-17 17:17:08 PDT,gozer,Attachment #401289                Flags,review+,review?(gozer)
2009-09-18 07:05:13 PDT,standard8,CC,gozer,
2009-09-19 15:55:22 PDT,Nomis101,CC,Nomis101,
2009-09-21 07:46:37 PDT,ted,CC,bhearsum,
2009-09-21 09:23:34 PDT,catlee,CC,catlee,
2009-09-23 01:31:08 PDT,standard8,CC,splewako,
2009-09-24 12:46:57 PDT,ts.bugzilla,CC,bugs.thomas,
2009-09-24 13:28:43 PDT,grimo,CC,grimo,
2009-09-27 11:33:39 PDT,iann_bugzilla,CC,iann_bugzilla,
2009-09-29 08:20:23 PDT,jamsink,CC,jamsink,
2009-10-03 14:06:24 PDT,standard8,Blocks,520401,
2009-10-03 14:15:00 PDT,standard8,Status,RESOLVED,ASSIGNED
2009-10-03 14:15:00 PDT,standard8,Resolution,FIXED,---
2009-10-03 14:15:00 PDT,standard8,Last Resolved,2009-10-03 14:15:00,
2009-10-07 17:27:10 PDT,bugzillamozillaorg_serge_20140323,Depends on,516213,
2009-10-07 17:34:41 PDT,fullmetaljacket.xp+bugmail,CC,fullmetaljacket.xp+bugmail,
2009-10-08 04:41:08 PDT,standard8,Attachment #405243                Flags,review?(gozer),
2009-10-08 09:07:22 PDT,gozer,Attachment #405243                Flags,review+,review?(gozer)
2009-10-13 03:52:42 PDT,standard8,Attachment #405243                Flags,approval-thunderbird3+,
2009-10-13 04:01:23 PDT,standard8,Attachment #405243                Attachment description,[checked in] The fix,The fix
2009-10-13 07:21:18 PDT,standard8,Blocks,522028,
2009-10-13 08:04:41 PDT,bugzillamozillaorg_serge_20140323,Attachment #405243                Attachment description,The fix[Checkin: Comment 38],[checked in] The fix
2009-10-13 08:05:57 PDT,bugzillamozillaorg_serge_20140323,Attachment #401289                Attachment description,The fix[Checkin: Comment 10],The fix
2009-10-13 08:07:02 PDT,standard8,Attachment #405243                Attachment description,[checked in] The fix,The fix[Checkin: Comment 38]
2009-10-22 12:45:34 PDT,bugzillamozillaorg_serge_20140323,Blocks,523562,
2009-10-22 12:45:34 PDT,bugzillamozillaorg_serge_20140323,Flags,in-litmus-,
2009-10-22 12:45:54 PDT,bugzillamozillaorg_serge_20140323,Flags,in-testsuite-,in-litmus-
2010-02-17 21:15:18 PST,bugzillamozillaorg_serge_20140323,Depends on,492089,
