When,Who,What,Added,Removed
2009-09-15 15:17:17 PDT,mrbkap,Attachment #400882                Flags,review?(jorendorff),
2009-09-15 15:23:51 PDT,jorendorff,Attachment #400882                Flags,review+,review?(jorendorff)
2009-09-15 15:50:27 PDT,mrbkap,Whiteboard,fixed-in-tracemonkey,
2009-09-15 15:50:27 PDT,mrbkap,Target Milestone,mozilla1.9.3a1,---
2009-09-16 17:45:35 PDT,mrbkap,Status,RESOLVED,ASSIGNED
2009-09-16 17:45:35 PDT,mrbkap,Resolution,FIXED,---
2009-09-16 17:45:35 PDT,mrbkap,Last Resolved,2009-09-16 17:45:35,
2009-10-02 15:47:51 PDT,sayrer,CC,sayrer,
2009-10-02 15:47:51 PDT,sayrer,Flags,wanted1.9.2+,
2009-10-02 15:47:51 PDT,sayrer,status1.9.2,beta1-fixed,---
