When,Who,What,Added,Removed
2009-09-25 05:24:56 PDT,djst,CC,djst,
2009-09-25 05:26:59 PDT,djst,CC,clooney,
2009-09-28 20:21:17 PDT,bmo2010,URL,https://mobile.support-stage.mozilla.org/en-US/kb/How+to+install+Firefox+on+N810?bl=n,
2009-10-02 09:08:07 PDT,armenzg,CC,armenzg,
2009-11-11 00:24:20 PST,bmo2010,Last Resolved,2009-11-11 00:24:20,
2009-11-11 00:24:20 PST,bmo2010,URL,https://mobile.support.mozilla.com/en-US/kb/How+to+install+Firefox+on+N810,https://mobile.support-stage.mozilla.org/en-US/kb/How+to+install+Firefox+on+N810?bl=n
2009-11-11 00:24:20 PST,bmo2010,Status,RESOLVED,NEW
2009-11-11 00:24:20 PST,bmo2010,Resolution,FIXED,---
