When,Who,What,Added,Removed
2009-09-15 22:33:20 PDT,kinetik,Summary,Videos with duplicate frames don't play back correctly,Thusnelda encoded videos with duplicate frames don't play back correctly
2009-09-15 22:33:20 PDT,kinetik,Assignee,kinetik,nobody
2009-09-15 22:33:20 PDT,kinetik,CC,kinetik,
2009-09-15 23:31:58 PDT,kinetik,Summary,oggz calculates granulepos incorrectly for duplicate frames,Videos with duplicate frames don't play back correctly
2009-09-15 23:31:58 PDT,kinetik,CC,conrad,
2009-09-15 23:32:57 PDT,kinetik,Attachment #400955                Flags,review?(chris.double),
2009-09-15 23:32:57 PDT,kinetik,Attachment #400954                Attachment is obsolete,1,0
2009-09-15 23:56:56 PDT,cajbir.bugzilla,Attachment #400955                Flags,review+,review?(chris.double)
2009-09-22 01:33:55 PDT,kinetik,Status,RESOLVED,NEW
2009-09-22 01:33:55 PDT,kinetik,Resolution,FIXED,---
2009-09-22 01:33:55 PDT,kinetik,Last Resolved,2009-09-22 01:33:55,
2009-09-22 01:36:11 PDT,kinetik,Attachment #400955                Flags,approval1.9.2?, approval1.9.1.5?,
2009-09-22 17:40:36 PDT,kinetik,CC,dolske,
2009-09-30 17:15:10 PDT,kinetik,status1.9.1,?,---
2009-09-30 17:18:02 PDT,kinetik,Flags,wanted1.9.2?,
2009-10-05 03:19:44 PDT,roc,Attachment #400955                Flags,approval1.9.2+,approval1.9.2?
2009-10-05 03:20:26 PDT,roc,CC,roc,
2009-10-05 03:20:26 PDT,roc,Flags,wanted1.9.2+,wanted1.9.2?
2009-10-05 20:04:32 PDT,cpearce,CC,chris,
2009-10-05 20:04:32 PDT,cpearce,status1.9.2,beta1-fixed,---
2009-10-26 14:48:28 PDT,dveditz,Attachment #400955                Flags,approval1.9.1.5+,approval1.9.1.5?
2009-10-27 15:36:08 PDT,kinetik,status1.9.1,.5-fixed,?
2009-11-23 17:11:39 PST,abillings,Keywords,verified1.9.1,
2009-11-23 17:11:39 PST,abillings,CC,abillings,
