When,Who,What,Added,Removed
2009-09-15 20:29:51 PDT,bmo2010,Component,Knowledge Base Articles,Knowledge Base Software
2009-09-15 20:29:51 PDT,bmo2010,QA Contact,kb-articles,kb-software
2009-09-28 20:25:43 PDT,bmo2010,URL,https://mobile.support-stage.mozilla.org/en-US/kb/How+to+remove+or+disable+add-ons?bl=n,
2009-11-11 00:31:49 PST,bmo2010,URL,https://mobile.support.mozilla.com/en-US/kb/How+to+remove+or+disable+add-ons,https://mobile.support-stage.mozilla.org/en-US/kb/How+to+remove+or+disable+add-ons?bl=n
2009-11-11 00:31:58 PST,bmo2010,Status,RESOLVED,NEW
2009-11-11 00:31:58 PST,bmo2010,Resolution,FIXED,---
2009-11-11 00:31:58 PST,bmo2010,Last Resolved,2009-11-11 00:31:58,
