When,Who,What,Added,Removed
2009-09-15 18:34:09 PDT,lars,Assignee,lars,nobody
2009-09-15 18:34:09 PDT,lars,CC,griswolf, lars,
2009-09-17 14:32:23 PDT,bugzilla-graveyard,CC,cl-bugs-new,
2009-09-23 17:05:21 PDT,alqahira,CC,stuart.morgan+bugzilla,
2009-10-29 18:27:20 PDT,morgamic,CC,morgamic,
2009-10-29 18:27:20 PDT,morgamic,Target Milestone,1.3,---
2009-11-13 15:20:54 PST,alqahira,Blocks,528635,
2009-11-13 15:23:23 PST,alqahira,Status,RESOLVED,NEW
2009-11-13 15:23:23 PST,alqahira,Resolution,FIXED,---
2009-11-13 15:23:23 PST,alqahira,Blocks,,528635
2009-11-13 15:23:23 PST,alqahira,Last Resolved,2009-11-13 15:23:23,
2011-12-28 10:40:11 PST,nobody,Product,Socorro,Webtools
2011-12-28 10:40:11 PST,nobody,Component,General,Socorro
