When,Who,What,Added,Removed
2009-09-28 20:26:10 PDT,bmo2010,URL,https://mobile.support-stage.mozilla.org/en-US/kb/How+to+manage+downloads?bl=n,
2009-11-11 00:33:08 PST,bmo2010,Status,RESOLVED,NEW
2009-11-11 00:33:08 PST,bmo2010,Resolution,FIXED,---
2009-11-11 00:33:08 PST,bmo2010,Last Resolved,2009-11-11 00:33:08,
2009-11-11 00:33:08 PST,bmo2010,URL,https://mobile.support.mozilla.com/en-US/kb/How+to+manage+downloads,https://mobile.support-stage.mozilla.org/en-US/kb/How+to+manage+downloads?bl=n
