When,Who,What,Added,Removed
2009-09-15 18:38:31 PDT,treilly,Attachment #400920                Flags,superreview?(lhansen),
2009-09-15 18:38:49 PDT,treilly,Blocks,489345,
2009-09-16 03:34:24 PDT,lhansen,Attachment #400920                Flags,superreview+,superreview?(lhansen)
2009-09-16 05:24:41 PDT,treilly,Status,RESOLVED,ASSIGNED
2009-09-16 05:24:41 PDT,treilly,Resolution,FIXED,---
2009-09-16 05:24:41 PDT,treilly,Last Resolved,2009-09-16 05:24:41,
2009-10-14 14:36:01 PDT,cpeyer,Status,VERIFIED,RESOLVED
2009-10-14 14:36:01 PDT,cpeyer,CC,cpeyer,
