When,Who,What,Added,Removed
2014-01-12 15:39:01 PST,cykesiopka.bmo,CC,brian, cykesiopka.bmo,
2014-01-12 15:39:01 PST,cykesiopka.bmo,Flags,needinfo?(brian),
2014-06-29 18:46:58 PDT,brian,CC,,brian
2014-06-30 13:15:35 PDT,brian,CC,brian, emaldona,
2014-06-30 13:15:35 PDT,brian,Flags,needinfo?(emaldona),needinfo?(brian)
2014-06-30 19:32:35 PDT,emaldona,Flags,,needinfo?(emaldona)
2014-10-16 15:44:31 PDT,cykesiopka.bmo,Status,RESOLVED,NEW
2014-10-16 15:44:31 PDT,cykesiopka.bmo,Resolution,FIXED,---
2014-10-16 15:44:31 PDT,cykesiopka.bmo,Last Resolved,2014-10-16 15:44:31,
