When,Who,What,Added,Removed
2009-09-15 18:56:40 PDT,stephen.donner,CC,azehren, sgupta,
2009-09-15 19:04:50 PDT,stephen.donner,Blocks,504226,
2009-09-16 10:55:08 PDT,buchanae+bugs,Product,mozilla.org,Websites
2009-09-16 10:55:08 PDT,buchanae+bugs,Version,other,unspecified
2009-09-16 10:55:08 PDT,buchanae+bugs,Component,Server Operations,getpersonas.com
2009-09-16 10:55:08 PDT,buchanae+bugs,Assignee,server-ops,nobody
2009-09-16 10:55:08 PDT,buchanae+bugs,QA Contact,mrz,getpersonas-com
2009-09-16 10:58:14 PDT,smani,Assignee,shyam,server-ops
2009-09-16 10:58:14 PDT,smani,CC,shyam,
2009-09-16 11:06:59 PDT,oremj,CC,jeremy.orem+bugs,
2009-09-16 11:12:11 PDT,smani,Resolution,FIXED,---
2009-09-16 11:12:11 PDT,smani,Last Resolved,2009-09-16 11:12:11,
2009-09-16 11:12:11 PDT,smani,Status,RESOLVED,NEW
2009-09-16 20:35:53 PDT,stephen.donner,Depends on,517125,
2009-09-22 10:40:11 PDT,stephen.donner,Status,VERIFIED,RESOLVED
2015-03-12 08:17:16 PDT,nobody,Product,mozilla.org Graveyard,mozilla.org
