When,Who,What,Added,Removed
2009-09-15 20:45:00 PDT,sazanya,Product,Firefox,Mozilla Localizations
2009-09-15 20:45:00 PDT,sazanya,Component,Page Info,tr / Turkish
2009-09-15 20:45:21 PDT,sazanya,Version,3.5 Branch,unspecified
2009-09-15 20:47:19 PDT,sazanya,Summary,Turkish mispelled word and better suggestions,mispelled word and better suggestions
2009-09-15 23:32:47 PDT,rail,CC,rail,
2009-09-16 00:37:10 PDT,erkan,Status,RESOLVED,UNCONFIRMED
2009-09-16 00:37:10 PDT,erkan,Resolution,FIXED,---
2009-09-16 00:37:10 PDT,erkan,Last Resolved,2009-09-16 00:37:10,
2009-09-19 03:45:12 PDT,philip.chee,Component,General,Page Info
2009-09-19 03:45:12 PDT,philip.chee,status1.9.1,.4-fixed,---
2009-09-19 03:45:12 PDT,philip.chee,status1.9.2,beta1-fixed,---
2009-09-29 10:18:27 PDT,abillings,Keywords,verified1.9.1,
2009-09-29 10:18:27 PDT,abillings,CC,abillings,
