When,Who,What,Added,Removed
2009-09-15 21:10:31 PDT,sazanya,Version,3.5 Branch,unspecified
2009-09-15 21:12:27 PDT,sazanya,Summary,(Turkish) just a mispelled word,just a mispelled word
2009-09-15 21:17:04 PDT,kbrosnan,QA Contact,erkan,menus
2009-09-15 21:17:04 PDT,kbrosnan,CC,kbrosnan,
2009-09-15 21:17:04 PDT,kbrosnan,Product,Mozilla Localizations,Firefox
2009-09-15 21:17:04 PDT,kbrosnan,Version,unspecified,3.5 Branch
2009-09-15 21:17:04 PDT,kbrosnan,Component,tr / Turkish,Menus
2009-09-15 21:17:04 PDT,kbrosnan,Assignee,erkan,nobody
2009-09-15 21:17:51 PDT,kbrosnan,Flags,wanted-firefox3.6?,
2009-09-15 23:59:33 PDT,rail,CC,rail,
2009-09-16 00:37:46 PDT,erkan,Status,RESOLVED,UNCONFIRMED
2009-09-16 00:37:46 PDT,erkan,Resolution,FIXED,---
2009-09-16 00:37:46 PDT,erkan,Last Resolved,2009-09-16 00:37:46,
2013-06-19 00:58:53 PDT,kbrosnan,Flags,,wanted-firefox3.6?
