When,Who,What,Added,Removed
2009-09-16 01:02:47 PDT,bugzilla2007,Version,Trunk,unspecified
2009-09-16 01:02:47 PDT,bugzilla2007,Severity,major,normal
2009-09-16 08:24:31 PDT,richard.marti,CC,richard.marti,
2009-09-16 08:30:15 PDT,bugzilla2007,Ever confirmed,1,0
2009-09-16 08:30:15 PDT,bugzilla2007,Status,NEW,UNCONFIRMED
2009-09-16 10:12:41 PDT,standard8,Blocks,470184,
2009-09-17 13:35:41 PDT,Nomis101,CC,Nomis101,
2009-09-18 05:53:19 PDT,standard8,OS,All,Windows XP
2009-09-18 05:53:19 PDT,standard8,CC,bugmail, bugzilla,
2009-09-18 05:53:19 PDT,standard8,Summary,[TB3.1] faceted search/message tabs broken,[faceted search] doesn't work, broken - empties message list (blank), no new tab, no facets, no return -> restart needed
2009-09-18 05:53:19 PDT,standard8,Hardware,All,x86
2009-09-18 06:01:26 PDT,standard8,CC,dmose,
2009-09-19 08:25:29 PDT,scanorama346,CC,scanorama346,
2009-09-19 12:39:28 PDT,jsabash,CC,jsabash,
2009-09-26 13:09:45 PDT,dmose,CC,Olli.Pettay,
2009-09-26 13:09:45 PDT,dmose,Blocks,516237,
2009-09-27 03:20:35 PDT,bugs,Attachment #403093                Attachment is obsolete,1,0
2009-09-27 14:03:25 PDT,bugs,Attachment #403095                Flags,review?(neil),
2009-09-28 02:48:22 PDT,bugzilla.spam2,CC,bugzilla.spam2,
2009-09-28 09:36:09 PDT,toscha,CC,toscha,
2009-10-02 07:07:16 PDT,neil,Attachment #403095                Flags,review-,review?(neil)
2009-10-02 07:19:48 PDT,bugs,Attachment #403095                Flags,review?(neil),
2009-10-04 11:22:52 PDT,philringnalda,Summary,faceted search/message tabs broken by bug 516237,[TB3.1] faceted search/message tabs broken
2009-10-04 11:22:52 PDT,philringnalda,Priority,P1,--
2009-10-04 11:22:52 PDT,philringnalda,CC,philringnalda,
2009-10-04 11:22:52 PDT,philringnalda,Target Milestone,Thunderbird 3.0rc1,---
2009-10-04 11:22:52 PDT,philringnalda,Flags,blocking-thunderbird3+,
2009-10-05 08:28:14 PDT,bugzilla,Whiteboard,[no l10n impact],
2009-10-13 10:13:32 PDT,mozilla,Assignee,bienvenu,nobody
2009-10-13 10:13:32 PDT,mozilla,CC,bienvenu,
2009-10-16 09:55:04 PDT,mozilla,Flags,blocking-thunderbird3.1+,blocking-thunderbird3+
2009-10-20 04:04:53 PDT,standard8,Summary,faceted search/message/any tabs broken by bug 516237,faceted search/message tabs broken by bug 516237
2009-10-20 04:05:19 PDT,standard8,CC,shopik,
2009-10-21 14:31:40 PDT,sid.bugzilla,CC,sid.bugzilla,
2009-11-09 07:34:08 PST,standard8,CC,fpiera,
2009-11-10 21:57:21 PST,philbaseless-firefox,CC,bugzilla,
2009-11-11 06:27:11 PST,philbaseless-firefox,CC,philbaseless-firefox,
2009-11-13 07:02:29 PST,standard8,CC,telobyte,
2009-11-17 20:23:58 PST,philringnalda,CC,correojar,
2009-11-18 01:57:06 PST,standard8,Attachment #410093                Flags,review?(bugmail),
2009-11-18 05:53:16 PST,bugmail,Attachment #410093                Flags,review+, approval-thunderbird3.0.1?,review?(bugmail)
2009-11-18 06:49:40 PST,mozilla,Status,RESOLVED,NEW
2009-11-18 06:49:40 PST,mozilla,Resolution,FIXED,---
2009-11-18 06:49:40 PST,mozilla,Target Milestone,Thunderbird 3.1a1,Thunderbird 3.0rc1
2009-11-18 06:49:40 PST,mozilla,Last Resolved,2009-11-18 06:49:40,
2009-11-18 10:37:39 PST,bugzillamozillaorg_serge_20140323,Attachment #410093                Attachment description,possible fix[Checkin: Comment 44],possible fix
2009-11-25 07:09:32 PST,standard8,Attachment #403095                Flags,,review?(neil)
2009-12-11 02:56:37 PST,standard8,Attachment #410093                Flags,approval-thunderbird3.0.1-,approval-thunderbird3.0.1?
2009-12-12 11:25:15 PST,sid.bugzilla,Depends on,534424,
