When,Who,What,Added,Removed
2009-09-15 23:36:09 PDT,n.nethercote,Attachment #400956                Flags,review?(edwsmith),
2009-09-15 23:37:09 PDT,n.nethercote,Attachment #400956                Attachment mime type,text/plain,application/octet-stream
2009-09-15 23:37:09 PDT,n.nethercote,Attachment #400956                Attachment is patch,1,0
2009-09-16 00:39:38 PDT,n.nethercote,Blocks,516909,
2009-09-16 09:57:28 PDT,edwsmith,Attachment #400956                Flags,review+,review?(edwsmith)
2009-09-16 17:41:53 PDT,n.nethercote,Whiteboard,fixed-in-tracemonkey,
2009-09-29 14:58:36 PDT,sayrer,Status,RESOLVED,ASSIGNED
2009-09-29 14:58:36 PDT,sayrer,Resolution,FIXED,---
2009-09-29 14:58:36 PDT,sayrer,CC,sayrer,
2009-09-29 14:58:36 PDT,sayrer,Last Resolved,2009-09-29 14:58:36,
2009-10-09 19:38:42 PDT,sayrer,Flags,wanted1.9.2+,
2009-10-09 20:08:11 PDT,sayrer,status1.9.2,beta1-fixed,---
