When,Who,What,Added,Removed
2009-09-21 09:32:56 PDT,smccammon,Status,ASSIGNED,NEW
2009-09-21 09:32:56 PDT,smccammon,Assignee,smccammon,nobody
2009-09-21 09:32:56 PDT,smccammon,CC,smccammon,
2009-09-21 10:48:22 PDT,smccammon,Attachment #401888                Flags,review?(clouserw),
2009-09-21 10:59:14 PDT,wclouser,Attachment #401888                Flags,review+,review?(clouserw)
2009-09-21 11:15:13 PDT,smccammon,Keywords,push-needed,
2009-09-21 11:15:13 PDT,smccammon,Status,RESOLVED,ASSIGNED
2009-09-21 11:15:13 PDT,smccammon,Resolution,FIXED,---
2009-09-21 11:15:13 PDT,smccammon,Last Resolved,2009-09-21 11:15:13,
2009-09-25 00:55:05 PDT,stephen.donner,Status,VERIFIED,RESOLVED
2009-09-30 02:27:04 PDT,stephen.donner,Keywords,,push-needed
