When,Who,What,Added,Removed
2009-09-16 00:39:38 PDT,n.nethercote,Attachment #400964                Flags,review?(gal),
2009-09-16 03:48:02 PDT,ryanvm,CC,ryanvm,
2009-09-16 13:43:12 PDT,gal,Attachment #400964                Flags,review+,review?(gal)
2009-09-16 18:11:56 PDT,n.nethercote,Whiteboard,fixed-in-tracemonkey,
2009-09-29 14:58:51 PDT,sayrer,Status,RESOLVED,ASSIGNED
2009-09-29 14:58:51 PDT,sayrer,Resolution,FIXED,---
2009-09-29 14:58:51 PDT,sayrer,CC,sayrer,
2009-09-29 14:58:51 PDT,sayrer,Last Resolved,2009-09-29 14:58:51,
2009-10-09 19:39:13 PDT,sayrer,Flags,wanted1.9.2+,
2009-10-09 20:08:36 PDT,sayrer,status1.9.2,beta1-fixed,---
