When,Who,What,Added,Removed
2009-09-15 23:49:17 PDT,jonas,Attachment #400957                Flags,review?(jst), superreview?(jst),
2009-09-28 15:34:09 PDT,karlt,CC,mozbugz,
2009-09-28 17:22:43 PDT,taken.spc,CC,taken.spc,
2009-10-05 03:47:22 PDT,gavin.sharp,CC,gavin.sharp,
2009-10-23 16:30:21 PDT,jst,Attachment #400957                Flags,review+, superreview+,review?(jst), superreview?(jst)
2009-10-24 23:00:23 PDT,jonas,Resolution,FIXED,---
2009-10-24 23:00:23 PDT,jonas,Last Resolved,2009-10-24 23:00:23,
2009-10-24 23:00:23 PDT,jonas,Status,RESOLVED,NEW
2009-11-01 22:29:05 PST,bzbarsky,CC,bzbarsky,
2011-01-04 23:26:46 PST,bzbarsky,Blocks,332773,
