When,Who,What,Added,Removed
2009-09-16 03:00:19 PDT,smani,Assignee,phong,server-ops
2009-09-16 03:00:19 PDT,smani,CC,shyam,
2009-09-16 03:00:19 PDT,smani,Flags,colo-trip+,
2009-09-16 11:27:38 PDT,coop,CC,ccooper,
2009-09-16 12:30:13 PDT,phong,Status,RESOLVED,NEW
2009-09-16 12:30:13 PDT,phong,Resolution,FIXED,---
2009-09-16 12:30:13 PDT,phong,Last Resolved,2009-09-16 12:30:13,
2013-07-16 09:48:45 PDT,nobody,Component,RelOps,Server Operations: RelEng
2013-07-16 09:48:45 PDT,nobody,Product,Infrastructure & Operations,mozilla.org
