When,Who,What,Added,Removed
2007-12-21 06:43:10 PST,bhearsum,Blocks,,355309
2007-12-21 11:05:34 PST,reed,Component,Server Operations,Bugzilla: Other b.m.o Issues
2007-12-21 11:05:34 PST,reed,Assignee,server-ops,justdave
2007-12-21 11:05:34 PST,reed,QA Contact,justin,reed
2007-12-21 11:05:34 PST,reed,CC,reed,
2007-12-21 19:12:59 PST,bugzilla,CC,bugzilla,
2007-12-23 07:51:37 PST,mzeier,CC,mrz,
2007-12-23 16:12:52 PST,mzeier,Last Resolved,2007-12-23 16:12:52,
2007-12-23 16:12:52 PST,mzeier,Status,RESOLVED,NEW
2007-12-23 16:12:52 PST,mzeier,Resolution,FIXED,---
2015-03-12 08:17:16 PDT,nobody,Product,mozilla.org Graveyard,mozilla.org
