When,Who,What,Added,Removed
2007-12-21 11:24:22 PST,bhearsum,Priority,P2,--
2007-12-21 11:24:22 PST,bhearsum,Assignee,bhearsum,nobody
2007-12-21 11:24:36 PST,bhearsum,Status,ASSIGNED,NEW
2007-12-21 11:25:57 PST,bhearsum,Priority,P3,P2
2007-12-23 22:29:03 PST,bhearsum,Priority,P2,P3
2007-12-23 22:44:50 PST,bhearsum,Attachment #294465                Flags,review?(nrthomas),
2007-12-23 22:48:00 PST,bhearsum,Blocks,355309,
2007-12-26 12:37:04 PST,nthomas,Attachment #294465                Flags,review+,review?(nrthomas)
2007-12-28 06:36:31 PST,bhearsum,Status,RESOLVED,ASSIGNED
2007-12-28 06:36:31 PST,bhearsum,Resolution,FIXED,---
2007-12-28 06:36:31 PST,bhearsum,Last Resolved,2007-12-28 06:36:31,
2013-08-12 21:54:08 PDT,nobody,Product,Release Engineering,mozilla.org
