When,Who,What,Added,Removed
2007-12-21 08:18:20 PST,steve.england,CC,steve.england,
2007-12-21 11:14:56 PST,magicdice,CC,magicdice,
2007-12-21 13:11:16 PST,mtschrep,Priority,P3,--
2007-12-21 13:11:16 PST,mtschrep,CC,mtschrep,
2007-12-21 13:11:16 PST,mtschrep,Flags,blocking1.9+,
2007-12-21 17:06:34 PST,gavin.sharp,CC,gavin.sharp,
2007-12-21 21:08:54 PST,ryanvm,CC,ryanvm,
2007-12-23 20:44:08 PST,bugspam.Callek,CC,bugspam.Callek,
2008-01-02 03:19:41 PST,bugzilla,CC,bugzilla,
2008-01-07 17:54:23 PST,jst,Assignee,bent.mozilla,jst
2008-01-07 17:54:23 PST,jst,CC,jst,
2008-01-11 16:26:39 PST,bent.mozilla,Attachment #296618                Flags,review?(jst), superreview?,
2008-01-11 16:27:15 PST,bent.mozilla,Attachment #296618                Flags,superreview?(bzbarsky),superreview?
2008-01-21 20:09:07 PST,bzbarsky,Attachment #296618                Flags,superreview-,superreview?(bzbarsky)
2008-02-04 10:53:33 PST,bent.mozilla,Attachment #296618                Attachment is obsolete,1,0
2008-02-04 10:53:33 PST,bent.mozilla,Attachment #301317                Flags,review?(bzbarsky),
2008-02-04 10:53:33 PST,bent.mozilla,Attachment #296618                Flags,,review?(jst)
2008-02-04 12:49:40 PST,bzbarsky,Attachment #301317                Flags,review+,review?(bzbarsky)
2008-02-04 13:54:14 PST,bent.mozilla,Attachment #301317                Flags,superreview?(jst),
2008-02-04 14:03:29 PST,reed,CC,reed,
2008-02-04 14:03:29 PST,reed,Target Milestone,mozilla1.9beta4,mozilla1.9beta3
2008-02-04 14:03:29 PST,reed,Version,Trunk,unspecified
2008-02-04 15:54:20 PST,jst,Attachment #301317                Flags,superreview+,superreview?(jst)
2008-02-04 17:11:25 PST,bent.mozilla,Attachment #301317                Flags,approval1.9?,
2008-02-04 17:11:56 PST,bent.mozilla,Attachment #301317                Flags,,approval1.9?
2008-02-08 13:46:07 PST,bent.mozilla,Resolution,FIXED,---
2008-02-08 13:46:07 PST,bent.mozilla,Last Resolved,2008-02-08 13:46:07,
2008-02-08 13:46:07 PST,bent.mozilla,Status,RESOLVED,NEW
2008-02-21 10:12:15 PST,bzbarsky,Depends on,416487,
2008-05-02 13:42:07 PDT,ria.klaassen,Depends on,431833,
