When,Who,What,Added,Removed
2007-12-21 10:39:27 PST,john+bugzilla,CC,joduinn,
2007-12-21 11:24:33 PST,bhearsum,Priority,P2,--
2007-12-23 22:28:57 PST,bhearsum,Priority,P3,P2
2007-12-26 23:36:33 PST,fullmetaljacket.xp+bugmail,CC,fullmetaljacket.xp+bugmail,
2007-12-27 09:03:12 PST,bhearsum,Priority,P2,P3
2007-12-28 06:28:46 PST,bhearsum,Attachment #294732                Flags,review?(nrthomas),
2008-01-07 08:28:19 PST,nthomas,Attachment #294732                Flags,review-,review?(nrthomas)
2008-01-07 10:54:46 PST,bhearsum,Attachment #294732                Attachment is obsolete,1,0
2008-01-07 10:54:46 PST,bhearsum,Attachment #295800                Flags,review?(nrthomas),
2008-01-08 09:23:02 PST,nthomas,Attachment #295800                Flags,review+,review?(nrthomas)
2008-01-08 09:39:32 PST,bhearsum,Status,RESOLVED,ASSIGNED
2008-01-08 09:39:32 PST,bhearsum,Resolution,FIXED,---
2008-01-08 09:39:32 PST,bhearsum,Last Resolved,2008-01-08 09:39:32,
2013-08-12 21:54:08 PDT,nobody,Product,Release Engineering,mozilla.org
