When,Who,What,Added,Removed
2007-12-21 07:57:46 PST,ispence,CC,ispence,
2007-12-21 17:06:41 PST,gavin.sharp,CC,gavin.sharp,
2007-12-24 16:11:24 PST,hussam,CC,ht990332,
2007-12-25 04:59:52 PST,hidenosuke,CC,hidenosuke,
2008-01-02 17:45:56 PST,ventnor.bugzilla,Attachment #295174                Flags,review?(rflint),
2008-01-02 19:14:14 PST,ventnor.bugzilla,Attachment #295174                Flags,review?(enndeakin),review?(rflint)
2008-01-02 19:37:53 PST,ventnor.bugzilla,CC,ventnor.bugzilla,
2008-01-02 19:50:43 PST,reed,CC,enndeakin, reed,
2008-01-03 06:14:55 PST,enndeakin,Attachment #295174                Flags,review-,review?(enndeakin)
2008-01-03 16:01:47 PST,twanno,Attachment #295300                Flags,review?(enndeakin),
2008-01-07 09:04:36 PST,dao,CC,dao,
2008-01-11 13:43:15 PST,enndeakin,Attachment #295300                Flags,review+,review?(enndeakin)
2008-01-11 17:10:27 PST,twanno,Assignee,twanno,nobody
2008-01-11 17:10:27 PST,twanno,Attachment #295300                Attachment is obsolete,1,0
2008-01-11 17:10:27 PST,twanno,Attachment #296625                Flags,review+, superreview?(roc),
2008-01-11 17:10:27 PST,twanno,Status,ASSIGNED,NEW
2008-01-13 15:41:41 PST,roc,Attachment #296625                Flags,superreview+,superreview?(roc)
2008-01-13 23:06:42 PST,reed,Attachment #296625                Flags,approval1.9?,
2008-01-13 23:08:56 PST,mtschrep,Attachment #296625                Flags,approval1.9+,approval1.9?
2008-01-13 23:48:30 PST,reed,Keywords,checkin-needed,
2008-01-14 02:21:24 PST,reed,Last Resolved,2008-01-14 02:21:24,
2008-01-14 02:21:24 PST,reed,Keywords,,checkin-needed
2008-01-14 02:21:24 PST,reed,Status,RESOLVED,ASSIGNED
2008-01-14 02:21:24 PST,reed,Resolution,FIXED,---
2008-01-14 02:21:24 PST,reed,Target Milestone,mozilla1.9 M11,---
2008-02-08 09:08:50 PST,twanno,Depends on,416379,
