When,Who,What,Added,Removed
2007-12-21 13:03:17 PST,LpSolit,Flags,blocking3.1.3+,
2007-12-21 16:19:05 PST,mkanat,Assignee,mkanat,installation
2007-12-22 16:09:17 PST,mkanat,Attachment #294390                Flags,review+,
2007-12-22 16:24:13 PST,mkanat,Status,ASSIGNED,NEW
2007-12-22 16:24:13 PST,mkanat,Flags,approval+,
2007-12-22 16:25:07 PST,mkanat,Status,RESOLVED,ASSIGNED
2007-12-22 16:25:07 PST,mkanat,Resolution,FIXED,---
2007-12-22 16:25:07 PST,mkanat,Last Resolved,2007-12-22 16:25:07,
