When,Who,What,Added,Removed
2007-12-21 11:28:52 PST,oremj,Assignee,oremj,server-ops
2007-12-21 11:28:52 PST,oremj,CC,oremj,
2007-12-21 11:30:06 PST,oremj,Assignee,aravind,oremj
2007-12-21 22:31:09 PST,aravind,Status,RESOLVED,NEW
2007-12-21 22:31:09 PST,aravind,Resolution,FIXED,---
2007-12-21 22:31:09 PST,aravind,Last Resolved,2007-12-21 22:31:09,
2007-12-22 02:21:54 PST,oremj,Status,REOPENED,RESOLVED
2007-12-22 02:21:54 PST,oremj,Resolution,---,FIXED
2007-12-22 02:22:18 PST,oremj,Assignee,server-ops,aravind
2007-12-22 02:22:18 PST,oremj,Status,NEW,REOPENED
2007-12-22 02:22:37 PST,oremj,Assignee,oremj,server-ops
2007-12-22 02:33:26 PST,bugzilla,CC,bugzilla,
2007-12-23 10:52:25 PST,oremj,CC,kkovash,
2007-12-24 15:34:05 PST,aravind,CC,aravind,
2007-12-26 11:47:10 PST,oremj,CC,clouserw,
2008-01-03 11:32:32 PST,bugzilla,CC,bugzilla,
2008-01-04 15:18:50 PST,oremj,Status,RESOLVED,NEW
2008-01-04 15:18:50 PST,oremj,Resolution,FIXED,---
2008-01-04 15:18:50 PST,oremj,Last Resolved,2008-01-04 15:18:50,2007-12-21 22:31:09
2015-03-12 08:17:16 PDT,nobody,Product,mozilla.org Graveyard,mozilla.org
