When,Who,What,Added,Removed
2007-12-21 11:30:48 PST,bhearsum,Priority,P2,--
2007-12-21 11:45:21 PST,bhearsum,Attachment #294258                Flags,review?(rhelmer),
2007-12-21 11:47:26 PST,rhelmer,Attachment #294258                Flags,review+,review?(rhelmer)
2007-12-21 11:50:28 PST,bhearsum,Status,RESOLVED,ASSIGNED
2007-12-21 11:50:28 PST,bhearsum,Resolution,FIXED,---
2007-12-21 11:50:28 PST,bhearsum,Last Resolved,2007-12-21 11:50:28,
2007-12-21 11:51:10 PST,bhearsum,Attachment #294258                Attachment description,[checked in] disable a2-a4,disable a2-a4
2013-08-12 21:54:08 PDT,nobody,Product,Release Engineering,mozilla.org
