When,Who,What,Added,Removed
2007-12-21 14:58:54 PST,wgianopoulos,Flags,blocking-firefox3?,
2007-12-21 17:11:31 PST,gavin.sharp,CC,gavin.sharp,
2007-12-21 19:19:41 PST,rflint,Status,ASSIGNED,NEW
2007-12-21 19:19:41 PST,rflint,Assignee,rflint,nobody
2007-12-21 19:19:41 PST,rflint,Attachment #294318                Flags,review?(gavin.sharp),
2007-12-21 21:02:26 PST,reed,CC,reed,
2007-12-21 21:03:25 PST,reed,Flags,in-testsuite?,
2007-12-22 04:52:44 PST,xtc4uall,CC,xtc4uall,
2007-12-22 09:54:24 PST,bob,CC,bclary,
2007-12-22 10:02:01 PST,twalker,CC,twalker,
2007-12-22 10:02:01 PST,twalker,Flags,in-litmus+,
2007-12-22 12:02:10 PST,gavin.sharp,Attachment #294318                Flags,review+,review?(gavin.sharp)
2007-12-22 21:47:42 PST,bugzilla,CC,bugzilla,
2007-12-23 00:47:36 PST,rflint,Attachment #294318                Flags,approval1.9?,
2007-12-23 09:00:29 PST,mconnor,Attachment #294318                Flags,approval1.9+,approval1.9?
2007-12-23 11:50:26 PST,bmo,CC,bmo,
2007-12-23 13:05:23 PST,rflint,Status,RESOLVED,ASSIGNED
2007-12-23 13:05:23 PST,rflint,Resolution,FIXED,---
2007-12-23 13:05:23 PST,rflint,Target Milestone,Firefox 3 M11,---
2007-12-23 13:05:23 PST,rflint,Flags,in-testsuite+,in-testsuite?
2007-12-23 13:05:23 PST,rflint,Last Resolved,2007-12-23 13:05:23,
2007-12-23 23:53:25 PST,rflint,Attachment #294318                Attachment is obsolete,1,0
2008-02-05 00:45:07 PST,mconnor,CC,mconnor,
2008-02-05 00:45:07 PST,mconnor,Flags,blocking-firefox3+,blocking-firefox3?
2008-02-05 22:40:51 PST,chung808,Status,VERIFIED,RESOLVED
2008-02-05 22:40:51 PST,chung808,CC,tchung,
2008-02-07 08:31:11 PST,dao,Blocks,,406330
2008-03-06 11:29:23 PST,bugzilla,Depends on,421333,
