When,Who,What,Added,Removed
2007-12-21 11:54:57 PST,stejohns,Attachment #294260                Flags,review?(edwsmith),
2007-12-21 13:51:48 PST,stejohns,Attachment #294260                Flags,review?(treilly),
2008-01-02 06:53:35 PST,edwsmith,Attachment #294260                Flags,review+,review?(edwsmith)
2008-01-02 06:54:13 PST,edwsmith,CC,edwsmith,
2008-01-02 09:54:39 PST,stejohns,Status,RESOLVED,NEW
2008-01-02 09:54:39 PST,stejohns,Resolution,FIXED,---
2008-01-02 09:54:39 PST,stejohns,Last Resolved,2008-01-02 09:54:39,
2008-03-14 09:53:36 PDT,treilly,Attachment #294260                Flags,review+,review?(treilly)
2009-10-13 16:26:46 PDT,cpeyer,Status,VERIFIED,RESOLVED
2009-10-13 16:26:46 PDT,cpeyer,CC,cpeyer,
