When,Who,What,Added,Removed
2007-12-21 14:46:02 PST,aaronlev,Attachment #294293                Flags,review?(surkov.alexander),
2007-12-21 19:30:29 PST,surkov.alexander,Attachment #294293                Flags,review+,review?(surkov.alexander)
2007-12-21 19:31:01 PST,aaronlev,Attachment #294293                Attachment is obsolete,1,0
2007-12-21 19:31:01 PST,aaronlev,Attachment #294320                Flags,review?(surkov.alexander),
2007-12-21 19:36:08 PST,surkov.alexander,Attachment #294320                Flags,review+,review?(surkov.alexander)
2007-12-21 20:51:58 PST,aaronlev,Attachment #294320                Flags,approval1.9?,
2007-12-24 14:07:40 PST,mbeltzner,Attachment #294320                Flags,approval1.9+,approval1.9?
2007-12-26 21:12:01 PST,aaronlev,Status,RESOLVED,NEW
2007-12-26 21:12:01 PST,aaronlev,Resolution,FIXED,---
2007-12-26 21:12:01 PST,aaronlev,Last Resolved,2007-12-26 21:12:01,
2008-02-06 01:31:39 PST,mzehe,Status,VERIFIED,RESOLVED
2008-02-06 01:31:39 PST,mzehe,CC,marco.zehe,
