When,Who,What,Added,Removed
2007-12-21 14:23:51 PST,aaronlev,Flags,blocking1.9?,
2007-12-24 01:41:16 PST,evan.yan,CC,roc,
2007-12-24 18:33:17 PST,hhschwab,CC,hhschwab,
2007-12-28 02:12:38 PST,bugzilla,CC,bugzilla,
2008-01-03 14:48:31 PST,dsicore,Priority,P3,--
2008-01-03 14:48:31 PST,dsicore,CC,dsicore,
2008-01-03 14:48:31 PST,dsicore,Flags,blocking1.9+,blocking1.9?
2008-01-03 15:22:52 PST,gavin.sharp,CC,gavin.sharp,
2008-01-09 03:35:59 PST,mzehe,CC,marco.zehe,
2008-01-10 11:27:30 PST,aaronlev,Attachment #296376                Flags,review?(roc), superreview?(roc),
2008-01-10 19:38:30 PST,aaronlev,Status,ASSIGNED,NEW
2008-01-10 19:38:30 PST,aaronlev,Assignee,aaronleventhal,Evan.Yan
2008-01-10 19:38:30 PST,aaronlev,Attachment #296376                Attachment is obsolete,1,0
2008-01-10 19:38:30 PST,aaronlev,Attachment #296376                Flags,,review?(roc), superreview?(roc)
2008-01-10 19:39:03 PST,aaronlev,Attachment #296469                Flags,review?(roc), superreview?(roc),
2008-01-10 22:12:01 PST,ginn.chen,Attachment #296469                Attachment mime type,text/plain,application/octet-stream
2008-01-10 22:12:01 PST,ginn.chen,Attachment #296469                Attachment is patch,1,0
2008-01-11 06:30:38 PST,mzehe,Priority,P1,P3
2008-01-11 06:30:38 PST,mzehe,Target Milestone,mozilla1.9 M11,---
2008-01-13 15:13:31 PST,roc,Attachment #296469                Flags,review+, superreview+,review?(roc), superreview?(roc)
2008-01-14 00:30:41 PST,mzehe,Attachment #296469                Flags,approval1.9?,
2008-01-14 00:31:38 PST,reed,Attachment #296469                Flags,,approval1.9?
2008-01-14 00:33:00 PST,reed,Version,Trunk,unspecified
2008-01-14 00:33:00 PST,reed,CC,reed,
2008-01-14 06:35:34 PST,aaronlev,Status,RESOLVED,ASSIGNED
2008-01-14 06:35:34 PST,aaronlev,Resolution,FIXED,---
2008-01-14 06:35:34 PST,aaronlev,Last Resolved,2008-01-14 06:35:34,
2008-01-16 03:53:59 PST,mzehe,Status,REOPENED,RESOLVED
2008-01-16 03:53:59 PST,mzehe,Resolution,---,FIXED
2008-01-16 09:45:37 PST,evan.yan,CC,Evan.Yan,
2008-01-17 15:57:21 PST,aaronlev,CC,surkov.alexander, ginn.chen,
2008-01-17 17:27:48 PST,aaronlev,Attachment #297658                Flags,review?(Evan.Yan),
2008-01-18 06:59:32 PST,aaronlev,Attachment #297658                Flags,review?(surkov.alexander),
2008-01-21 00:59:34 PST,evan.yan,Attachment #297658                Flags,review+,review?(Evan.Yan)
2008-01-21 06:07:01 PST,aaronlev,Attachment #297658                Flags,approval1.9?,review?(surkov.alexander)
2008-01-21 08:22:16 PST,mtschrep,Attachment #297658                Flags,,approval1.9?
2008-01-21 17:32:26 PST,aaronlev,Status,RESOLVED,REOPENED
2008-01-21 17:32:26 PST,aaronlev,Resolution,FIXED,---
2008-01-21 17:32:26 PST,aaronlev,Last Resolved,2008-01-21 17:32:26,2008-01-14 06:35:34
2008-01-23 07:50:51 PST,aaronlev,Status,REOPENED,RESOLVED
2008-01-23 07:50:51 PST,aaronlev,Resolution,---,FIXED
2008-01-23 07:57:22 PST,aaronlev,Attachment #298717                Flags,review?(surkov.alexander),
2008-01-23 08:50:44 PST,surkov.alexander,Attachment #298717                Flags,review+,review?(surkov.alexander)
2008-01-23 10:46:00 PST,aaronlev,Status,RESOLVED,REOPENED
2008-01-23 10:46:00 PST,aaronlev,Resolution,FIXED,---
2008-01-23 10:46:00 PST,aaronlev,Last Resolved,2008-01-23 10:46:00,2008-01-21 17:32:26
2008-01-23 13:14:43 PST,aaronlev,Attachment #295206                Flags,review+,
2008-02-06 01:25:13 PST,mzehe,Status,VERIFIED,RESOLVED
