When,Who,What,Added,Removed
2007-12-21 10:21:42 PST,ol.rrm.2008,Summary,Status Bar Add-on Icon Tooltips Only Flashes Up On Mouse Pointer Hover,Status Bar Add-on Icon Tooltips Only Flash Up On Mouse Pointer Hover
2007-12-21 10:22:41 PST,ol.rrm.2008,Summary,Status Bar Add-on Icon Tooltips Only Flash Up On Mouse Pointer Hover,Status Bar Add-on Icon Tooltips Only Flashes Up On Mouse Pointer Hover
2007-12-21 10:35:07 PST,toscha,CC,toscha,
2007-12-22 01:21:58 PST,gavin.sharp,QA Contact,general,general
2007-12-22 01:21:58 PST,gavin.sharp,CC,gavin.sharp,
2007-12-22 01:21:58 PST,gavin.sharp,Blocks,407937,
2007-12-22 01:21:58 PST,gavin.sharp,Keywords,regression,
2007-12-22 01:21:58 PST,gavin.sharp,Product,Core,Firefox
2007-12-22 01:21:58 PST,gavin.sharp,Component,General,General
2007-12-22 03:32:56 PST,questdelsangraal,CC,grailvangogh,
2007-12-22 20:21:20 PST,laniksj,CC,lanik,
2008-01-08 18:42:06 PST,ol.rrm.2008,Version,Trunk,unspecified
2008-02-04 21:07:44 PST,bugzilla,CC,bugzilla,
2008-02-13 08:45:16 PST,bomfog,Component,XP Toolkit/Widgets: Menus,General
2008-02-13 08:45:16 PST,bomfog,QA Contact,xptoolkit.menus,general
2008-02-13 08:45:16 PST,bomfog,CC,bomfog,
2008-02-13 08:45:16 PST,bomfog,Ever confirmed,1,0
2008-02-13 08:45:16 PST,bomfog,Summary,Status Bar Tooltips Only Flash Up On Mouse Pointer Hover,Status Bar Add-on Icon Tooltips Only Flash Up On Mouse Pointer Hover
2008-02-13 08:45:16 PST,bomfog,OS,All,Windows 2000
2008-02-13 08:45:16 PST,bomfog,Status,NEW,UNCONFIRMED
2008-02-13 10:50:25 PST,dlangton,CC,dlangton,
2008-02-22 09:43:02 PST,richwklein,CC,richwklein,
2008-03-02 07:57:27 PST,shoofy,CC,shoofy,
2008-03-03 12:46:47 PST,reidr,CC,reidr,
2008-03-03 15:15:22 PST,wgianopoulos,CC,bill,
2008-03-06 01:23:23 PST,stefan-bmo,CC,xeen.dc,
2008-03-06 01:23:23 PST,stefan-bmo,Flags,blocking1.9?,
2008-03-06 01:24:03 PST,stefan-bmo,CC,saleemshafi,
2008-03-06 01:56:44 PST,ria.klaassen,CC,ria.klaassen,
2008-03-13 13:19:58 PDT,roc,CC,roc,
2008-03-13 13:19:58 PDT,roc,Flags,blocking1.9-, wanted1.9+,blocking1.9?
2008-03-15 14:39:00 PDT,dan,CC,dan,
2008-03-17 10:00:24 PDT,ria.klaassen,CC,dirkjohann,
2008-03-17 12:19:17 PDT,larz,CC,larz,
2008-03-18 14:48:48 PDT,paxunix,CC,paxunix,
2008-03-31 17:00:45 PDT,webmaster,CC,webmaster,
2008-04-06 09:19:47 PDT,xtc4uall,CC,xtc4uall,
2008-04-06 16:41:47 PDT,supernova00,CC,supernova00,
2008-04-25 22:13:55 PDT,fligtar+bugs,CC,fligtar,
2008-04-25 22:29:32 PDT,philringnalda,CC,philringnalda,
2008-04-26 11:24:34 PDT,pdenomy,CC,pdenomy,
2008-04-27 16:22:41 PDT,roc,Assignee,roc,nobody
2008-04-28 21:00:08 PDT,roc,Attachment #318310                Flags,review?(enndeakin), superreview?(neil),
2008-04-28 21:03:26 PDT,roc,CC,enndeakin, neil,
2008-04-28 22:52:31 PDT,roc,Attachment #318310                Flags,,review?(enndeakin), superreview?(neil)
2008-04-28 22:52:31 PDT,roc,Attachment #318310                Attachment is obsolete,1,0
2008-04-29 03:04:56 PDT,roc,Attachment #318355                Flags,review?(enndeakin), superreview?(neil),
2008-04-29 03:07:42 PDT,roc,Whiteboard,[needs review],
2008-04-29 08:50:13 PDT,neil,Attachment #318355                Flags,superreview+,superreview?(neil)
2008-04-29 08:51:31 PDT,enndeakin,Attachment #318355                Flags,review+, superreview?(neil),review?(enndeakin), superreview+
2008-04-29 08:54:20 PDT,neil,Attachment #318355                Flags,superreview+,superreview?(neil)
2008-04-29 08:54:38 PDT,neil,Whiteboard,,[needs review]
2008-04-29 11:15:57 PDT,roc,Attachment #318355                Flags,approval1.9?,
2008-04-29 12:39:16 PDT,philringnalda,CC,conscious,
2008-04-29 12:58:44 PDT,stephen.donner,CC,stephen.donner,
2008-04-29 13:06:30 PDT,stephen.donner,Summary,Status bar tooltips only flash up on mouse-pointer hover,Status Bar Tooltips Only Flash Up On Mouse Pointer Hover
2008-04-29 17:48:22 PDT,dsicore,Attachment #318355                Flags,approval1.9+,approval1.9?
2008-04-29 18:42:12 PDT,roc,Status,RESOLVED,NEW
2008-04-29 18:42:12 PDT,roc,Resolution,FIXED,---
2008-04-29 18:42:12 PDT,roc,Flags,in-testsuite+,
2008-04-29 18:42:12 PDT,roc,Last Resolved,2008-04-29 18:42:12,
2008-04-30 02:17:36 PDT,reed,CC,reed,
2008-05-06 02:44:41 PDT,ria.klaassen,CC,jpx92681,
2008-07-31 03:26:11 PDT,timeless,Component,XUL,XP Toolkit/Widgets: Menus
2008-07-31 03:26:11 PDT,timeless,QA Contact,xptoolkit.widgets,xptoolkit.menus
