When,Who,What,Added,Removed
2007-12-21 10:41:51 PST,benjamin,Attachment #294242                Flags,review?(jst), superreview?(mrbkap),
2007-12-22 02:12:53 PST,jst,Attachment #294242                Flags,review+,review?(jst)
2007-12-24 20:05:23 PST,mrbkap,CC,mrbkap, bzbarsky, brendan, jst,
2007-12-26 15:53:57 PST,mrbkap,Attachment #294242                Flags,superreview+,superreview?(mrbkap)
2007-12-31 09:37:56 PST,ted,Attachment #294242                Flags,approval1.9+,
2007-12-31 10:24:33 PST,benjamin,Resolution,FIXED,---
2007-12-31 10:24:33 PST,benjamin,Last Resolved,2007-12-31 10:24:33,
2007-12-31 10:24:33 PST,benjamin,Status,RESOLVED,NEW
2007-12-31 10:25:45 PST,bugzilla,CC,bugzilla,
2007-12-31 10:26:37 PST,reed,CC,reed,
2008-01-10 07:00:59 PST,peterv,Depends on,411531,
