When,Who,What,Added,Removed
2007-12-21 14:45:14 PST,stefanh,Attachment #294291                Flags,review?(mano),
2007-12-21 15:30:05 PST,jwalden+bmo,CC,jwalden+bmo,
2007-12-21 15:37:48 PST,asaf,Attachment #294291                Flags,review+,review?(mano)
2007-12-22 05:10:36 PST,stefanh,Attachment #294291                Flags,approval1.9?,
2007-12-22 10:32:53 PST,ryanvm,CC,ryanvm,
2007-12-24 14:08:06 PST,mbeltzner,Attachment #294291                Flags,approval1.9+,approval1.9?
2007-12-25 06:02:24 PST,stefanh,Status,RESOLVED,NEW
2007-12-25 06:02:24 PST,stefanh,Resolution,FIXED,---
2007-12-25 06:02:24 PST,stefanh,Last Resolved,2007-12-25 06:02:24,
