When,Who,What,Added,Removed
2007-12-21 15:11:06 PST,jwalden+bmo,Attachment #294295                Flags,review?(brendan),
2007-12-21 20:10:31 PST,jwalden+bmo,Attachment #294295                Attachment is obsolete,1,0
2007-12-21 20:10:31 PST,jwalden+bmo,Attachment #294322                Flags,review?(brendan),
2007-12-21 20:10:31 PST,jwalden+bmo,Attachment #294295                Flags,,review?(brendan)
2007-12-21 22:17:52 PST,brendan,Blocks,117611,
2007-12-21 22:27:22 PST,bugzilla,CC,bugzilla,
2007-12-22 07:52:24 PST,ryanvm,CC,ryanvm,
2007-12-28 07:59:42 PST,jeresig,CC,jresig,
2008-01-09 15:32:59 PST,jcea,CC,jcea,
2008-01-19 14:59:10 PST,jwalden+bmo,Attachment #294324                Attachment is obsolete,1,0
2008-01-19 14:59:10 PST,jwalden+bmo,Attachment #298022                Flags,review?(brendan),
2008-01-19 15:21:07 PST,brendan,Attachment #298022                Flags,review+, approval1.9+,review?(brendan)
2008-01-19 15:28:20 PST,brendan,Attachment #294322                Flags,,review?(brendan)
2008-01-19 17:38:22 PST,igor,CC,igor,
2008-01-20 04:44:06 PST,xtc4uall,CC,xtc4uall,
2008-01-20 10:15:05 PST,mtschrep,Keywords,perf,
2008-01-20 10:15:05 PST,mtschrep,CC,mtschrep,
2008-02-24 07:51:23 PST,magicdice,CC,magicdice,
2008-05-09 10:53:44 PDT,crowderbt,Attachment #298022                Flags,,approval1.9+
2008-07-02 09:33:18 PDT,crowderbt,Status,RESOLVED,ASSIGNED
2008-07-02 09:33:18 PDT,crowderbt,Resolution,FIXED,---
2008-07-02 09:33:18 PDT,crowderbt,CC,crowder,
2008-07-02 09:33:18 PDT,crowderbt,Flags,wanted1.9.0.x?,
2008-07-02 09:33:18 PDT,crowderbt,Last Resolved,2008-07-02 09:33:18,
2008-07-27 19:51:38 PDT,bob,CC,bclary,
2008-07-27 19:51:38 PDT,bob,Flags,in-litmus-, in-testsuite-,
2008-08-17 16:42:41 PDT,samuel.sidler+old,CC,samuel.sidler,
2008-08-17 16:42:41 PDT,samuel.sidler+old,Flags,,wanted1.9.0.x?
