When,Who,What,Added,Removed
2007-12-21 10:34:14 PST,bugzilla-mozilla-20000923,CC,silver,
2007-12-21 10:34:44 PST,bugzilla-mozilla-20000923,Summary,Build ChatZilla locale pack when using --enable-ui-locale,make ChatZilla locale pack be actually built with --enable-ui-locale
2007-12-21 10:37:07 PST,kairo,Attachment #294241                Flags,review?(gijskruitbosch+bugs),
2007-12-21 16:14:49 PST,gijskruitbosch+bugs,Attachment #294241                Flags,review+,review?(gijskruitbosch+bugs)
2007-12-21 16:21:07 PST,kairo,Last Resolved,2007-12-21 16:21:07,
2007-12-21 16:21:07 PST,kairo,Status,RESOLVED,NEW
2007-12-21 16:21:07 PST,kairo,Resolution,FIXED,---
