When,Who,What,Added,Removed
2007-12-22 00:15:11 PST,gavin.sharp,CC,gavin.sharp, johnath,
2007-12-23 20:59:10 PST,bugspam.Callek,CC,bugspam.Callek, neil, kairo,
2007-12-24 10:17:40 PST,dveditz,CC,dveditz,
2008-01-04 07:36:15 PST,ori,CC,ori,
2008-02-21 23:08:29 PST,jruderman,CC,guy.pyrzak,
2008-02-22 12:36:59 PST,bugzilla,CC,faaborg,
2008-03-06 07:40:58 PST,steve.england,CC,fugifox,
2008-03-06 07:50:02 PST,jmjeffery,CC,jmjeffery,
2008-03-06 07:59:14 PST,fehe,CC,fehe,
2008-03-06 08:11:45 PST,f.castellana,CC,f.castellana,
2008-03-06 08:56:22 PST,steve.england,CC,steve.england,
2008-03-06 09:46:01 PST,xtc4uall,CC,xtc4uall,
2008-03-06 16:18:51 PST,wgianopoulos,CC,bill,
2008-03-18 04:07:15 PDT,pike,CC,pike,
2008-03-19 18:57:06 PDT,sparky,CC,sparkybluefang,
2008-03-24 09:53:25 PDT,pcvrcek,CC,bugs,
2008-03-24 13:12:13 PDT,gigaherz,CC,gigaherz,
2008-03-26 09:10:41 PDT,leeoniya,CC,leeoniya,
2008-04-27 05:05:34 PDT,matt.babbs,CC,matt.babbs,
2008-05-06 12:14:21 PDT,fejese,CC,fejese,
2008-06-20 23:26:03 PDT,jan-bugreport,CC,jan-bugreport,
2008-06-23 08:31:38 PDT,bugzilla,Status,RESOLVED,NEW
2008-06-23 08:31:38 PDT,bugzilla,Resolution,FIXED,---
2008-06-23 08:31:38 PDT,bugzilla,Last Resolved,2008-06-23 08:31:38,
2008-07-31 14:20:40 PDT,f.castellana,CC,,f.castellana
2010-12-17 07:02:51 PST,jmjeffery,CC,,jmjeffery
