When,Who,What,Added,Removed
2007-12-26 21:42:32 PST,john+bugzilla,Priority,P3,--
2008-06-05 09:36:28 PDT,john+bugzilla,Component,Release Engineering: Future,Release Engineering
2008-06-05 09:36:28 PDT,john+bugzilla,QA Contact,release,build
2009-08-13 13:33:00 PDT,john+bugzilla,Blocks,409493,
2009-08-13 13:33:00 PDT,john+bugzilla,Summary,automatically verify test channel contents match the corresponding live channel contents,Verify test channel contents match the corresponding live channel contents
2009-08-13 16:44:58 PDT,armenzg,CC,armenzg,
2010-02-15 07:36:36 PST,coop,Component,Release Engineering,Release Engineering: Future
2010-04-08 13:17:53 PDT,bhearsum,Whiteboard,[automation][updates][simple],
2010-04-08 13:17:53 PDT,bhearsum,CC,bhearsum,
2010-05-06 13:46:23 PDT,bhearsum,Priority,P5,P3
2010-08-04 08:03:40 PDT,bhearsum,Assignee,bhearsum,nobody
2010-09-01 12:15:32 PDT,bhearsum,Priority,P3,P5
2010-09-02 14:07:55 PDT,bhearsum,Attachment #471616                Flags,review?(nrthomas),
2010-09-02 14:14:07 PDT,bhearsum,Attachment #471622                Flags,review?(nrthomas),
2010-09-02 20:53:31 PDT,nthomas,Attachment #471616                Flags,review+,review?(nrthomas)
2010-09-03 14:47:04 PDT,bhearsum,Attachment #471616                Attachment is obsolete,1,0
2010-09-03 14:47:04 PDT,bhearsum,Attachment #471987                Flags,review?(nrthomas),
2010-09-09 12:59:38 PDT,bhearsum,Attachment #471622                Attachment is obsolete,1,0
2010-09-09 12:59:38 PDT,bhearsum,Attachment #473690                Flags,review?(nrthomas),
2010-09-09 12:59:38 PDT,bhearsum,Attachment #471622                Flags,,review?(nrthomas)
2010-09-09 13:01:03 PDT,bhearsum,Attachment #471987                Flags,,review?(nrthomas)
2010-09-09 13:01:03 PDT,bhearsum,Attachment #471987                Attachment is obsolete,1,0
2010-09-09 13:01:03 PDT,bhearsum,Attachment #473691                Flags,review?(nrthomas),
2010-09-09 14:04:58 PDT,john+bugzilla,Blocks,478420,
2010-09-10 03:01:14 PDT,nthomas,Attachment #473690                Flags,review+,review?(nrthomas)
2010-09-10 03:01:17 PDT,nthomas,Attachment #473691                Flags,review+,review?(nrthomas)
2010-09-10 06:50:53 PDT,bhearsum,Attachment #473691                Flags,checked-in+,
2010-09-10 06:55:05 PDT,bhearsum,Attachment #473690                Flags,checked-in+,
2010-09-10 07:22:18 PDT,bhearsum,Status,RESOLVED,NEW
2010-09-10 07:22:18 PDT,bhearsum,Resolution,FIXED,---
2010-09-10 07:22:18 PDT,bhearsum,Last Resolved,2010-09-10 07:22:18,
2013-08-12 21:54:08 PDT,nobody,Product,Release Engineering,mozilla.org
