When,Who,What,Added,Removed
2007-12-21 16:24:35 PST,bugzilla,CC,bugzilla,
2007-12-21 16:38:33 PST,bugzilla-mozilla-20000923,CC,silver,
2007-12-22 00:40:10 PST,bugzilla.spam2,CC,bugzilla.spam2,
2007-12-22 05:08:58 PST,raj,CC,raj,
2007-12-22 10:04:48 PST,hhschwab,CC,hhschwab,
2007-12-22 20:35:02 PST,worcester12345,CC,worcester12345,
2007-12-23 10:45:11 PST,bugspam.Callek,CC,bugspam.Callek,
2008-01-05 05:29:41 PST,gijskruitbosch+bugs,CC,gijskruitbosch+bugs,
2008-01-15 16:58:23 PST,worcester12345,Flags,blocking-seamonkey2.0a1?,
2008-01-15 18:05:39 PST,kairo,Flags,blocking-seamonkey2.0a1-,blocking-seamonkey2.0a1?
2008-01-17 04:15:57 PST,wladow,CC,valastiak,
2008-01-17 04:25:09 PST,wladow,Status,ASSIGNED,NEW
2008-01-17 06:07:32 PST,wladow,Assignee,valastiak,nobody
2008-01-17 06:07:32 PST,wladow,Attachment #297531                Flags,review?(bugzilla),
2008-01-19 09:06:37 PST,bugzilla,Attachment #297531                Flags,review-,review?(bugzilla)
2008-01-19 15:15:27 PST,bugzilla,Attachment #297531                Flags,review?(bugzilla),review-
2008-04-11 14:56:13 PDT,bugzilla,Attachment #297531                Flags,review+,review?(bugzilla)
2008-04-11 15:15:59 PDT,wladow,Keywords,checkin-needed,
2008-04-11 22:24:47 PDT,bugspam.Callek,Keywords,,checkin-needed
2008-04-12 01:08:26 PDT,wladow,Attachment #297531                Flags,superreview?(neil),
2008-04-12 06:00:48 PDT,neil,Attachment #297531                Flags,superreview+,superreview?(neil)
2008-04-13 14:41:46 PDT,wladow,Attachment #315409                Flags,review?(neil),
2008-04-13 16:19:58 PDT,neil,Attachment #315409                Flags,review?(bugzilla),review?(neil)
2008-04-17 11:40:53 PDT,bugzilla,Attachment #315409                Flags,review+,review?(bugzilla)
2008-04-17 12:04:27 PDT,wladow,Attachment #297531                Attachment is obsolete,1,0
2008-04-17 12:04:27 PDT,wladow,Attachment #316273                Flags,superreview?(neil),
2008-04-17 18:36:03 PDT,bugspam.Callek,Attachment #316273                Flags,review+,superreview?(neil)
2008-04-17 18:36:54 PDT,bugspam.Callek,Keywords,checkin-needed,
2008-04-17 19:56:12 PDT,gavin.sharp,Target Milestone,seamonkey2.0alpha,---
2008-04-17 19:56:12 PDT,gavin.sharp,Last Resolved,2008-04-17 19:56:12,
2008-04-17 19:56:12 PDT,gavin.sharp,Keywords,,checkin-needed
2008-04-17 19:56:12 PDT,gavin.sharp,Status,RESOLVED,ASSIGNED
2008-04-17 19:56:12 PDT,gavin.sharp,Resolution,FIXED,---
2008-04-17 19:56:12 PDT,gavin.sharp,CC,gavin.sharp,
2008-04-18 03:53:11 PDT,neil,Attachment #316273                Flags,superreview+,
