When,Who,What,Added,Removed
2008-10-06 07:44:47 PDT,laura,Summary,[upstream] confirm (OK/Cancel) instead of alert (OK) in end of chat,confirm (OK/Cancel) instead of alert (OK) in end of chat
2008-10-06 07:44:47 PDT,laura,CC,laura,
2008-12-23 19:43:23 PST,bugs,Status,RESOLVED,NEW
2008-12-23 19:43:23 PST,bugs,Resolution,FIXED,---
2008-12-23 19:43:23 PST,bugs,CC,bugs,
2008-12-23 19:43:23 PST,bugs,Last Resolved,2008-12-23 19:43:23,
2013-01-15 21:45:46 PST,nobody,Product,support.mozilla.org Graveyard,support.mozilla.org
2013-01-15 21:45:46 PST,nobody,Component,Chat,Chat
