When,Who,What,Added,Removed
2007-12-21 09:42:27 PST,edwsmith,Assignee,edwsmith,nobody
2007-12-21 09:43:18 PST,edwsmith,Summary,TT: support short and long offsets for JUMP and NEST,TT: support short and long offsets for JUMP and TEST
2008-01-08 11:30:23 PST,edwsmith,Severity,enhancement,normal
2008-01-15 14:58:02 PST,rreitmai,CC,rreitmai,
2008-02-10 09:00:05 PST,edwsmith,Component,Tracing Virtual Machine,Virtual Machine
2008-02-10 09:00:05 PST,edwsmith,Assignee,nobody,edwsmith
2008-02-10 09:00:05 PST,edwsmith,QA Contact,tracing-vm,vm
2008-03-04 12:13:14 PST,stejohns,Assignee,stejohns,nobody
2008-03-04 12:13:14 PST,stejohns,CC,stejohns,
2008-03-04 18:07:05 PST,stejohns,Attachment #307373                Flags,review?(edwsmith),
2008-03-05 16:21:55 PST,edwsmith,Attachment #307373                Flags,review+,review?(edwsmith)
2008-03-06 16:14:28 PST,stejohns,Attachment #307373                Attachment is obsolete,1,0
2008-03-06 16:14:28 PST,stejohns,Attachment #307834                Flags,review?(edwsmith),
2008-03-07 06:55:59 PST,edwsmith,Attachment #307834                Flags,review+,review?(edwsmith)
2008-03-07 06:59:58 PST,edwsmith,Blocks,421505,
2008-03-07 10:12:49 PST,stejohns,Resolution,FIXED,---
2008-03-07 10:12:49 PST,stejohns,Last Resolved,2008-03-07 10:12:49,
2008-03-07 10:12:49 PST,stejohns,Status,RESOLVED,NEW
