When,Who,What,Added,Removed
2007-12-22 10:47:44 PST,longsonr,Assignee,longsonr,nobody
2007-12-22 10:47:44 PST,longsonr,Attachment #294373                Flags,review?(bzbarsky), superreview?(bzbarsky),
2007-12-22 10:47:44 PST,longsonr,Status,ASSIGNED,NEW
2007-12-23 15:01:11 PST,bzbarsky,Attachment #294373                Flags,review+, superreview+,review?(bzbarsky), superreview?(bzbarsky)
2007-12-23 15:34:42 PST,longsonr,Attachment #294373                Flags,approval1.9?,
2007-12-24 14:07:21 PST,mbeltzner,Attachment #294373                Flags,approval1.9+,approval1.9?
2008-01-17 09:08:51 PST,longsonr,Status,RESOLVED,ASSIGNED
2008-01-17 09:08:51 PST,longsonr,Resolution,FIXED,---
2008-01-17 09:08:51 PST,longsonr,Last Resolved,2008-01-17 09:08:51,
2008-01-17 09:09:14 PST,longsonr,Flags,in-testsuite?,
2008-01-17 15:47:48 PST,jruderman,Flags,in-testsuite+,in-testsuite?
