When,Who,What,Added,Removed
2007-12-21 09:54:40 PST,peterv,Flags,blocking-firefox3?,
2007-12-21 10:20:07 PST,ryanvm,CC,ryanvm,
2007-12-21 10:51:57 PST,jwalden+bmo,CC,jwalden+bmo,
2007-12-21 12:28:51 PST,bzbarsky,CC,bzbarsky,
2007-12-21 15:12:01 PST,jruderman,Keywords,mlk,
2007-12-21 17:09:22 PST,gavin.sharp,CC,gavin.sharp,
2007-12-28 23:31:05 PST,stephen.donner,CC,stephend,
2008-01-20 11:51:21 PST,mtschrep,CC,mtschrep,
2008-01-20 14:57:41 PST,mtschrep,CC,benjamin,
2008-01-21 11:18:47 PST,samuel.sidler+old,CC,samuel.sidler,
2008-02-07 14:50:50 PST,mbeltzner,Priority,P2,--
2008-02-07 14:50:50 PST,mbeltzner,Flags,blocking-firefox3+,blocking-firefox3?
2008-02-07 14:52:17 PST,reed,CC,reed,
2008-02-13 10:12:54 PST,peterv,Attachment #298275                Attachment is obsolete,1,0
2008-02-13 10:32:13 PST,jruderman,Keywords,regression,
2008-02-13 10:36:08 PST,cbook,CC,cbook,
2008-02-20 02:57:13 PST,misak.bugzilla,CC,misak,
2008-02-20 10:10:27 PST,bent.mozilla,Priority,P3,P2
2008-02-20 10:10:27 PST,bent.mozilla,CC,bent.mozilla,
2008-02-29 08:55:55 PST,mconnor,CC,mconnor,
2008-02-29 08:55:55 PST,mconnor,Assignee,sdwilsh,nobody
2008-03-07 11:06:46 PST,sdwilsh,Assignee,nobody,sdwilsh
2008-03-07 11:15:41 PST,philringnalda,CC,philringnalda,
2008-03-08 06:57:28 PST,dwitte,CC,dwitte,
2008-03-19 11:11:30 PDT,jonas,Priority,P2,P3
2008-03-22 00:04:05 PDT,mconnor,CC,,mconnor
2008-03-24 15:34:11 PDT,bent.mozilla,Assignee,bent.mozilla,nobody
2008-03-26 13:19:13 PDT,mconnor,CC,mconnor,
2008-03-26 13:19:13 PDT,mconnor,Flags,blocking-firefox3-, wanted1.9.0.x+,blocking-firefox3+
2008-05-05 15:36:38 PDT,bent.mozilla,Attachment #294236                Attachment is obsolete,1,0
2008-05-05 15:36:38 PDT,bent.mozilla,Attachment #319467                Flags,review?(sdwilsh),
2008-05-05 15:37:11 PDT,bent.mozilla,Attachment #319467                Flags,review?(jst),
2008-05-06 16:08:53 PDT,bent.mozilla,Attachment #319467                Flags,review?(joshmoz),
2008-05-07 09:49:01 PDT,bent.mozilla,Attachment #319467                Attachment is obsolete,1,0
2008-05-07 09:49:01 PDT,bent.mozilla,Attachment #319795                Flags,review?,
2008-05-07 09:49:01 PDT,bent.mozilla,Attachment #319467                Flags,,review?(sdwilsh), review?(jst), review?(joshmoz)
2008-05-07 09:49:19 PDT,bent.mozilla,Attachment #319795                Flags,review?(joshmoz),
2008-05-07 09:49:43 PDT,bent.mozilla,Attachment #319795                Flags,review?(sdwilsh), review?(jst),review?
2008-05-07 09:52:36 PDT,jaas,Attachment #319795                Flags,review+,review?(joshmoz)
2008-05-09 06:57:00 PDT,sdwilsh,Attachment #319795                Flags,review+,review?(sdwilsh)
2008-07-06 08:21:47 PDT,mnyromyr,CC,mnyromyr,
2008-07-13 15:28:15 PDT,cbook,Flags,wanted-firefox3.1?,
2008-07-17 18:12:04 PDT,jst,Attachment #319795                Flags,superreview+,review?(jst)
2008-08-29 01:19:56 PDT,dtownsend,CC,dtownsend,
2008-08-29 18:18:05 PDT,mconnor,Flags,wanted-firefox3.1+,wanted-firefox3.1?
2008-09-04 10:40:27 PDT,bent.mozilla,Status,RESOLVED,NEW
2008-09-04 10:40:27 PDT,bent.mozilla,Resolution,FIXED,---
2008-09-04 10:40:27 PDT,bent.mozilla,Last Resolved,2008-09-04 10:40:27,
2008-12-17 17:54:45 PST,dveditz,CC,dveditz,
2008-12-17 17:54:45 PST,dveditz,Flags,wanted1.9.0.x-,wanted1.9.0.x+
