When,Who,What,Added,Removed
2007-12-21 10:36:47 PST,bugtrap,Summary,SSL Certificate on chat-support.mozilla.com:9091 causes untrusted warnings,SSL Certificate on chat-support.mozilla.com:9091 caused untrusted warnings.
2007-12-21 10:38:24 PST,mzeier,Assignee,oremj,server-ops
2007-12-21 10:38:24 PST,mzeier,CC,mrz,
2007-12-21 10:52:30 PST,oremj,Assignee,aravind,oremj
2007-12-21 10:52:30 PST,oremj,CC,justin,
2007-12-21 14:43:21 PST,tuukka.tolvanen,CC,tuukka.tolvanen,
2007-12-26 11:20:03 PST,aravind,Status,RESOLVED,NEW
2007-12-26 11:20:03 PST,aravind,Resolution,FIXED,---
2007-12-26 11:20:03 PST,aravind,Last Resolved,2007-12-26 11:20:03,
2007-12-27 08:26:13 PST,bugtrap,Status,VERIFIED,RESOLVED
2015-03-12 08:17:16 PDT,nobody,Product,mozilla.org Graveyard,mozilla.org
