When,Who,What,Added,Removed
2007-12-21 14:44:33 PST,john+bugzilla,Blocks,409479,
2007-12-26 12:04:48 PST,rhelmer,Assignee,rhelmer,nobody
2007-12-26 12:04:48 PST,rhelmer,CC,rhelmer,
2007-12-26 12:06:51 PST,rhelmer,Priority,P2,--
2007-12-26 12:07:02 PST,rhelmer,Status,ASSIGNED,NEW
2007-12-27 16:36:17 PST,rhelmer,Whiteboard,proof-of-concept up, trolling for feedback,
2008-01-22 17:08:47 PST,rhelmer,Priority,P3,P2
2008-02-01 09:52:33 PST,antoine.mechelynck,CC,antoine.mechelynck,
2008-02-15 14:12:41 PST,rhelmer,Whiteboard,testing,proof-of-concept up, trolling for feedback
2008-03-18 11:32:50 PDT,rhelmer,Whiteboard,,testing
2008-03-18 11:33:23 PDT,rhelmer,Status,NEW,ASSIGNED
2008-03-18 11:33:23 PDT,rhelmer,Assignee,nobody,rhelmer
2008-04-08 11:09:57 PDT,torres.dark,CC,torres.dark,
2008-06-16 10:48:44 PDT,john+bugzilla,Component,Release Engineering: Future,Release Engineering
2008-06-16 10:48:44 PDT,john+bugzilla,QA Contact,release,build
2009-08-13 13:32:27 PDT,bhearsum,Summary,Automate GPG signature verification,Automate signature verification
2009-08-13 13:32:27 PDT,bhearsum,CC,bhearsum,
2009-08-13 13:34:37 PDT,john+bugzilla,Blocks,409493,
2009-08-13 16:44:20 PDT,armenzg,CC,armenzg,
2010-02-15 07:37:34 PST,coop,Component,Release Engineering,Release Engineering: Future
2010-03-11 13:16:49 PST,catlee,Whiteboard,[simple],
2010-03-11 13:16:49 PST,catlee,CC,catlee,
2010-03-11 21:43:29 PST,rail,Assignee,raliiev,nobody
2010-03-11 21:43:29 PST,rail,CC,raliiev,
2010-03-15 07:07:19 PDT,rail,Status,ASSIGNED,NEW
2010-03-16 00:19:50 PDT,rail,Attachment #294638                Attachment is obsolete,1,0
2010-03-16 00:19:50 PDT,rail,Attachment #432748                Flags,feedback?(bhearsum),
2010-03-25 06:05:48 PDT,rail,Attachment #434855                Flags,review?(catlee),
2010-03-25 06:05:48 PDT,rail,Attachment #433304                Attachment is obsolete,1,0
2010-03-25 06:07:38 PDT,rail,Attachment #432748                Attachment is obsolete,1,0
2010-03-25 06:07:38 PDT,rail,Attachment #434857                Flags,review?(catlee),
2010-03-25 06:07:38 PDT,rail,Attachment #432748                Flags,,feedback?(bhearsum)
2010-03-25 06:08:18 PDT,rail,Attachment #433305                Flags,review?(catlee),
2010-03-30 07:27:29 PDT,catlee,Attachment #434855                Flags,review-,review?(catlee)
2010-03-30 07:28:05 PDT,catlee,Attachment #433305                Flags,review-,review?(catlee)
2010-03-30 07:33:30 PDT,catlee,Attachment #434857                Flags,review+,review?(catlee)
2010-03-30 08:16:55 PDT,rail,Attachment #433305                Attachment is obsolete,1,0
2010-03-30 08:16:55 PDT,rail,Attachment #434855                Attachment is obsolete,1,0
2010-03-30 08:16:55 PDT,rail,Attachment #435902                Flags,review?(catlee),
2010-03-31 07:42:23 PDT,rail,Attachment #435902                Attachment is obsolete,1,0
2010-03-31 07:42:23 PDT,rail,Attachment #436189                Flags,review?(catlee),
2010-03-31 07:42:23 PDT,rail,Attachment #435902                Flags,,review?(catlee)
2010-03-31 07:58:28 PDT,catlee,Attachment #436189                Flags,review+,review?(catlee)
2010-03-31 08:10:01 PDT,rail,Attachment #434857                Flags,checked-in?,
2010-03-31 08:10:25 PDT,rail,Attachment #436189                Flags,checked-in?,
2010-04-06 07:34:28 PDT,catlee,Attachment #434857                Flags,checked-in+,checked-in?
2010-04-06 07:34:47 PDT,catlee,Attachment #436189                Flags,checked-in+,checked-in?
2010-04-14 10:00:06 PDT,rail,Status,RESOLVED,ASSIGNED
2010-04-14 10:00:06 PDT,rail,Resolution,FIXED,---
2010-04-14 10:00:06 PDT,rail,Last Resolved,2010-04-14 10:00:06,
2013-08-12 21:54:08 PDT,nobody,Product,Release Engineering,mozilla.org
