When,Who,What,Added,Removed
2007-12-22 07:52:01 PST,bugzilla,OS,All,Mac OS X
2007-12-22 07:52:01 PST,bugzilla,Status,NEW,UNCONFIRMED
2007-12-22 07:52:01 PST,bugzilla,Assignee,martin.matula,nobody
2007-12-22 07:52:01 PST,bugzilla,Ever confirmed,1,0
2007-12-22 07:52:01 PST,bugzilla,Hardware,All,PC
2007-12-22 07:53:38 PST,bugzilla,Status,RESOLVED,NEW
2007-12-22 07:53:38 PST,bugzilla,Resolution,FIXED,---
2007-12-22 07:53:38 PST,bugzilla,Last Resolved,2007-12-22 07:53:38,
2007-12-22 12:07:46 PST,martin.matula,Status,VERIFIED,RESOLVED
