When,Who,What,Added,Removed
2007-12-26 12:04:33 PST,rhelmer,CC,rhelmer,
2007-12-26 12:21:50 PST,john+bugzilla,Depends on,408673,
2007-12-26 12:25:19 PST,reed,CC,reed,
2007-12-26 22:17:08 PST,john+bugzilla,Priority,P3,--
2008-04-08 11:06:41 PDT,torres.dark,CC,torres.dark,
2008-06-05 09:28:36 PDT,john+bugzilla,Assignee,joduinn,nobody
2009-03-06 00:05:56 PST,john+bugzilla,Component,Release Engineering: Future,Release Engineering
2009-03-06 00:05:56 PST,john+bugzilla,Assignee,nobody,joduinn
2009-03-06 00:05:56 PST,john+bugzilla,QA Contact,release,build
2009-05-08 12:59:01 PDT,bhearsum,CC,bhearsum,
2009-08-13 13:33:00 PDT,john+bugzilla,Depends on,409449,
2009-08-13 13:34:37 PDT,john+bugzilla,Depends on,409477,
2010-01-19 07:26:24 PST,bhearsum,Blocks,478420,
2010-01-19 07:27:28 PST,bhearsum,Depends on,540598,
2010-02-15 07:35:35 PST,coop,Component,Release Engineering,Release Engineering: Future
2010-03-11 13:19:21 PST,john+bugzilla,Assignee,joduinn,nobody
2010-09-08 13:13:45 PDT,john+bugzilla,Whiteboard,[triagefollowup],
2010-09-09 12:52:10 PDT,coop,Whiteboard,[triagefollowup][automation],[triagefollowup]
2010-09-09 14:01:52 PDT,john+bugzilla,Status,RESOLVED,NEW
2010-09-09 14:01:52 PDT,john+bugzilla,Resolution,FIXED,---
2010-09-09 14:01:52 PDT,john+bugzilla,Last Resolved,2010-09-09 14:01:52,
2013-08-12 21:54:08 PDT,nobody,Product,Release Engineering,mozilla.org
