When,Who,What,Added,Removed
2007-12-21 11:07:39 PST,jdiggs,Flags,blocking1.9?,
2007-12-21 11:09:05 PST,jdiggs,Whiteboard,orca:immediate,
2007-12-21 11:39:34 PST,mzehe,CC,marco.zehe,
2007-12-21 12:30:11 PST,mzehe,CC,ginn.chen,
2007-12-21 12:55:10 PST,mwhapples,CC,mwhapples,
2007-12-21 14:09:39 PST,mzehe,Keywords,crash,
2007-12-21 14:09:39 PST,mzehe,Summary,Crash @ nsHTMLTableAccessible::GetRowAtIndex(int, int*) with certain pages if Orca is running,Tabbing to certain javascript links crashes FF3 if Orca is running
2007-12-21 14:09:39 PST,mzehe,Status,ASSIGNED,NEW
2007-12-21 14:22:31 PST,mzehe,Assignee,marco.zehe,aaronleventhal
2007-12-21 19:18:29 PST,surkov.alexander,CC,surkov.alexander,
2007-12-22 23:40:19 PST,mzehe,Attachment #294285                Attachment is obsolete,1,0
2007-12-22 23:40:19 PST,mzehe,Attachment #294407                Flags,review?(surkov.alexander),
2007-12-26 01:16:13 PST,mzehe,Attachment #294407                Attachment is obsolete,1,0
2007-12-26 01:16:13 PST,mzehe,Attachment #294558                Flags,review?(surkov.alexander),
2007-12-26 01:16:13 PST,mzehe,Attachment #294407                Flags,,review?(surkov.alexander)
2007-12-28 01:08:04 PST,mzehe,Attachment #294721                Flags,review?(surkov.alexander),
2007-12-28 01:08:04 PST,mzehe,Attachment #294558                Flags,,review?(surkov.alexander)
2007-12-28 01:08:04 PST,mzehe,Attachment #294558                Attachment is obsolete,1,0
2007-12-28 01:15:07 PST,mzehe,Depends on,410052,
2007-12-28 03:40:13 PST,mzehe,Attachment #294721                Attachment is obsolete,1,0
2007-12-28 03:40:13 PST,mzehe,Attachment #294725                Flags,review?(surkov.alexander),
2007-12-28 03:40:13 PST,mzehe,Attachment #294721                Flags,,review?(surkov.alexander)
2007-12-28 04:17:18 PST,mzehe,Attachment #294725                Attachment is obsolete,1,0
2007-12-28 04:17:18 PST,mzehe,Attachment #294727                Flags,review?(surkov.alexander),
2007-12-28 04:17:18 PST,mzehe,Attachment #294725                Flags,,review?(surkov.alexander)
2007-12-28 04:26:15 PST,surkov.alexander,Attachment #294727                Flags,review+,review?(surkov.alexander)
2007-12-28 04:33:15 PST,mzehe,Attachment #294727                Flags,approval1.9?,
2007-12-28 07:51:26 PST,mbeltzner,Attachment #294727                Flags,approval1.9+,approval1.9?
2007-12-28 08:39:06 PST,mzehe,Keywords,checkin-needed,
2007-12-28 18:47:51 PST,reed,Keywords,,checkin-needed
2007-12-28 18:47:51 PST,reed,CC,reed,
2008-01-02 00:07:27 PST,mzehe,Keywords,checkin-needed,
2008-01-02 02:55:30 PST,reed,Status,RESOLVED,ASSIGNED
2008-01-02 02:55:30 PST,reed,Resolution,FIXED,---
2008-01-02 02:55:30 PST,reed,Target Milestone,mozilla1.9 M11,---
2008-01-02 02:55:30 PST,reed,Last Resolved,2008-01-02 02:55:30,
2008-01-02 02:55:30 PST,reed,Keywords,,checkin-needed
2008-01-02 03:02:53 PST,mzehe,Status,REOPENED,RESOLVED
2008-01-02 03:02:53 PST,mzehe,Resolution,---,FIXED
2008-01-03 14:50:25 PST,dsicore,Priority,P5,--
2008-01-03 14:50:25 PST,dsicore,CC,dsicore,
2008-01-03 14:50:25 PST,dsicore,Flags,blocking1.9+,blocking1.9?
2008-01-03 15:22:49 PST,gavin.sharp,CC,gavin.sharp,
2008-02-27 23:55:04 PST,mzehe,Status,RESOLVED,REOPENED
2008-02-27 23:55:04 PST,mzehe,Resolution,FIXED,---
2008-02-27 23:55:04 PST,mzehe,Last Resolved,2008-02-27 23:55:04,2008-01-02 02:55:30
