When,Who,What,Added,Removed
2007-12-21 13:37:26 PST,reed,Product,mozilla.org,Websites
2007-12-21 13:37:26 PST,reed,Version,other,unspecified
2007-12-21 13:37:26 PST,reed,Component,Server Operations,Other
2007-12-21 13:37:26 PST,reed,Assignee,server-ops,nobody
2007-12-21 13:37:26 PST,reed,QA Contact,justin,other
2007-12-21 15:02:04 PST,oremj,Assignee,oremj,server-ops
2007-12-21 15:02:04 PST,oremj,CC,oremj,
2007-12-21 18:32:26 PST,oremj,Last Resolved,2007-12-21 18:32:26,
2007-12-21 18:32:26 PST,oremj,Status,RESOLVED,NEW
2007-12-21 18:32:26 PST,oremj,Resolution,FIXED,---
2015-03-12 08:17:16 PDT,nobody,Product,mozilla.org Graveyard,mozilla.org
