When,Who,What,Added,Removed
2007-12-26 21:42:18 PST,john+bugzilla,Priority,P3,--
2008-01-16 00:18:45 PST,rhelmer,Blocks,412006,
2008-02-01 09:51:54 PST,antoine.mechelynck,CC,antoine.mechelynck,
2008-04-08 11:08:44 PDT,torres.dark,CC,torres.dark,
2008-06-16 10:49:25 PDT,john+bugzilla,Component,Release Engineering: Future,Release Engineering
2008-06-16 10:49:25 PDT,john+bugzilla,QA Contact,release,build
2009-01-08 08:32:43 PST,bhearsum,Status,ASSIGNED,NEW
2009-01-08 08:32:43 PST,bhearsum,Component,Release Engineering,Release Engineering: Future
2009-01-08 08:32:43 PST,bhearsum,CC,bhearsum,
2009-01-13 08:37:30 PST,coop,Status,NEW,ASSIGNED
2009-01-13 08:37:30 PST,coop,Assignee,bhearsum,nobody
2009-01-13 08:37:30 PST,coop,CC,ccooper,
2009-02-13 08:12:45 PST,bhearsum,Blocks,433930,
2009-03-06 09:42:00 PST,bhearsum,Priority,P2,P3
2009-03-06 10:09:56 PST,bhearsum,Attachment #365926                Attachment is obsolete,1,0
2009-03-06 10:44:45 PST,bhearsum,Attachment #365930                Attachment is obsolete,1,0
2009-03-06 11:19:44 PST,bhearsum,Attachment #365939                Attachment is obsolete,1,0
2009-03-06 13:14:18 PST,bhearsum,Attachment #365947                Attachment is obsolete,1,0
2009-03-06 13:14:18 PST,bhearsum,Attachment #365980                Flags,review?(nthomas),
2009-03-16 02:12:58 PDT,nthomas,Attachment #365980                Flags,review-,review?(nthomas)
2009-03-16 07:21:59 PDT,gozer,CC,gozer,
2009-03-18 08:57:37 PDT,bhearsum,Status,ASSIGNED,NEW
2009-03-19 11:16:53 PDT,bhearsum,Attachment #365980                Attachment is obsolete,1,0
2009-03-19 11:16:53 PDT,bhearsum,Attachment #368300                Flags,review?(nthomas),
2009-03-19 11:26:18 PDT,bhearsum,Attachment #368302                Flags,review?(nthomas),
2009-03-22 21:41:25 PDT,nthomas,Attachment #368302                Flags,review+,review?(nthomas)
2009-03-22 22:06:20 PDT,nthomas,Attachment #368300                Flags,review+,review?(nthomas)
2009-03-24 06:51:27 PDT,bhearsum,Attachment #368302                Attachment is obsolete,1,0
2009-03-24 06:51:27 PDT,bhearsum,Attachment #369068                Flags,checked?in+,
2009-03-24 07:01:38 PDT,bhearsum,Attachment #368300                Attachment is obsolete,1,0
2009-03-24 07:01:38 PDT,bhearsum,Attachment #369070                Flags,checked?in+,
2009-03-24 07:36:24 PDT,bhearsum,Status,RESOLVED,ASSIGNED
2009-03-24 07:36:24 PDT,bhearsum,Resolution,FIXED,---
2009-03-24 07:36:24 PDT,bhearsum,Last Resolved,2009-03-24 07:36:24,
2013-08-12 21:54:08 PDT,nobody,Product,Release Engineering,mozilla.org
