When,Who,What,Added,Removed
2007-12-22 12:29:47 PST,bjackson0971,Version,Trunk,unspecified
2007-12-23 03:30:39 PST,bugzilla,Summary,Ctrl + arrow in form text input crashes Firefox [@ nsNativeKeyBindings::KeyPress],Ctrl + arrow in form text input crashes Firefox
2007-12-23 03:30:39 PST,bugzilla,CC,matti,
2007-12-23 04:29:43 PST,steve.england,Keywords,crash,
2007-12-23 04:29:43 PST,steve.england,CC,steve.england,
2007-12-23 04:29:43 PST,steve.england,Flags,blocking-firefox3?,
2007-12-29 10:55:45 PST,sylvain.pasche,Blocks,406407,
2007-12-29 10:59:36 PST,sylvain.pasche,Ever confirmed,1,0
2007-12-29 10:59:36 PST,sylvain.pasche,Flags,,blocking-firefox3?
2007-12-29 10:59:36 PST,sylvain.pasche,Product,Core,Firefox
2007-12-29 10:59:36 PST,sylvain.pasche,Status,NEW,UNCONFIRMED
2007-12-29 10:59:36 PST,sylvain.pasche,Component,Keyboard: Navigation,General
2007-12-29 10:59:36 PST,sylvain.pasche,QA Contact,keyboard.navigation,general
2007-12-29 10:59:36 PST,sylvain.pasche,CC,sylvain.pasche,
2007-12-29 12:21:19 PST,reed,CC,roc, reed,
2007-12-29 12:21:19 PST,reed,Keywords,regression,
2007-12-29 12:24:43 PST,reed,Assignee,lolkaantimat,nobody
2007-12-29 12:24:43 PST,reed,CC,lolkaantimat,
2007-12-29 13:39:13 PST,sylvain.pasche,Status,RESOLVED,NEW
2007-12-29 13:39:13 PST,sylvain.pasche,Resolution,FIXED,---
2007-12-29 13:39:13 PST,sylvain.pasche,Last Resolved,2007-12-29 13:39:13,
2007-12-29 13:40:03 PST,reed,Target Milestone,mozilla1.9 M11,---
2007-12-29 14:17:17 PST,gavin.sharp,CC,gavin.sharp,
2008-01-09 14:50:52 PST,jcea,CC,jcea,
2011-06-09 14:58:47 PDT,nobody,Crash Signature,[@ nsNativeKeyBindings::KeyPress],
