When,Who,What,Added,Removed
2008-02-05 22:56:12 PST,stephen.donner,CC,stephend,
2008-02-22 16:54:14 PST,cpollett,CC,cpollett,
2008-02-23 00:55:49 PST,fwenzel,CC,fwenzel,
2008-02-26 16:41:37 PST,bhashem,CC,basil,
2008-02-27 15:24:01 PST,morgamic,Assignee,morgamic,nobody
2008-02-27 15:24:01 PST,morgamic,CC,morgamic,
2008-02-27 15:24:14 PST,morgamic,Target Milestone,3.2,---
2008-03-05 04:57:11 PST,morgamic,Assignee,craigcook.bugz,morgamic
2008-03-12 04:31:08 PDT,morgamic,Status,RESOLVED,NEW
2008-03-12 04:31:08 PDT,morgamic,Resolution,FIXED,---
2008-03-12 04:31:08 PDT,morgamic,Last Resolved,2008-03-12 04:31:08,
2008-03-12 21:13:09 PDT,stephen.donner,Status,VERIFIED,RESOLVED
2014-05-26 07:01:50 PDT,jarvis843,CC,jarvis843,
