When,Who,What,Added,Removed
2007-12-22 22:26:12 PST,justdave,Status,ASSIGNED,NEW
2007-12-22 22:26:12 PST,justdave,Assignee,justdave,documentation
2007-12-22 22:26:12 PST,justdave,Attachment #294403                Flags,review?(documentation),
2007-12-23 03:07:38 PST,mozilla+bmo,Attachment #294403                Flags,review+,review?(documentation)
2007-12-23 15:27:58 PST,mkanat,Target Milestone,Bugzilla 2.20,Bugzilla 2.18
2007-12-23 17:39:50 PST,justdave,Status,RESOLVED,ASSIGNED
2007-12-23 17:39:50 PST,justdave,Resolution,FIXED,---
2007-12-23 17:39:50 PST,justdave,Target Milestone,Bugzilla 2.18,Bugzilla 2.20
2007-12-23 17:39:50 PST,justdave,Last Resolved,2007-12-23 17:39:50,
2007-12-23 18:07:01 PST,bugzilla,CC,bugzilla,
2007-12-23 18:52:56 PST,mkanat,Target Milestone,Bugzilla 2.20,Bugzilla 2.18
