When,Who,What,Added,Removed
2007-12-21 23:07:53 PST,romaxa,Attachment #294329                Flags,review?(benjamin),
2007-12-22 00:40:15 PST,gavin.sharp,CC,gavin.sharp,
2007-12-22 19:00:32 PST,dwitte,CC,dwitte,
2007-12-23 02:19:47 PST,romaxa,Attachment #294411                Flags,review?(benjamin),
2007-12-23 02:19:47 PST,romaxa,Attachment #294329                Flags,,review?(benjamin)
2007-12-23 02:19:47 PST,romaxa,Attachment #294329                Attachment is obsolete,1,0
2008-01-03 06:34:51 PST,benjamin,Attachment #294411                Flags,review+,review?(benjamin)
2008-01-03 13:30:10 PST,reed,Assignee,romaxa,nobody
2008-01-03 13:30:10 PST,reed,CC,reed,
2008-01-03 13:31:07 PST,reed,Attachment #294411                Flags,approval1.9?,
2008-01-03 15:53:26 PST,mtschrep,Attachment #294414                Flags,review?(benjamin),
2008-01-03 15:53:50 PST,mtschrep,Attachment #294411                Flags,approval1.9+,approval1.9?
2008-01-03 18:01:54 PST,reed,Keywords,checkin-needed,
2008-01-03 18:59:30 PST,benjamin,Attachment #294414                Flags,review+,review?(benjamin)
2008-01-03 19:30:13 PST,reed,Attachment #294414                Flags,approval1.9?,
2008-01-03 19:31:40 PST,mtschrep,Attachment #294414                Flags,approval1.9+,approval1.9?
2008-01-04 23:26:54 PST,reed,Keywords,,checkin-needed
2008-01-05 05:20:18 PST,romaxa,Attachment #294411                Attachment is obsolete,1,0
2008-01-05 05:20:18 PST,romaxa,Attachment #294414                Attachment is obsolete,1,0
2008-01-05 13:42:25 PST,reed,Attachment #295492                Flags,review?(benjamin),
2008-01-09 08:36:24 PST,benjamin,Attachment #295492                Flags,review+,review?(benjamin)
2008-01-09 16:50:15 PST,reed,Attachment #295492                Flags,approval1.9?,
2008-01-09 17:17:33 PST,mtschrep,Attachment #295492                Flags,approval1.9+,approval1.9?
2008-01-09 20:33:58 PST,reed,Keywords,checkin-needed,
2008-01-10 01:01:31 PST,reed,Keywords,,checkin-needed
2008-01-10 01:01:31 PST,reed,Status,RESOLVED,NEW
2008-01-10 01:01:31 PST,reed,Resolution,FIXED,---
2008-01-10 01:01:31 PST,reed,Target Milestone,mozilla1.9 M11,---
2008-01-10 01:01:31 PST,reed,Last Resolved,2008-01-10 01:01:31,
2012-04-05 00:46:37 PDT,nobody,Product,Core Graveyard,Core
2012-04-05 00:46:37 PDT,nobody,Component,Embedding: GTK Widget,Embedding: GTK Widget
