When,Who,What,Added,Removed
2007-12-22 08:39:01 PST,stuart.morgan+bugzilla,Status,NEW,UNCONFIRMED
2007-12-22 08:39:01 PST,stuart.morgan+bugzilla,Assignee,stuart.morgan,nobody
2007-12-22 08:39:01 PST,stuart.morgan+bugzilla,Ever confirmed,1,0
2007-12-22 08:39:01 PST,stuart.morgan+bugzilla,Group,,security
2007-12-22 08:42:56 PST,stuart.morgan+bugzilla,Attachment #294369                Flags,superreview?(mark),
2007-12-22 09:04:24 PST,bugzilla-graveyard,CC,cl-bugs,
2007-12-22 10:32:11 PST,stuart.morgan+bugzilla,Summary,Opening a .url file with auto-opening of downloads enabled can cause an infinite loop,Failure of download to open and then redownloading and again failing to open, carries on forever
2007-12-22 14:09:59 PST,mark,Attachment #294369                Flags,superreview+,superreview?(mark)
2007-12-22 14:54:39 PST,alqahira,Flags,camino1.5.5?,
2007-12-23 01:20:17 PST,krmathis,CC,krmathis,
2008-01-03 10:11:40 PST,stuart.morgan+bugzilla,Target Milestone,Camino1.6,---
2008-01-03 10:11:40 PST,stuart.morgan+bugzilla,Last Resolved,2008-01-03 10:11:40,
2008-01-03 10:11:40 PST,stuart.morgan+bugzilla,Keywords,fixed1.8.1.12,
2008-01-03 10:11:40 PST,stuart.morgan+bugzilla,Status,RESOLVED,NEW
2008-01-03 10:11:40 PST,stuart.morgan+bugzilla,Resolution,FIXED,---
2008-01-28 21:32:04 PST,alqahira,Whiteboard,[camino-1.5.5],
2008-01-28 21:32:04 PST,alqahira,Flags,camino1.5.5+,camino1.5.5?
