When,Who,What,Added,Removed
2007-12-22 07:45:40 PST,bhearsum,Attachment #294363                Flags,review+,
2008-01-02 13:40:50 PST,bhearsum,Status,RESOLVED,NEW
2008-01-02 13:40:50 PST,bhearsum,Resolution,FIXED,---
2008-01-02 13:40:50 PST,bhearsum,CC,bhearsum,
2008-01-02 13:40:50 PST,bhearsum,Last Resolved,2008-01-02 13:40:50,
2008-01-03 09:39:15 PST,bhearsum,Status,REOPENED,RESOLVED
2008-01-03 09:39:15 PST,bhearsum,Resolution,---,FIXED
2008-01-03 09:41:11 PST,bhearsum,Attachment #294363                Attachment description,[checked in] Add quotes to ensure that env vars are handled correctly,Add quotes to ensure that env vars are handled correctly
2008-01-03 09:43:32 PST,bhearsum,Attachment #295239                Flags,review?(ted.mielczarek),
2008-01-07 05:28:01 PST,ted,Attachment #295239                Flags,review+,review?(ted.mielczarek)
2008-01-07 06:23:59 PST,bhearsum,Attachment #295239                Attachment description,[checked in] quote the last ${SSH_ENV}, don't try to start if ~/.ssh doesn't exist,quote the last ${SSH_ENV}, don't try to start if ~/.ssh doesn't exist
2008-01-07 06:24:30 PST,bhearsum,Status,RESOLVED,REOPENED
2008-01-07 06:24:30 PST,bhearsum,Resolution,FIXED,---
2008-01-07 06:24:30 PST,bhearsum,Last Resolved,2008-01-07 06:24:30,2008-01-02 13:40:50
2008-01-11 02:54:57 PST,bhearsum,CC,wtc,
2008-02-20 07:17:56 PST,coop,CC,ccooper,
2008-02-21 16:35:24 PST,dbaron,CC,dbaron,
