When,Who,What,Added,Removed
2007-12-22 08:31:26 PST,sdwilsh,Product,Mozilla Localizations,Firefox
2007-12-22 08:31:26 PST,sdwilsh,Hardware,All,PC
2007-12-22 08:31:26 PST,sdwilsh,OS,All,Windows XP
2007-12-22 08:31:26 PST,sdwilsh,Component,it-IT / Italian,Download Manager
2007-12-22 08:31:26 PST,sdwilsh,Assignee,l10n-it,nobody
2007-12-22 08:31:26 PST,sdwilsh,QA Contact,prometeo.bugs,download.manager
2007-12-22 08:31:26 PST,sdwilsh,CC,comrade693+bmo,
2007-12-22 08:56:24 PST,francesco.lodolo,CC,francesco.lodolo,
2007-12-22 12:33:26 PST,sdwilsh,Assignee,francesco.lodolo,l10n-it
2007-12-22 12:33:26 PST,sdwilsh,Ever confirmed,1,0
2007-12-22 12:33:26 PST,sdwilsh,Status,NEW,UNCONFIRMED
2007-12-22 12:33:49 PST,sdwilsh,Status,RESOLVED,NEW
2007-12-22 12:33:49 PST,sdwilsh,Resolution,FIXED,---
2007-12-22 12:33:49 PST,sdwilsh,Last Resolved,2007-12-22 12:33:49,
2007-12-22 12:38:17 PST,gavin.sharp,CC,gavin.sharp,
2007-12-29 06:40:00 PST,sdwilsh,Status,VERIFIED,RESOLVED
