When,Who,What,Added,Removed
2007-12-22 16:32:01 PST,seshu.parvataneni,CC,parvata,
2008-01-20 07:05:54 PST,ssitter,Attachment #294391                Attachment mime type,text/plain,application/octet-stream
2008-02-02 06:14:14 PST,bugzilla,Status,NEW,UNCONFIRMED
2008-02-02 06:14:14 PST,bugzilla,Assignee,parvata,nobody
2008-02-02 06:14:14 PST,bugzilla,Ever confirmed,1,0
2008-02-02 06:15:49 PST,bugzilla,Status,RESOLVED,NEW
2008-02-02 06:15:49 PST,bugzilla,Resolution,FIXED,---
2008-02-02 06:15:49 PST,bugzilla,Last Resolved,2008-02-02 06:15:49,
