When,Who,What,Added,Removed
2007-12-22 08:07:14 PST,bugzilla-mozilla-20000923,CC,silver,
2007-12-28 13:40:44 PST,bugzilla-mozilla-20000923,Summary,Channel link includes color (colour) codes,Channel link includes colour codes
2008-01-05 08:24:32 PST,gijskruitbosch+bugs,Status,ASSIGNED,NEW
2008-01-05 08:24:32 PST,gijskruitbosch+bugs,Assignee,gijskruitbosch+bugs,rginda
2008-01-05 08:24:32 PST,gijskruitbosch+bugs,Attachment #295514                Flags,review?(silver),
2008-01-05 10:19:07 PST,bugzilla-mozilla-20000923,Attachment #295514                Flags,review+,review?(silver)
2008-01-06 04:01:27 PST,gijskruitbosch+bugs,Status,RESOLVED,ASSIGNED
2008-01-06 04:01:27 PST,gijskruitbosch+bugs,Resolution,FIXED,---
2008-01-06 04:01:27 PST,gijskruitbosch+bugs,Last Resolved,2008-01-06 04:01:27,
2008-01-06 04:01:27 PST,gijskruitbosch+bugs,Whiteboard,[cz-0.9.80],
