When,Who,What,Added,Removed
2007-12-22 12:03:59 PST,gavin.sharp,CC,gavin.sharp,
2007-12-25 10:34:14 PST,smontagu,Assignee,smontagu,nobody
2007-12-25 10:34:14 PST,smontagu,Depends on,409375,
2007-12-27 19:19:41 PST,jwalden+bmo,CC,jwalden+bmo,
2008-01-30 13:45:40 PST,smontagu,Status,RESOLVED,NEW
2008-01-30 13:45:40 PST,smontagu,Resolution,FIXED,---
2008-01-30 13:45:40 PST,smontagu,Flags,in-testsuite+,
2008-01-30 13:45:40 PST,smontagu,Last Resolved,2008-01-30 13:45:40,
2008-04-07 13:59:25 PDT,ehsan,Keywords,rtl,
2008-04-07 13:59:25 PDT,ehsan,CC,ehsan.akhgari,
