When,Who,What,Added,Removed
2007-12-22 10:31:40 PST,ryanvm,CC,ryanvm,
2007-12-22 11:57:37 PST,rflint,Depends on,404774,387345
2007-12-22 12:05:57 PST,gavin.sharp,CC,rflint, gavin.sharp,
2007-12-22 17:26:49 PST,dao,CC,dao,
2008-01-09 23:06:47 PST,dao,Status,RESOLVED,NEW
2008-01-09 23:06:47 PST,dao,Resolution,FIXED,---
2008-01-09 23:06:47 PST,dao,Depends on,404769,404774
2008-01-09 23:06:47 PST,dao,Last Resolved,2008-01-09 23:06:47,
2008-01-11 17:13:05 PST,zeniko,Status,VERIFIED,RESOLVED
