When,Who,What,Added,Removed
2007-12-24 15:50:29 PST,tim.babych,Attachment #294503                Flags,approval1.8.1.12?,
2008-01-10 16:07:55 PST,samuel.sidler+old,CC,samuel.sidler, l10n,
2008-01-14 16:20:43 PST,dveditz,Assignee,tim.babych,nobody
2008-01-14 16:20:43 PST,dveditz,CC,dveditz,
2008-01-15 11:23:12 PST,l10n,Attachment #294503                Flags,approval1.8.1.12+,approval1.8.1.12?
2008-01-15 13:58:03 PST,tim.babych,Keywords,fixed1.8.1.12,
2008-01-17 10:59:38 PST,tim.babych,Status,RESOLVED,NEW
2008-01-17 10:59:38 PST,tim.babych,Resolution,FIXED,---
2008-01-17 10:59:38 PST,tim.babych,Last Resolved,2008-01-17 10:59:38,
2008-01-17 10:59:38 PST,tim.babych,Keywords,verified1.8.1.12,fixed1.8.1.12
