When,Who,What,Added,Removed
2007-12-22 18:12:38 PST,bugzilla,CC,bugzilla,
2007-12-23 22:07:28 PST,mzeier,Assignee,oremj,server-ops
2007-12-23 22:07:28 PST,mzeier,CC,mrz,
2007-12-24 10:36:21 PST,mzeier,Blocks,409579,
2007-12-26 11:56:06 PST,oremj,Status,RESOLVED,NEW
2007-12-26 11:56:06 PST,oremj,Resolution,FIXED,---
2007-12-26 11:56:06 PST,oremj,CC,justdave,
2007-12-26 11:56:06 PST,oremj,Last Resolved,2007-12-26 11:56:06,
2015-03-12 08:17:16 PDT,nobody,Product,mozilla.org Graveyard,mozilla.org
