When,Who,What,Added,Removed
2007-12-22 07:34:36 PST,sylvain.pasche,Version,Trunk,unspecified
2007-12-22 07:34:36 PST,sylvain.pasche,Status,NEW,UNCONFIRMED
2007-12-22 07:34:36 PST,sylvain.pasche,CC,sylvain.pasche,
2007-12-22 07:34:36 PST,sylvain.pasche,Blocks,387345,
2007-12-22 07:34:36 PST,sylvain.pasche,Ever confirmed,1,0
2007-12-22 08:01:19 PST,ryanvm,CC,ryanvm,
2007-12-22 08:21:07 PST,dao,Keywords,regression,
2007-12-22 08:21:07 PST,dao,CC,dao,
2007-12-22 08:21:07 PST,dao,Flags,blocking-firefox3?,
2007-12-22 10:49:51 PST,reed,CC,reed,
2007-12-22 11:58:46 PST,rflint,Assignee,rflint,nobody
2007-12-22 11:58:46 PST,rflint,Depends on,404774,
2007-12-22 11:58:46 PST,rflint,Blocks,353785,387345
2007-12-22 12:04:39 PST,gavin.sharp,CC,rflint, gavin.sharp,
2007-12-27 21:05:21 PST,jwalden+bmo,CC,jwalden+bmo,
2007-12-28 06:21:30 PST,mcdavis941.bugs,CC,mcdavis941.bugs,
2007-12-29 10:38:32 PST,deletesoftware+moz,CC,deletesoftware,
2008-02-07 14:51:23 PST,mbeltzner,Priority,P3,--
2008-02-07 14:51:23 PST,mbeltzner,Flags,blocking-firefox3+,blocking-firefox3?
2008-03-28 13:00:49 PDT,mconnor,CC,mconnor,
2008-03-28 13:00:49 PDT,mconnor,Flags,blocking-firefox3-,blocking-firefox3+
2008-04-15 18:54:15 PDT,mconnor,CC,ventnor.bugzilla,
2008-04-23 15:59:03 PDT,sylvain.pasche,Attachment #294364                Attachment is obsolete,1,0
2008-04-23 15:59:03 PDT,sylvain.pasche,Attachment #317416                Flags,review?(dao),
2008-04-23 16:41:26 PDT,dao,Attachment #317416                Flags,review+,review?(dao)
2008-04-23 18:19:50 PDT,faaborg,CC,faaborg,
2008-04-23 18:19:50 PDT,faaborg,Blocks,425582,
2008-04-24 15:45:08 PDT,dao,Attachment #317416                Flags,ui-review?(beltzner),
2008-04-29 12:32:25 PDT,reed,Assignee,sylvain.pasche,rflint
2008-04-29 12:32:25 PDT,reed,CC,beltzner,
2008-04-29 12:32:47 PDT,reed,Attachment #317416                Flags,review?(gavin.sharp),
2008-04-29 13:00:01 PDT,mbeltzner,Attachment #317416                Flags,ui-review+,ui-review?(beltzner)
2008-04-29 13:14:14 PDT,reed,Attachment #317416                Flags,review?(rflint),
2008-04-29 15:46:07 PDT,gavin.sharp,Attachment #317416                Flags,review+,review?(gavin.sharp), review?(rflint)
2008-04-29 15:49:40 PDT,sylvain.pasche,Keywords,checkin-needed,
2008-04-29 16:41:31 PDT,reed,Attachment #317416                Flags,approval1.9?,
2008-04-29 16:42:13 PDT,reed,Keywords,,checkin-needed
2008-04-30 09:42:19 PDT,mbeltzner,Attachment #317416                Flags,approval1.9+,approval1.9?
2008-04-30 09:45:40 PDT,reed,Keywords,checkin-needed,
2008-04-30 10:02:59 PDT,gavin.sharp,Keywords,,checkin-needed
2008-04-30 10:02:59 PDT,gavin.sharp,Status,RESOLVED,NEW
2008-04-30 10:02:59 PDT,gavin.sharp,Resolution,FIXED,---
2008-04-30 10:02:59 PDT,gavin.sharp,Target Milestone,Firefox 3,---
2008-04-30 10:02:59 PDT,gavin.sharp,Last Resolved,2008-04-30 10:02:59,
