When,Who,What,Added,Removed
2007-12-24 12:30:26 PST,mrbkap,Status,ASSIGNED,NEW
2007-12-24 12:30:26 PST,mrbkap,Assignee,mrbkap,nobody
2007-12-24 12:30:26 PST,mrbkap,Attachment #294490                Flags,review?(jst), superreview?(dveditz),
2007-12-25 06:17:57 PST,jst,Attachment #294490                Flags,review+,review?(jst)
2007-12-25 12:08:07 PST,mrbkap,CC,jst,
2008-01-04 14:33:23 PST,jst,Attachment #294490                Flags,superreview+,superreview?(dveditz)
2008-01-04 14:33:56 PST,jst,Attachment #294490                Flags,approval1.9+,
2008-01-04 17:32:33 PST,mrbkap,Status,RESOLVED,ASSIGNED
2008-01-04 17:32:33 PST,mrbkap,Resolution,FIXED,---
2008-01-04 17:32:33 PST,mrbkap,Last Resolved,2008-01-04 17:32:33,
