When,Who,What,Added,Removed
2007-12-22 04:32:08 PST,stephen.donner,Summary,Change "Logout" to "Log out",Change "Logout" "Log out"
2008-01-30 11:02:18 PST,fwenzel,Last Resolved,2008-01-30 11:02:18,
2008-01-30 11:02:18 PST,fwenzel,Status,RESOLVED,NEW
2008-01-30 11:02:18 PST,fwenzel,Resolution,FIXED,---
2008-01-30 11:02:18 PST,fwenzel,CC,fwenzel,
2008-02-05 16:39:09 PST,stephen.donner,Status,VERIFIED,RESOLVED
2008-04-05 01:44:25 PDT,stephen.donner,URL,https://preview.addons.mozilla.org/en-US/firefox/,https://remora-reskin.stage.mozilla.com/en-US/firefox/
2008-04-05 01:44:25 PDT,stephen.donner,Status,REOPENED,VERIFIED
2008-04-05 01:44:25 PDT,stephen.donner,Resolution,---,FIXED
2008-04-05 01:59:10 PDT,fwenzel,Status,RESOLVED,REOPENED
2008-04-05 01:59:10 PDT,fwenzel,Resolution,FIXED,---
2008-04-05 01:59:10 PDT,fwenzel,Last Resolved,2008-04-05 01:59:10,2008-01-30 11:02:18
2008-04-05 02:31:53 PDT,stephen.donner,Status,VERIFIED,RESOLVED
