When,Who,What,Added,Removed
2007-12-22 15:04:26 PST,reed,CC,justdave, aravind,
2007-12-22 21:57:11 PST,gavin.sharp,CC,gavin.sharp,
2007-12-22 23:42:11 PST,bugzilla,CC,bugzilla,
2007-12-24 10:35:34 PST,mzeier,CC,thunder,
2007-12-24 10:36:21 PST,mzeier,CC,mrz,
2007-12-24 10:36:21 PST,mzeier,Depends on,409582,
2007-12-26 18:43:53 PST,mzeier,Product,mozilla.org,Mozilla Labs
2007-12-26 18:43:53 PST,mzeier,Version,other,unspecified
2007-12-26 18:43:53 PST,mzeier,Component,Server Operations,Weave
2007-12-26 18:43:53 PST,mzeier,Assignee,mrz,nobody
2007-12-26 19:22:18 PST,mzeier,Status,RESOLVED,NEW
2007-12-26 19:22:18 PST,mzeier,Resolution,FIXED,---
2007-12-26 19:22:18 PST,mzeier,Last Resolved,2007-12-26 19:22:18,
2007-12-26 19:59:15 PST,justdave,Product,Mozilla Labs,mozilla.org
2007-12-26 19:59:15 PST,justdave,Version,unspecified,other
2007-12-26 19:59:15 PST,justdave,Status,REOPENED,RESOLVED
2007-12-26 19:59:15 PST,justdave,Resolution,---,FIXED
2007-12-26 19:59:15 PST,justdave,Component,Weave,Server Operations
2007-12-26 19:59:34 PST,justdave,Status,NEW,REOPENED
2007-12-26 19:59:34 PST,justdave,Assignee,nobody,mrz
2008-02-13 11:19:57 PST,cbeard,Status,RESOLVED,NEW
2008-02-13 11:19:57 PST,cbeard,Resolution,FIXED,---
2008-02-13 11:19:57 PST,cbeard,Last Resolved,2008-02-13 11:19:57,2007-12-26 19:22:18
2009-06-15 15:16:12 PDT,mconnor,Product,Weave,Mozilla Labs
2009-06-15 15:16:12 PDT,mconnor,Component,General,Weave
2009-06-15 15:16:12 PDT,mconnor,Target Milestone,---,--
2009-06-15 17:28:55 PDT,reed,QA Contact,general,weave
