When,Who,What,Added,Removed
2007-12-22 23:02:11 PST,alqahira,Status,ASSIGNED,NEW
2007-12-22 23:02:11 PST,alqahira,Assignee,alqahira,nobody
2007-12-22 23:02:11 PST,alqahira,Attachment #294405                Flags,superreview?(mark),
2007-12-23 01:20:00 PST,krmathis,CC,krmathis,
2007-12-23 08:02:04 PST,mark,Attachment #294405                Flags,superreview+,superreview?(mark)
2007-12-23 10:29:45 PST,alqahira,Status,RESOLVED,ASSIGNED
2007-12-23 10:29:45 PST,alqahira,Resolution,FIXED,---
2007-12-23 10:29:45 PST,alqahira,Last Resolved,2007-12-23 10:29:45,
