When,Who,What,Added,Removed
2007-12-22 17:41:40 PST,phiw2,Flags,blocking1.9?,
2007-12-22 21:49:06 PST,ryanvm,CC,ryanvm,
2007-12-22 21:58:51 PST,gavin.sharp,CC,gavin.sharp,
2007-12-27 20:40:56 PST,jwalden+bmo,CC,jwalden+bmo,
2008-01-06 14:39:27 PST,kinetik,Assignee,kinetik,nobody
2008-01-06 19:38:02 PST,kinetik,Attachment #295717                Flags,review?(bzbarsky), superreview?,
2008-01-06 19:38:33 PST,kinetik,Attachment #295717                Flags,superreview?(roc),superreview?
2008-01-06 19:39:28 PST,reed,CC,reed,
2008-01-06 20:25:54 PST,kinetik,Attachment #295717                Attachment is obsolete,1,0
2008-01-06 20:25:54 PST,kinetik,Attachment #295723                Flags,review?(roc), superreview?(roc),
2008-01-06 20:25:54 PST,kinetik,Attachment #295717                Flags,,review?(bzbarsky), superreview?(roc)
2008-01-06 20:28:47 PST,roc,Attachment #295723                Flags,review+, superreview+,review?(roc), superreview?(roc)
2008-01-06 20:43:17 PST,kinetik,Attachment #295723                Flags,approval1.9?,
2008-01-07 09:05:11 PST,mbeltzner,Attachment #295723                Flags,approval1.9+,approval1.9?
2008-01-07 10:07:59 PST,reed,Keywords,checkin-needed,
2008-01-07 14:18:52 PST,reed,Target Milestone,mozilla1.9 M11,---
2008-01-07 14:18:52 PST,reed,Last Resolved,2008-01-07 14:18:52,
2008-01-07 14:18:52 PST,reed,Keywords,,checkin-needed
2008-01-07 14:18:52 PST,reed,Hardware,All,Macintosh
2008-01-07 14:18:52 PST,reed,OS,All,Mac OS X
2008-01-07 14:18:52 PST,reed,Status,RESOLVED,NEW
2008-01-07 14:18:52 PST,reed,Resolution,FIXED,---
2008-01-07 21:13:47 PST,phiw2,Status,VERIFIED,RESOLVED
2008-01-07 21:14:47 PST,phiw2,Flags,,blocking1.9?
2008-01-08 09:58:56 PST,mozillamarcia.knous,CC,marcia,
2008-01-08 09:58:56 PST,mozillamarcia.knous,Flags,in-litmus?,
2008-01-09 15:43:10 PST,jcea,CC,jcea,
