When,Who,What,Added,Removed
2008-02-05 22:56:11 PST,stephen.donner,CC,stephend,
2008-02-27 15:23:40 PST,morgamic,CC,morgamic,
2008-02-27 15:23:40 PST,morgamic,Target Milestone,3.4,---
2008-04-16 14:00:12 PDT,bhashem,Assignee,cpollett,nobody
2008-04-16 14:00:12 PDT,bhashem,CC,basil,
2008-04-16 14:00:12 PDT,bhashem,Target Milestone,3.4.1,3.4
2008-04-23 10:26:58 PDT,bhashem,Target Milestone,3.4,3.4.1
2008-06-04 12:12:56 PDT,bhashem,Target Milestone,3.4.5,3.4
2008-06-25 15:54:31 PDT,cpollett,Attachment #326793                Flags,review?(clouserw),
2008-06-25 16:50:01 PDT,wclouser,Attachment #326793                Flags,review+,review?(clouserw)
2008-06-25 17:44:08 PDT,cpollett,Status,RESOLVED,NEW
2008-06-25 17:44:08 PDT,cpollett,Resolution,FIXED,---
2008-06-25 17:44:08 PDT,cpollett,Last Resolved,2008-06-25 17:44:08,
2008-06-27 00:03:12 PDT,stephen.donner,Status,VERIFIED,RESOLVED
