When,Who,What,Added,Removed
2007-12-22 16:33:34 PST,longsonr,Attachment #294392                Attachment is patch,1,0
2007-12-22 16:33:34 PST,longsonr,Attachment #294392                Flags,review?(tor), superreview?(tor),
2007-12-22 16:56:42 PST,jruderman,Assignee,longsonr,nobody
2007-12-22 21:55:39 PST,gavin.sharp,CC,gavin.sharp,
2007-12-27 05:53:31 PST,tor,Attachment #294392                Flags,review+, superreview+,review?(tor), superreview?(tor)
2007-12-27 13:33:41 PST,longsonr,Attachment #294392                Flags,approval1.9?,
2007-12-28 07:52:02 PST,mbeltzner,Attachment #294392                Flags,approval1.9+,approval1.9?
2007-12-31 07:00:09 PST,longsonr,Resolution,FIXED,---
2007-12-31 07:00:09 PST,longsonr,Last Resolved,2007-12-31 07:00:09,
2007-12-31 07:00:09 PST,longsonr,Status,RESOLVED,NEW
2008-01-01 04:15:33 PST,longsonr,Flags,in-testsuite?,
2008-01-01 13:59:46 PST,jruderman,Flags,in-testsuite+,in-testsuite?
2011-06-09 14:58:47 PDT,nobody,Crash Signature,[@ nsSVGUseFrame::GetCanvasTM],
