When,Who,What,Added,Removed
2007-12-22 12:06:22 PST,gavin.sharp,CC,gavin.sharp,
2007-12-25 21:20:48 PST,bzbarsky,Flags,blocking1.9?,
2007-12-26 10:08:31 PST,bzbarsky,QA Contact,general,layout
2007-12-26 10:08:31 PST,bzbarsky,Component,SVG,Layout
2008-01-03 15:34:45 PST,mtschrep,Priority,P3,--
2008-01-03 15:34:45 PST,mtschrep,CC,mtschrep,
2008-01-03 15:34:45 PST,mtschrep,Flags,blocking1.9+,blocking1.9?
2008-01-09 15:06:03 PST,jwatt,CC,jwatt,
2008-02-21 20:02:05 PST,jwatt,Attachment #304895                Flags,review?(bzbarsky),
2008-02-21 20:02:30 PST,jwatt,Hardware,All,PC
2008-02-21 20:02:30 PST,jwatt,OS,All,Mac OS X
2008-02-21 20:30:59 PST,bzbarsky,Attachment #304895                Flags,review+,review?(bzbarsky)
2008-02-21 20:46:51 PST,jwatt,Attachment #304895                Flags,superreview?(roc),
2008-02-21 20:49:22 PST,jwatt,Assignee,jwatt,nobody
2008-02-22 02:30:04 PST,roc,Attachment #304895                Flags,superreview+,superreview?(roc)
2008-02-22 02:50:59 PST,jwatt,Last Resolved,2008-02-22 02:50:59,
2008-02-22 02:50:59 PST,jwatt,Status,RESOLVED,NEW
2008-02-22 02:50:59 PST,jwatt,Resolution,FIXED,---
2008-02-22 16:14:28 PST,jruderman,Flags,in-testsuite+,
