When,Who,What,Added,Removed
2007-12-21 21:10:57 PST,bugzilla,Keywords,crash, regression,
2007-12-21 21:10:57 PST,bugzilla,Version,Trunk,unspecified
2007-12-21 21:10:57 PST,bugzilla,CC,bugzilla,
2007-12-21 21:10:57 PST,bugzilla,Blocks,262116,
2007-12-25 07:58:40 PST,timeless,Summary,Crash when serializing security info to disk cache [@ memcpy - nsStringInputStream::SetData],Crash when serializing security info to disk cache
2008-01-06 06:01:44 PST,ryanvm,CC,ryanvm,
2008-10-03 00:43:36 PDT,jruderman,CC,jruderman,
2009-08-27 16:01:58 PDT,colin,CC,colin,
2009-09-14 21:17:26 PDT,win,CC,bzbarsky, jduell.mcbugs, win,
2009-09-14 21:17:26 PDT,win,Whiteboard,[needs stack evaluated for usefulness - cache],
2009-09-15 21:41:30 PDT,bzbarsky,Whiteboard,,[needs stack evaluated for usefulness - cache]
2009-09-15 21:41:30 PDT,bzbarsky,Status,NEW,UNCONFIRMED
2009-09-15 21:41:30 PDT,bzbarsky,Ever confirmed,1,0
2009-09-15 21:56:25 PDT,bzbarsky,Status,ASSIGNED,NEW
2009-09-15 21:56:25 PDT,bzbarsky,Assignee,bzbarsky,nobody
2009-09-15 21:56:25 PDT,bzbarsky,Attachment #400945                Flags,review?(jduell.mcbugs),
2009-09-15 22:15:15 PDT,bzbarsky,Attachment #400945                Attachment is obsolete,1,0
2009-09-15 22:15:15 PDT,bzbarsky,Attachment #400946                Flags,review?(jduell.mcbugs),
2009-09-15 22:15:15 PDT,bzbarsky,Attachment #400945                Flags,,review?(jduell.mcbugs)
2009-09-16 16:22:16 PDT,jduell.mcbugs,Attachment #400946                Flags,review+,review?(jduell.mcbugs)
2009-09-18 11:54:26 PDT,bzbarsky,Status,RESOLVED,ASSIGNED
2009-09-18 11:54:26 PDT,bzbarsky,Resolution,FIXED,---
2009-09-18 11:54:26 PDT,bzbarsky,Last Resolved,2009-09-18 11:54:26,
2009-09-18 12:01:55 PDT,bzbarsky,Attachment #400946                Flags,approval1.9.2?, approval1.9.1.4?, approval1.9.0.15?, approval1.9.0.16?,
2009-09-20 20:09:29 PDT,dveditz,Attachment #400946                Flags,approval1.9.1.4+, approval1.9.0.15+,approval1.9.1.4?, approval1.9.0.15?, approval1.9.0.16?
2009-09-22 11:27:24 PDT,bzbarsky,Flags,blocking1.9.2?,
2009-09-22 11:32:57 PDT,bzbarsky,Keywords,fixed1.9.0.15,
2009-09-22 11:32:57 PDT,bzbarsky,status1.9.1,.4-fixed,---
2009-09-23 12:11:29 PDT,mbeltzner,Flags,blocking1.9.2+,blocking1.9.2?
2009-09-23 12:11:40 PDT,mbeltzner,Priority,P2,--
2009-09-28 10:27:04 PDT,abillings,CC,abillings,
2009-09-29 11:13:09 PDT,benjamin,Attachment #400946                Flags,approval1.9.2+,approval1.9.2?
2009-09-30 16:00:59 PDT,bzbarsky,status1.9.2,beta1-fixed,---
2009-10-08 15:43:02 PDT,hskupin,CC,hskupin,
2009-10-08 15:43:02 PDT,hskupin,Target Milestone,mozilla1.9.3a1,---
2009-10-08 15:43:02 PDT,hskupin,Severity,critical,major
2009-10-08 19:15:09 PDT,jruderman,Status,VERIFIED,RESOLVED
2011-06-09 14:58:47 PDT,nobody,Crash Signature,[@ memcpy - nsStringInputStream::SetData],
