When,Who,What,Added,Removed
2007-12-22 10:13:38 PST,stefanh,CC,neil,
2007-12-22 15:45:50 PST,neil,Status,ASSIGNED,NEW
2007-12-22 15:45:50 PST,neil,Assignee,neil,guifeatures
2007-12-22 15:45:50 PST,neil,Attachment #294388                Flags,review?(stefanh),
2007-12-23 04:34:42 PST,stefanh,Attachment #294388                Flags,review+,review?(stefanh)
2007-12-23 04:34:57 PST,stefanh,Target Milestone,seamonkey2.0alpha,---
2007-12-25 03:23:19 PST,neil,Status,RESOLVED,ASSIGNED
2007-12-25 03:23:19 PST,neil,Resolution,FIXED,---
2007-12-25 03:23:19 PST,neil,Last Resolved,2007-12-25 03:23:19,
2008-07-31 04:24:35 PDT,timeless,Component,UI Design,XP Apps: GUI Features
