When,Who,What,Added,Removed
2007-12-22 14:39:16 PST,reed,Attachment #294384                Flags,review?(roc), superreview?(roc),
2007-12-22 21:56:49 PST,gavin.sharp,CC,gavin.sharp,
2007-12-31 02:19:47 PST,roc,Attachment #294384                Flags,review+, superreview+,review?(roc), superreview?(roc)
2007-12-31 02:22:58 PST,bugzilla,CC,bugzilla,
2007-12-31 10:18:30 PST,reed,Attachment #294384                Flags,approval1.9?,
2007-12-31 17:22:03 PST,pavlov,Attachment #294384                Flags,approval1.9+,approval1.9?
2008-01-01 01:25:58 PST,reed,Keywords,checkin-needed,
2008-01-01 02:22:04 PST,reed,Keywords,,checkin-needed
2008-01-01 02:22:04 PST,reed,Status,RESOLVED,ASSIGNED
2008-01-01 02:22:04 PST,reed,Resolution,FIXED,---
2008-01-01 02:22:04 PST,reed,Last Resolved,2008-01-01 02:22:04,
2008-01-01 02:22:17 PST,reed,Target Milestone,mozilla1.9 M11,---
2008-01-01 16:13:10 PST,reed,CC,dbaron,
