When,Who,What,Added,Removed
2007-12-22 03:25:42 PST,mvl,Flags,wanted-calendar0.8?,
2007-12-22 03:49:32 PST,bugzilla,Flags,blocking-calendar0.8+,wanted-calendar0.8?
2007-12-22 04:03:07 PST,mvl,Status,ASSIGNED,NEW
2007-12-22 04:03:07 PST,mvl,Assignee,mvl,nobody
2007-12-22 04:03:07 PST,mvl,Attachment #294348                Flags,review?(daniel.boelzle),
2007-12-22 11:07:26 PST,dbo.moz,Attachment #294348                Flags,review+,review?(daniel.boelzle)
2007-12-23 04:25:58 PST,mvl,Status,RESOLVED,ASSIGNED
2007-12-23 04:25:58 PST,mvl,Resolution,FIXED,---
2007-12-23 04:25:58 PST,mvl,Last Resolved,2007-12-23 04:25:58,
2007-12-23 05:09:12 PST,mschroeder,Target Milestone,0.8,---
2007-12-23 05:09:12 PST,mschroeder,Version,unspecified,Trunk
