When,Who,What,Added,Removed
2007-12-23 01:40:51 PST,standard8,Attachment #294410                Flags,review?(neil), superreview?(neil),
2007-12-23 01:47:47 PST,standard8,Blocks,409608,
2007-12-25 14:32:32 PST,neil,Attachment #294410                Flags,review+, superreview+,review?(neil), superreview?(neil)
2007-12-26 03:00:26 PST,standard8,Last Resolved,2007-12-26 03:00:26,
2007-12-26 03:00:26 PST,standard8,Status,RESOLVED,NEW
2007-12-26 03:00:26 PST,standard8,Resolution,FIXED,---
2008-07-31 04:30:00 PDT,nobody,Product,MailNews Core,Core
