When,Who,What,Added,Removed
2007-12-23 10:16:28 PST,bug.zilla,CC,bug.zilla,
2007-12-23 14:11:59 PST,factedspam,CC,factedspam,
2007-12-24 15:15:56 PST,thunder,CC,thunder,
2007-12-27 11:52:05 PST,thunder,Assignee,thunder,nobody
2007-12-29 23:06:20 PST,mzeier,CC,mrz, oremj,
2007-12-30 11:42:47 PST,reed,CC,reed,
2008-01-02 16:46:34 PST,thunder,Status,NEW,UNCONFIRMED
2008-01-02 16:46:34 PST,thunder,Assignee,nobody,thunder
2008-01-02 16:46:34 PST,thunder,Ever confirmed,1,0
2008-01-08 14:27:07 PST,thunder,Status,RESOLVED,NEW
2008-01-08 14:27:07 PST,thunder,Resolution,FIXED,---
2008-01-08 14:27:07 PST,thunder,Last Resolved,2008-01-08 14:27:07,
2009-06-15 15:16:54 PDT,mconnor,Product,Weave,Mozilla Labs
2009-06-15 15:16:54 PDT,mconnor,Component,General,Weave
2009-06-15 15:16:54 PDT,mconnor,Target Milestone,---,--
2009-06-15 17:29:52 PDT,reed,QA Contact,general,weave
