When,Who,What,Added,Removed
2007-12-27 05:29:12 PST,standard8,Attachment #294652                Flags,review?(neil), superreview?(neil),
2007-12-27 05:29:41 PST,standard8,Blocks,65635,
2007-12-27 08:37:10 PST,neil,Attachment #294652                Flags,review-,review?(neil), superreview?(neil)
2007-12-29 07:32:41 PST,standard8,Attachment #294652                Attachment is obsolete,1,0
2007-12-29 07:32:41 PST,standard8,Attachment #294836                Flags,review?(neil), superreview?(neil),
2007-12-30 16:39:06 PST,neil,Attachment #294836                Flags,superreview-,review?(neil), superreview?(neil)
2007-12-31 05:18:52 PST,standard8,Attachment #294836                Attachment is obsolete,1,0
2007-12-31 05:18:52 PST,standard8,Attachment #294951                Flags,review?(neil), superreview?(neil),
2007-12-31 12:01:41 PST,neil,Attachment #294951                Flags,review+, superreview+,review?(neil), superreview?(neil)
2007-12-31 16:34:01 PST,standard8,Resolution,FIXED,---
2007-12-31 16:34:01 PST,standard8,Last Resolved,2007-12-31 16:34:01,
2007-12-31 16:34:01 PST,standard8,Status,RESOLVED,NEW
2008-01-10 04:56:52 PST,standard8,Flags,in-testsuite+,
2008-07-31 04:30:00 PDT,nobody,Product,MailNews Core,Core
2009-01-01 13:09:57 PST,standard8,Blocks,150632,
