When,Who,What,Added,Removed
2007-12-23 19:04:12 PST,gavin.sharp,CC,gavin.sharp,
2007-12-26 10:41:13 PST,bzbarsky,Status,ASSIGNED,NEW
2007-12-26 10:41:13 PST,bzbarsky,Assignee,bzbarsky,nobody
2007-12-26 10:41:13 PST,bzbarsky,Attachment #294575                Flags,review?(roc), superreview?(roc),
2007-12-26 13:27:23 PST,bzbarsky,Summary,[FIX]nsImageControlFrame  is splittable but not listed in nsCSSFrameConstructor::CreateContinuingFrame,nsImageControlFrame  is splittable but not listed in nsCSSFrameConstructor::CreateContinuingFrame
2008-01-02 18:52:28 PST,roc,Attachment #294575                Flags,review+, superreview+,review?(roc), superreview?(roc)
2008-01-02 18:55:07 PST,bzbarsky,Attachment #294575                Flags,approval1.9?,
2008-01-03 15:54:20 PST,dsicore,Attachment #294575                Flags,approval1.9+,approval1.9?
2008-01-04 22:47:04 PST,bzbarsky,Status,RESOLVED,ASSIGNED
2008-01-04 22:47:04 PST,bzbarsky,Resolution,FIXED,---
2008-01-04 22:47:04 PST,bzbarsky,Flags,in-testsuite+,
2008-01-04 22:47:04 PST,bzbarsky,Last Resolved,2008-01-04 22:47:04,
2008-01-04 22:53:18 PST,reed,CC,reed,
