When,Who,What,Added,Removed
2007-12-23 18:34:50 PST,wgianopoulos,Flags,blocking1.9?,
2007-12-23 18:40:04 PST,reed,CC,reed,
2007-12-23 18:59:56 PST,gavin.sharp,CC,gavin.sharp,
2007-12-23 19:13:10 PST,jruderman,CC,jruderman,
2007-12-23 20:27:57 PST,marcuri26,CC,matthew.arcuri,
2007-12-23 20:46:24 PST,ryanvm,CC,ryanvm,
2007-12-23 20:57:16 PST,benjamin,CC,benjamin,
2007-12-23 23:03:33 PST,m-wada,CC,m-wada,
2007-12-24 04:42:09 PST,steve.england,CC,steve.england,
2007-12-24 13:38:06 PST,wgianopoulos,Status,ASSIGNED,NEW
2007-12-24 13:38:06 PST,wgianopoulos,Assignee,wgianopoulos,nobody
2007-12-24 13:38:06 PST,wgianopoulos,Attachment #294493                Flags,review?,
2007-12-24 13:38:49 PST,wgianopoulos,Attachment #294493                Flags,review?(dbaron),review?
2007-12-24 15:10:59 PST,dbaron,CC,Olli.Pettay,
2007-12-24 15:11:13 PST,dbaron,Attachment #294493                Flags,review+, superreview+,review?(dbaron)
2007-12-24 15:11:38 PST,dbaron,Keywords,checkin-needed,
2007-12-24 15:14:10 PST,reed,Attachment #294493                Flags,approval1.9?,
2007-12-24 15:18:21 PST,mbeltzner,Attachment #294493                Flags,approval1.9+,approval1.9?
2007-12-24 20:42:33 PST,reed,Keywords,,checkin-needed
2007-12-24 20:42:33 PST,reed,Status,RESOLVED,ASSIGNED
2007-12-24 20:42:33 PST,reed,Resolution,FIXED,---
2007-12-24 20:42:33 PST,reed,Target Milestone,mozilla1.9 M11,---
2007-12-24 20:42:33 PST,reed,Last Resolved,2007-12-24 20:42:33,
2008-01-09 16:07:54 PST,jcea,CC,jcea,
