When,Who,What,Added,Removed
2007-12-24 03:36:57 PST,kairo,Status,RESOLVED,NEW
2007-12-24 03:36:57 PST,kairo,Resolution,FIXED,---
2007-12-24 03:36:57 PST,kairo,Last Resolved,2007-12-24 03:36:57,
2007-12-26 07:42:11 PST,p.franc,Status,REOPENED,RESOLVED
2007-12-26 07:42:11 PST,p.franc,Resolution,---,FIXED
2007-12-26 08:31:20 PST,wladow,Status,RESOLVED,REOPENED
2007-12-26 08:31:20 PST,wladow,Resolution,FIXED,---
2007-12-26 08:31:20 PST,wladow,Last Resolved,2007-12-26 08:31:20,2007-12-24 03:36:57
2007-12-27 04:36:42 PST,kairo,Status,REOPENED,RESOLVED
2007-12-27 04:36:42 PST,kairo,Resolution,---,FIXED
2008-02-13 18:56:26 PST,kairo,Status,RESOLVED,REOPENED
2008-02-13 18:56:26 PST,kairo,Resolution,FIXED,---
2008-02-13 18:56:26 PST,kairo,Last Resolved,2008-02-13 18:56:26,2007-12-26 08:31:20
