When,Who,What,Added,Removed
2007-12-23 07:53:38 PST,susan,CC,mark,
2007-12-23 07:58:22 PST,mark,Status,NEW,UNCONFIRMED
2007-12-23 07:58:22 PST,mark,Ever confirmed,1,0
2007-12-23 08:19:37 PST,bugzilla-graveyard,CC,cl-bugs,
2007-12-23 14:43:07 PST,mark,Status,ASSIGNED,NEW
2007-12-23 14:43:07 PST,mark,Assignee,mark,nobody
2007-12-23 14:43:07 PST,mark,Attachment #294449                Flags,review?(stuart.morgan),
2007-12-23 20:12:22 PST,mark,Attachment #294449                Attachment is obsolete,1,0
2007-12-23 20:12:22 PST,mark,Attachment #294457                Flags,review?(stuart.morgan),
2007-12-23 20:12:22 PST,mark,Attachment #294449                Flags,,review?(stuart.morgan)
2007-12-25 05:31:28 PST,krmathis,CC,krmathis,
2007-12-30 08:49:34 PST,stuart.morgan+bugzilla,Attachment #294457                Flags,review+,review?(stuart.morgan)
2007-12-30 16:02:16 PST,mark,Keywords,fixed1.8.1.12,
2007-12-30 16:02:16 PST,mark,Status,RESOLVED,ASSIGNED
2007-12-30 16:02:16 PST,mark,Resolution,FIXED,---
2007-12-30 16:02:16 PST,mark,Target Milestone,Camino1.6,---
2007-12-30 16:02:16 PST,mark,Last Resolved,2007-12-30 16:02:16,
2008-02-03 06:58:49 PST,bugzilla-graveyard,Depends on,415437,
2008-02-03 07:22:12 PST,bugzilla-graveyard,Depends on,,415437
