When,Who,What,Added,Removed
2007-12-24 04:22:39 PST,cbook,Flags,blocking1.9?,
2007-12-24 05:56:10 PST,ryanvm,CC,ryanvm,
2007-12-25 00:42:47 PST,gavin.sharp,CC,gavin.sharp,
2007-12-27 20:36:52 PST,jwalden+bmo,CC,jwalden+bmo,
2007-12-27 20:43:41 PST,jruderman,Summary,Firefox leaks nsGlobalWindow when using (clicking) on AMO Website,Firefox leak during using (clicking) on AMO Website
2008-01-03 15:04:26 PST,mtschrep,Priority,P2,--
2008-01-03 15:04:26 PST,mtschrep,CC,mtschrep, roc,
2008-01-03 15:04:26 PST,mtschrep,Flags,blocking1.9+,blocking1.9?
2008-01-03 15:40:17 PST,bugs,CC,Olli.Pettay,
2008-01-03 17:56:32 PST,jonas,Assignee,Olli.Pettay,nobody
2008-01-24 15:32:40 PST,jonas,Summary,Firefox when using (clicking) on AMO Website,Firefox leaks nsGlobalWindow when using (clicking) on AMO Website
2008-01-24 15:32:40 PST,jonas,Assignee,roc,Olli.Pettay
2008-01-29 11:55:23 PST,roc,Summary,Firefox leaks when using (clicking) on AMO Website,Firefox when using (clicking) on AMO Website
2008-01-29 11:55:23 PST,roc,Whiteboard,[cannot reproduce],
2008-01-29 13:30:15 PST,roc,Depends on,414482,
2008-01-29 18:49:55 PST,roc,Depends on,414671,
2008-01-29 18:57:07 PST,roc,Whiteboard,[cannot reproduce][depends on 414671],[cannot reproduce]
2008-02-07 17:56:32 PST,cbook,Status,RESOLVED,NEW
2008-02-07 17:56:32 PST,cbook,Resolution,FIXED,---
2008-02-07 17:56:32 PST,cbook,Depends on,416175,
2008-02-07 17:56:32 PST,cbook,Last Resolved,2008-02-07 17:56:32,
2008-05-07 15:54:24 PDT,abillings,CC,abillings,
2008-05-07 15:55:49 PDT,cbook,Status,VERIFIED,RESOLVED
