When,Who,What,Added,Removed
2007-12-24 09:42:04 PST,bugzilla,Hardware,All,PC
2007-12-24 09:42:04 PST,bugzilla,OS,All,Mac OS X
2007-12-24 09:42:04 PST,bugzilla,CC,bugzilla,
2007-12-24 10:34:09 PST,reed,CC,reed,
2007-12-24 11:00:01 PST,gavin.sharp,CC,gavin.sharp,
2007-12-26 08:37:58 PST,robert.strong.bugs,Component,Session Restore,Extension/Theme Manager
2007-12-26 08:37:58 PST,robert.strong.bugs,QA Contact,session.restore,extension.manager
2007-12-28 09:33:15 PST,ehsan,CC,firefoxl10n, ehsan.akhgari,
2007-12-28 09:33:15 PST,ehsan,Target Milestone,Firefox 3 M11,---
2007-12-28 09:33:15 PST,ehsan,Keywords,polish,
2007-12-28 09:33:15 PST,ehsan,Assignee,ehsan.akhgari,nobody
2007-12-28 10:48:29 PST,ehsan,Attachment #294756                Flags,review?(mano),
2007-12-28 11:05:21 PST,asaf,Attachment #294756                Flags,,review?(mano)
2007-12-28 11:10:03 PST,ehsan,Attachment #294756                Flags,ui-review?(beltzner),
2008-01-03 14:23:00 PST,ehsan,Status,ASSIGNED,NEW
2008-01-23 14:01:57 PST,ehsan,Attachment #298779                Flags,review?(beltzner), ui-review?(beltzner),
2008-01-25 01:21:03 PST,ehsan,Flags,blocking-firefox3?,
2008-01-25 23:55:48 PST,mbeltzner,Attachment #294756                Flags,ui-review-,ui-review?(beltzner)
2008-01-25 23:55:58 PST,mbeltzner,Attachment #298779                Flags,review-, ui-review-,review?(beltzner), ui-review?(beltzner)
2008-01-26 00:15:02 PST,ehsan,Summary,Remove the "Do not ask next time" checkbox from the quit prompt when restarting,the quit prompt displays a statement but the checkbox label refers to a question
2008-01-30 14:43:09 PST,mbeltzner,Target Milestone,Firefox 3 beta4,Firefox 3 beta3
2008-02-07 14:54:52 PST,mbeltzner,Flags,blocking-firefox3-,blocking-firefox3?
2008-02-07 22:38:27 PST,ehsan,Attachment #294756                Attachment is obsolete,1,0
2008-02-07 22:38:27 PST,ehsan,Attachment #298779                Attachment is obsolete,1,0
2008-02-07 22:38:27 PST,ehsan,Attachment #302083                Flags,review?(mano),
2008-02-23 11:14:42 PST,ehsan,Whiteboard,[has patch] [needs review Mano],
2008-02-28 11:14:14 PST,dean_tessman,CC,dean_tessman,
2008-04-07 00:33:25 PDT,asaf,Attachment #302083                Flags,review+,review?(mano)
2008-06-24 14:47:08 PDT,zeniko,Assignee,nobody,ehsan.akhgari
2008-06-24 14:47:08 PDT,zeniko,QA Contact,general,session.restore
2008-06-24 14:47:08 PDT,zeniko,Status,NEW,ASSIGNED
2008-06-24 14:47:08 PDT,zeniko,Component,General,Session Restore
2008-06-24 14:48:13 PDT,zeniko,Whiteboard,[has patch],[has patch] [needs review Mano]
2008-06-24 14:48:13 PDT,zeniko,Assignee,ehsan.akhgari,nobody
2008-06-24 14:48:13 PDT,zeniko,Target Milestone,---,Firefox 3 beta4
2008-10-05 07:55:23 PDT,ehsan,Attachment #302083                Flags,ui-review?(beltzner),
2008-10-05 07:56:29 PDT,ehsan,Whiteboard,[has patch][needs ui-review beltzner],[has patch]
2009-06-20 02:19:11 PDT,xtc4uall,CC,xtc4uall,
2009-06-20 02:19:11 PDT,xtc4uall,Flags,wanted-firefox3.6?,
2009-12-13 12:16:06 PST,xtc4uall,Flags,,wanted-firefox3.6?
2010-03-17 17:15:40 PDT,ehsan,Assignee,nobody,ehsan.akhgari
2010-03-18 02:30:49 PDT,timar74,CC,timar,
2011-02-16 06:44:44 PST,mbeltzner,Whiteboard,[has patch],[has patch][needs ui-review beltzner]
2011-02-16 06:44:46 PST,mbeltzner,Attachment #302083                Flags,ui-review+,ui-review?(beltzner)
2011-04-07 13:14:30 PDT,mbeltzner,CC,,beltzner
2012-06-12 02:45:55 PDT,jaws,Attachment #302083                Attachment is obsolete,1,0
2012-06-12 02:45:55 PDT,jaws,Attachment #632178                Flags,review+, ui-review+,
2012-06-12 02:46:46 PDT,jaws,Keywords,checkin-needed,
2012-06-12 02:46:46 PDT,jaws,Status,ASSIGNED,NEW
2012-06-12 02:46:46 PDT,jaws,CC,jaws,
2012-06-12 02:46:46 PDT,jaws,Assignee,jaws,nobody
2012-06-12 08:41:04 PDT,gavin.sharp,Attachment #632178                Flags,feedback-,
2012-06-12 08:41:15 PDT,gavin.sharp,Keywords,,checkin-needed
2012-06-12 16:15:28 PDT,jaws,Attachment #632458                Flags,review?(gavin.sharp),
2012-06-12 16:15:58 PDT,jaws,Whiteboard,,[has patch]
2012-07-03 23:38:46 PDT,jaws,Attachment #632458                Flags,review?(felipc),
2012-07-03 23:38:46 PDT,jaws,CC,felipc,
2012-07-03 23:40:19 PDT,jaws,Attachment #632178                Attachment is obsolete,1,0
2012-07-03 23:40:19 PDT,jaws,Attachment #632178                Flags,,review+, ui-review+, feedback-
2012-07-10 11:45:19 PDT,felipc,Attachment #632458                Flags,,review?(felipc)
2012-11-27 10:39:15 PST,jaws,Summary,Don't prompt on restart ("Firefox will try to restore your tabs upon restart [do not ask next time]" dialog removes trust and is unnecessary),Remove the "Do not ask next time" checkbox from the quit prompt when restarting
2012-12-03 22:00:21 PST,gavin.sharp,Attachment #632458                Flags,feedback+,review?(gavin.sharp)
2012-12-26 15:54:50 PST,jaws,Attachment #632458                Attachment is obsolete,1,0
2012-12-26 15:54:50 PST,jaws,Attachment #695858                Flags,review?(gavin.sharp),
2012-12-26 15:56:16 PST,jaws,Attachment #695858                Flags,,review?(gavin.sharp)
2012-12-26 21:05:43 PST,jaws,Attachment #695858                Attachment is obsolete,1,0
2012-12-26 21:05:43 PST,jaws,Attachment #695911                Flags,review?(gavin.sharp),
2012-12-27 07:21:42 PST,gavin.sharp,Summary,remove off-by-default restart prompt code,Don't prompt on restart ("Firefox will try to restore your tabs upon restart [do not ask next time]" dialog removes trust and is unnecessary)
2012-12-27 09:24:04 PST,gavin.sharp,Attachment #695911                Flags,review+,review?(gavin.sharp)
2012-12-28 11:44:29 PST,jaws,Whiteboard,[see comment 29 for updated STR],
2012-12-29 04:28:03 PST,graeme.mccutcheon,Target Milestone,Firefox 20,---
2012-12-29 04:28:03 PST,graeme.mccutcheon,Last Resolved,2012-12-29 04:28:03,
2012-12-29 04:28:03 PST,graeme.mccutcheon,Status,RESOLVED,ASSIGNED
2012-12-29 04:28:03 PST,graeme.mccutcheon,Resolution,FIXED,---
