When,Who,What,Added,Removed
2007-12-24 00:34:15 PST,rflint,Attachment #294474                Flags,review?(dietrich),
2007-12-24 00:35:12 PST,reed,CC,reed,
2007-12-24 00:43:44 PST,bugzilla,CC,bugzilla,
2007-12-24 03:35:36 PST,zeniko,Attachment #294474                Flags,review+,review?(dietrich)
2007-12-24 03:43:55 PST,rflint,Attachment #294474                Flags,approval1.9?,
2007-12-24 05:57:53 PST,ryanvm,CC,ryanvm,
2007-12-24 14:08:49 PST,mbeltzner,Attachment #294474                Flags,approval1.9+,approval1.9?
2007-12-24 14:16:23 PST,rflint,Status,RESOLVED,ASSIGNED
2007-12-24 14:16:23 PST,rflint,Resolution,FIXED,---
2007-12-24 14:16:23 PST,rflint,Target Milestone,Firefox 3 M11,---
2007-12-24 14:16:23 PST,rflint,Flags,in-litmus-, in-testsuite-,
2007-12-24 14:16:23 PST,rflint,Last Resolved,2007-12-24 14:16:23,
