When,Who,What,Added,Removed
2007-12-23 08:20:15 PST,dao,Attachment #294428                Flags,review?(neil),
2007-12-25 14:26:41 PST,neil,Attachment #294428                Flags,review+,review?(neil)
2007-12-25 17:12:33 PST,dao,Attachment #294428                Flags,approval1.9?,
2007-12-26 18:18:18 PST,fullmetaljacket.xp+bugmail,CC,fullmetaljacket.xp+bugmail,
2008-01-02 11:33:54 PST,mtschrep,CC,mtschrep,
2008-01-02 11:55:39 PST,mtschrep,Attachment #294428                Flags,approval1.9+,approval1.9?
2008-01-02 12:12:09 PST,mark.finkle,CC,mark.finkle,
2008-01-02 13:18:10 PST,reed,Keywords,checkin-needed,
2008-01-02 13:18:10 PST,reed,CC,reed,
2008-01-02 21:52:56 PST,reed,Target Milestone,mozilla1.9 M11,---
2008-01-02 21:52:56 PST,reed,Last Resolved,2008-01-02 21:52:56,
2008-01-02 21:52:56 PST,reed,Keywords,,checkin-needed
2008-01-02 21:52:56 PST,reed,Status,RESOLVED,NEW
2008-01-02 21:52:56 PST,reed,Resolution,FIXED,---
2008-01-08 08:55:25 PST,moco,Blocks,411289,
