When,Who,What,Added,Removed
2007-12-23 04:20:12 PST,stephen.donner,Flags,blocking1.9?,
2007-12-23 04:21:11 PST,stephen.donner,CC,samuel.sidler,
2007-12-23 04:21:48 PST,stephen.donner,Attachment #294419                Attachment mime type,text/HTML,application/octet-stream
2007-12-23 19:01:37 PST,gavin.sharp,CC,gavin.sharp,
2007-12-25 07:21:20 PST,timeless,CC,msintov,
2008-01-03 15:20:20 PST,mtschrep,CC,mtschrep,
2008-01-03 15:20:20 PST,mtschrep,Flags,blocking1.9-,blocking1.9?
2008-01-03 15:42:54 PST,jonas,Assignee,joshmoz,nobody
2008-01-03 15:42:54 PST,jonas,CC,jonas,
2008-01-10 14:31:15 PST,hskupin,CC,hskupin,
2008-01-10 14:35:48 PST,hskupin,URL,http://uploadsmart.com/demo.php,http://viewmorepics.myspace.com/Modules/PhotoAlbums/Pages/Upload.aspx
2008-01-10 14:35:48 PST,hskupin,Summary,Crash with flash file uploader [@ HIToolbox][@ ns4xPluginInstance::HandleEvent(nsPluginEvent*, int*)],Crash [@ HIToolbox] on myspace photo uploader
2008-02-04 16:14:03 PST,stephen.donner,CC,jst,
2008-02-07 17:08:59 PST,mozillamarcia.knous,CC,marcia,
2008-03-01 12:25:41 PST,stephen.donner,Flags,blocking1.9?,
2008-03-04 14:39:20 PST,jonas,Priority,P2,--
2008-03-04 14:39:20 PST,jonas,Flags,blocking1.9+,blocking1.9?
2008-03-05 10:43:04 PST,samuel.sidler+old,Whiteboard,[needs-regression-range],
2008-03-05 10:43:04 PST,samuel.sidler+old,Summary,[10.4] Crash with flash file uploader [@ HIToolbox][@ ns4xPluginInstance::HandleEvent(nsPluginEvent*, int*)],Crash with flash file uploader [@ HIToolbox][@ ns4xPluginInstance::HandleEvent(nsPluginEvent*, int*)]
2008-03-05 10:43:04 PST,samuel.sidler+old,Keywords,qawanted,
2008-03-05 11:57:47 PST,smichaud,CC,smichaud,
2008-03-05 13:22:44 PST,hskupin,Keywords,regression,qawanted
2008-03-05 13:22:44 PST,hskupin,Whiteboard,,[needs-regression-range]
2008-03-05 13:22:44 PST,hskupin,Hardware,All,PC
2008-03-05 13:22:44 PST,hskupin,CC,joshmoz,
2008-03-10 00:00:44 PDT,hskupin,CC,vladimir,
2008-03-11 14:52:35 PDT,smichaud,Assignee,smichaud,joshmoz
2008-03-12 10:38:49 PDT,smichaud,Attachment #308902                Flags,review?(joshmoz),
2008-03-13 17:17:44 PDT,samuel.sidler+old,Summary,[10.4] Crash with flash file uploader [@ HIToolbox@0xf4c9b][@ ns4xPluginInstance::HandleEvent(nsPluginEvent*, int*)],[10.4] Crash with flash file uploader [@ HIToolbox][@ ns4xPluginInstance::HandleEvent(nsPluginEvent*, int*)]
2008-03-14 10:23:32 PDT,jaas,Attachment #308902                Flags,review+, superreview?(roc),review?(joshmoz)
2008-03-15 03:17:32 PDT,roc,Attachment #308902                Flags,superreview+,superreview?(roc)
2008-03-17 08:47:03 PDT,smichaud,Status,RESOLVED,NEW
2008-03-17 08:47:03 PDT,smichaud,Resolution,FIXED,---
2008-03-17 08:47:03 PDT,smichaud,Last Resolved,2008-03-17 08:47:03,
2008-03-18 04:45:36 PDT,hskupin,Status,VERIFIED,RESOLVED
2008-03-18 04:45:36 PDT,hskupin,Target Milestone,mozilla1.9beta5,---
2008-06-27 08:31:56 PDT,chrislampson,CC,chrislampson,
2011-06-09 14:58:47 PDT,nobody,Crash Signature,[@ HIToolbox@0xf4c9b][@ ns4xPluginInstance::HandleEvent(nsPluginEvent*, int*)],
