When,Who,What,Added,Removed
2007-12-24 22:35:06 PST,deletesoftware+moz,CC,deletesoftware,
2007-12-26 18:17:45 PST,fullmetaljacket.xp+bugmail,CC,fullmetaljacket.xp+bugmail,
2008-01-09 15:47:40 PST,jcea,CC,jcea,
2008-01-12 17:08:27 PST,andrewm715+bugzilla,CC,andrewm715+bugzilla,
2008-01-19 05:00:38 PST,fotemac,CC,fotemac,
2008-01-31 08:30:17 PST,zeniko,Resolution,FIXED,---
2008-01-31 08:30:17 PST,zeniko,Last Resolved,2008-01-31 08:30:17,
2008-01-31 08:30:17 PST,zeniko,Status,RESOLVED,NEW
2009-11-26 06:02:34 PST,gerv,Component,Bookmarks & History,Places
2009-11-26 06:02:34 PST,gerv,QA Contact,bookmarks,places
