When,Who,What,Added,Removed
2007-12-23 09:05:58 PST,justdave,Attachment #294431                Flags,review?(bear),
2007-12-23 09:08:59 PST,justdave,Attachment #294431                Attachment is obsolete,1,0
2007-12-23 09:08:59 PST,justdave,Attachment #294432                Flags,review?(bear),
2007-12-23 09:08:59 PST,justdave,Attachment #294431                Flags,,review?(bear)
2007-12-23 19:08:55 PST,bear,Attachment #294432                Flags,review+,review?(bear)
2007-12-23 19:14:44 PST,justdave,Resolution,FIXED,---
2007-12-23 19:14:44 PST,justdave,Last Resolved,2007-12-23 19:14:44,
2007-12-23 19:14:44 PST,justdave,Status,RESOLVED,NEW
