When,Who,What,Added,Removed
2007-12-26 14:01:50 PST,nelson,Assignee,nelson,nobody
2007-12-26 14:01:50 PST,nelson,CC,nelson,
2008-02-08 17:29:05 PST,jason.barnabe,Severity,minor,normal
2008-10-06 07:45:58 PDT,djst,Assignee,smirkingsisyphus,nelson
2008-10-06 07:45:58 PDT,djst,CC,djst,
2008-10-06 07:45:58 PDT,djst,Target Milestone,0.9,---
2008-10-06 14:50:07 PDT,smirkingsisyphus,Attachment #341984                Flags,review?(nelson),
2008-10-07 02:41:04 PDT,djst,Target Milestone,0.7.1,0.9
2008-10-07 12:47:45 PDT,smirkingsisyphus,Attachment #341984                Attachment is obsolete,1,0
2008-10-07 12:47:45 PDT,smirkingsisyphus,Attachment #342120                Flags,review?(nelson),
2008-10-07 12:47:45 PDT,smirkingsisyphus,Attachment #341984                Flags,,review?(nelson)
2008-10-08 10:50:39 PDT,nelson,Attachment #342120                Flags,review+,review?(nelson)
2008-10-08 10:53:50 PDT,nelson,Status,RESOLVED,NEW
2008-10-08 10:53:50 PDT,nelson,Resolution,FIXED,---
2008-10-08 10:53:50 PDT,nelson,Last Resolved,2008-10-08 10:53:50,
2008-10-08 13:02:40 PDT,stephen.donner,CC,stephen.donner,
2008-10-08 13:30:13 PDT,stephen.donner,Status,VERIFIED,RESOLVED
2009-10-30 08:55:03 PDT,djst,Whiteboard,tiki_bug,
2009-11-19 10:19:05 PST,lphuberdeau,Whiteboard,tiki_bug, tiki_upstreamed,tiki_bug
2009-11-19 10:19:05 PST,lphuberdeau,CC,lphuberdeau,
