When,Who,What,Added,Removed
2007-12-23 03:28:10 PST,standard8,Attachment #294415                Flags,review?(neil), superreview?(neil),
2007-12-23 05:39:24 PST,neil,Attachment #294415                Flags,review+, superreview+,review?(neil), superreview?(neil)
2007-12-23 06:45:20 PST,standard8,Resolution,FIXED,---
2007-12-23 06:45:20 PST,standard8,Last Resolved,2007-12-23 06:45:20,
2007-12-23 06:45:20 PST,standard8,Status,RESOLVED,NEW
2008-07-31 04:30:00 PDT,nobody,Product,MailNews Core,Core
