When,Who,What,Added,Removed
2007-12-23 22:47:03 PST,bugspam.Callek,Attachment #294466                Flags,review?(LpSolit),
2007-12-23 22:47:27 PST,bugspam.Callek,Status,ASSIGNED,NEW
2007-12-23 22:47:53 PST,bugspam.Callek,Status,NEW,ASSIGNED
2007-12-23 22:47:53 PST,bugspam.Callek,Assignee,bugspam.Callek,whining
2007-12-23 23:31:58 PST,LpSolit,Attachment #294466                Flags,review+,review?(LpSolit)
2007-12-23 23:32:37 PST,LpSolit,Status,ASSIGNED,NEW
2007-12-23 23:32:37 PST,LpSolit,Target Milestone,Bugzilla 3.2,---
2007-12-23 23:32:37 PST,LpSolit,Flags,approval+,
2007-12-23 23:42:16 PST,LpSolit,Resolution,FIXED,---
2007-12-23 23:42:16 PST,LpSolit,Last Resolved,2007-12-23 23:42:16,
2007-12-23 23:42:16 PST,LpSolit,Status,RESOLVED,ASSIGNED
2007-12-23 23:43:31 PST,LpSolit,Attachment #294466                Attachment is obsolete,1,0
2007-12-23 23:47:42 PST,bugzilla,CC,bugzilla,
