When,Who,What,Added,Removed
2008-04-22 10:06:48 PDT,fligtar+bugs,Component,Developer Pages,Admin/Editor Tools
2008-04-22 10:06:48 PDT,fligtar+bugs,QA Contact,developers,admin-tools
2008-04-27 00:45:45 PDT,fligtar+bugs,Blocks,430189,
2008-04-27 00:45:45 PDT,fligtar+bugs,Target Milestone,3.5,---
2008-05-24 15:04:08 PDT,fligtar+bugs,Assignee,fligtar,nobody
2008-05-24 15:04:19 PDT,fligtar+bugs,Status,RESOLVED,NEW
2008-05-24 15:04:19 PDT,fligtar+bugs,Resolution,FIXED,---
2008-05-24 15:04:19 PDT,fligtar+bugs,Last Resolved,2008-05-24 15:04:19,
2008-08-06 14:01:57 PDT,stephen.donner,CC,stephen.donner,
2008-08-21 15:38:02 PDT,stephen.donner,Status,VERIFIED,RESOLVED
