When,Who,What,Added,Removed
2007-12-23 15:07:16 PST,cbook,Flags,blocking1.9?,
2007-12-23 16:14:36 PST,jruderman,Summary,Firefox leaks nsGlobalWindow with "Fast Dial" Extension installed,Firefox leaks with "Fast Dial" Extension installed
2007-12-23 16:43:42 PST,ryanvm,CC,ryanvm,
2007-12-23 19:04:05 PST,gavin.sharp,CC,gavin.sharp,
2007-12-27 20:35:11 PST,jwalden+bmo,CC,jwalden+bmo,
2008-01-03 15:06:25 PST,mtschrep,Priority,P2,--
2008-01-03 15:06:25 PST,mtschrep,CC,mtschrep,
2008-01-03 15:06:25 PST,mtschrep,Flags,blocking1.9+,blocking1.9?
2008-01-09 17:46:12 PST,mtschrep,Assignee,jonas,nobody
2008-01-22 08:29:12 PST,cbook,Status,RESOLVED,NEW
2008-01-22 08:29:12 PST,cbook,Resolution,FIXED,---
2008-01-22 08:29:12 PST,cbook,Last Resolved,2008-01-22 08:29:12,
2008-05-07 17:12:59 PDT,cbook,Status,VERIFIED,RESOLVED
