When,Who,What,Added,Removed
2007-12-24 00:45:07 PST,bugzilla,Hardware,All,PC
2007-12-24 00:45:07 PST,bugzilla,OS,All,Mac OS X
2007-12-24 00:45:07 PST,bugzilla,Assignee,reed,ian
2007-12-24 00:45:07 PST,bugzilla,CC,bugzilla,
2007-12-24 00:45:53 PST,reed,Status,ASSIGNED,NEW
2007-12-24 00:45:53 PST,reed,Attachment #294475                Flags,review?,
2007-12-24 00:46:38 PST,reed,CC,reed,
2007-12-24 00:51:11 PST,reed,Attachment #294475                Flags,,review?
2007-12-24 00:51:11 PST,reed,Attachment #294475                Attachment is obsolete,1,0
2007-12-24 00:51:11 PST,reed,Attachment #294476                Flags,review?(rflint),
2007-12-24 00:55:24 PST,rflint,Attachment #294476                Flags,review+,review?(rflint)
2007-12-24 00:56:49 PST,reed,Status,RESOLVED,ASSIGNED
2007-12-24 00:56:49 PST,reed,Resolution,FIXED,---
2007-12-24 00:56:49 PST,reed,Last Resolved,2007-12-24 00:56:49,
2007-12-24 05:50:37 PST,bugtrap,Status,VERIFIED,RESOLVED
2009-02-24 03:11:09 PST,bugtrap,Target Milestone,2.6,---
