When,Who,What,Added,Removed
2007-12-23 18:42:13 PST,reed,CC,reed,
2007-12-24 15:06:37 PST,thunder,Status,ASSIGNED,NEW
2007-12-24 15:06:37 PST,thunder,CC,thunder,
2007-12-24 15:21:29 PST,reed,Status,NEW,ASSIGNED
2007-12-24 15:21:29 PST,reed,Assignee,thunder,nobody
2007-12-24 15:21:38 PST,reed,Status,ASSIGNED,NEW
2007-12-26 17:46:16 PST,thunder,Status,RESOLVED,ASSIGNED
2007-12-26 17:46:16 PST,thunder,Resolution,FIXED,---
2007-12-26 17:46:16 PST,thunder,Last Resolved,2007-12-26 17:46:16,
2009-06-15 15:17:07 PDT,mconnor,Product,Weave,Mozilla Labs
2009-06-15 15:17:07 PDT,mconnor,Component,General,Weave
2009-06-15 15:17:07 PDT,mconnor,Target Milestone,---,--
2009-06-15 17:30:11 PDT,reed,QA Contact,general,weave
