When,Who,What,Added,Removed
2007-12-23 21:25:32 PST,dwitte,CC,gerv, dwitte, dveditz, brendan, masayuki, cbiesinger, jshin1987, darin.moz,
2007-12-23 21:25:32 PST,dwitte,Product,Core,Firefox
2007-12-23 21:25:32 PST,dwitte,Hardware,All,PC
2007-12-23 21:25:32 PST,dwitte,OS,All,Linux
2007-12-23 21:25:32 PST,dwitte,Component,Networking,General
2007-12-23 21:25:32 PST,dwitte,QA Contact,networking,general
2007-12-23 21:25:52 PST,dwitte,Status,NEW,UNCONFIRMED
2007-12-23 21:25:52 PST,dwitte,Ever confirmed,1,0
2007-12-23 21:39:19 PST,dwitte,Assignee,dwitte,nobody
2007-12-23 21:39:19 PST,dwitte,Blocks,237820,
2007-12-23 22:48:09 PST,gavin.sharp,CC,gavin.sharp,
2007-12-23 22:52:45 PST,dveditz,Blocks,,237820
2007-12-23 22:53:12 PST,dveditz,Blocks,237820,
2007-12-23 23:49:50 PST,dwitte,Attachment #294472                Flags,review?(dveditz), superreview?(dveditz),
2008-01-23 04:08:45 PST,dwitte,Attachment #294472                Flags,review?(cbiesinger), superreview?(cbiesinger),review?(dveditz), superreview?(dveditz)
2008-01-26 08:07:28 PST,jwalden+bmo,CC,jwalden+bmo,
2008-01-27 20:47:51 PST,cbiesinger,Attachment #294472                Flags,review+, superreview+,review?(cbiesinger), superreview?(cbiesinger)
2008-01-27 20:49:00 PST,dwitte,Attachment #294472                Flags,approval1.9?,
2008-01-28 19:51:48 PST,dsicore,Attachment #294472                Flags,approval1.9+,approval1.9?
2008-01-28 23:57:15 PST,dwitte,Status,RESOLVED,NEW
2008-01-28 23:57:15 PST,dwitte,Resolution,FIXED,---
2008-01-28 23:57:15 PST,dwitte,Last Resolved,2008-01-28 23:57:15,
2008-01-29 00:36:48 PST,mozilla,CC,bugs+behnam, tech-team,
2008-01-29 00:40:56 PST,dwitte,Flags,in-testsuite+,
