When,Who,What,Added,Removed
2007-12-26 17:26:20 PST,channy,CC,l10n,
2007-12-26 17:26:20 PST,channy,Status,ASSIGNED,NEW
2007-12-26 17:28:09 PST,channy,Attachment #294616                Flags,approval1.8.1.12?,
2007-12-27 09:54:00 PST,l10n,Attachment #294616                Flags,approval1.8.1.12+,approval1.8.1.12?
2007-12-27 10:40:59 PST,channy,Keywords,fixed1.8.1.12,
2007-12-27 10:40:59 PST,channy,Status,RESOLVED,ASSIGNED
2007-12-27 10:40:59 PST,channy,Resolution,FIXED,---
2007-12-27 10:40:59 PST,channy,Last Resolved,2007-12-27 10:40:59,
2007-12-28 21:53:02 PST,channy,Keywords,verified1.8.1.12,fixed1.8.1.12
