When,Who,What,Added,Removed
2007-12-23 09:17:37 PST,bugzilla-graveyard,CC,cl-bugs,
2007-12-23 10:06:31 PST,mark,Status,ASSIGNED,NEW
2007-12-23 10:06:31 PST,mark,Assignee,mark,nobody
2007-12-23 10:06:31 PST,mark,Attachment #294438                Flags,review?(alqahira),
2007-12-23 13:08:28 PST,mark,Attachment #294438                Flags,,review?(alqahira)
2007-12-23 13:08:28 PST,mark,Attachment #294438                Attachment is obsolete,1,0
2007-12-23 13:08:28 PST,mark,Attachment #294442                Flags,review?(alqahira),
2007-12-23 13:08:56 PST,mark,Attachment #294443                Flags,review?(alqahira),
2007-12-23 13:15:12 PST,mark,Attachment #294442                Attachment is obsolete,1,0
2007-12-23 13:15:12 PST,mark,Attachment #294444                Flags,review?(alqahira),
2007-12-23 13:15:12 PST,mark,Attachment #294442                Flags,,review?(alqahira)
2007-12-23 13:15:36 PST,mark,Attachment #294443                Attachment is obsolete,1,0
2007-12-23 13:15:36 PST,mark,Attachment #294445                Flags,review?(alqahira),
2007-12-23 13:15:36 PST,mark,Attachment #294443                Flags,,review?(alqahira)
2007-12-23 13:36:07 PST,mark,Attachment #294444                Attachment is obsolete,1,0
2007-12-23 13:36:07 PST,mark,Attachment #294444                Flags,,review?(alqahira)
2007-12-23 13:36:22 PST,mark,Attachment #294445                Flags,,review?(alqahira)
2007-12-23 13:36:22 PST,mark,Attachment #294445                Attachment is obsolete,1,0
2007-12-23 17:33:26 PST,phiw2,CC,phiw,
2007-12-25 05:28:50 PST,krmathis,CC,krmathis,
2009-05-24 21:10:56 PDT,alqahira,Attachment #379511                Flags,superreview?(stuart.morgan+bugzilla),
2009-05-24 21:52:10 PDT,stuart.morgan+bugzilla,Attachment #379511                Flags,superreview+,superreview?(stuart.morgan+bugzilla)
2009-05-29 11:16:47 PDT,alqahira,Status,RESOLVED,ASSIGNED
2009-05-29 11:16:47 PDT,alqahira,Resolution,FIXED,---
2009-05-29 11:16:47 PDT,alqahira,Last Resolved,2009-05-29 11:16:47,
