When,Who,What,Added,Removed
2007-12-28 11:09:06 PST,ehsan,Severity,major,normal
2007-12-28 11:09:06 PST,ehsan,CC,ehsan.akhgari,
2007-12-28 11:09:06 PST,ehsan,Ever confirmed,1,0
2007-12-28 11:09:06 PST,ehsan,Flags,blocking-firefox3?, in-litmus?,
2007-12-28 11:09:06 PST,ehsan,Version,Trunk,unspecified
2007-12-28 11:09:06 PST,ehsan,OS,Windows XP,All
2007-12-28 11:09:06 PST,ehsan,Status,NEW,UNCONFIRMED
2007-12-28 20:12:27 PST,gavin.sharp,Product,Core,Firefox
2007-12-28 20:12:27 PST,gavin.sharp,Component,Keyboard: Navigation,Keyboard Navigation
2007-12-28 20:12:27 PST,gavin.sharp,QA Contact,keyboard.navigation,keyboard.navigation
2007-12-28 20:12:27 PST,gavin.sharp,CC,gavin.sharp, zeniko, aaronleventhal,
2007-12-28 20:12:27 PST,gavin.sharp,Flags,,blocking-firefox3?
2007-12-28 20:14:11 PST,gavin.sharp,Keywords,regression,
2007-12-28 20:14:11 PST,gavin.sharp,Hardware,All,PC
2007-12-28 20:14:11 PST,gavin.sharp,OS,All,Windows XP
2007-12-28 20:14:11 PST,gavin.sharp,Flags,blocking1.9?,
2007-12-29 03:49:04 PST,zeniko,CC,,zeniko
2007-12-29 03:49:04 PST,zeniko,Depends on,143065,
2007-12-29 22:11:12 PST,jwalden+bmo,CC,jwalden+bmo,
2008-01-03 15:12:23 PST,dsicore,Priority,P3,--
2008-01-03 15:12:23 PST,dsicore,CC,dsicore,
2008-01-03 15:12:23 PST,dsicore,Flags,blocking1.9+,blocking1.9?
2008-01-04 12:03:03 PST,gavin.sharp,Keywords,access,
2008-01-26 01:32:35 PST,zeniko,CC,timwi,
2008-02-03 23:02:38 PST,distler,CC,distler,
2008-02-09 09:51:09 PST,ehsan,Status,ASSIGNED,NEW
2008-02-09 09:51:09 PST,ehsan,Assignee,ehsan.akhgari,nobody
2008-02-09 09:51:09 PST,ehsan,Attachment #302307                Flags,review?(roc), superreview?(roc),
2008-02-09 09:55:23 PST,ehsan,Target Milestone,mozilla1.9beta4,---
2008-02-09 21:29:50 PST,ehsan,Attachment #302367                Flags,review?(roc), superreview?(roc),
2008-02-09 21:31:07 PST,ehsan,Flags,in-testsuite?,in-litmus?
2008-02-10 01:53:31 PST,gavin.sharp,Depends on,,143065
2008-02-10 01:53:31 PST,gavin.sharp,Blocks,143065,
2008-02-10 15:26:35 PST,roc,CC,roc,
2008-02-10 15:29:54 PST,roc,Attachment #302367                Flags,review+, superreview+,review?(roc), superreview?(roc)
2008-02-10 17:58:48 PST,surkov.alexander,CC,surkov.alexander,
2008-02-11 01:33:05 PST,ehsan,Attachment #302552                Flags,review?(roc), superreview?(roc),
2008-02-11 01:33:05 PST,ehsan,Attachment #302367                Attachment is obsolete,1,0
2008-02-11 01:51:58 PST,surkov.alexander,CC,marco.zehe,
2008-02-13 03:22:57 PST,roc,Attachment #302307                Flags,,review?(roc), superreview?(roc)
2008-02-13 20:43:53 PST,reed,CC,reed,
2008-02-13 20:43:53 PST,reed,Component,Event Handling,Keyboard: Navigation
2008-02-13 20:43:53 PST,reed,QA Contact,events,keyboard.navigation
2008-02-22 06:55:07 PST,mzehe,CC,sandrodll,
2008-02-23 01:23:21 PST,ehsan,Summary,Accesskey on HTML label, area and legend elements don't work,Accesskey on HTML label element doesn't work
2008-02-23 03:58:38 PST,ehsan,Attachment #302307                Attachment is obsolete,1,0
2008-02-23 03:58:38 PST,ehsan,Attachment #305166                Flags,review?(roc), superreview?(roc),
2008-02-27 14:11:09 PST,mbeltzner,Target Milestone,mozilla1.9,mozilla1.9beta4
2008-02-28 15:23:05 PST,pavlov,Priority,P2,P3
2008-02-28 15:23:05 PST,pavlov,Flags,blocking1.9+,tracking1.9+
2008-03-14 17:01:20 PDT,jst,CC,jst,
2008-03-14 22:05:18 PDT,ehsan,Attachment #305166                Attachment is obsolete,1,0
2008-03-14 22:05:18 PDT,ehsan,Attachment #305166                Flags,,review?(roc), superreview?(roc)
2008-03-25 11:23:56 PDT,karlt,CC,mozbugz,
2008-04-05 08:52:36 PDT,ehsan,Attachment #313813                Flags,review?(roc), superreview?(roc),
2008-04-05 08:53:25 PDT,ehsan,Whiteboard,[has patch][needs review roc],
2008-04-08 05:25:11 PDT,ehsan,Attachment #313813                Attachment is obsolete,1,0
2008-04-08 05:25:11 PDT,ehsan,Attachment #314323                Flags,review?(jst), superreview?(roc),
2008-04-08 05:25:11 PDT,ehsan,Attachment #313813                Flags,,review?(roc), superreview?(roc)
2008-04-08 05:28:07 PDT,ehsan,Whiteboard,[has patch][has review roc][needs review jst][needs sr roc],[has patch][needs review roc]
2008-04-08 05:30:06 PDT,roc,Attachment #314323                Flags,superreview+,superreview?(roc)
2008-04-08 15:40:15 PDT,jst,Attachment #314323                Flags,review+, review?(Olli.Pettay),review?(jst)
2008-04-08 18:37:10 PDT,bugzilla,CC,bugzilla,
2008-04-09 13:25:02 PDT,bugs,Attachment #314323                Flags,review+,review?(Olli.Pettay)
2008-04-13 21:25:02 PDT,roc,Attachment #302552                Flags,review+, superreview+,review?(roc), superreview?(roc)
2008-04-15 07:28:39 PDT,ehsan,Keywords,helpwanted,
2008-04-15 07:28:39 PDT,ehsan,Whiteboard,[has patch][has review roc][has review jst],[has patch][has review roc][needs review jst][needs sr roc]
2008-04-15 07:28:39 PDT,ehsan,Blocks,81481,
2008-04-15 11:50:26 PDT,mtschrep,CC,mtschrep,
2008-04-15 11:50:26 PDT,mtschrep,Flags,blocking1.9-,blocking1.9+
2008-04-17 14:02:35 PDT,ehsan,Attachment #302552                Attachment is obsolete,1,0
2008-04-17 14:02:35 PDT,ehsan,Attachment #314323                Attachment is obsolete,1,0
2008-04-17 14:02:35 PDT,ehsan,Attachment #316282                Flags,review?(roc), superreview?(roc),
2008-04-17 14:04:13 PDT,ehsan,Keywords,,helpwanted
2008-04-17 14:04:13 PDT,ehsan,Whiteboard,[has new patch][needs review roc],[has patch][has review roc][has review jst]
2008-04-17 14:04:13 PDT,ehsan,Flags,blocking1.9?,blocking1.9-
2008-04-17 16:28:01 PDT,roc,Attachment #316282                Flags,review+, superreview+, approval1.9?,review?(roc), superreview?(roc)
2008-04-17 23:09:01 PDT,mbeltzner,Attachment #316282                Flags,approval1.9+,approval1.9?
2008-04-17 23:11:17 PDT,roc,Keywords,checkin-needed,
2008-04-17 23:11:17 PDT,roc,Whiteboard,[needs landing],[has new patch][needs review roc]
2008-04-18 14:58:52 PDT,dsicore,Flags,blocking1.9-,blocking1.9?
2008-04-22 09:53:16 PDT,gavin.sharp,Last Resolved,2008-04-22 09:53:16,
2008-04-22 09:53:16 PDT,gavin.sharp,Keywords,,checkin-needed
2008-04-22 09:53:16 PDT,gavin.sharp,Whiteboard,,[needs landing]
2008-04-22 09:53:16 PDT,gavin.sharp,Status,RESOLVED,ASSIGNED
2008-04-22 09:53:16 PDT,gavin.sharp,Resolution,FIXED,---
2008-04-22 11:32:48 PDT,gavin.sharp,Status,REOPENED,RESOLVED
2008-04-22 11:32:48 PDT,gavin.sharp,Resolution,---,FIXED
2008-04-24 03:20:32 PDT,ehsan,Status,ASSIGNED,REOPENED
2008-04-24 03:20:32 PDT,ehsan,CC,sayrer,
2008-04-24 09:27:36 PDT,ehsan,Whiteboard,[needs help figuring out the tinderbox problem, see comment,
2008-04-24 09:28:00 PDT,ehsan,Whiteboard,[needs help figuring out the tinderbox problem, see comments 70-76],[needs help figuring out the tinderbox problem, see comment
2008-05-07 03:56:06 PDT,ehsan,Depends on,431464,
2008-05-08 00:01:44 PDT,ehsan,Keywords,checkin-needed,
2008-05-08 00:01:44 PDT,ehsan,Whiteboard,,[needs help figuring out the tinderbox problem, see comments 70-76]
2008-05-08 00:16:35 PDT,roc,Attachment #319933                Flags,approval1.9?,
2008-05-08 01:07:21 PDT,ehsan,Keywords,,checkin-needed
2008-05-08 11:20:17 PDT,mtschrep,Attachment #319933                Flags,approval1.9+,approval1.9?
2008-05-08 11:23:19 PDT,ehsan,Keywords,checkin-needed,
2008-05-08 13:00:54 PDT,gavin.sharp,Keywords,,checkin-needed
2008-05-08 13:00:54 PDT,gavin.sharp,Status,RESOLVED,ASSIGNED
2008-05-08 13:00:54 PDT,gavin.sharp,Resolution,FIXED,---
2008-05-08 13:00:54 PDT,gavin.sharp,Last Resolved,2008-05-08 13:00:54,2008-04-22 09:53:16
2008-05-08 23:19:40 PDT,ehsan,Flags,in-testsuite+,in-testsuite?
2008-05-09 21:17:19 PDT,ehsan,Depends on,433089,
2008-06-18 00:34:17 PDT,rickmans,CC,rickmans,
