When,Who,What,Added,Removed
2008-08-12 22:05:17 PDT,bugzilla-graveyard,Assignee,cl-bugs-new,nobody
2008-08-12 22:05:33 PDT,bugzilla-graveyard,Version,unspecified,1.8 Branch
2008-08-28 11:57:31 PDT,bugzilla-graveyard,Attachment #335938                Flags,review?(murph),
2008-09-07 18:03:18 PDT,bugzilla-graveyard,Status,ASSIGNED,NEW
2008-09-08 21:52:32 PDT,chris,Attachment #335938                Flags,review+,
2008-09-28 20:55:58 PDT,bugzilla-graveyard,Attachment #335938                Flags,superreview?(stuart.morgan+bugzilla),
2008-10-13 20:44:17 PDT,stuart.morgan+bugzilla,Attachment #335938                Flags,,superreview?(stuart.morgan+bugzilla)
2008-10-13 21:54:37 PDT,bugzilla-graveyard,Assignee,nobody,cl-bugs-new
2008-10-13 23:56:40 PDT,alqahira,Summary,[patch] Option-return in location bar doesn't work without scheme://,Option-return in location bar doesn't work without scheme://
2008-10-13 23:56:40 PDT,alqahira,Status,NEW,ASSIGNED
2008-10-13 23:56:40 PDT,alqahira,CC,murph, trendyhendy2000,
2008-10-14 00:00:06 PDT,alqahira,Attachment #335938                Flags,review?(alqahira),
2008-10-17 16:09:16 PDT,alqahira,Attachment #335938                Flags,,review?(alqahira)
2008-10-29 07:01:02 PDT,stuart.morgan+bugzilla,Attachment #335938                Flags,superreview+,review?(murph)
2008-10-29 09:23:47 PDT,alqahira,Assignee,cl-bugs-new,nobody
2008-10-29 11:16:36 PDT,alqahira,Status,RESOLVED,NEW
2008-10-29 11:16:36 PDT,alqahira,Resolution,FIXED,---
2008-10-29 11:16:36 PDT,alqahira,Last Resolved,2008-10-29 11:16:36,
