When,Who,What,Added,Removed
2008-01-21 07:39:45 PST,supernova00,Flags,blocking-firefox3?,
2008-01-21 07:39:45 PST,supernova00,Keywords,privacy,
2008-01-21 07:39:45 PST,supernova00,Status,NEW,UNCONFIRMED
2008-01-21 07:39:45 PST,supernova00,CC,supernova_00,
2008-01-21 07:39:45 PST,supernova00,Ever confirmed,1,0
2008-01-21 13:46:32 PST,graeme.mccutcheon,Attachment #298331                Flags,review?(gavin.sharp),
2008-01-30 04:31:32 PST,graeme.mccutcheon,CC,graememcc_firefox,
2008-01-30 04:31:32 PST,graeme.mccutcheon,Status,ASSIGNED,NEW
2008-01-30 04:42:41 PST,graeme.mccutcheon,Status,NEW,ASSIGNED
2008-01-30 04:42:41 PST,graeme.mccutcheon,Assignee,graememcc_firefox,nobody
2008-01-30 06:49:34 PST,graeme.mccutcheon,Status,ASSIGNED,NEW
2008-02-01 17:12:55 PST,supernova00,CC,wgvenom,
2008-02-02 09:17:44 PST,bugzilla.lenochod,CC,lenochod,
2008-02-02 13:38:40 PST,gavin.sharp,Attachment #298331                Flags,review-,review?(gavin.sharp)
2008-02-07 14:52:49 PST,mbeltzner,Flags,blocking-firefox3-,blocking-firefox3?
2008-03-23 06:03:16 PDT,ria.klaassen,CC,florianheinemann,
2008-04-03 17:09:43 PDT,graeme.mccutcheon,Attachment #298331                Attachment is obsolete,1,0
2008-05-06 17:27:49 PDT,graeme.mccutcheon,Attachment #313491                Attachment is obsolete,1,0
2008-05-06 17:27:49 PDT,graeme.mccutcheon,Attachment #319695                Flags,review?(gavin.sharp),
2008-05-07 07:37:46 PDT,graeme.mccutcheon,Attachment #319695                Attachment is obsolete,1,0
2008-05-07 07:37:46 PDT,graeme.mccutcheon,Attachment #319773                Flags,review?(gavin.sharp),
2008-05-07 07:37:46 PDT,graeme.mccutcheon,Attachment #319695                Flags,,review?(gavin.sharp)
2008-07-18 16:56:05 PDT,xtc4uall,CC,xtc4uall,
2008-07-18 16:56:05 PDT,xtc4uall,Flags,wanted-firefox3.1?,
2008-07-18 16:56:05 PDT,xtc4uall,Whiteboard,[has patch][needs review gavin],
2008-07-18 16:56:05 PDT,xtc4uall,Version,Trunk,unspecified
2008-07-25 14:57:15 PDT,gavin.sharp,CC,ttjoseph,
2008-07-31 04:30:00 PDT,nobody,Product,Toolkit,Firefox
2008-11-06 15:23:52 PST,ehsan,CC,ehsan.akhgari,
2008-12-10 04:13:44 PST,xtc4uall,Flags,wanted1.9.2?,
2008-12-10 09:20:15 PST,supernova00,Hardware,All,PC
2008-12-10 09:20:15 PST,supernova00,OS,All,Windows XP
2009-04-20 07:40:17 PDT,gavin.sharp,Attachment #319773                Flags,,review?(gavin.sharp)
2009-04-24 21:54:18 PDT,gavin.sharp,Whiteboard,[has patch],[has patch][needs review gavin]
2009-04-24 21:54:18 PDT,gavin.sharp,CC,gavin.sharp,
2009-12-13 12:05:13 PST,xtc4uall,Flags,,wanted1.9.1?, wanted1.9.2?
2012-10-15 11:47:12 PDT,graeme.mccutcheon,Attachment #671525                Flags,review?(gavin.sharp),
2012-10-15 11:47:12 PDT,graeme.mccutcheon,Attachment #319773                Attachment is obsolete,1,0
2012-10-15 11:53:34 PDT,gavin.sharp,Attachment #671525                Flags,review?(adw),review?(gavin.sharp)
2012-10-15 11:53:34 PDT,gavin.sharp,CC,adw,
2012-10-15 17:08:00 PDT,adw,Attachment #671525                Flags,,review?(adw)
2012-10-19 09:13:27 PDT,graeme.mccutcheon,Attachment #671525                Attachment is obsolete,1,0
2012-10-19 09:13:27 PDT,graeme.mccutcheon,Attachment #673282                Flags,review?(adw),
2012-10-19 14:05:04 PDT,adw,Attachment #673282                Flags,review+,review?(adw)
2012-10-22 19:05:38 PDT,ryanvm,Last Resolved,2012-10-22 19:05:38,
2012-10-22 19:05:38 PDT,ryanvm,Status,RESOLVED,ASSIGNED
2012-10-22 19:05:38 PDT,ryanvm,Resolution,FIXED,---
2012-10-22 19:05:38 PDT,ryanvm,Target Milestone,mozilla19,---
2012-10-22 19:05:38 PDT,ryanvm,Flags,in-testsuite+,
2013-07-13 12:42:01 PDT,logan,CC,logatronico,
