When,Who,What,Added,Removed
2007-12-24 03:32:33 PST,rflint,Flags,in-testsuite?,
2007-12-24 03:32:33 PST,rflint,Attachment #294482                Flags,review?(dietrich),
2007-12-24 03:50:54 PST,bugzilla,CC,bugzilla,
2007-12-24 05:57:15 PST,ryanvm,CC,ryanvm,
2007-12-25 00:42:36 PST,gavin.sharp,CC,gavin.sharp,
2008-01-03 09:39:14 PST,dietrich,Attachment #294482                Flags,review+,review?(dietrich)
2008-01-03 19:39:23 PST,rflint,Attachment #294482                Attachment is obsolete,1,0
2008-01-03 19:39:23 PST,rflint,Attachment #295324                Flags,approval1.9?,
2008-01-05 12:14:44 PST,mtschrep,CC,mtschrep,
2008-01-05 17:47:26 PST,mtschrep,Attachment #295324                Flags,approval1.9+,approval1.9?
2008-01-07 02:47:11 PST,rflint,Status,RESOLVED,ASSIGNED
2008-01-07 02:47:11 PST,rflint,Resolution,FIXED,---
2008-01-07 02:47:11 PST,rflint,Target Milestone,Firefox 3 M11,---
2008-01-07 02:47:11 PST,rflint,Flags,in-testsuite+, in-litmus-,in-testsuite?
2008-01-07 02:47:11 PST,rflint,Last Resolved,2008-01-07 02:47:11,
