When,Who,What,Added,Removed
2007-12-24 04:29:26 PST,zbynek.winkler,Attachment #294483                Flags,review?(benjamin),
2007-12-26 16:10:16 PST,bugspam.Callek,CC,bugspam.Callek,
2008-01-02 07:18:34 PST,edwsmith,CC,edwsmith,
2008-01-03 07:21:25 PST,benjamin,Attachment #294483                Flags,review+,review?(benjamin)
2008-01-05 18:39:29 PST,jwalden+bmo,CC,jwalden+bmo,
2008-02-13 12:17:44 PST,graydon,CC,graydon,
2008-12-03 08:11:15 PST,brbaker,CC,brbaker,
2009-01-08 08:26:13 PST,dschaffe,CC,dschaffe,
2009-01-08 08:26:13 PST,dschaffe,Flags,flashplayer-triage+, flashplayer-qrb?,
2009-02-05 06:58:19 PST,lhansen,Status,ASSIGNED,NEW
2009-02-05 06:58:19 PST,lhansen,Assignee,brbaker,nobody
2009-02-05 06:58:19 PST,lhansen,CC,lhansen,
2009-05-26 19:00:00 PDT,dansmith,Priority,P4,--
2009-05-26 19:00:00 PDT,dansmith,CC,dansmith,
2009-05-26 19:00:00 PDT,dansmith,Target Milestone,flash10.x,---
2009-05-26 19:00:00 PDT,dansmith,Flags,flashplayer-qrb+,flashplayer-qrb?
2009-09-01 11:05:33 PDT,brbaker,Attachment #294483                Attachment is obsolete,1,0
2009-09-01 11:05:33 PDT,brbaker,Attachment #397905                Flags,review?(lhansen),
2009-09-02 07:00:37 PDT,brbaker,Attachment #397905                Attachment is obsolete,1,0
2009-09-02 07:00:37 PDT,brbaker,Attachment #397905                Flags,,review?(lhansen)
2009-09-02 08:49:31 PDT,brbaker,Attachment #398152                Flags,review?(lhansen),
2009-09-02 10:12:56 PDT,lhansen,Attachment #398152                Flags,review+,review?(lhansen)
2009-09-02 11:23:36 PDT,brbaker,Attachment #398152                Attachment is obsolete,1,0
2009-09-02 11:23:47 PDT,brbaker,Status,RESOLVED,ASSIGNED
2009-09-02 11:23:47 PDT,brbaker,Resolution,FIXED,---
2009-09-02 11:23:47 PDT,brbaker,Last Resolved,2009-09-02 11:23:47,
2009-10-01 08:06:29 PDT,brbaker,Status,VERIFIED,RESOLVED
