When,Who,What,Added,Removed
2007-12-26 10:53:16 PST,thunder,Assignee,thunder,nobody
2007-12-26 10:53:16 PST,thunder,CC,thunder,
2007-12-26 10:53:50 PST,thunder,Status,ASSIGNED,UNCONFIRMED
2007-12-26 10:53:50 PST,thunder,Ever confirmed,1,0
2007-12-26 17:44:38 PST,thunder,Status,RESOLVED,ASSIGNED
2007-12-26 17:44:38 PST,thunder,Resolution,FIXED,---
2007-12-26 17:44:38 PST,thunder,Last Resolved,2007-12-26 17:44:38,
2009-06-15 15:16:37 PDT,mconnor,Product,Weave,Mozilla Labs
2009-06-15 15:16:37 PDT,mconnor,Component,General,Weave
2009-06-15 15:16:37 PDT,mconnor,Target Milestone,---,--
2009-06-15 17:29:29 PDT,reed,QA Contact,general,weave
