When,Who,What,Added,Removed
2008-02-08 17:30:21 PST,jason.barnabe,Severity,minor,enhancement
2008-02-08 17:30:21 PST,jason.barnabe,CC,jason_barnabe,
2008-03-23 20:47:48 PDT,jason.barnabe,Status,ASSIGNED,NEW
2008-03-23 20:47:48 PDT,jason.barnabe,Assignee,jason_barnabe,nobody
2008-03-23 20:47:48 PDT,jason.barnabe,Attachment #311317                Flags,review?(nelson),
2008-05-20 19:46:33 PDT,jason.barnabe,Attachment #311317                Flags,,review?(nelson)
2008-05-20 19:57:55 PDT,jason.barnabe,Keywords,push-needed,
2008-05-20 20:49:26 PDT,jason.barnabe,Status,RESOLVED,ASSIGNED
2008-05-20 20:49:26 PDT,jason.barnabe,Resolution,FIXED,---
2008-05-20 20:49:26 PDT,jason.barnabe,Last Resolved,2008-05-20 20:49:26,
2008-06-02 08:34:20 PDT,jason.barnabe,Keywords,,push-needed
2008-06-02 08:34:20 PDT,jason.barnabe,Status,VERIFIED,RESOLVED
2009-03-03 08:50:27 PST,jason.barnabe,CC,,jason.barnabe
2009-10-30 08:55:21 PDT,djst,Whiteboard,tiki_template,
2009-10-30 08:55:21 PDT,djst,CC,djst,
2009-11-19 08:46:19 PST,lphuberdeau,Whiteboard,tiki_feature, tiki_upstreamed,tiki_template
2009-11-19 08:46:19 PST,lphuberdeau,CC,lphuberdeau,
