When,Who,What,Added,Removed
2008-02-19 20:05:25 PST,jason.barnabe,Target Milestone,0.7,---
2008-06-10 19:02:14 PDT,jason.barnabe,Assignee,jason.barnabe,nobody
2008-06-23 20:05:12 PDT,jason.barnabe,CC,nelson,
2008-07-02 20:44:59 PDT,jason.barnabe,Status,RESOLVED,NEW
2008-07-02 20:44:59 PDT,jason.barnabe,Resolution,FIXED,---
2008-07-02 20:44:59 PDT,jason.barnabe,Last Resolved,2008-07-02 20:44:59,
2008-07-28 23:36:30 PDT,simone.lando,CC,underpass73,
2008-08-06 17:53:13 PDT,stephen.donner,Status,VERIFIED,RESOLVED
2008-08-06 17:53:13 PDT,stephen.donner,CC,stephen.donner,
2009-10-30 08:55:45 PDT,djst,Whiteboard,tiki_bug,
2009-10-30 08:55:45 PDT,djst,CC,djst,
2009-11-02 12:43:58 PST,lphuberdeau,Whiteboard,tiki_bug tiki_upstreamed,tiki_bug
2009-11-02 12:43:58 PST,lphuberdeau,CC,lphuberdeau,
