When,Who,What,Added,Removed
2007-12-25 04:08:13 PST,ria.klaassen,CC,ria.klaassen,
2007-12-25 05:50:41 PST,bugzilla,Component,General,JavaScript Engine
2007-12-25 05:50:41 PST,bugzilla,Assignee,nobody,general
2007-12-25 05:50:41 PST,bugzilla,QA Contact,general,general
2007-12-25 05:50:41 PST,bugzilla,CC,bugzilla,
2007-12-25 07:10:01 PST,bugzilla,QA Contact,english-other,general
2007-12-25 07:10:01 PST,bugzilla,Summary,eu.wowarmory.com - Sends XHTML instead of XML in response to a xmlhttprequest when a non-FF UA or a unknown FF UA is used,Broken website: Load content on mouseover does not work
2007-12-25 07:10:01 PST,bugzilla,Product,Tech Evangelism,Core
2007-12-25 07:10:01 PST,bugzilla,Version,unspecified,Trunk
2007-12-25 07:10:01 PST,bugzilla,Component,English Other,General
2007-12-25 07:10:01 PST,bugzilla,Assignee,english-other,nobody
2007-12-25 16:13:11 PST,bugzilla-graveyard,CC,cl-bugs,
2007-12-25 16:13:11 PST,bugzilla-graveyard,Blocks,334967,
2007-12-25 16:55:05 PST,bugzilla,CC,jhenry,
2007-12-27 15:04:05 PST,michaell+bmo,CC,ihkwan,
2007-12-27 15:04:43 PST,michaell+bmo,CC,michaell+bmo,
2007-12-27 19:21:50 PST,jwalden+bmo,CC,jwalden+bmo,
2008-01-02 11:41:10 PST,jonas,CC,lh.bennett,
2008-01-19 15:01:37 PST,bugzilla-graveyard,CC,wpvnetx,
2008-01-19 16:28:22 PST,steve.england,CC,steve.england,
2008-01-22 20:42:50 PST,bugzilla,CC,ARKTIK7,
2008-03-04 11:21:19 PST,qrcyen,CC,qrcyen,
2008-03-04 11:37:01 PST,michaell+bmo,Summary,eu.wowarmory.com and www.wowarmory.com - Sends XHTML instead of XML in response to a xmlhttprequest when a non-FF UA or a unknown FF UA is used,eu.wowarmory.com - Sends XHTML instead of XML in response to a xmlhttprequest when a non-FF UA or a unknown FF UA is used
2008-04-13 06:04:20 PDT,bugzilla,CC,tom-pl,
2008-04-14 01:42:16 PDT,jo.hermans,CC,slxception,
2008-04-21 14:18:10 PDT,qrcyen,CC,,qrcyen
2008-04-28 05:18:00 PDT,michaell+bmo,Resolution,FIXED,---
2008-04-28 05:18:00 PDT,michaell+bmo,Last Resolved,2008-04-28 05:18:00,
2008-04-28 05:18:00 PDT,michaell+bmo,Status,RESOLVED,NEW
2008-04-28 07:28:36 PDT,bugzilla,Status,REOPENED,RESOLVED
2008-04-28 07:28:36 PDT,bugzilla,Resolution,---,FIXED
2008-04-28 08:19:46 PDT,bugzilla-graveyard,Summary,eu.wowarmory.com and www.wowarmory.com - Sends XHTML instead of XML  (bad MIME type) in response to a xmlhttprequest from a non-Firefox Gecko browser,eu.wowarmory.com and www.wowarmory.com - Sends XHTML instead of XML in response to a xmlhttprequest when a non-FF UA or a unknown FF UA is used
2008-10-19 22:36:10 PDT,w.woods,CC,w.woods,
2009-03-14 12:41:05 PDT,ria.klaassen,CC,alternknwn,
2009-06-16 09:57:11 PDT,anant,CC,anant,
2011-02-02 15:15:31 PST,bugzilla-graveyard,Status,RESOLVED,REOPENED
2011-02-02 15:15:31 PST,bugzilla-graveyard,Resolution,INCOMPLETE,---
2011-02-02 15:15:31 PST,bugzilla-graveyard,Last Resolved,2011-02-02 15:15:31,2008-04-28 05:18:00
2011-02-02 16:15:01 PST,bugzilla-graveyard,Resolution,FIXED,INCOMPLETE
2015-04-19 23:39:06 PDT,nobody,Product,Tech Evangelism Graveyard,Tech Evangelism
