When,Who,What,Added,Removed
2007-12-24 13:05:06 PST,danilo.fortunato.2,CC,danilo.fortunato.2,
2008-01-06 07:38:12 PST,gijskruitbosch+bugs,Ever confirmed,1,0
2008-01-06 07:38:12 PST,gijskruitbosch+bugs,Status,NEW,UNCONFIRMED
2008-01-06 07:38:12 PST,gijskruitbosch+bugs,CC,gijskruitbosch+bugs,
2008-01-06 07:38:12 PST,gijskruitbosch+bugs,Depends on,267789,
2008-01-06 07:46:31 PST,gijskruitbosch+bugs,Status,ASSIGNED,NEW
2008-01-06 07:46:31 PST,gijskruitbosch+bugs,Assignee,gijskruitbosch+bugs,rginda
2008-01-06 07:46:31 PST,gijskruitbosch+bugs,Attachment #295629                Flags,review?(ajvincent),
2008-01-06 13:10:32 PST,ajvincent,CC,ajvincent,
2008-01-06 13:17:38 PST,gijskruitbosch+bugs,Attachment #295658                Flags,review?(ajvincent),
2008-01-06 14:03:12 PST,ajvincent,Attachment #295658                Flags,review+,review?(ajvincent)
2008-01-06 14:15:47 PST,gijskruitbosch+bugs,Attachment #295629                Flags,review-,review?(ajvincent)
2008-01-19 08:01:51 PST,gijskruitbosch+bugs,Status,RESOLVED,ASSIGNED
2008-01-19 08:01:51 PST,gijskruitbosch+bugs,Resolution,FIXED,---
2008-01-19 08:01:51 PST,gijskruitbosch+bugs,Last Resolved,2008-01-19 08:01:51,
