When,Who,What,Added,Removed
2007-12-24 23:10:50 PST,kartik.mistry,CC,kartik.mistry, ankit644,
2007-12-25 01:09:45 PST,ankit,Summary,[gu-IN] XML Parsing error while downloading anything. Probably translation bug.,XML Parsing error while downloading anything. Probably translation bug.
2007-12-25 01:09:45 PST,ankit,CC,l10n,
2007-12-27 09:01:59 PST,l10n,Product,Mozilla Localizations,Firefox
2007-12-27 09:01:59 PST,l10n,Status,NEW,UNCONFIRMED
2007-12-27 09:01:59 PST,l10n,Component,gu-IN / Gujarati,Download Manager
2007-12-27 09:01:59 PST,l10n,Assignee,ankit644,nobody
2007-12-27 09:01:59 PST,l10n,QA Contact,ankit644,download.manager
2007-12-27 09:01:59 PST,l10n,Ever confirmed,1,0
2007-12-27 09:11:38 PST,philringnalda,CC,philringnalda,
2007-12-27 21:52:47 PST,ankit,Attachment #294714                Flags,review?(l10n),
2007-12-28 04:50:36 PST,l10n,Attachment #294714                Flags,review+,review?(l10n)
2007-12-30 05:02:51 PST,l10n,Status,RESOLVED,NEW
2007-12-30 05:02:51 PST,l10n,Resolution,FIXED,---
2007-12-30 05:02:51 PST,l10n,Last Resolved,2007-12-30 05:02:51,
