When,Who,What,Added,Removed
2007-12-28 09:04:54 PST,bugzilla,Attachment #294504                Flags,review+,
2007-12-28 09:39:54 PST,mschroeder,Target Milestone,0.8,---
2007-12-28 09:39:54 PST,mschroeder,Version,unspecified,Mozilla 1.8 Branch
2007-12-28 09:39:54 PST,mschroeder,Hardware,All,PC
2007-12-28 09:39:54 PST,mschroeder,OS,All,Linux
2007-12-28 09:43:59 PST,bugzilla,Resolution,FIXED,---
2007-12-28 09:43:59 PST,bugzilla,Last Resolved,2007-12-28 09:43:59,
2007-12-28 09:43:59 PST,bugzilla,Status,RESOLVED,NEW
2007-12-28 15:09:11 PST,wladow,Status,REOPENED,RESOLVED
2007-12-28 15:09:11 PST,wladow,Resolution,---,FIXED
2007-12-28 15:09:11 PST,wladow,CC,valastiak,
2007-12-29 12:48:58 PST,bugzilla,Status,NEW,REOPENED
2007-12-29 12:48:58 PST,bugzilla,Assignee,tim.babych,nobody
2007-12-29 14:57:42 PST,bugzilla,Status,RESOLVED,NEW
2007-12-29 14:57:42 PST,bugzilla,Resolution,FIXED,---
2007-12-29 14:57:42 PST,bugzilla,Last Resolved,2007-12-29 14:57:42,2007-12-28 09:43:59
2008-01-15 02:36:00 PST,mschroeder,Status,VERIFIED,RESOLVED
