When,Who,What,Added,Removed
2007-12-25 11:24:59 PST,in_fant,CC,in_fant,
2007-12-25 13:02:07 PST,ragnaar,CC,ragnaar,
2007-12-25 13:47:26 PST,stream,CC,stream,
2007-12-26 09:56:50 PST,unghost,QA Contact,networking.file,file-handling
2007-12-26 09:56:50 PST,unghost,CC,jshin1987,
2007-12-26 09:56:50 PST,unghost,Blocks,278161,
2007-12-26 09:56:50 PST,unghost,Flags,blocking1.9?,
2007-12-26 09:56:50 PST,unghost,Component,Networking: File,File Handling
2007-12-27 20:07:14 PST,merlyell,CC,merlyell,
2007-12-28 17:05:02 PST,gavin.sharp,CC,gavin.sharp, darin.moz,
2008-01-03 15:18:45 PST,mtschrep,CC,mtschrep,
2008-01-12 10:32:28 PST,stoneflash,CC,stoneflash,
2008-01-17 00:16:31 PST,tim_tim2000,CC,tim_tim2000,
2008-01-22 13:19:32 PST,mtschrep,Flags,blocking1.9-, wanted1.9+,blocking1.9?
2008-01-24 03:00:04 PST,ivanov,CC,lolkaantimat,
2008-02-06 13:54:10 PST,oleg.kuznetsov,CC,x-pilotteam,
2008-02-06 14:49:39 PST,ivanov,Attachment #301753                Flags,review?, superreview?,
2008-02-06 14:52:16 PST,reed,Component,File Handling,Networking: File
2008-02-06 14:52:16 PST,reed,Assignee,lolkaantimat,nobody
2008-02-06 14:52:16 PST,reed,QA Contact,file-handling,networking.file
2008-02-06 14:52:16 PST,reed,CC,reed,
2008-02-06 14:52:39 PST,reed,Attachment #301753                Flags,review?(cbiesinger), superreview?(cbiesinger),review?, superreview?
2008-02-06 14:56:57 PST,ivanov,Attachment #301753                Flags,review?(jst), superreview?(jst),review?(cbiesinger), superreview?(cbiesinger)
2008-02-06 14:57:22 PST,ivanov,Status,ASSIGNED,NEW
2008-02-06 14:59:59 PST,ivanov,Attachment #301753                Flags,review?(cbiesinger), superreview?(cbiesinger),review?(jst), superreview?(jst)
2008-02-09 17:57:07 PST,unghost,CC,li0n,
2008-02-21 08:34:34 PST,ivanov,Attachment #304732                Flags,review?(cbiesinger), superreview?(cbiesinger),
2008-02-23 05:44:35 PST,cbiesinger,Attachment #304732                Flags,review+, superreview+,review?(cbiesinger), superreview?(cbiesinger)
2008-02-23 05:45:09 PST,cbiesinger,Attachment #301753                Flags,review+, superreview+,review?(cbiesinger), superreview?(cbiesinger)
2008-02-23 09:08:16 PST,ivanov,Attachment #301753                Flags,approval1.9?,
2008-02-23 09:08:20 PST,ivanov,Attachment #304732                Flags,approval1.9?,
2008-02-23 09:09:46 PST,ivanov,Attachment #304732                Flags,approval1.8.1.13?,
2008-02-23 09:30:48 PST,reed,Attachment #304732                Flags,,approval1.9?
2008-02-23 12:18:27 PST,mbeltzner,Attachment #301753                Flags,approval1.9+,approval1.9?
2008-02-23 12:26:24 PST,unghost,Keywords,checkin-needed,
2008-02-23 23:44:25 PST,reed,Keywords,,checkin-needed
2008-02-23 23:44:25 PST,reed,Hardware,All,PC
2008-02-23 23:44:25 PST,reed,OS,All,Windows XP
2008-02-23 23:44:25 PST,reed,Status,RESOLVED,ASSIGNED
2008-02-23 23:44:25 PST,reed,Resolution,FIXED,---
2008-02-23 23:44:25 PST,reed,Target Milestone,mozilla1.9beta4,---
2008-02-23 23:44:25 PST,reed,Last Resolved,2008-02-23 23:44:25,
2008-02-26 01:39:36 PST,tim_tim2000,Depends on,419594,
2008-02-27 07:40:28 PST,ivanov,Depends on,,419594
2008-03-03 11:24:07 PST,dveditz,Depends on,419594,
2008-03-03 11:27:06 PST,dveditz,CC,dveditz,
2008-03-03 23:08:07 PST,tim_tim2000,Depends on,,419594
2008-03-04 10:40:14 PST,dveditz,Attachment #304732                Flags,approval1.8.1.13+,approval1.8.1.13?
2008-03-04 11:00:14 PST,ivanov,Keywords,checkin-needed,
2008-03-05 02:40:13 PST,reed,Keywords,fixed1.8.1.13,checkin-needed
2008-03-17 18:07:01 PDT,abillings,Keywords,verified1.8.1.13,fixed1.8.1.13
2008-03-17 18:07:01 PDT,abillings,CC,abillings,
