When,Who,What,Added,Removed
2007-12-26 10:06:00 PST,sylvain.pasche,CC,sylvain.pasche,
2008-01-02 19:30:47 PST,reed,Product,Core,Firefox
2008-01-02 19:30:47 PST,reed,Version,Trunk,unspecified
2008-01-02 19:30:47 PST,reed,Component,Widget: Gtk,OS Integration
2008-01-02 19:30:47 PST,reed,QA Contact,gtk,os.integration
2008-01-02 19:30:47 PST,reed,CC,reed, ventnor.bugzilla, twanno, ispence,
2008-01-09 09:20:53 PST,twanno,Status,NEW,UNCONFIRMED
2008-01-09 09:20:53 PST,twanno,Ever confirmed,1,0
2008-01-09 17:30:23 PST,twanno,CC,max2,
2008-01-17 13:55:40 PST,twanno,Component,Layout,Widget: Gtk
2008-01-17 13:55:40 PST,twanno,QA Contact,layout,gtk
2008-01-17 14:12:12 PST,twanno,Status,ASSIGNED,NEW
2008-01-17 14:12:12 PST,twanno,Assignee,twanno,nobody
2008-01-17 14:12:12 PST,twanno,Attachment #297622                Flags,review?, superreview?,
2008-01-17 14:12:55 PST,twanno,Attachment #297622                Flags,review?(bzbarsky), superreview?(bzbarsky),review?, superreview?
2008-01-18 07:02:13 PST,twanno,Attachment #297622                Flags,review?(roc), superreview?(roc),review?(bzbarsky), superreview?(bzbarsky)
2008-01-20 15:02:52 PST,roc,CC,roc,
2008-01-22 18:08:20 PST,twanno,Attachment #297622                Flags,,review?(roc), superreview?(roc)
2008-01-22 18:08:20 PST,twanno,Attachment #297622                Attachment is obsolete,1,0
2008-01-22 18:09:04 PST,twanno,Attachment #298620                Flags,review?(roc), superreview?(roc),
2008-01-22 19:05:57 PST,reed,Component,Widget: Gtk,Layout
2008-01-22 19:05:57 PST,reed,QA Contact,gtk,layout
2008-01-22 21:19:19 PST,roc,Attachment #298620                Flags,review+, superreview+,review?(roc), superreview?(roc)
2008-01-22 22:06:00 PST,reed,Attachment #298620                Flags,approval1.9?,
2008-01-23 07:21:41 PST,twanno,Attachment #298620                Attachment is obsolete,1,0
2008-01-23 07:21:41 PST,twanno,Attachment #298714                Flags,approval1.9?,
2008-01-23 07:21:41 PST,twanno,Attachment #298620                Flags,,approval1.9?
2008-01-23 08:30:46 PST,mtschrep,Attachment #298714                Flags,approval1.9+,approval1.9?
2008-01-23 12:02:12 PST,reed,Keywords,checkin-needed,
2008-01-23 23:28:52 PST,reed,Keywords,,checkin-needed
2008-01-23 23:28:52 PST,reed,Status,RESOLVED,ASSIGNED
2008-01-23 23:28:52 PST,reed,Resolution,FIXED,---
2008-01-23 23:28:52 PST,reed,Target Milestone,mozilla1.9 M11,---
2008-01-23 23:28:52 PST,reed,Last Resolved,2008-01-23 23:28:52,
2008-02-07 16:01:39 PST,twanno,Depends on,416192,
