When,Who,What,Added,Removed
2007-12-25 00:43:24 PST,gavin.sharp,CC,gavin.sharp,
2007-12-25 07:14:34 PST,timeless,Status,ASSIGNED,NEW
2007-12-25 07:14:34 PST,timeless,Assignee,timeless,tara
2007-12-25 07:14:34 PST,timeless,Attachment #294529                Flags,review?,
2007-12-25 08:14:04 PST,reed,Attachment #294529                Flags,review+,review?
2008-01-04 19:23:12 PST,reed,CC,reed,
2008-01-06 07:01:09 PST,timeless,Status,RESOLVED,ASSIGNED
2008-01-06 07:01:09 PST,timeless,Resolution,FIXED,---
2008-01-06 07:01:09 PST,timeless,Last Resolved,2008-01-06 07:01:09,
