When,Who,What,Added,Removed
2007-12-25 22:43:00 PST,blackdenim,CC,blackdenim,
2007-12-26 17:55:13 PST,thunder,Assignee,thunder,nobody
2007-12-26 17:55:13 PST,thunder,CC,thunder,
2007-12-26 17:55:25 PST,thunder,Status,ASSIGNED,NEW
2007-12-27 11:45:00 PST,thunder,CC,dietrich,
2008-01-02 16:43:45 PST,thunder,CC,gkommet,
2008-01-02 18:19:10 PST,thunder,CC,mozdiav,
2008-01-04 15:43:15 PST,mozilla,CC,mozilla,
2008-01-07 06:51:48 PST,oliver,CC,oliver,
2008-01-09 14:18:28 PST,qaelith.2112,CC,qaelith.2112,
2008-01-10 10:27:28 PST,martijn.martijn,CC,martijn.martijn,
2008-01-17 17:46:34 PST,jonas,Summary,Firefox becomes unresponsive (uses 100% cpu) as Weave attempts to synch,Firefox becomes unresponsive every 30 minutes as Weave attempts to synch
2008-01-17 17:46:34 PST,jonas,CC,jonas,
2008-02-04 12:21:09 PST,psmueller,CC,pmuell,
2008-02-09 09:14:12 PST,stephen,CC,stephen,
2008-02-28 00:51:47 PST,kekc.reg,CC,kekc.reg,
2008-03-13 15:50:46 PDT,thunder,Resolution,FIXED,---
2008-03-13 15:50:46 PDT,thunder,Last Resolved,2008-03-13 15:50:46,
2008-03-13 15:50:46 PDT,thunder,Status,RESOLVED,ASSIGNED
2008-03-21 13:37:02 PDT,abillings,Status,VERIFIED,RESOLVED
2008-06-18 02:10:43 PDT,denis.kot,CC,denis.kot,
2009-06-15 15:17:15 PDT,mconnor,Component,General,Weave
2009-06-15 15:17:15 PDT,mconnor,Target Milestone,---,--
2009-06-15 15:17:15 PDT,mconnor,Product,Weave,Mozilla Labs
2009-06-15 17:30:22 PDT,reed,QA Contact,general,weave
