When,Who,What,Added,Removed
2007-12-28 20:02:24 PST,stephen.donner,Component,General,Menus
2007-12-28 20:02:24 PST,stephen.donner,Assignee,general,nobody
2007-12-28 20:02:24 PST,stephen.donner,QA Contact,general,menus
2007-12-28 20:02:24 PST,stephen.donner,CC,stephend,
2007-12-28 20:02:24 PST,stephen.donner,Product,Mozilla Application Suite,Firefox
2007-12-28 20:02:24 PST,stephen.donner,Version,SeaMonkey 1.1 Branch,unspecified
2008-06-29 07:46:16 PDT,vseerror,CC,vseerror,
2008-06-29 12:24:30 PDT,antoine.mechelynck,CC,sgautherie.bz, antoine.mechelynck,
2008-06-29 13:44:37 PDT,bugzillamozillaorg_serge_20140323,Version,Trunk,SeaMonkey 1.1 Branch
2008-06-29 13:44:37 PDT,bugzillamozillaorg_serge_20140323,CC,neil,
2008-10-09 22:41:30 PDT,stephen.donner,CC,,stephen.donner
2009-05-15 19:07:55 PDT,jasdeckard,CC,jasdeckard,
2009-06-08 12:22:42 PDT,fishingbait2004,Ever confirmed,1,0
2009-06-08 12:22:42 PDT,fishingbait2004,Status,NEW,UNCONFIRMED
2009-06-08 12:29:19 PDT,fishingbait2004,CC,fishingbait2004,
2009-06-08 12:33:15 PDT,vseerror,CC,,vseerror
2011-05-18 11:24:58 PDT,antoine.mechelynck,Whiteboard,[SmBugEvent][CLOSEME 2011-07-01 WFM],
2011-05-18 11:52:28 PDT,therubex,CC,therubex,
2011-05-18 14:10:47 PDT,neil,Status,RESOLVED,NEW
2011-05-18 14:10:47 PDT,neil,Resolution,FIXED,---
2011-05-18 14:10:47 PDT,neil,Last Resolved,2011-05-18 14:10:47,
2011-05-19 01:08:05 PDT,philip.chee,Whiteboard,[SmBugEvent],[SmBugEvent][CLOSEME 2011-07-01 WFM]
2011-05-19 01:08:05 PDT,philip.chee,Depends on,540629,
