When,Who,What,Added,Removed
2007-12-24 11:03:26 PST,reed,CC,reed,
2007-12-24 11:12:03 PST,gavin.sharp,CC,gavin.sharp,
2007-12-26 04:51:49 PST,bugzillamozillaorg_serge_20140323,Blocks,409780,
2007-12-27 09:07:28 PST,kairo,CC,kairo,
2007-12-27 09:33:56 PST,neil,Status,ASSIGNED,NEW
2007-12-27 09:33:56 PST,neil,Assignee,neil,prefs
2007-12-27 09:33:56 PST,neil,Attachment #294662                Flags,review?(kairo),
2007-12-27 09:43:07 PST,kairo,Attachment #294662                Flags,review+,review?(kairo)
2007-12-27 14:45:59 PST,antoine.mechelynck,CC,antoine.mechelynck,
2007-12-28 07:15:50 PST,stefanh,CC,stefanh,
2007-12-28 07:15:50 PST,stefanh,Target Milestone,seamonkey2.0alpha,---
2008-01-08 19:22:16 PST,asrail,CC,asrail,
2008-01-09 09:45:47 PST,bugzillamozillaorg_serge_20140323,Depends on,409780,
2008-01-09 09:45:47 PST,bugzillamozillaorg_serge_20140323,Blocks,,409780
2008-06-25 06:07:54 PDT,bugzillamozillaorg_serge_20140323,Attachment #294662                Attachment description,Proposed patch[Checkin: Comment 6],Proposed patch
2008-06-25 06:45:51 PDT,neil,Status,RESOLVED,ASSIGNED
2008-06-25 06:45:51 PDT,neil,Resolution,FIXED,---
2008-06-25 06:45:51 PDT,neil,Last Resolved,2008-06-25 06:45:51,
2008-06-25 06:58:50 PDT,bugzillamozillaorg_serge_20140323,CC,sgautherie.bz,
