When,Who,What,Added,Removed
2007-12-24 15:08:28 PST,bugzilla,Component,Java: OJI,Java-Implemented Plugins
2007-12-24 15:08:28 PST,bugzilla,Assignee,nobody,blackconnect
2007-12-24 15:08:28 PST,bugzilla,QA Contact,java.oji,blackconnect
2007-12-24 15:08:28 PST,bugzilla,CC,matti,
2007-12-24 18:21:35 PST,hhschwab,CC,hhschwab,
2007-12-25 03:02:02 PST,relf,OS,All,Linux
2007-12-25 03:02:02 PST,relf,Status,NEW,UNCONFIRMED
2007-12-25 03:02:02 PST,relf,Ever confirmed,1,0
2007-12-25 06:01:11 PST,timeless,Keywords,stackwanted,
2007-12-25 07:08:04 PST,timeless,CC,mrbkap, jst,
2007-12-25 07:08:04 PST,timeless,Keywords,,stackwanted
2007-12-25 07:08:04 PST,timeless,Summary,Applet called DoookChat causes a crash in Seamonkey and Firefox [@ js_DefineProperty],Applet called DoookChat causes a crash in Seamonkey and Firefox
2007-12-25 07:52:38 PST,timeless,Summary,Applet called DoookChat causes a crash in Seamonkey and Firefox [@ obj_eval],Applet called DoookChat causes a crash in Seamonkey and Firefox [@ js_DefineProperty]
2007-12-25 14:07:26 PST,mrbkap,Attachment #294541                Flags,review?(brendan),
2007-12-28 19:48:58 PST,gavin.sharp,CC,gavin.sharp,
2008-01-02 17:29:22 PST,brendan,Attachment #294541                Flags,review+, approval1.9+,review?(brendan)
2008-01-03 22:35:51 PST,brendan,Component,Java: Live Connect,Java: OJI
2008-01-03 22:35:51 PST,brendan,QA Contact,live-connect,java.oji
2008-01-03 22:35:51 PST,brendan,CC,brendan,
2008-01-03 22:40:08 PST,bzbarsky,Flags,blocking1.9?,
2008-01-03 22:47:36 PST,mrbkap,Flags,,blocking1.9?
2008-01-03 22:47:36 PST,mrbkap,Assignee,mrbkap,nobody
2008-01-04 16:14:58 PST,mrbkap,Attachment #294541                Flags,superreview?(jst),
2008-01-08 17:52:21 PST,jst,Attachment #294541                Flags,superreview+,superreview?(jst)
2008-01-28 15:07:39 PST,mrbkap,Status,RESOLVED,NEW
2008-01-28 15:07:39 PST,mrbkap,Resolution,FIXED,---
2008-01-28 15:07:39 PST,mrbkap,Last Resolved,2008-01-28 15:07:39,
2010-10-16 11:58:26 PDT,timeless,Product,Core Graveyard,Core
2010-10-16 11:58:26 PDT,timeless,Component,Java: Live Connect,Java: Live Connect
2011-06-09 14:58:47 PDT,nobody,Crash Signature,[@ obj_eval],
