When,Who,What,Added,Removed
2007-12-24 15:21:51 PST,reed,CC,reed,
2007-12-24 16:05:12 PST,steve.england,CC,steve.england,
2007-12-24 16:28:37 PST,dveditz,Product,Core,Firefox
2007-12-24 16:28:37 PST,dveditz,Component,DOM: Events,Security
2007-12-24 16:28:37 PST,dveditz,QA Contact,events,firefox
2007-12-24 16:28:37 PST,dveditz,CC,bzbarsky, dveditz, jst,
2007-12-24 16:28:55 PST,dveditz,Status,NEW,UNCONFIRMED
2007-12-24 16:28:55 PST,dveditz,Ever confirmed,1,0
2007-12-24 20:11:52 PST,bzbarsky,CC,mrbkap, brendan,
2007-12-24 20:17:44 PST,bzbarsky,Flags,blocking1.9?,
2007-12-25 00:44:32 PST,gavin.sharp,CC,gavin.sharp,
2007-12-25 03:17:16 PST,martijn.martijn,CC,martijn.martijn,
2007-12-26 19:40:18 PST,BijuMailList,CC,BijuMailList,
2007-12-29 22:40:47 PST,jwalden+bmo,CC,jwalden+bmo,
2008-01-03 15:29:37 PST,jonas,CC,jonas,
2008-01-03 15:29:37 PST,jonas,Flags,blocking1.9-, wanted1.9+,blocking1.9?
2008-02-22 00:44:47 PST,mikeperry.unused,Keywords,privacy,
2008-02-22 16:37:58 PST,brandon,CC,bsterne,
2008-02-22 18:51:29 PST,jonas,Assignee,Olli.Pettay,nobody
2009-05-27 07:16:25 PDT,slump_ilawa,CC,slump_ilawa,
2009-09-20 14:42:37 PDT,lfarkas,CC,lfarkas,
2009-10-24 19:23:48 PDT,cfinke,CC,cfinke,
2009-11-05 06:52:30 PST,highmind63,CC,highmind63,
2009-11-05 07:53:44 PST,johnjbarton,Whiteboard,[firebug-p1],
2009-11-05 07:53:44 PST,johnjbarton,CC,johnjbarton,
2009-11-13 09:16:22 PST,johnjbarton,Whiteboard,[firebug-p3],[firebug-p1]
2010-03-18 03:57:17 PDT,mikeperry.unused,CC,mikeperry.unused,
2010-05-06 12:33:54 PDT,obsolete.fax,CC,obsolete.fax,
2010-05-06 12:48:47 PDT,obsolete.fax,Flags,blocking1.9.0.19?,
2010-05-09 20:56:12 PDT,gavin.sharp,Flags,,blocking1.9.0.19?
2010-05-24 12:59:49 PDT,obsolete.fax,Hardware,All,x86
2010-05-24 12:59:49 PDT,obsolete.fax,OS,All,Linux
2010-05-24 12:59:49 PDT,obsolete.fax,blocking1.9.1,?,---
2010-05-24 12:59:49 PDT,obsolete.fax,blocking2.0,?,---
2010-05-24 12:59:49 PDT,obsolete.fax,blocking1.9.2,?,---
2010-05-26 15:55:50 PDT,jst,blocking2.0,-,?
2010-05-28 16:29:02 PDT,gavin.sharp,blocking1.9.1,---,?
2010-05-28 16:29:02 PDT,gavin.sharp,blocking1.9.2,---,?
2010-06-04 16:29:13 PDT,bugs,CC,bugs,
2010-07-09 16:04:16 PDT,ehsan,CC,ehsan,
2011-03-31 15:53:04 PDT,shawn.sumin,CC,shawn.sumin,
2011-04-01 01:21:02 PDT,deletesoftware+moz,CC,deletesoftware,
2011-04-01 04:48:44 PDT,g.maone,CC,g.maone,
2011-04-04 04:54:21 PDT,gk,CC,gk,
2011-05-12 11:25:51 PDT,obsolete.fax,tracking-firefox5,?,---
2011-05-12 11:25:51 PDT,obsolete.fax,tracking-firefox6,?,---
2011-05-12 11:40:57 PDT,obsolete.fax,Flags,,blocking1.9-
2011-05-12 11:58:36 PDT,benjamin,tracking-firefox5,-,?
2011-05-12 11:58:36 PDT,benjamin,tracking-firefox6,-,?
2011-09-29 12:16:46 PDT,amirjanyan,CC,amirjanyan,
2012-10-14 23:52:16 PDT,past,CC,past,
2012-11-14 23:21:40 PST,bugzilla,CC,r_rom,
2012-11-14 23:33:01 PST,bzbarsky,Depends on,580070,
2012-11-15 01:05:45 PST,MattN+bmo,CC,mnoorenberghe+bmo,
2013-05-30 11:58:57 PDT,jryans,CC,jryans,
2014-02-12 02:16:13 PST,g.maone,Depends on,971650,
2014-02-12 08:05:51 PST,bzbarsky,Status,RESOLVED,NEW
2014-02-12 08:05:51 PST,bzbarsky,Depends on,862627,
2014-02-12 08:05:51 PST,bzbarsky,Resolution,FIXED,---
2014-02-12 08:05:51 PST,bzbarsky,Last Resolved,2014-02-12 08:05:51,
2014-02-12 08:16:34 PST,bzbarsky,Depends on,,971650
2014-02-12 11:00:42 PST,ryanvm,Assignee,bzbarsky,bugs
2014-02-12 11:00:42 PST,ryanvm,Target Milestone,mozilla27,---
2014-02-12 13:57:08 PST,jonas,CC,,jonas
