When,Who,What,Added,Removed
2007-12-24 10:50:57 PST,steve.england,CC,steve.england,
2007-12-24 22:19:18 PST,reed,CC,reed,
2008-01-14 06:32:35 PST,ondrej,CC,ondrej,
2008-01-17 02:44:49 PST,ondrej,Blocks,412758,
2008-01-17 02:53:25 PST,mak77,Keywords,perf,
2008-02-12 13:48:29 PST,dietrich,Priority,P3,--
2008-02-19 02:18:43 PST,ondrej,Flags,blocking-firefox3?,
2008-02-20 08:28:48 PST,mbeltzner,Flags,blocking-firefox3-, wanted-firefox3+,blocking-firefox3?
2008-03-18 03:34:55 PDT,mak77,Whiteboard,[patch in 419170],
2008-03-18 03:34:55 PDT,mak77,Assignee,mak77,nobody
2008-03-18 03:36:23 PDT,mak77,Status,ASSIGNED,NEW
2008-03-18 03:36:37 PDT,mak77,Depends on,419170,
2008-03-18 08:50:35 PDT,ondrej,Blocks,423671,
2008-03-18 12:41:22 PDT,mak77,Status,RESOLVED,ASSIGNED
2008-03-18 12:41:22 PDT,mak77,Resolution,FIXED,---
2008-03-18 12:41:22 PDT,mak77,Last Resolved,2008-03-18 12:41:22,
2009-11-26 05:38:39 PST,gerv,Component,Bookmarks & History,Places
2009-11-26 05:38:39 PST,gerv,QA Contact,bookmarks,places
