When,Who,What,Added,Removed
2007-12-24 22:00:03 PST,reed,CC,reed,
2007-12-24 22:29:00 PST,mark,Attachment #294520                Flags,review?(stuart.morgan),
2007-12-24 22:29:56 PST,mark,Attachment #294522                Flags,review?(alqahira),
2007-12-24 22:39:48 PST,phiw2,CC,phiw,
2007-12-25 05:27:30 PST,krmathis,CC,krmathis,
2007-12-25 16:09:24 PST,bugzilla-graveyard,CC,cl-bugs,
2007-12-26 20:49:20 PST,alqahira,Attachment #294522                Flags,review+,review?(alqahira)
2007-12-30 08:47:52 PST,stuart.morgan+bugzilla,Attachment #294520                Flags,review+,review?(stuart.morgan)
2007-12-30 15:58:22 PST,mark,Last Resolved,2007-12-30 15:58:22,
2007-12-30 15:58:22 PST,mark,Keywords,fixed1.8.1.12,
2007-12-30 15:58:22 PST,mark,Status,RESOLVED,ASSIGNED
2007-12-30 15:58:22 PST,mark,Resolution,FIXED,---
2007-12-30 15:58:22 PST,mark,Target Milestone,Camino1.6,---
2007-12-31 02:07:21 PST,bugzilla,CC,bugzilla,
