When,Who,What,Added,Removed
2007-12-24 23:41:46 PST,masa141421356,Summary,Ctrl-Z should not delete text if user did nothing before ctrl-z.,Ctrl-Z should not delete text if user does nothing before.
2007-12-25 08:58:22 PST,ria.klaassen,Keywords,regression,
2007-12-25 08:58:22 PST,ria.klaassen,Status,NEW,UNCONFIRMED
2007-12-25 08:58:22 PST,ria.klaassen,Component,Places,Bookmarks
2007-12-25 08:58:22 PST,ria.klaassen,QA Contact,places,bookmarks
2007-12-25 08:58:22 PST,ria.klaassen,CC,ria.klaassen,
2007-12-25 08:58:22 PST,ria.klaassen,Ever confirmed,1,0
2007-12-27 05:55:29 PST,hidenosuke,OS,All,Windows XP
2007-12-27 05:55:29 PST,hidenosuke,CC,hidenosuke,
2008-08-08 11:05:37 PDT,ria.klaassen,CC,marocanar,
2008-08-08 11:39:52 PDT,ria.klaassen,Flags,blocking-firefox3.1?,
2008-08-08 11:39:52 PDT,ria.klaassen,Version,Trunk,unspecified
2008-10-20 10:20:55 PDT,dietrich,Priority,P3,--
2008-10-20 10:20:55 PDT,dietrich,CC,dietrich,
2008-10-20 10:20:55 PDT,dietrich,Flags,blocking-firefox3.1-,blocking-firefox3.1?
2008-11-08 02:40:46 PST,mak77,Status,RESOLVED,NEW
2008-11-08 02:40:46 PST,mak77,Resolution,FIXED,---
2008-11-08 02:40:46 PST,mak77,CC,mak77,
2008-11-08 02:40:46 PST,mak77,Depends on,411261,
2008-11-08 02:40:46 PST,mak77,Last Resolved,2008-11-08 02:40:46,
2008-11-12 09:57:27 PST,twalker,CC,twalker,
2008-11-12 09:57:27 PST,twalker,Status,VERIFIED,RESOLVED
2009-11-26 06:31:31 PST,gerv,Component,Bookmarks & History,Places
2009-11-26 06:31:31 PST,gerv,QA Contact,bookmarks,places
