When,Who,What,Added,Removed
2007-12-24 09:13:57 PST,alqahira,Keywords,polish,
2007-12-24 09:13:57 PST,alqahira,Status,NEW,UNCONFIRMED
2007-12-24 09:13:57 PST,alqahira,Ever confirmed,1,0
2007-12-24 09:13:57 PST,alqahira,Flags,camino1.6b1?,
2007-12-25 16:08:58 PST,bugzilla-graveyard,CC,cl-bugs,
2007-12-26 22:11:45 PST,alqahira,Status,ASSIGNED,NEW
2007-12-26 22:11:45 PST,alqahira,Assignee,alqahira,nobody
2007-12-26 22:11:45 PST,alqahira,Attachment #294626                Flags,review?(cl-bugs),
2007-12-27 08:00:58 PST,bugzilla-graveyard,Attachment #294626                Flags,review-,review?(cl-bugs)
2007-12-27 19:41:53 PST,alqahira,CC,mark,
2007-12-31 17:44:48 PST,alqahira,Depends on,278820,
2007-12-31 17:44:48 PST,alqahira,Status,NEW,ASSIGNED
2007-12-31 17:44:48 PST,alqahira,Assignee,mark,alqahira
2008-01-03 11:42:57 PST,mark,Last Resolved,2008-01-03 11:42:57,
2008-01-03 11:42:57 PST,mark,Keywords,fixed1.8.1.12,
2008-01-03 11:42:57 PST,mark,Status,RESOLVED,NEW
2008-01-03 11:42:57 PST,mark,Resolution,FIXED,---
2008-01-03 11:42:57 PST,mark,Target Milestone,Camino1.6,---
2008-02-10 13:22:59 PST,alqahira,Flags,,camino1.6b3?
