When,Who,What,Added,Removed
2007-12-27 10:20:02 PST,kairo,Summary,Net error pages show XML error in German builds,[SM2-de] New net error page (from bug 405862) not working in localized builds
2007-12-27 10:20:02 PST,kairo,Status,NEW,UNCONFIRMED
2007-12-27 10:20:02 PST,kairo,Assignee,kairo,nobody
2007-12-27 10:20:02 PST,kairo,Ever confirmed,1,0
2007-12-27 10:20:47 PST,kairo,Resolution,FIXED,---
2007-12-27 10:20:47 PST,kairo,Last Resolved,2007-12-27 10:20:47,
2007-12-27 10:20:47 PST,kairo,Status,RESOLVED,NEW
2007-12-28 00:51:01 PST,bugzilla.spam2,Status,VERIFIED,RESOLVED
