When,Who,What,Added,Removed
2007-12-24 17:58:31 PST,dev,CC,dev,
2007-12-25 08:11:35 PST,ria.klaassen,CC,ria.klaassen,
2007-12-27 19:16:45 PST,moco,Status,NEW,UNCONFIRMED
2007-12-27 19:16:45 PST,moco,CC,sspitzer, mano, dietrich,
2007-12-27 19:16:45 PST,moco,Ever confirmed,1,0
2008-01-02 08:12:19 PST,bomfog,Summary,No statusbar-text for bookmarks toolbar sub-menu items,No statusbar-text for boomarks toolbar sub-menu items
2008-02-16 09:54:23 PST,tpowellmoz,CC,tpowellmoz,
2008-02-16 15:01:42 PST,dev,Status,ASSIGNED,NEW
2008-02-16 15:01:42 PST,dev,Assignee,dev,nobody
2008-02-16 15:01:42 PST,dev,Attachment #303779                Flags,review?(mano),
2008-02-16 15:19:27 PST,dev,Attachment #303779                Flags,,review?(mano)
2008-02-16 15:21:47 PST,dev,Attachment #303779                Attachment is obsolete,1,0
2008-02-16 16:39:42 PST,level,CC,level,
2008-02-16 18:46:12 PST,bugzilla,CC,bugzilla,
2008-02-17 06:30:36 PST,bugzilla,CC,bugzilla,
2008-02-18 01:17:38 PST,dev,Attachment #303987                Flags,review?(mano),
2008-02-22 18:23:46 PST,asaf,Attachment #303987                Flags,review-,review?(mano)
2008-02-27 12:31:25 PST,dev,Attachment #303987                Attachment is obsolete,1,0
2008-02-27 12:31:25 PST,dev,Attachment #306079                Flags,review?(mano),
2008-02-27 12:49:06 PST,mak77,CC,mak77,
2008-02-27 13:02:14 PST,masayuki,CC,masayuki,
2008-02-27 13:12:27 PST,asaf,Attachment #306079                Flags,review-,review?(mano)
2008-02-28 00:02:09 PST,dev,Depends on,420033,
2008-02-28 00:10:43 PST,dev,Attachment #306079                Attachment is obsolete,1,0
2008-02-28 00:18:54 PST,dev,Attachment #306213                Attachment is obsolete,1,0
2008-03-08 22:31:19 PST,awuest,CC,awuest,
2008-03-10 06:14:13 PDT,bugzilla+bz,CC,bugzilla+bz,
2008-03-11 05:29:08 PDT,dev,Attachment #306216                Attachment is obsolete,1,0
2008-03-11 05:29:08 PDT,dev,Attachment #308602                Flags,review?(mano),
2008-03-11 05:34:45 PDT,asaf,Attachment #308602                Flags,review+, approval1.9?,review?(mano)
2008-03-11 05:35:08 PDT,asaf,Flags,blocking-firefox3?,
2008-03-11 05:37:49 PDT,asaf,Attachment #308602                Flags,review-,review+, approval1.9?
2008-03-11 09:46:31 PDT,mbeltzner,Flags,blocking-firefox3-,blocking-firefox3?
2008-03-11 12:16:21 PDT,dev,Attachment #308602                Attachment is obsolete,1,0
2008-03-11 12:16:21 PDT,dev,Attachment #308680                Flags,review?(mano),
2008-03-11 12:40:52 PDT,dev,Attachment #308680                Attachment is obsolete,1,0
2008-03-11 12:40:52 PDT,dev,Attachment #308685                Flags,review?(mano),
2008-03-11 12:40:52 PDT,dev,Attachment #308680                Flags,,review?(mano)
2008-03-11 12:45:17 PDT,dev,Attachment #308685                Flags,,review?(mano)
2008-03-11 12:45:17 PDT,dev,Attachment #308685                Attachment is obsolete,1,0
2008-03-11 12:45:17 PDT,dev,Attachment #308688                Flags,review?(mano),
2008-03-11 12:54:23 PDT,asaf,Attachment #308688                Flags,review+, approval1.9?,review?(mano)
2008-03-11 17:58:52 PDT,dsicore,Attachment #308688                Flags,approval1.9+,approval1.9?
2008-03-11 18:11:45 PDT,reed,Keywords,checkin-needed,
2008-03-11 18:11:45 PDT,reed,CC,reed,
2008-03-12 01:41:34 PDT,mak77,Keywords,,checkin-needed
2008-03-12 04:30:46 PDT,dev,Attachment #308688                Attachment is obsolete,1,0
2008-03-12 04:31:05 PDT,dev,Keywords,checkin-needed,
2008-03-12 04:44:10 PDT,reed,Target Milestone,Firefox 3 beta5,---
2008-03-12 04:44:10 PDT,reed,Last Resolved,2008-03-12 04:44:10,
2008-03-12 04:44:10 PDT,reed,Keywords,,checkin-needed
2008-03-12 04:44:10 PDT,reed,Version,Trunk,unspecified
2008-03-12 04:44:10 PDT,reed,Status,RESOLVED,ASSIGNED
2008-03-12 04:44:10 PDT,reed,Resolution,FIXED,---
2008-03-13 07:51:19 PDT,mak77,Depends on,422645,
2008-03-16 04:15:44 PDT,peter.vanderwoude,Depends on,423083,
2008-03-17 13:16:57 PDT,twalker,CC,twalker,
2008-03-17 13:16:57 PDT,twalker,Status,VERIFIED,RESOLVED
2009-11-26 06:56:21 PST,gerv,Component,Bookmarks & History,Places
2009-11-26 06:56:21 PST,gerv,QA Contact,bookmarks,places
