When,Who,What,Added,Removed
2007-12-25 21:15:59 PST,gavin.sharp,CC,gavin.sharp,
2007-12-26 04:51:49 PST,bugzillamozillaorg_serge_20140323,Depends on,409725,
2007-12-27 09:26:54 PST,kairo,CC,kairo,
2007-12-27 13:22:49 PST,bugzillamozillaorg_serge_20140323,Attachment #294683                Flags,review?(neil), superreview?(neil),
2007-12-27 13:36:35 PST,bugzillamozillaorg_serge_20140323,Blocks,409861,
2007-12-27 13:56:51 PST,neil,Attachment #294683                Flags,review-,review?(neil), superreview?(neil)
2007-12-27 14:31:35 PST,antoine.mechelynck,CC,antoine.mechelynck,
2007-12-27 14:33:59 PST,antoine.mechelynck,CC,williereid,
2007-12-27 15:07:15 PST,bugzillamozillaorg_serge_20140323,OS,All,Windows 2000
2007-12-27 15:07:15 PST,bugzillamozillaorg_serge_20140323,Severity,major,normal
2007-12-27 15:10:24 PST,bugzillamozillaorg_serge_20140323,Blocks,,409861
2007-12-27 16:01:35 PST,bugspam.Callek,CC,bugspam.Callek,
2007-12-27 16:27:10 PST,bugzillamozillaorg_serge_20140323,Attachment #294701                Flags,review?(neil), superreview?(neil),
2007-12-27 16:33:41 PST,bugzillamozillaorg_serge_20140323,Attachment #294683                Attachment is obsolete,1,0
2007-12-27 16:51:25 PST,jiha.bugzilla,CC,jiha.bugzilla,
2007-12-28 00:56:59 PST,bugzilla.spam2,CC,bugzilla.spam2,
2007-12-30 14:59:18 PST,bugzilla,CC,storm.petrel,
2008-01-04 10:37:09 PST,bugzillamozillaorg_serge_20140323,Flags,blocking-seamonkey2.0a1?,
2008-01-08 02:54:54 PST,neil,Depends on,386696,
2008-01-08 19:21:25 PST,asrail,CC,asrail,
2008-01-09 06:53:18 PST,neil,Attachment #294701                Flags,review+, superreview+,review?(neil), superreview?(neil)
2008-01-09 09:40:48 PST,bugzillamozillaorg_serge_20140323,Assignee,sgautherie.bz,sidebar
2008-01-09 09:40:48 PST,bugzillamozillaorg_serge_20140323,Attachment #294701                Attachment is obsolete,1,0
2008-01-09 09:40:48 PST,bugzillamozillaorg_serge_20140323,Status,ASSIGNED,NEW
2008-01-09 09:45:47 PST,bugzillamozillaorg_serge_20140323,Keywords,checkin-needed,
2008-01-09 09:45:47 PST,bugzillamozillaorg_serge_20140323,Whiteboard,[c-n: Bv1a],
2008-01-09 09:45:47 PST,bugzillamozillaorg_serge_20140323,Hardware,All,PC
2008-01-09 09:45:47 PST,bugzillamozillaorg_serge_20140323,Depends on,,409725
2008-01-09 09:45:47 PST,bugzillamozillaorg_serge_20140323,Blocks,409725,
2008-01-09 09:45:47 PST,bugzillamozillaorg_serge_20140323,Flags,,blocking-seamonkey2.0a1?
2008-01-10 01:04:34 PST,philip.chee,CC,philip.chee,
2008-01-10 01:14:58 PST,reed,Keywords,,checkin-needed
2008-01-10 01:14:58 PST,reed,Whiteboard,,[c-n: Bv1a]
2008-01-10 01:14:58 PST,reed,Status,RESOLVED,ASSIGNED
2008-01-10 01:14:58 PST,reed,Resolution,FIXED,---
2008-01-10 01:14:58 PST,reed,Last Resolved,2008-01-10 01:14:58,
2008-01-10 05:29:42 PST,bugzillamozillaorg_serge_20140323,Status,VERIFIED,RESOLVED
