When,Who,What,Added,Removed
2007-12-26 11:11:47 PST,dbaron,Attachment #294577                Flags,review?(bzbarsky), superreview?(bzbarsky),
2007-12-26 17:06:25 PST,ryanvm,CC,ryanvm,
2007-12-28 20:06:23 PST,gavin.sharp,CC,gavin.sharp,
2008-01-10 11:34:25 PST,dbaron,Whiteboard,[patch],
2008-01-10 11:34:49 PST,dbaron,Attachment #294577                Flags,,review?(bzbarsky), superreview?(bzbarsky)
2009-01-28 13:57:40 PST,dbaron,Attachment #294577                Attachment is obsolete,1,0
2009-02-03 12:27:00 PST,dbaron,Blocks,201284,
2009-02-03 12:27:38 PST,dbaron,Blocks,187338,
2009-02-05 15:12:44 PST,dbaron,Attachment #360809                Flags,review?(bzbarsky), superreview?(bzbarsky),
2009-02-05 15:13:58 PST,dbaron,Attachment #360809                Flags,review?(roc),
2009-02-05 19:20:48 PST,bzbarsky,Attachment #360809                Flags,review+, superreview+,review?(bzbarsky), superreview?(bzbarsky)
2009-02-06 01:59:32 PST,roc,Attachment #360809                Flags,review+,review?(roc)
2009-02-06 11:55:33 PST,dbaron,Priority,P3,--
2009-02-06 11:55:33 PST,dbaron,Target Milestone,mozilla1.9.2a1,---
2009-02-06 11:55:33 PST,dbaron,Last Resolved,2009-02-06 11:55:33,
2009-02-06 11:55:33 PST,dbaron,Whiteboard,,[patch]
2009-02-06 11:55:33 PST,dbaron,Status,RESOLVED,NEW
2009-02-06 11:55:33 PST,dbaron,Resolution,FIXED,---
