When,Who,What,Added,Removed
2007-12-25 16:20:36 PST,sdwilsh,Flags,blocking-firefox3?,
2007-12-25 16:33:02 PST,steve.england,CC,steve.england,
2007-12-25 19:05:55 PST,reed,CC,reed,
2007-12-25 23:04:13 PST,d_king,CC,dgk,
2008-01-01 22:00:13 PST,bugzilla,CC,bugzilla,
2008-01-07 16:26:47 PST,tellrob,Attachment #295865                Flags,review?,
2008-01-07 16:54:54 PST,tellrob,Attachment #295865                Flags,review?(randjmathis),review?
2008-01-07 16:55:21 PST,tellrob,Attachment #295865                Flags,,review?(randjmathis)
2008-01-07 16:57:01 PST,tellrob,Attachment #295865                Flags,review?(jmathies),
2008-01-07 17:05:19 PST,tellrob,Attachment #295539                Attachment is obsolete,1,0
2008-01-08 13:06:41 PST,stephen.donner,CC,stephend,
2008-01-15 10:49:53 PST,jmathies,CC,jmathies,
2008-01-15 13:39:59 PST,reed,Depends on,393305,
2008-01-20 16:52:52 PST,fullmetaljacket.xp+bugmail,CC,fullmetaljacket.xp+bugmail,
2008-01-23 16:13:44 PST,tellrob,Attachment #295865                Attachment is obsolete,1,0
2008-01-23 16:13:44 PST,tellrob,Attachment #298807                Flags,review?(jmathies),
2008-01-23 16:13:44 PST,tellrob,Attachment #295865                Flags,,review?(jmathies)
2008-01-25 15:16:44 PST,jmathies,Attachment #298807                Flags,review+,review?(jmathies)
2008-01-28 07:36:57 PST,sdwilsh,Attachment #298807                Flags,review?(sdwilsh), review?(edilee),
2008-01-28 22:37:10 PST,sdwilsh,Attachment #298807                Flags,review+,review?(sdwilsh), review?(edilee)
2008-01-29 09:25:58 PST,mconnor,Flags,blocking-firefox3+,blocking-firefox3?
2008-01-29 09:25:58 PST,mconnor,URL,\,
2008-01-29 09:25:58 PST,mconnor,Priority,P3,--
2008-01-29 09:25:58 PST,mconnor,CC,mconnor,
2008-01-29 09:30:11 PST,reed,URL,,\
2008-01-29 09:52:10 PST,andrewm715+bugzilla,CC,andrewm715+bugzilla,
2008-01-29 10:08:08 PST,sdwilsh,Whiteboard,[needs new patch][has reviews],
2008-02-11 18:27:35 PST,tellrob,Attachment #298807                Attachment is obsolete,1,0
2008-02-11 18:27:35 PST,tellrob,Attachment #302727                Flags,review?(jmathies),
2008-02-14 18:57:05 PST,tellrob,Attachment #302727                Attachment is obsolete,1,0
2008-02-14 18:57:05 PST,tellrob,Attachment #303445                Flags,review?(jmathies),
2008-02-14 18:57:05 PST,tellrob,Attachment #302727                Flags,,review?(jmathies)
2008-02-14 18:57:59 PST,tellrob,Attachment #303445                Flags,review?(sdwilsh),
2008-02-21 11:52:43 PST,sdwilsh,Attachment #303445                Flags,review+,review?(sdwilsh)
2008-02-21 18:40:26 PST,tellrob,Attachment #303445                Flags,,review?(jmathies)
2008-02-21 18:40:26 PST,tellrob,Attachment #303445                Attachment is obsolete,1,0
2008-02-21 18:40:26 PST,tellrob,Attachment #304878                Flags,review?(jmathies), review?(sdwilsh),
2008-02-22 08:43:33 PST,sdwilsh,Attachment #304878                Flags,,review?(jmathies), review?(sdwilsh)
2008-02-22 08:44:02 PST,sdwilsh,Keywords,checkin-needed,
2008-02-22 08:44:02 PST,sdwilsh,Whiteboard,[has patch][has reviews][can land],[needs new patch][has reviews]
2008-02-22 16:49:58 PST,tellrob,Keywords,,checkin-needed
2008-02-22 16:49:58 PST,tellrob,Whiteboard,,[has patch][has reviews][can land]
2008-02-22 16:49:58 PST,tellrob,Status,RESOLVED,NEW
2008-02-22 16:49:58 PST,tellrob,Resolution,FIXED,---
2008-02-22 16:49:58 PST,tellrob,Target Milestone,Firefox 3 beta4,Firefox 3 beta3
2008-02-22 16:49:58 PST,tellrob,Last Resolved,2008-02-22 16:49:58,
2008-07-31 04:30:00 PDT,nobody,Product,Toolkit,Firefox
