When,Who,What,Added,Removed
2007-12-26 10:52:16 PST,sdwilsh,Flags,blocking-firefox3?,
2007-12-27 19:20:01 PST,moco,CC,sspitzer,
2007-12-27 20:34:55 PST,sdwilsh,Assignee,comrade693+bmo,nobody
2007-12-29 10:28:41 PST,sdwilsh,Attachment #294846                Flags,review?(sspitzer),
2007-12-29 10:29:58 PST,sdwilsh,Whiteboard,[has patch][needs review sspitzer],
2007-12-29 10:29:58 PST,sdwilsh,Status,ASSIGNED,NEW
2007-12-29 10:29:58 PST,sdwilsh,Priority,P5,--
2007-12-29 10:29:58 PST,sdwilsh,Target Milestone,Firefox 3 M11,---
2007-12-29 11:46:45 PST,moco,Attachment #294846                Flags,review+,review?(sspitzer)
2007-12-29 12:09:11 PST,sdwilsh,Whiteboard,[has patch][has review][needs approval],[has patch][needs review sspitzer]
2007-12-29 12:09:23 PST,sdwilsh,Attachment #294846                Flags,approval1.9?,
2007-12-31 10:37:02 PST,mconnor,Attachment #294846                Flags,approval1.9+,approval1.9?
2007-12-31 10:44:59 PST,sdwilsh,Whiteboard,[has patch][has review][has approval][can land],[has patch][has review][needs approval]
2008-01-02 09:25:57 PST,sdwilsh,Last Resolved,2008-01-02 09:25:57,
2008-01-02 09:25:57 PST,sdwilsh,Whiteboard,,[has patch][has review][has approval][can land]
2008-01-02 09:25:57 PST,sdwilsh,Status,RESOLVED,ASSIGNED
2008-01-02 09:25:57 PST,sdwilsh,Resolution,FIXED,---
2008-02-06 18:33:29 PST,mconnor,CC,mconnor,
2008-02-06 18:33:29 PST,mconnor,Flags,blocking-firefox3+,blocking-firefox3?
2009-11-26 05:58:55 PST,gerv,Component,Bookmarks & History,Places
2009-11-26 05:58:55 PST,gerv,QA Contact,bookmarks,places
2010-02-24 06:25:18 PST,mconnor,CC,,mconnor
