When,Who,What,Added,Removed
2007-12-26 09:28:04 PST,andrewm715+bugzilla,Version,Trunk,unspecified
2007-12-26 09:28:04 PST,andrewm715+bugzilla,Blocks,399233,
2007-12-26 09:31:22 PST,andrewm715+bugzilla,Keywords,polish,
2007-12-26 17:41:25 PST,fullmetaljacket.xp+bugmail,CC,fullmetaljacket.xp+bugmail,
2008-01-02 10:23:45 PST,bugzilla,Ever confirmed,1,0
2008-01-02 10:23:45 PST,bugzilla,Status,NEW,UNCONFIRMED
2008-01-02 10:23:45 PST,bugzilla,CC,johnath,
2008-03-30 10:11:24 PDT,andrewm715+bugzilla,Status,RESOLVED,NEW
2008-03-30 10:11:24 PDT,andrewm715+bugzilla,Resolution,FIXED,---
2008-03-30 10:11:24 PDT,andrewm715+bugzilla,Last Resolved,2008-03-30 10:11:24,
2008-04-17 06:06:51 PDT,andrewm715+bugzilla,Status,VERIFIED,RESOLVED
2014-05-27 12:25:31 PDT,nobody,Product,Toolkit,Firefox
2014-05-27 12:25:31 PDT,nobody,Component,Phishing Protection,Phishing Protection
