When,Who,What,Added,Removed
2008-01-07 20:33:12 PST,stephen.donner,CC,samuel.sidler, stephend,
2008-01-07 21:13:42 PST,samuel.sidler+old,Assignee,samuel.sidler,nobody
2008-01-07 21:14:42 PST,samuel.sidler+old,CC,jay,
2008-01-07 21:30:25 PST,samuel.sidler+old,Keywords,push-needed,
2008-01-07 21:32:43 PST,reed,Keywords,,push-needed
2008-01-07 21:32:43 PST,reed,Status,RESOLVED,NEW
2008-01-07 21:32:43 PST,reed,Resolution,FIXED,---
2008-01-07 21:32:43 PST,reed,Last Resolved,2008-01-07 21:32:43,
2008-01-08 00:01:11 PST,stephen.donner,Status,VERIFIED,RESOLVED
2012-04-23 08:15:30 PDT,nobody,Product,Websites,Websites
2012-04-23 08:15:30 PDT,nobody,Component,www.mozilla.org,www.mozilla.org/firefox
2012-08-23 00:16:07 PDT,nobody,Product,www.mozilla.org,Websites
2012-08-23 00:16:07 PDT,nobody,Component,General,www.mozilla.org
