When,Who,What,Added,Removed
2007-12-25 16:18:10 PST,stefanh,Attachment #294550                Flags,review?(mano),
2007-12-28 19:47:22 PST,gavin.sharp,CC,gavin.sharp,
2008-01-06 06:06:56 PST,steffen.wilberg,CC,steffen.wilberg,
2008-01-07 11:46:06 PST,asaf,Attachment #294550                Flags,review+,review?(mano)
2008-01-07 14:36:28 PST,stefanh,Attachment #294550                Attachment is obsolete,1,0
2008-01-07 14:36:28 PST,stefanh,Attachment #295840                Flags,review+,
2008-01-07 14:39:15 PST,stefanh,Attachment #295840                Flags,approval1.9?,
2008-01-08 17:27:40 PST,mconnor,Attachment #295840                Flags,approval1.9+,approval1.9?
2008-01-09 08:47:10 PST,stefanh,Resolution,FIXED,---
2008-01-09 08:47:10 PST,stefanh,Last Resolved,2008-01-09 08:47:10,
2008-01-09 08:47:10 PST,stefanh,Status,RESOLVED,ASSIGNED
2008-03-03 17:50:30 PST,louise6380,CC,louise6380,
