When,Who,What,Added,Removed
2007-12-26 05:07:43 PST,agray,CC,agray,
2007-12-28 11:28:15 PST,bugzilla,Status,NEW,UNCONFIRMED
2007-12-28 11:28:15 PST,bugzilla,Ever confirmed,1,0
2008-01-21 14:35:40 PST,hecker,Status,ASSIGNED,NEW
2008-01-21 14:51:41 PST,nelson,Whiteboard,EV,
2008-01-21 17:50:48 PST,nelson,Blocks,398944,
2008-02-21 14:45:28 PST,hecker,Depends on,418910,
2008-03-01 12:40:14 PST,nelson,Summary,add Trustwave "Secure Global CA" EV root,Please add the Trustwave "Secure Global CA" root certificate and mark for EV
2008-03-04 01:50:47 PST,nelson,Whiteboard,EV - inclusion approved,EV
2008-06-06 04:46:47 PDT,eddy_nigg,CC,eddy_nigg,
2008-09-26 18:51:42 PDT,hecker,Resolution,FIXED,---
2008-09-26 18:51:42 PDT,hecker,Last Resolved,2008-09-26 18:51:42,
2008-09-26 18:51:42 PDT,hecker,Status,RESOLVED,ASSIGNED
2014-06-10 11:02:53 PDT,kwilson,CC,kwilson,
2014-10-16 15:29:49 PDT,kwilson,CC,jrandall,
