When,Who,What,Added,Removed
2007-12-26 12:15:54 PST,john+bugzilla,Priority,P3,--
2007-12-26 12:18:46 PST,reed,CC,reed,
2007-12-26 12:21:04 PST,rhelmer,CC,rhelmer,
2007-12-26 12:21:04 PST,rhelmer,Depends on,359082, 407962,
2007-12-26 13:03:44 PST,john+bugzilla,Depends on,399590,
2007-12-26 13:14:32 PST,antoine.mechelynck,CC,antoine.mechelynck,
2007-12-26 16:50:15 PST,ryanvm,CC,ryanvm,
2007-12-26 22:26:09 PST,john+bugzilla,Depends on,408443, 408751,408610
2007-12-27 16:48:42 PST,john+bugzilla,Depends on,402848,
2008-01-08 10:24:50 PST,rhelmer,Depends on,410006,359082
2008-01-08 13:42:49 PST,rhelmer,Depends on,411235,
2008-01-11 16:40:56 PST,john+bugzilla,Depends on,412006,
2008-01-17 02:15:37 PST,john+bugzilla,Depends on,401608,
2008-01-19 16:07:27 PST,rhelmer,Depends on,413178,
2008-01-19 16:08:35 PST,rhelmer,Depends on,397554,
2008-02-04 12:37:22 PST,rhelmer,Assignee,rhelmer,nobody
2008-02-04 12:40:05 PST,rhelmer,Attachment #301340                Flags,review?(nrthomas),
2008-02-04 12:59:37 PST,rhelmer,Attachment #301348                Flags,review?(nrthomas),
2008-02-04 13:03:20 PST,nthomas,Attachment #301340                Flags,review+,review?(nrthomas)
2008-02-04 13:08:00 PST,nthomas,Attachment #301348                Flags,review+,review?(nrthomas)
2008-02-04 13:13:59 PST,rhelmer,Attachment #301340                Attachment description,[checked in] everything but the timestamp,everything but the timestamp
2008-02-04 13:14:48 PST,rhelmer,Status,ASSIGNED,NEW
2008-02-04 13:16:30 PST,rhelmer,Attachment #301348                Attachment description,[checked in] bump tag for buildbot config,bump tag for buildbot config
2008-02-04 16:15:43 PST,john+bugzilla,Depends on,415604,
2008-02-04 16:20:56 PST,reed,Depends on,415681,
2008-02-04 16:21:57 PST,fullmetaljacket.xp+bugmail,CC,fullmetaljacket.xp+bugmail,
2008-02-04 17:40:50 PST,john+bugzilla,Attachment #301426                Flags,review?(rhelmer),
2008-02-04 17:51:30 PST,rhelmer,Attachment #301426                Attachment description,[checked in] update bootstrap.cfg to the official cutoff time,update bootstrap.cfg to the official cutoff time
2008-02-04 17:51:30 PST,rhelmer,Attachment #301426                Flags,review+,review?(rhelmer)
2008-02-04 20:18:51 PST,rhelmer,Attachment #301446                Flags,review?(reed),
2008-02-04 20:21:46 PST,reed,Attachment #301446                Flags,review+,review?(reed)
2008-02-04 20:26:41 PST,rhelmer,Attachment #301446                Attachment description,[checked in] bump nightlies to b4,bump nightlies to b4
2008-02-05 10:10:06 PST,rhelmer,Attachment #301524                Flags,review?(nrthomas),
2008-02-05 10:15:33 PST,nthomas,Attachment #301524                Flags,review+,review?(nrthomas)
2008-02-05 10:18:30 PST,rhelmer,Attachment #301527                Flags,review?(nrthomas),
2008-02-05 10:20:17 PST,nthomas,Attachment #301527                Attachment mime type,text/plain,application/octet-stream
2008-02-05 10:20:17 PST,nthomas,Attachment #301527                Attachment is patch,1,0
2008-02-05 10:20:20 PST,rhelmer,Attachment #301524                Attachment description,[checked in] bring in mozconfig changes from nightlies,bring in mozconfig changes from nightlies
2008-02-05 10:21:02 PST,nthomas,Attachment #301527                Flags,review+,review?(nrthomas)
2008-02-05 10:21:29 PST,rhelmer,Attachment #301529                Flags,review?(nrthomas),
2008-02-05 10:22:51 PST,rhelmer,Attachment #301527                Attachment description,[checked in] rc2 bootstrap.cfg,rc2 bootstrap.cfg
2008-02-05 10:26:58 PST,nthomas,Attachment #301532                Flags,review?(rhelmer),
2008-02-05 10:30:17 PST,nthomas,Attachment #301529                Attachment is obsolete,1,0
2008-02-05 10:30:17 PST,nthomas,Attachment #301529                Flags,,review?(nrthomas)
2008-02-05 10:32:01 PST,rhelmer,Attachment #301534                Flags,review?(bhearsum),
2008-02-05 10:33:19 PST,bhearsum,Attachment #301534                Flags,review+,review?(bhearsum)
2008-02-05 10:35:42 PST,rhelmer,Attachment #301532                Attachment is obsolete,1,0
2008-02-05 10:35:42 PST,rhelmer,Attachment #301532                Flags,,review?(rhelmer)
2008-02-05 10:37:11 PST,rhelmer,Attachment #301532                Attachment is obsolete,0,1
2008-02-05 10:37:11 PST,rhelmer,Attachment #301532                Flags,review+,
2008-02-05 10:38:40 PST,nthomas,Attachment #301532                Attachment description,[checked in] Re-enable a2,a3,a4 updates,Re-enabled a2,a3,a4 updates
2008-02-06 06:46:02 PST,bhearsum,Attachment #301659                Flags,review?(rhelmer),
2008-02-06 07:00:53 PST,rhelmer,Attachment #301659                Flags,review+,review?(rhelmer)
2008-02-06 07:07:57 PST,bhearsum,Attachment #301659                Attachment description,make bootstrap Makefile NOT set chmod +s (to match stage.m.o),make bootstrap Makefile to NOT set chmod +s
2008-02-06 07:08:55 PST,bhearsum,Attachment #301659                Attachment description,[checked in] make bootstrap Makefile NOT set chmod +s (to match stage.m.o),make bootstrap Makefile NOT set chmod +s (to match stage.m.o)
2008-02-06 15:36:01 PST,rhelmer,Attachment #301766                Flags,review?(nrthomas),
2008-02-06 15:39:41 PST,bugzilla,CC,bugzilla,
2008-02-06 15:45:09 PST,nthomas,Attachment #301766                Flags,review+,review?(nrthomas)
2008-02-06 15:48:46 PST,rhelmer,Attachment #301767                Flags,review?(nrthomas),
2008-02-06 16:11:38 PST,nthomas,Attachment #301767                Flags,review+,review?(nrthomas)
2008-02-06 16:18:12 PST,rhelmer,Attachment #301767                Attachment description,[checked in] only rebuild select locales,only rebuild select locales
2008-02-07 13:42:12 PST,rhelmer,Attachment #301986                Flags,review?(nrthomas),
2008-02-07 13:44:02 PST,nthomas,Attachment #301986                Flags,review+,review?(nrthomas)
2008-02-07 13:46:45 PST,rhelmer,Attachment #301986                Attachment description,[checked in] disable complete jump should be in <rc> section,disable complete jump should be in <rc> section
2008-02-07 14:22:15 PST,rhelmer,Attachment #301996                Flags,review?(nrthomas),
2008-02-07 14:30:21 PST,nthomas,Attachment #301996                Flags,review+,review?(nrthomas)
2008-02-07 17:36:35 PST,rhelmer,Attachment #302044                Flags,review?(nrthomas),
2008-02-08 05:56:03 PST,nthomas,Attachment #302044                Flags,review+,review?(nrthomas)
2008-02-08 10:44:13 PST,rhelmer,Attachment #302044                Attachment description,[checked in] foiled again by PatcherConfig,foiled again by PatcherConfig
2008-02-12 22:32:48 PST,rhelmer,Resolution,FIXED,---
2008-02-12 22:32:48 PST,rhelmer,Last Resolved,2008-02-12 22:32:48,
2008-02-12 22:32:48 PST,rhelmer,Status,RESOLVED,ASSIGNED
2009-01-26 23:20:52 PST,astrid_hoo,CC,astrid_hoo,
2013-08-12 21:54:08 PDT,nobody,Product,Release Engineering,mozilla.org
