When,Who,What,Added,Removed
2007-12-27 09:32:36 PST,mzeier,Status,RESOLVED,NEW
2007-12-27 09:32:36 PST,mzeier,Resolution,FIXED,---
2007-12-27 09:32:36 PST,mzeier,CC,mrz,
2007-12-27 09:32:36 PST,mzeier,Last Resolved,2007-12-27 09:32:36,
2008-06-25 12:35:19 PDT,reed,Component,Account Request: SVN,Server Operations: Account Requests
2008-06-25 12:35:19 PDT,reed,QA Contact,svn-acct-req,justin
2008-06-25 12:35:19 PDT,reed,CC,reed,
2010-05-09 14:54:20 PDT,timeless,Component,Repository Account Requests,Account Request: SVN
2010-05-09 14:54:20 PDT,timeless,QA Contact,repo-acct-req,svn-acct-req
