When,Who,What,Added,Removed
2007-12-26 12:48:58 PST,ria.klaassen,CC,ria.klaassen,
2007-12-27 12:54:10 PST,alfredkayser,Assignee,alfredkayser,nobody
2007-12-28 13:15:55 PST,alfredkayser,Attachment #294773                Flags,review?(pavlov),
2007-12-28 15:15:27 PST,alfredkayser,Attachment #294773                Attachment is obsolete,1,0
2007-12-28 15:15:27 PST,alfredkayser,Attachment #294787                Flags,review?(pavlov),
2007-12-28 15:15:27 PST,alfredkayser,Attachment #294773                Flags,,review?(pavlov)
2007-12-28 20:05:38 PST,gavin.sharp,CC,gavin.sharp,
2008-01-08 00:52:37 PST,pavlov,Attachment #294787                Flags,review+, approval1.9+,review?(pavlov)
2008-01-08 00:53:57 PST,reed,Keywords,checkin-needed,
2008-01-08 00:53:57 PST,reed,CC,reed,
2008-01-08 01:47:37 PST,alfredkayser,Attachment #294787                Flags,superreview?(tor),
2008-01-08 01:48:57 PST,reed,Attachment #294787                Flags,,superreview?(tor)
2008-01-08 01:51:29 PST,reed,OS,All,Windows XP
2008-01-08 01:51:29 PST,reed,Status,RESOLVED,NEW
2008-01-08 01:51:29 PST,reed,Resolution,FIXED,---
2008-01-08 01:51:29 PST,reed,Target Milestone,mozilla1.9 M11,---
2008-01-08 01:51:29 PST,reed,Last Resolved,2008-01-08 01:51:29,
2008-01-08 01:51:29 PST,reed,Keywords,,checkin-needed
2008-01-08 01:51:29 PST,reed,Hardware,All,PC
2008-01-08 01:52:02 PST,alfredkayser,Hardware,PC,All
2008-01-08 01:52:02 PST,alfredkayser,OS,Windows XP,All
2008-01-08 01:52:02 PST,alfredkayser,Target Milestone,---,mozilla1.9 M11
2008-01-08 01:52:36 PST,reed,Hardware,All,PC
2008-01-08 01:52:36 PST,reed,OS,All,Windows XP
2008-01-08 01:52:36 PST,reed,Target Milestone,mozilla1.9 M11,---
2008-01-17 17:09:41 PST,steve.england,CC,steve.england,
2008-01-18 04:16:52 PST,steve.england,Depends on,411874,
2009-04-14 02:06:16 PDT,alfredkayser,Status,VERIFIED,RESOLVED
