When,Who,What,Added,Removed
2007-12-26 00:44:14 PST,bugzilla.spam2,CC,bugzilla.spam2,
2007-12-26 05:18:28 PST,bugzilla-mozilla-20000923,CC,silver,
2007-12-26 09:22:56 PST,unghost,CC,unghost,
2007-12-27 04:37:43 PST,kairo,Product,Mozilla Localizations,Other Applications
2007-12-27 04:37:43 PST,kairo,Version,unspecified,Trunk
2007-12-27 04:37:43 PST,kairo,Component,Slovak/sk-SK,ChatZilla
2007-12-27 04:37:43 PST,kairo,Assignee,rozbora,rginda
2007-12-27 04:37:43 PST,kairo,QA Contact,rado,chatzilla
2007-12-27 05:51:51 PST,wladow,Status,RESOLVED,NEW
2007-12-27 05:51:51 PST,wladow,Resolution,FIXED,---
2007-12-27 05:51:51 PST,wladow,Last Resolved,2007-12-27 05:51:51,
2007-12-27 05:56:06 PST,wladow,Hardware,All,PC
2007-12-27 05:56:06 PST,wladow,OS,All,Windows Vista
2007-12-27 05:56:06 PST,wladow,Blocks,,397246
