When,Who,What,Added,Removed
2007-12-26 05:29:53 PST,agray,CC,agray,
2007-12-28 11:28:20 PST,bugzilla,Status,NEW,UNCONFIRMED
2007-12-28 11:28:20 PST,bugzilla,Ever confirmed,1,0
2008-01-03 17:07:35 PST,ryanvm,CC,ryanvm,
2008-01-21 14:36:05 PST,hecker,Status,ASSIGNED,NEW
2008-01-21 14:51:46 PST,nelson,Whiteboard,EV,
2008-01-21 17:50:48 PST,nelson,Blocks,398944,
2008-02-21 13:56:31 PST,hecker,Depends on,418902,
2008-03-01 13:12:02 PST,nelson,Summary,Enable Trustwave "XGCA" root for EV,Please mark the Trustwave "XGCA" root certificate  for EV
2008-03-04 01:51:18 PST,nelson,Whiteboard,EV - inclusion approved,EV
2008-06-06 04:46:48 PDT,eddy_nigg,CC,eddy_nigg,
2008-09-26 18:52:16 PDT,hecker,Status,RESOLVED,ASSIGNED
2008-09-26 18:52:16 PDT,hecker,Resolution,FIXED,---
2008-09-26 18:52:16 PDT,hecker,Last Resolved,2008-09-26 18:52:16,
