When,Who,What,Added,Removed
2008-01-03 05:05:34 PST,stream,Summary,Dragging favicon or tab to desktop fails to save properly url with some non-english languages,Dragging favicon or tab to desktop fails to save properly url with cyrillic letters
2008-05-08 12:33:28 PDT,stream,Keywords,intl,
2008-05-20 08:53:34 PDT,mak77,CC,sdwilsh, mak77,
2008-05-20 09:01:57 PDT,mak77,CC,edilee,
2008-05-20 09:02:09 PDT,mak77,CC,,sdwilsh
2008-05-20 10:12:25 PDT,edilee,CC,dao, gavin.sharp,
2008-05-20 10:57:42 PDT,dao,Component,General,Places
2008-05-20 10:57:42 PDT,dao,QA Contact,general,places
2008-05-20 11:43:37 PDT,dao,Keywords,regression,
2008-05-20 11:43:37 PDT,dao,Summary,Dragging favicon to desktop fails to save properly url with some non-english languages,Dragging favicon or tab to desktop fails to save properly url with some non-english languages
2008-05-20 11:43:37 PDT,dao,Status,NEW,UNCONFIRMED
2008-05-20 11:43:37 PDT,dao,Ever confirmed,1,0
2008-05-20 11:49:02 PDT,dao,Status,ASSIGNED,NEW
2008-05-20 11:49:02 PDT,dao,Assignee,dao,nobody
2008-05-20 11:49:02 PDT,dao,Attachment #321808                Flags,review?(gavin.sharp),
2008-05-20 11:50:02 PDT,dao,Version,Trunk,unspecified
2008-05-20 12:40:57 PDT,dao,Whiteboard,[RC2?],
2008-05-20 12:40:57 PDT,dao,Flags,wanted1.9.0.x?,
2008-05-20 14:23:07 PDT,gavin.sharp,Attachment #321808                Flags,review+,review?(gavin.sharp)
2008-05-20 14:50:49 PDT,dao,Attachment #321808                Flags,approval1.9?,
2008-05-23 10:45:20 PDT,timr,CC,timr,
2008-05-26 14:14:22 PDT,mbeltzner,Attachment #321808                Flags,approval1.9+,approval1.9?
2008-05-26 14:14:30 PDT,mbeltzner,Whiteboard,[RC2+],[RC2?]
2008-05-26 14:20:53 PDT,dao,Keywords,checkin-needed,
2008-05-26 14:21:44 PDT,gavin.sharp,Keywords,,checkin-needed
2008-05-26 14:21:44 PDT,gavin.sharp,Status,RESOLVED,ASSIGNED
2008-05-26 14:21:44 PDT,gavin.sharp,Resolution,FIXED,---
2008-05-26 14:21:44 PDT,gavin.sharp,Last Resolved,2008-05-26 14:21:44,
2008-05-26 14:21:57 PDT,gavin.sharp,Target Milestone,Firefox 3,---
2008-05-26 14:22:12 PDT,gavin.sharp,Flags,,wanted1.9.0.x?
2008-06-03 10:26:16 PDT,hasham8888,CC,hali,
2008-06-03 11:05:31 PDT,dao,Status,VERIFIED,RESOLVED
