When,Who,What,Added,Removed
2007-12-26 04:40:07 PST,agray,CC,agray,
2007-12-28 11:28:25 PST,bugzilla,Ever confirmed,1,0
2007-12-28 11:28:25 PST,bugzilla,Status,NEW,UNCONFIRMED
2008-01-21 14:35:07 PST,hecker,Status,ASSIGNED,NEW
2008-01-21 14:51:36 PST,nelson,Whiteboard,EV,
2008-01-21 17:50:48 PST,nelson,Blocks,398944,
2008-02-21 14:44:24 PST,hecker,Depends on,418910,
2008-03-01 12:39:46 PST,nelson,Summary,add Trustwave "SecureTrust CA" EV root,Please add the Trustwave "SecureTrust CA" root certificate and mark for EV
2008-03-03 18:11:15 PST,nelson,Whiteboard,EV - inclusion in progress,EV
2008-03-04 01:51:44 PST,nelson,Whiteboard,EV - inclusion approved,EV - inclusion in progress
2008-06-06 04:46:47 PDT,eddy_nigg,CC,eddy_nigg,
2008-09-26 18:50:59 PDT,hecker,Status,RESOLVED,ASSIGNED
2008-09-26 18:50:59 PDT,hecker,Resolution,FIXED,---
2008-09-26 18:50:59 PDT,hecker,Last Resolved,2008-09-26 18:50:59,
