When,Who,What,Added,Removed
2008-01-09 14:30:31 PST,gwenger,Assignee,gwenger,mozilla-bugs
2008-01-09 14:30:31 PST,gwenger,CC,gwenger,
2008-01-29 10:31:52 PST,mdudziak,CC,mozilla-bugs,
2008-02-16 09:37:20 PST,Bugzilla,CC,Bugzilla,
2008-03-25 11:00:13 PDT,mdudziak,Status,ASSIGNED,NEW
2008-08-24 13:03:38 PDT,paul,CC,paul,
2008-11-07 22:44:05 PST,beckley,Version,0.1,unspecified
2008-11-07 22:44:05 PST,beckley,Status,RESOLVED,ASSIGNED
2008-11-07 22:44:05 PST,beckley,Resolution,FIXED,---
2008-11-07 22:44:05 PST,beckley,CC,beckley,
2008-11-07 22:44:05 PST,beckley,Target Milestone,0.1,---
2008-11-07 22:44:05 PST,beckley,Last Resolved,2008-11-07 22:44:05,
2008-11-17 00:58:42 PST,hnussbacher,CC,hnussbacher,
2008-11-18 08:07:39 PST,bmo,Status,VERIFIED,RESOLVED
2009-01-27 11:27:22 PST,mdudziak,Status,RESOLVED,VERIFIED
2009-01-27 11:27:22 PST,mdudziak,Last Resolved,2009-01-27 11:27:22,2008-11-07 22:44:05
2010-02-03 14:59:12 PST,mdudziak,Target Milestone,---,0.1
