When,Who,What,Added,Removed
2007-12-26 04:33:05 PST,peter.vanderwoude,Flags,blocking-firefox3?,
2007-12-26 04:34:48 PST,peter.vanderwoude,Summary,download link is not styled :visited when clicked,download link is not styled :visited when klicked
2007-12-26 04:35:27 PST,steve.england,CC,steve.england,
2007-12-26 06:57:17 PST,gavin.sharp,Component,Places,General
2007-12-26 06:57:17 PST,gavin.sharp,QA Contact,places,general
2007-12-26 06:57:17 PST,gavin.sharp,CC,gavin.sharp, dietrich, comrade693+bmo,
2007-12-26 11:25:16 PST,sdwilsh,Status,ASSIGNED,NEW
2007-12-26 11:25:16 PST,sdwilsh,Assignee,comrade693+bmo,nobody
2007-12-26 11:25:16 PST,sdwilsh,Attachment #294578                Flags,review?(mano),
2007-12-26 11:26:45 PST,sdwilsh,Whiteboard,[has patch][needs review Mano],
2007-12-26 12:39:44 PST,asaf,Attachment #294578                Flags,review-,review?(mano)
2007-12-26 12:48:26 PST,sdwilsh,Attachment #294578                Attachment is obsolete,1,0
2007-12-26 12:48:26 PST,sdwilsh,Attachment #294583                Flags,review?(mano),
2007-12-26 13:02:43 PST,asaf,Attachment #294583                Flags,review+,review?(mano)
2007-12-26 13:12:41 PST,sdwilsh,Attachment #294583                Flags,approval1.9?,
2007-12-26 13:13:24 PST,sdwilsh,Version,Trunk,unspecified
2007-12-26 13:13:24 PST,sdwilsh,Hardware,All,PC
2007-12-26 13:13:24 PST,sdwilsh,OS,All,Windows 2000
2007-12-26 13:13:24 PST,sdwilsh,Whiteboard,[has patch][has review][needs approval],[has patch][needs review Mano]
2007-12-26 14:54:57 PST,mbeltzner,Attachment #294583                Flags,approval1.9+,approval1.9?
2007-12-26 17:51:30 PST,sdwilsh,Whiteboard,,[has patch][has review][needs approval]
2007-12-26 17:51:30 PST,sdwilsh,Status,RESOLVED,ASSIGNED
2007-12-26 17:51:30 PST,sdwilsh,Resolution,FIXED,---
2007-12-26 17:51:30 PST,sdwilsh,Target Milestone,Firefox 3 M11,---
2007-12-26 17:51:30 PST,sdwilsh,Last Resolved,2007-12-26 17:51:30,
2007-12-26 18:16:27 PST,stephen.donner,CC,stephend,
2007-12-26 18:16:27 PST,stephen.donner,Flags,in-litmus?,
2007-12-27 10:43:25 PST,peter.vanderwoude,Status,VERIFIED,RESOLVED
2008-02-05 00:56:53 PST,mconnor,CC,mconnor,
2008-02-05 00:56:53 PST,mconnor,Flags,blocking-firefox3+,blocking-firefox3?
2009-03-10 09:56:01 PDT,mozaakash,CC,adesai,
2009-03-23 15:56:44 PDT,mozaakash,Flags,in-litmus-, in-testsuite+,in-litmus?
2009-11-26 06:51:02 PST,gerv,Component,Bookmarks & History,Places
2009-11-26 06:51:02 PST,gerv,QA Contact,bookmarks,places
2010-02-24 06:27:37 PST,mconnor,CC,,mconnor
