When,Who,What,Added,Removed
2007-12-25 13:46:20 PST,steve.england,CC,steve.england,
2007-12-25 14:05:58 PST,jruderman,CC,jruderman,
2007-12-25 14:06:48 PST,mrbkap,CC,mrbkap,
2007-12-25 14:31:52 PST,rflint,CC,rflint,
2007-12-25 14:33:14 PST,mvl,CC,mvl,
2007-12-25 14:34:50 PST,hwaara,CC,hwaara,
2007-12-25 16:01:25 PST,dolske,CC,dolske,
2007-12-25 17:49:54 PST,gavin.sharp,CC,gavin.sharp,
2007-12-25 19:08:41 PST,reed,CC,reed,
2007-12-31 08:04:35 PST,jwalden+bmo,CC,jwalden+bmo,
2007-12-31 22:59:09 PST,dwitte,CC,bzbarsky,
2008-01-02 14:43:34 PST,jonas,CC,jonas,
2008-01-03 13:30:38 PST,caillon,CC,caillon,
2008-01-03 14:32:13 PST,brendan,CC,mtschrep, brendan,
2008-01-03 21:10:08 PST,bugzilla,CC,bugzilla,
2008-01-04 13:04:45 PST,magicdice,CC,magicdice,
2008-01-04 14:04:45 PST,blizzard,CC,blizzard,
2008-01-04 15:20:00 PST,mtschrep,CC,rhelmer, window, stanshebs,
2008-01-04 15:23:55 PST,mtschrep,Flags,blocking-firefox3+,
2008-01-04 15:23:55 PST,mtschrep,Priority,P2,--
2008-01-07 09:27:24 PST,dougt,CC,dougt,
2008-01-09 17:44:11 PST,mtschrep,Assignee,dwitte,nobody
2008-01-09 18:12:04 PST,dmose,CC,dmose,
2008-03-04 09:54:55 PST,mconnor,Product,Core,Firefox
2008-03-04 09:54:55 PST,mconnor,Version,Trunk,unspecified
2008-03-04 09:54:55 PST,mconnor,Component,Build Config,Build Config
2008-03-04 09:54:55 PST,mconnor,Assignee,nobody,dwitte
2008-03-04 09:54:55 PST,mconnor,QA Contact,build-config,build.config
2008-03-04 09:54:55 PST,mconnor,CC,mconnor,
2008-03-04 09:54:55 PST,mconnor,Target Milestone,mozilla1.9,---
2008-03-04 09:54:55 PST,mconnor,Flags,,blocking-firefox3+
2008-03-04 09:59:46 PST,mconnor,Assignee,dwitte,nobody
2008-03-04 09:59:46 PST,mconnor,Flags,blocking1.9?,
2008-03-04 13:25:31 PST,john+bugzilla,CC,joduinn,
2008-03-05 04:59:26 PST,ted,Flags,blocking1.9+,blocking1.9?
2008-03-12 03:40:09 PDT,dwitte,Attachment #308835                Flags,review?(ted.mielczarek),
2008-03-12 03:48:22 PDT,ted,Attachment #308835                Flags,review+,review?(ted.mielczarek)
2008-03-13 05:51:01 PDT,kairo,CC,kairo,
2008-03-13 07:20:18 PDT,dwitte,CC,dwitte,
2008-03-13 11:24:35 PDT,dwitte,Attachment #308835                Attachment is obsolete,1,0
2008-03-13 11:24:35 PDT,dwitte,Attachment #309169                Flags,review?(ted.mielczarek),
2008-03-13 11:31:07 PDT,ted,Attachment #309169                Flags,review+,review?(ted.mielczarek)
2008-03-13 11:51:05 PDT,dwitte,Attachment #309175                Flags,review+,
2008-03-14 13:30:12 PDT,vladimir,CC,vladimir,
2008-03-14 13:42:34 PDT,sayrer,Attachment #309175                Flags,review-,
2008-03-14 18:55:33 PDT,jruderman,Summary,gcc (4.1 only) zealously avoids inlining at -Os,gcc zealously avoids inlining at -Os
2008-03-15 05:57:37 PDT,dwitte,Attachment #309169                Attachment is obsolete,1,0
2008-03-15 05:57:37 PDT,dwitte,Attachment #309175                Attachment is obsolete,1,0
2008-03-15 05:57:37 PDT,dwitte,Attachment #309635                Flags,review?(ted.mielczarek),
2008-03-15 14:11:45 PDT,ted,Attachment #309635                Flags,review+,review?(ted.mielczarek)
2008-03-16 01:31:13 PDT,dwitte,Status,RESOLVED,NEW
2008-03-16 01:31:13 PDT,dwitte,Resolution,FIXED,---
2008-03-16 01:31:13 PDT,dwitte,Last Resolved,2008-03-16 01:31:13,
2008-03-16 02:46:38 PDT,dwitte,Summary,gcc 4.1/4.2 zealously avoid inlining at -Os,gcc (4.1 only) zealously avoids inlining at -Os
2008-03-16 06:34:40 PDT,mnordhoff,CC,mnordhoff,
2008-03-16 08:55:03 PDT,kairo,Depends on,423261,
2008-03-16 23:53:51 PDT,jag-mozilla,CC,jag,
