When,Who,What,Added,Removed
2007-12-25 16:28:38 PST,stefanh,Target Milestone,seamonkey2.0alpha,---
2007-12-26 07:09:18 PST,mnyromyr,CC,mnyromyr,
2007-12-28 06:10:53 PST,stefanh,Attachment #294731                Flags,review?(mnyromyr), superreview?(neil),
2007-12-28 06:12:36 PST,stefanh,Status,ASSIGNED,NEW
2007-12-28 06:12:36 PST,stefanh,Depends on,362894,
2007-12-28 07:32:16 PST,neil,Attachment #294731                Flags,superreview+,superreview?(neil)
2007-12-28 19:46:57 PST,gavin.sharp,CC,gavin.sharp,
2007-12-30 19:01:02 PST,mnyromyr,Attachment #294731                Flags,review+,review?(mnyromyr)
2008-01-01 04:48:44 PST,stefanh,Status,RESOLVED,ASSIGNED
2008-01-01 04:48:44 PST,stefanh,Resolution,FIXED,---
2008-01-01 04:48:44 PST,stefanh,Last Resolved,2008-01-01 04:48:44,
