When,Who,What,Added,Removed
2007-12-26 12:04:39 PST,djst,CC,djst, nelson,
2007-12-26 13:05:41 PST,nelson,Assignee,nelson,nobody
2007-12-26 13:11:49 PST,nelson,Status,NEW,UNCONFIRMED
2007-12-26 13:11:49 PST,nelson,Ever confirmed,1,0
2008-08-15 13:10:10 PDT,majken,CC,majken,
2008-08-15 13:34:52 PDT,stefan-bmo,Status,RESOLVED,NEW
2008-08-15 13:34:52 PDT,stefan-bmo,Resolution,FIXED,---
2008-08-15 13:34:52 PDT,stefan-bmo,Last Resolved,2008-08-15 13:34:52,
2009-04-10 15:58:44 PDT,stephen.donner,CC,krupa.raj82, stephen.donner,
2009-10-30 08:56:34 PDT,djst,Whiteboard,tiki_triage nelson (see comment 2),
2009-11-03 10:34:51 PST,nelson,Whiteboard,tiki_feature tiki_discuss,tiki_triage nelson (see comment 2)
2009-11-03 10:34:51 PST,nelson,CC,lphuberdeau, marclaporte,krupa.raj82, majken, stephen.donner
2009-11-10 07:47:39 PST,djst,Whiteboard,tiki_bug,tiki_feature tiki_discuss
2009-11-13 07:41:54 PST,lphuberdeau,Whiteboard,tiki_bug, tiki_upstreamed,tiki_bug
