When,Who,What,Added,Removed
2007-12-26 14:37:15 PST,mrbkap,Status,ASSIGNED,NEW
2007-12-26 14:37:15 PST,mrbkap,Assignee,mrbkap,nobody
2007-12-26 14:37:15 PST,mrbkap,Attachment #294595                Flags,review?(jst),
2007-12-26 14:37:59 PST,mrbkap,Blocks,344494, 386635,
2007-12-26 16:58:17 PST,ryanvm,CC,ryanvm,
2007-12-27 17:14:03 PST,bugzilla-mozilla-20000923,CC,silver,
2007-12-27 20:03:40 PST,jwalden+bmo,CC,jwalden+bmo,
2007-12-28 15:03:51 PST,jst,Attachment #294595                Flags,review+, superreview+,review?(jst)
2007-12-28 15:04:22 PST,jst,Flags,blocking1.9+,
2007-12-28 17:15:54 PST,gavin.sharp,CC,gavin.sharp, zeniko,
2007-12-29 15:38:43 PST,mrbkap,Resolution,FIXED,---
2007-12-29 15:38:43 PST,mrbkap,Last Resolved,2007-12-29 15:38:43,
2007-12-29 15:38:43 PST,mrbkap,Status,RESOLVED,ASSIGNED
