When,Who,What,Added,Removed
2007-12-29 04:49:32 PST,bugzilla,Attachment #294830                Flags,review?(philipp),
2007-12-29 04:59:46 PST,philipp,Attachment #294830                Flags,review+,review?(philipp)
2007-12-29 05:20:31 PST,bugzilla,Status,RESOLVED,ASSIGNED
2007-12-29 05:20:31 PST,bugzilla,Resolution,FIXED,---
2007-12-29 05:20:31 PST,bugzilla,Target Milestone,0.8,---
2007-12-29 05:20:31 PST,bugzilla,Last Resolved,2007-12-29 05:20:31,
2008-01-10 05:07:30 PST,andreas.treumann,Status,VERIFIED,RESOLVED
2008-01-10 05:07:30 PST,andreas.treumann,CC,andreas.treumann,
