When,Who,What,Added,Removed
2007-12-25 12:09:23 PST,philip.chee,Attachment #294539                Flags,review?(neil), superreview?(neil),
2007-12-25 13:48:31 PST,neil,Attachment #294539                Flags,review+, superreview+,review?(neil), superreview?(neil)
2007-12-25 17:28:24 PST,philip.chee,Keywords,checkin-needed,
2007-12-26 05:02:23 PST,philip.chee,Keywords,,checkin-needed
2007-12-26 05:02:50 PST,philip.chee,Attachment #294539                Attachment is obsolete,1,0
2007-12-26 05:12:30 PST,philip.chee,Attachment #294563                Flags,superreview?(neil),
2007-12-26 05:25:51 PST,philip.chee,Attachment #294563                Flags,,superreview?(neil)
2007-12-26 05:33:01 PST,philip.chee,Attachment #294563                Attachment is obsolete,1,0
2007-12-27 01:50:20 PST,philip.chee,Attachment #294564                Flags,review?(neil), superreview?(neil),
2007-12-27 09:37:46 PST,neil,Attachment #294564                Flags,review?(db48x), superreview+,review?(neil), superreview?(neil)
2007-12-28 17:41:16 PST,db48x,Attachment #294564                Flags,review+,review?(db48x)
2007-12-28 18:23:01 PST,mozdiav,CC,mozdiav,
2007-12-28 19:45:42 PST,philip.chee,Keywords,checkin-needed,
2007-12-28 19:47:50 PST,gavin.sharp,CC,gavin.sharp,
2007-12-31 09:46:11 PST,philip.chee,Keywords,,checkin-needed
2008-01-01 06:52:01 PST,philip.chee,Status,RESOLVED,NEW
2008-01-01 06:52:01 PST,philip.chee,Resolution,FIXED,---
2008-01-01 06:52:01 PST,philip.chee,Last Resolved,2008-01-01 06:52:01,
2008-01-03 03:37:57 PST,philip.chee,Blocks,407917,
