When,Who,What,Added,Removed
2007-12-26 12:06:40 PST,djst,Status,NEW,UNCONFIRMED
2007-12-26 12:06:40 PST,djst,CC,djst, nelson,
2007-12-26 12:06:40 PST,djst,Ever confirmed,1,0
2007-12-26 13:14:50 PST,nelson,Assignee,nelson,nobody
2008-08-15 13:07:27 PDT,majken,CC,majken,
2008-08-15 13:22:19 PDT,stefan-bmo,Resolution,FIXED,---
2008-08-15 13:22:19 PDT,stefan-bmo,Last Resolved,2008-08-15 13:22:19,
2008-08-15 13:22:19 PDT,stefan-bmo,Status,RESOLVED,NEW
2008-08-15 13:28:44 PDT,stefan-bmo,Status,REOPENED,RESOLVED
2008-08-15 13:28:44 PDT,stefan-bmo,Resolution,---,FIXED
2008-08-15 13:38:14 PDT,majken,Target Milestone,0.6.3,---
2008-08-29 09:57:24 PDT,laura,Target Milestone,0.6.4,0.6.3
2008-08-29 09:57:24 PDT,laura,CC,laura,
2008-09-09 09:12:51 PDT,stephen.donner,CC,stephen.donner,
2008-09-11 17:55:47 PDT,nelson,Keywords,push-needed,
2008-09-11 17:55:47 PDT,nelson,Status,RESOLVED,REOPENED
2008-09-11 17:55:47 PDT,nelson,Resolution,FIXED,---
2008-09-11 17:55:47 PDT,nelson,Last Resolved,2008-09-11 17:55:47,2008-08-15 13:22:19
2008-09-12 14:00:04 PDT,stephen.donner,Status,VERIFIED,RESOLVED
2008-09-16 23:04:07 PDT,stephen.donner,Keywords,,push-needed
2009-11-26 01:16:25 PST,djst,Whiteboard,tiki_bug,
2009-11-26 05:37:26 PST,lphuberdeau,Whiteboard,tiki_bug tiki_upstreamed,tiki_bug
2009-11-26 05:37:26 PST,lphuberdeau,CC,lphuberdeau,
