When,Who,What,Added,Removed
2007-12-26 02:29:15 PST,panemade,Keywords,regression,
2007-12-26 02:29:15 PST,panemade,Version,Trunk,unspecified
2007-12-26 02:29:15 PST,panemade,CC,roc, masayuki, mozbugz,
2007-12-27 14:39:52 PST,praveen,CC,pravi.a,
2008-01-08 08:07:30 PST,ajohnson,CC,ajohnson,
2008-01-08 08:28:30 PST,panemade,CC,vladimir,
2008-01-08 09:40:02 PST,karlt,Depends on,411224,
2008-01-08 12:20:51 PST,jwalden+bmo,CC,jwalden+bmo,
2008-01-10 04:34:28 PST,mcepl,CC,mcepl, caillon,
2008-01-10 04:34:43 PST,mcepl,CC,stransky,
2008-01-10 04:39:24 PST,mcepl,Flags,blocking1.9?,
2008-01-22 16:28:26 PST,mtschrep,Priority,P2,--
2008-01-22 16:28:26 PST,mtschrep,Assignee,vladimir,nobody
2008-01-22 16:28:26 PST,mtschrep,CC,mtschrep,
2008-01-22 16:28:26 PST,mtschrep,Flags,blocking1.9+,blocking1.9?
2008-01-24 11:13:34 PST,vladimir,Depends on,,411224
2008-01-24 11:14:23 PST,vladimir,Depends on,413878,
2008-01-24 11:32:49 PST,vladimir,Status,NEW,UNCONFIRMED
2008-01-24 11:32:49 PST,vladimir,Ever confirmed,1,0
2008-01-24 22:48:31 PST,fredbezies,CC,fredbezies,
2008-01-25 20:59:23 PST,vladimir,Status,RESOLVED,NEW
2008-01-25 20:59:23 PST,vladimir,Resolution,FIXED,---
2008-01-25 20:59:23 PST,vladimir,Last Resolved,2008-01-25 20:59:23,
2008-01-27 11:59:54 PST,jwalden+bmo,Flags,in-testsuite?,
