When,Who,What,Added,Removed
2007-12-26 07:58:39 PST,mark,Attachment #294568                Flags,review?(mrbkap),
2007-12-26 07:59:06 PST,mark,Target Milestone,mozilla1.8.1,---
2007-12-26 09:31:12 PST,alqahira,Component,Layout: Canvas,GFX: Mac
2007-12-26 09:31:12 PST,alqahira,Assignee,nobody,mark
2007-12-26 09:31:12 PST,alqahira,QA Contact,layout.canvas,mac
2007-12-26 09:32:41 PST,alqahira,Assignee,mark,nobody
2007-12-26 10:45:58 PST,mrbkap,Attachment #294568                Flags,review?(vladimir),review?(mrbkap)
2007-12-28 19:49:19 PST,gavin.sharp,CC,gavin.sharp,
2008-01-04 14:49:59 PST,vladimir,Attachment #294568                Flags,review+,review?(vladimir)
2008-01-04 18:53:08 PST,mark,Attachment #294568                Flags,approval1.8.1.12?,
2008-01-10 16:13:53 PST,samuel.sidler+old,Attachment #294568                Flags,approval1.8.1.12+,approval1.8.1.12?
2008-01-11 08:57:56 PST,mark,Keywords,fixed1.8.1.12,
2008-01-11 08:57:56 PST,mark,Status,RESOLVED,NEW
2008-01-11 08:57:56 PST,mark,Resolution,FIXED,---
2008-01-11 08:57:56 PST,mark,Last Resolved,2008-01-11 08:57:56,
2008-01-30 15:22:26 PST,abillings,Keywords,verified1.8.1.12,fixed1.8.1.12
2008-01-30 15:22:26 PST,abillings,Status,VERIFIED,RESOLVED
2008-01-30 15:22:26 PST,abillings,CC,abillings,
