When,Who,What,Added,Removed
2007-12-28 14:44:06 PST,bugzilla,Attachment #294783                Flags,review?(philipp),
2007-12-29 04:11:02 PST,philipp,Attachment #294783                Flags,review+,review?(philipp)
2007-12-29 04:42:04 PST,bugzilla,Status,RESOLVED,ASSIGNED
2007-12-29 04:42:04 PST,bugzilla,Resolution,FIXED,---
2007-12-29 04:42:04 PST,bugzilla,Target Milestone,0.8,---
2007-12-29 04:42:04 PST,bugzilla,Last Resolved,2007-12-29 04:42:04,
2008-02-15 05:14:12 PST,mschroeder,Status,VERIFIED,RESOLVED
2008-02-27 15:20:07 PST,ssitter,Depends on,413523,
