When,Who,What,Added,Removed
2007-12-26 08:44:42 PST,philringnalda,Attachment #294571                Flags,review?(mkmelin+mozilla),
2007-12-26 10:00:13 PST,mkmelin+mozilla,Attachment #294571                Flags,review+,review?(mkmelin+mozilla)
2007-12-26 10:00:30 PST,mkmelin+mozilla,CC,mkmelin+mozilla,
2007-12-26 21:01:37 PST,philringnalda,Status,RESOLVED,ASSIGNED
2007-12-26 21:01:37 PST,philringnalda,Resolution,FIXED,---
2007-12-26 21:01:37 PST,philringnalda,Target Milestone,Thunderbird 3,---
2007-12-26 21:01:37 PST,philringnalda,Last Resolved,2007-12-26 21:01:37,
