When,Who,What,Added,Removed
2007-12-25 15:53:02 PST,jruderman,Flags,blocking1.9?,
2007-12-25 15:55:23 PST,jruderman,Whiteboard,[sg:critical?],
2007-12-25 17:58:28 PST,gavin.sharp,CC,gavin.sharp,
2007-12-27 19:09:39 PST,jwalden+bmo,CC,jwalden+bmo,
2008-01-03 09:31:52 PST,longsonr,Status,ASSIGNED,NEW
2008-01-03 09:31:52 PST,longsonr,Assignee,longsonr,nobody
2008-01-03 09:31:52 PST,longsonr,Attachment #295238                Flags,review?(tor), superreview?(tor),
2008-01-03 15:34:26 PST,mtschrep,Priority,P3,--
2008-01-03 15:34:26 PST,mtschrep,CC,mtschrep,
2008-01-03 15:34:26 PST,mtschrep,Flags,blocking1.9+,blocking1.9?
2008-01-04 06:04:05 PST,longsonr,Attachment #295369                Flags,review?(tor), superreview?(tor),
2008-01-04 06:04:05 PST,longsonr,Attachment #295238                Flags,,review?(tor), superreview?(tor)
2008-01-04 06:04:05 PST,longsonr,Attachment #295238                Attachment is obsolete,1,0
2008-01-04 06:35:29 PST,longsonr,Attachment #295369                Attachment is obsolete,1,0
2008-01-04 06:35:29 PST,longsonr,Attachment #295373                Flags,review?(tor), superreview?(tor),
2008-01-04 06:35:29 PST,longsonr,Attachment #295369                Flags,,review?(tor), superreview?(tor)
2008-01-08 16:05:40 PST,tor,Attachment #295373                Flags,review+, superreview+,review?(tor), superreview?(tor)
2008-01-08 16:13:41 PST,longsonr,Attachment #295373                Flags,approval1.9?,
2008-01-08 21:27:52 PST,longsonr,Attachment #295373                Flags,,approval1.9?
2008-01-09 02:51:57 PST,longsonr,Status,RESOLVED,ASSIGNED
2008-01-09 02:51:57 PST,longsonr,Resolution,FIXED,---
2008-01-09 02:51:57 PST,longsonr,Flags,in-testsuite?,
2008-01-09 02:51:57 PST,longsonr,Last Resolved,2008-01-09 02:51:57,
2008-03-26 22:27:29 PDT,jruderman,Group,,security
2008-03-26 22:27:29 PDT,jruderman,Flags,wanted1.8.1.x-,
2008-03-26 22:29:13 PDT,jruderman,Flags,in-testsuite+,in-testsuite?
2011-06-13 10:01:46 PDT,nobody,Crash Signature,[@ nsSVGEnum::SetBaseValue],
