When,Who,What,Added,Removed
2007-12-26 07:42:18 PST,bugzilla,Target Milestone,---,0.8
2007-12-26 07:42:18 PST,bugzilla,Version,unspecified,Mozilla 1.8 Branch
2008-01-10 08:16:30 PST,gary,Status,NEW,UNCONFIRMED
2008-01-10 08:16:30 PST,gary,CC,nth10sd,
2008-01-10 08:16:30 PST,gary,Ever confirmed,1,0
2008-01-10 08:26:24 PST,mschroeder,Flags,blocking-calendar0.8?,
2008-01-10 09:16:43 PST,berend.cornelius09,CC,Berend.Cornelius,
2008-02-08 04:58:06 PST,bugzilla,Flags,blocking-calendar0.8-,blocking-calendar0.8?
2008-02-18 09:12:16 PST,dc,CC,dc,
2008-02-19 01:56:08 PST,andreas.treumann,CC,andreas.treumann,
2008-04-01 03:51:09 PDT,bugzilla,Flags,wanted-calendar0.9?,blocking-calendar0.8-
2008-04-02 04:04:54 PDT,dbo.moz,CC,daniel.boelzle,
2008-04-02 04:04:54 PDT,dbo.moz,Flags,wanted-calendar0.9+,wanted-calendar0.9?
2008-04-02 12:30:25 PDT,dmose,Keywords,relnote,
2008-04-02 12:30:25 PDT,dmose,CC,bugzilla, dmose,
2008-04-02 13:38:40 PDT,mattwillis,CC,lilmatt,
2008-04-02 14:59:19 PDT,benp,CC,benp,
2008-04-10 00:39:43 PDT,ssitter,CC,robert,
2008-04-17 08:29:25 PDT,ssitter,CC,christian.jansen,
2008-04-22 01:27:00 PDT,sebastien.stormacq,CC,sebsto,
2008-06-09 07:30:17 PDT,deinspanjer,CC,deinspanjer,
2008-06-15 09:11:33 PDT,dario,CC,dario,
2008-06-26 04:26:19 PDT,bugzilla,Flags,blocking-calendar0.9?,
2008-07-16 09:43:53 PDT,dbo.moz,Flags,blocking-calendar0.9+,blocking-calendar0.9?
2008-07-16 09:45:28 PDT,dbo.moz,Assignee,daniel.boelzle,nobody
2008-07-23 07:56:05 PDT,berend.cornelius09,Status,ASSIGNED,NEW
2008-07-23 07:56:05 PDT,berend.cornelius09,Assignee,Berend.Cornelius,daniel.boelzle
2008-07-23 07:56:05 PDT,berend.cornelius09,Attachment #330930                Flags,review?(daniel.boelzle),
2008-07-23 08:20:23 PDT,dbo.moz,Attachment #330930                Flags,review+,review?(daniel.boelzle)
2008-07-23 08:45:56 PDT,berend.cornelius09,Status,RESOLVED,ASSIGNED
2008-07-23 08:45:56 PDT,berend.cornelius09,Resolution,FIXED,---
2008-07-23 08:45:56 PDT,berend.cornelius09,Last Resolved,2008-07-23 08:45:56,
2008-07-23 23:52:57 PDT,andreas.treumann,Status,REOPENED,RESOLVED
2008-07-23 23:52:57 PDT,andreas.treumann,Resolution,---,FIXED
2008-07-24 06:28:48 PDT,berend.cornelius09,Attachment #331089                Flags,review?(daniel.boelzle),
2008-07-24 06:33:56 PDT,dbo.moz,Attachment #331089                Flags,review+,review?(daniel.boelzle)
2008-07-24 06:48:58 PDT,berend.cornelius09,Status,RESOLVED,REOPENED
2008-07-24 06:48:58 PDT,berend.cornelius09,Resolution,FIXED,---
2008-07-24 06:48:58 PDT,berend.cornelius09,Last Resolved,2008-07-24 06:48:58,2008-07-23 08:45:56
2008-07-24 06:49:48 PDT,berend.cornelius09,Keywords,,relnote
2008-07-24 06:49:48 PDT,berend.cornelius09,Target Milestone,0.9,---
2008-07-24 23:05:01 PDT,andreas.treumann,Status,VERIFIED,RESOLVED
2010-10-19 10:35:18 PDT,bugzilla,CC,,bugzilla
