When,Who,What,Added,Removed
2007-12-27 06:47:47 PST,standard8,Attachment #294653                Flags,review?(bienvenu), superreview?(bienvenu),
2007-12-27 08:02:12 PST,mozilla,Attachment #294653                Flags,review+, superreview+,review?(bienvenu), superreview?(bienvenu)
2007-12-27 12:03:40 PST,standard8,Status,RESOLVED,NEW
2007-12-27 12:03:40 PST,standard8,Resolution,FIXED,---
2007-12-27 12:03:40 PST,standard8,Last Resolved,2007-12-27 12:03:40,
2008-07-31 04:30:00 PDT,nobody,Product,MailNews Core,Core
