When,Who,What,Added,Removed
2007-12-27 09:22:44 PST,ynvich,Attachment #294660                Flags,review?,
2007-12-27 09:27:18 PST,ynvich,Attachment #294660                Flags,review?(benjamin),review?
2007-12-27 09:27:53 PST,ted,Status,NEW,UNCONFIRMED
2007-12-27 09:27:53 PST,ted,Assignee,ynvich,nobody
2007-12-27 09:27:53 PST,ted,CC,ted.mielczarek,
2007-12-27 09:27:53 PST,ted,Ever confirmed,1,0
2007-12-28 21:31:48 PST,gavin.sharp,CC,gavin.sharp,
2008-01-03 06:42:26 PST,benjamin,Attachment #294660                Flags,review+,review?(benjamin)
2008-01-03 08:18:21 PST,ynvich,Status,ASSIGNED,NEW
2008-01-03 08:22:42 PST,benjamin,Attachment #294660                Flags,approval1.9?,
2008-01-03 15:54:33 PST,mtschrep,Attachment #294660                Flags,approval1.9+,approval1.9?
2008-01-03 22:38:52 PST,reed,Version,Trunk,unspecified
2008-01-03 22:38:52 PST,reed,Hardware,All,PC
2008-01-03 22:38:52 PST,reed,CC,reed,
2008-01-03 22:38:52 PST,reed,Keywords,checkin-needed,
2008-01-04 23:33:08 PST,reed,Keywords,,checkin-needed
2008-01-04 23:33:08 PST,reed,Status,RESOLVED,ASSIGNED
2008-01-04 23:33:08 PST,reed,Resolution,FIXED,---
2008-01-04 23:33:08 PST,reed,Target Milestone,mozilla1.9 M11,---
2008-01-04 23:33:08 PST,reed,Last Resolved,2008-01-04 23:33:08,
