When,Who,What,Added,Removed
2007-12-26 19:55:34 PST,dominique.gonzalez,CC,dominique.gonzalez,
2007-12-26 20:13:40 PST,thunder,CC,thunder,
2007-12-27 11:43:41 PST,thunder,Assignee,thunder,nobody
2007-12-27 11:43:50 PST,thunder,Status,ASSIGNED,UNCONFIRMED
2007-12-27 11:43:50 PST,thunder,Ever confirmed,1,0
2007-12-28 02:41:10 PST,stefan.max,CC,stefan.max,
2007-12-28 16:44:08 PST,thunder,Status,RESOLVED,ASSIGNED
2007-12-28 16:44:08 PST,thunder,Resolution,FIXED,---
2007-12-28 16:44:08 PST,thunder,Last Resolved,2007-12-28 16:44:08,
2009-06-15 15:17:27 PDT,mconnor,Product,Weave,Mozilla Labs
2009-06-15 15:17:27 PDT,mconnor,Component,General,Weave
2009-06-15 15:17:27 PDT,mconnor,Target Milestone,---,--
2009-06-15 17:30:44 PDT,reed,QA Contact,general,weave
2011-10-03 13:07:21 PDT,info,CC,info,
2011-10-03 13:13:23 PDT,dholbert,CC,dholbert,
