When,Who,What,Added,Removed
2007-12-27 04:45:55 PST,fotemac,CC,fotemac,
2008-01-18 15:22:59 PST,nossralf+bugzilla,CC,nossralf,
2008-03-04 08:03:15 PST,eshepherd,Status,RESOLVED,NEW
2008-03-04 08:03:15 PST,eshepherd,Resolution,FIXED,---
2008-03-04 08:03:15 PST,eshepherd,Last Resolved,2008-03-04 08:03:15,
2012-09-18 23:13:04 PDT,nobody,Product,Mozilla Developer Network,Mozilla Developer Network
2012-09-18 23:13:04 PDT,nobody,Component,Documentation,Documentation Requests
2012-12-28 15:55:52 PST,jkarahalis,Component,General,Documentation
2012-12-28 15:55:52 PST,jkarahalis,Product,Developer Documentation,Mozilla Developer Network
