When,Who,What,Added,Removed
2007-12-27 19:16:17 PST,reed,Whiteboard,ssh-key,
2007-12-27 19:16:17 PST,reed,CC,reed,
2007-12-30 15:19:08 PST,bugzilla,Status,NEW,UNCONFIRMED
2007-12-30 15:19:08 PST,bugzilla,Ever confirmed,1,0
2007-12-30 23:44:20 PST,gavin.sharp,Summary,l10n CVS Account Request - Joshy K Jacob <joshyk@gmail.com>,CVS Account Request - Joshy K Jacob <joshyk@gmail.com>
2007-12-30 23:44:20 PST,gavin.sharp,CC,gavin.sharp,
2007-12-31 01:55:46 PST,bugzilla,CC,joycekbabu, bugzilla, l10n,
2008-01-03 05:57:04 PST,l10n,Whiteboard,ssh-key, voucher,ssh-key
2008-01-03 10:53:44 PST,mozillamarcia.knous,Assignee,server-ops,marcia
2008-01-06 06:10:34 PST,justdave,Assignee,justdave,server-ops
2008-01-06 06:11:25 PST,justdave,Status,RESOLVED,NEW
2008-01-06 06:11:25 PST,justdave,Resolution,FIXED,---
2008-01-06 06:11:25 PST,justdave,Last Resolved,2008-01-06 06:11:25,
