When,Who,What,Added,Removed
2007-12-27 05:39:05 PST,pascalc,CC,tim.babych,
2008-01-08 09:49:53 PST,wclouser,Assignee,clouserw,nobody
2008-01-08 09:49:53 PST,wclouser,CC,clouserw,
2008-01-08 09:57:16 PST,wclouser,Status,RESOLVED,NEW
2008-01-08 09:57:16 PST,wclouser,Resolution,FIXED,---
2008-01-08 09:57:16 PST,wclouser,Last Resolved,2008-01-08 09:57:16,
2008-01-12 14:21:15 PST,tim.babych,Status,REOPENED,RESOLVED
2008-01-12 14:21:15 PST,tim.babych,Resolution,---,FIXED
2008-01-13 09:06:42 PST,wclouser,Status,RESOLVED,REOPENED
2008-01-13 09:06:42 PST,wclouser,Resolution,FIXED,---
2008-01-13 09:06:42 PST,wclouser,Last Resolved,2008-01-13 09:06:42,2008-01-08 09:57:16
2008-07-23 03:39:54 PDT,stephen.donner,Status,VERIFIED,RESOLVED
2008-07-23 03:39:54 PDT,stephen.donner,CC,stephen.donner,
2012-04-23 08:15:30 PDT,nobody,Product,Websites,Websites
2012-04-23 08:15:30 PDT,nobody,Component,www.mozilla.org,www.mozilla.org/firefox
2012-08-23 00:16:07 PDT,nobody,Product,www.mozilla.org,Websites
2012-08-23 00:16:07 PDT,nobody,Component,General,www.mozilla.org
