When,Who,What,Added,Removed
2007-12-27 10:20:47 PST,reed,Version,Trunk,unspecified
2007-12-27 10:20:47 PST,reed,Status,NEW,UNCONFIRMED
2007-12-27 10:20:47 PST,reed,Assignee,armin76,nobody
2007-12-27 10:20:47 PST,reed,CC,reed,
2007-12-27 10:20:47 PST,reed,Ever confirmed,1,0
2007-12-29 10:03:55 PST,armin76,Attachment #294834                Flags,review?(vladimir),
2008-01-04 16:27:02 PST,vladimir,Attachment #294834                Flags,review+, approval1.9+,review?(vladimir)
2008-01-04 17:02:01 PST,reed,Keywords,checkin-needed,
2008-01-04 23:35:01 PST,reed,Target Milestone,mozilla1.9 M11,---
2008-01-04 23:35:01 PST,reed,Last Resolved,2008-01-04 23:35:01,
2008-01-04 23:35:01 PST,reed,Keywords,,checkin-needed
2008-01-04 23:35:01 PST,reed,Status,RESOLVED,NEW
2008-01-04 23:35:01 PST,reed,Resolution,FIXED,---
