When,Who,What,Added,Removed
2007-12-27 06:55:26 PST,standard8,Attachment #294654                Flags,review?(neil), superreview?(neil),
2007-12-27 08:54:23 PST,neil,Attachment #294654                Flags,review-,review?(neil), superreview?(neil)
2007-12-27 20:10:12 PST,rbg_bz2,CC,rbg_bz2,
2007-12-28 01:05:06 PST,standard8,Attachment #294654                Attachment is obsolete,1,0
2007-12-28 01:05:06 PST,standard8,Attachment #294720                Flags,review?(neil), superreview?(neil),
2007-12-28 03:19:43 PST,mkmelin+mozilla,CC,mkmelin+mozilla,
2007-12-28 04:36:57 PST,neil,Attachment #294720                Flags,review+, superreview+,review?(neil), superreview?(neil)
2007-12-28 08:00:11 PST,standard8,Status,RESOLVED,ASSIGNED
2007-12-28 08:00:11 PST,standard8,Resolution,FIXED,---
2007-12-28 08:00:11 PST,standard8,Last Resolved,2007-12-28 08:00:11,
2008-07-31 04:30:00 PDT,nobody,Product,MailNews Core,Core
