When,Who,What,Added,Removed
2007-12-27 15:09:26 PST,thunder,CC,thunder,
2007-12-27 15:14:18 PST,markus,Hardware,All,PC
2007-12-27 15:14:18 PST,markus,OS,All,Windows XP
2008-03-31 14:23:08 PDT,thunder,Status,RESOLVED,UNCONFIRMED
2008-03-31 14:23:08 PDT,thunder,Resolution,FIXED,---
2008-03-31 14:23:08 PDT,thunder,Last Resolved,2008-03-31 14:23:08,
2009-06-15 15:17:34 PDT,mconnor,Product,Weave,Mozilla Labs
2009-06-15 15:17:34 PDT,mconnor,Component,General,Weave
2009-06-15 15:17:34 PDT,mconnor,Target Milestone,---,--
2009-06-15 17:30:53 PDT,reed,QA Contact,general,weave
