When,Who,What,Added,Removed
2007-12-26 20:14:12 PST,dolske,Flags,blocking-firefox3?,
2007-12-26 20:14:12 PST,dolske,Attachment #294621                Flags,review?(gavin.sharp),
2007-12-26 23:24:30 PST,samuel.sidler+old,CC,samuel.sidler,
2007-12-27 19:23:21 PST,jwalden+bmo,CC,jwalden+bmo,
2008-01-14 16:40:43 PST,gavin.sharp,Attachment #294621                Flags,review+,review?(gavin.sharp)
2008-01-14 21:08:05 PST,mconnor,Attachment #294621                Flags,approval1.9+,
2008-01-14 21:08:19 PST,mconnor,CC,mconnor,
2008-01-14 21:08:19 PST,mconnor,Flags,blocking-firefox3+,blocking-firefox3?
2008-01-15 06:39:06 PST,gavin.sharp,CC,gavin.sharp,
2008-01-16 17:03:22 PST,dolske,Group,,security
2008-01-16 17:03:22 PST,dolske,Flags,in-testsuite+,
2008-01-16 17:03:46 PST,dolske,Last Resolved,2008-01-16 17:03:46,
2008-01-16 17:03:46 PST,dolske,Status,RESOLVED,NEW
2008-01-16 17:03:46 PST,dolske,Resolution,FIXED,---
2008-01-16 19:50:55 PST,reed,CC,reed,
2008-07-31 04:30:00 PDT,nobody,Product,Toolkit,Firefox
