When,Who,What,Added,Removed
2007-12-27 05:12:20 PST,bugzilla-mozilla-20000923,CC,silver,
2007-12-28 04:46:27 PST,l10n,Assignee,l10n,nobody
2007-12-28 21:30:24 PST,gavin.sharp,CC,gavin.sharp,
2007-12-31 23:26:44 PST,bugspam.Callek,CC,bugspam.Callek,
2008-03-20 01:32:40 PDT,bugzilla.lenochod,CC,lenochod,
2008-05-26 14:28:34 PDT,l10n,Attachment #322570                Flags,review?(ted.mielczarek),
2008-05-30 12:57:58 PDT,ted,Attachment #322570                Flags,review+,review?(ted.mielczarek)
2008-06-03 04:52:10 PDT,l10n,Status,RESOLVED,NEW
2008-06-03 04:52:10 PDT,l10n,Resolution,FIXED,---
2008-06-03 04:52:10 PDT,l10n,Flags,wanted1.9.0.x?,
2008-06-03 04:52:10 PDT,l10n,Last Resolved,2008-06-03 04:52:10,
2008-06-25 06:04:13 PDT,l10n,Attachment #322570                Flags,approval1.9.0.1?,
2008-06-30 23:11:50 PDT,mbeltzner,Attachment #322570                Flags,approval1.9.0.2?,approval1.9.0.1?
2008-07-20 11:34:15 PDT,samuel.sidler+old,CC,samuel.sidler,
2008-07-21 01:49:22 PDT,samuel.sidler+old,Attachment #322570                Flags,approval1.9.0.2+,approval1.9.0.2?
2008-08-14 04:02:16 PDT,l10n,Keywords,fixed1.9.0.2,
2009-02-09 12:40:24 PST,dveditz,CC,dveditz,
2009-02-09 12:40:24 PST,dveditz,Flags,wanted1.9.0.x+,wanted1.9.0.x?
