When,Who,What,Added,Removed
2007-12-27 14:31:02 PST,moco,Summary,when right clicking - "Open All In Tabs" from history sidebar (when view by site) we open multiple copies of each item,when right clicking - "O
2007-12-27 17:11:58 PST,mak77,CC,mak77,
2007-12-27 17:39:06 PST,asaf,Status,ASSIGNED,NEW
2007-12-27 17:39:06 PST,asaf,Assignee,mano,nobody
2007-12-27 17:39:06 PST,asaf,Attachment #294705                Flags,review?(dietrich),
2007-12-27 17:39:33 PST,asaf,Target Milestone,Firefox 3 M11,---
2007-12-27 17:39:33 PST,asaf,Flags,blocking-firefox3?,
2008-01-02 15:16:13 PST,dietrich,Attachment #294705                Flags,review+,review?(dietrich)
2008-01-05 02:45:44 PST,mak77,Hardware,All,PC
2008-01-05 02:45:44 PST,mak77,OS,All,Mac OS X
2008-01-08 17:29:04 PST,mconnor,CC,mconnor,
2008-01-08 17:29:04 PST,mconnor,Flags,blocking-firefox3+,blocking-firefox3?
2008-01-08 22:32:51 PST,asaf,Status,RESOLVED,ASSIGNED
2008-01-08 22:32:51 PST,asaf,Resolution,FIXED,---
2008-01-08 22:32:51 PST,asaf,Last Resolved,2008-01-08 22:32:51,
2008-01-10 16:56:45 PST,martijn.martijn,Depends on,411803,
2008-02-06 05:13:20 PST,cbook,Status,VERIFIED,RESOLVED
2008-02-06 05:13:20 PST,cbook,CC,cbook,
2009-11-26 06:36:31 PST,gerv,Component,Bookmarks & History,Places
2009-11-26 06:36:31 PST,gerv,QA Contact,bookmarks,places
2010-02-24 06:27:35 PST,mconnor,CC,,mconnor
