When,Who,What,Added,Removed
2008-02-12 04:16:26 PST,philipp,Severity,enhancement,normal
2008-09-01 14:35:58 PDT,philipp,Depends on,428851,
2008-09-02 05:34:00 PDT,philipp,Last Resolved,2008-09-02 05:34:00,
2008-09-02 05:34:00 PDT,philipp,Whiteboard,[gdata-cvs],
2008-09-02 05:34:00 PDT,philipp,Status,RESOLVED,ASSIGNED
2008-09-02 05:34:00 PDT,philipp,Resolution,FIXED,---
2008-09-02 05:34:00 PDT,philipp,Target Milestone,0.9,---
2008-09-23 12:27:37 PDT,philipp,Whiteboard,[gdata-0.5],[gdata-cvs]
