When,Who,What,Added,Removed
2007-12-27 11:50:53 PST,philringnalda,Product,Mozilla Localizations,Firefox
2007-12-27 11:50:53 PST,philringnalda,Component,pt-PT/ Portuguese,Menus
2007-12-27 11:50:53 PST,philringnalda,Assignee,joao.neves,nobody
2007-12-27 11:50:53 PST,philringnalda,QA Contact,joao.neves,menus
2007-12-28 03:49:27 PST,joao.neves,Ever confirmed,1,0
2007-12-28 03:49:27 PST,joao.neves,Status,ASSIGNED,UNCONFIRMED
2007-12-28 04:00:37 PST,joao.neves,Status,RESOLVED,ASSIGNED
2007-12-28 04:00:37 PST,joao.neves,Resolution,FIXED,---
2007-12-28 04:00:37 PST,joao.neves,Last Resolved,2007-12-28 04:00:37,
