When,Who,What,Added,Removed
2007-12-27 01:03:27 PST,reed,Assignee,reed,nobody
2007-12-27 11:25:08 PST,jslater,CC,jslater,
2007-12-28 20:15:47 PST,gavin.sharp,CC,gavin.sharp,
2008-01-02 10:12:56 PST,jslater,Status,RESOLVED,NEW
2008-01-02 10:12:56 PST,jslater,Resolution,FIXED,---
2008-01-02 10:12:56 PST,jslater,Last Resolved,2008-01-02 10:12:56,
2008-01-02 11:07:39 PST,jruderman,Status,REOPENED,RESOLVED
2008-01-02 11:07:39 PST,jruderman,Resolution,---,FIXED
2008-01-02 11:10:58 PST,reed,Status,NEW,REOPENED
2008-01-02 11:10:58 PST,reed,Assignee,steven,reed
2008-01-02 11:10:58 PST,reed,CC,steven,
2008-01-03 15:10:01 PST,jslater,Status,RESOLVED,NEW
2008-01-03 15:10:01 PST,jslater,Resolution,FIXED,---
2008-01-03 15:10:01 PST,jslater,Last Resolved,2008-01-03 15:10:01,2008-01-02 10:12:56
2008-01-25 02:45:47 PST,stephen.donner,Status,VERIFIED,RESOLVED
2008-01-25 02:45:47 PST,stephen.donner,CC,stephend,
2012-04-23 08:15:30 PDT,nobody,Product,Websites,Websites
2012-04-23 08:15:30 PDT,nobody,Component,www.mozilla.org,www.mozilla.org/firefox
2012-08-23 00:16:07 PDT,nobody,Product,www.mozilla.org,Websites
2012-08-23 00:16:07 PDT,nobody,Component,General,www.mozilla.org
