When,Who,What,Added,Removed
2007-12-26 22:44:51 PST,simford,Summary,change email address and ssh pub key,change email address
2007-12-26 22:51:45 PST,reed,Hardware,All,PC
2007-12-26 22:51:45 PST,reed,OS,All,Linux
2007-12-26 22:51:45 PST,reed,CC,reed,
2007-12-28 20:24:33 PST,samuel.sidler+old,CC,samuel.sidler,
2007-12-28 20:28:00 PST,gavin.sharp,CC,gavin.sharp,
2007-12-31 01:45:57 PST,bugzilla,CC,bugzilla,
2008-01-02 16:21:29 PST,mozillamarcia.knous,Status,ASSIGNED,NEW
2008-01-02 16:21:29 PST,mozillamarcia.knous,CC,l10n,
2008-01-03 05:55:59 PST,l10n,CC,shaohua.wen,
2008-01-09 17:31:59 PST,mozillamarcia.knous,Status,NEW,ASSIGNED
2008-01-09 17:31:59 PST,mozillamarcia.knous,Assignee,server-ops,marcia
2008-01-09 19:17:05 PST,chizu,CC,thardcastle,
2008-01-09 19:17:05 PST,chizu,Assignee,thardcastle,server-ops
2008-01-09 19:24:42 PST,chizu,Status,RESOLVED,NEW
2008-01-09 19:24:42 PST,chizu,Resolution,FIXED,---
2008-01-09 19:24:42 PST,chizu,Last Resolved,2008-01-09 19:24:42,
2008-01-09 23:10:02 PST,reed,Status,REOPENED,RESOLVED
2008-01-09 23:10:02 PST,reed,Resolution,---,FIXED
2008-01-10 00:47:13 PST,chizu,Status,RESOLVED,REOPENED
2008-01-10 00:47:13 PST,chizu,Resolution,FIXED,---
2008-01-10 00:47:13 PST,chizu,Last Resolved,2008-01-10 00:47:13,2008-01-09 19:24:42
2008-01-10 00:59:45 PST,simford,Status,VERIFIED,RESOLVED
