When,Who,What,Added,Removed
2008-06-29 18:33:52 PDT,jason.barnabe,Target Milestone,0.7,---
2008-08-20 07:57:49 PDT,djst,Priority,P1,--
2008-09-05 16:57:54 PDT,nelson,Assignee,nelson,nobody
2008-09-05 16:57:54 PDT,nelson,CC,nelson,
2008-09-23 09:16:05 PDT,laura,Assignee,lorchard,nelson
2008-09-23 09:16:05 PDT,laura,CC,laura,
2008-09-26 08:27:55 PDT,laura,Target Milestone,0.8,0.7
2008-12-09 13:08:20 PST,stephen.donner,CC,stephen.donner,
2008-12-10 09:10:07 PST,laura,Target Milestone,0.9,0.8
2009-01-20 08:46:00 PST,laura,Target Milestone,1.1,0.9
2009-03-13 15:33:37 PDT,djst,CC,djst,
2009-03-13 15:42:50 PDT,djst,Target Milestone,Future,1.1
2009-03-13 15:57:16 PDT,djst,CC,cwwmozilla,
2009-06-09 09:21:47 PDT,laura,Assignee,nobody,lorchard
2009-06-09 09:21:47 PDT,laura,Target Milestone,1.4,Future
2009-07-01 23:51:03 PDT,paul+moz,Assignee,paul.craciunoiu,nobody
2009-07-01 23:51:03 PDT,paul+moz,CC,paul.craciunoiu,
2009-07-01 23:51:48 PDT,paul+moz,Summary,[ForumUX] Forum post e-mail notifications should not be output with tiki markup,Forum post e-mail notifications should not be output with tiki markup
2009-07-02 00:14:34 PDT,paul+moz,CC,sgreverend,
2009-07-06 16:44:32 PDT,paul+moz,CC,smirkingsisyphus,
2009-07-09 10:22:26 PDT,cl58.bmo,CC,cl58.sumo.bugs,
2009-07-09 12:32:22 PDT,paul+moz,Attachment #387701                Flags,review?(laura),
2009-08-06 11:10:34 PDT,laura,Attachment #387701                Flags,review+,review?(laura)
2009-08-06 11:15:47 PDT,paul+moz,Status,RESOLVED,NEW
2009-08-06 11:15:47 PDT,paul+moz,Resolution,FIXED,---
2009-08-06 11:15:47 PDT,paul+moz,Last Resolved,2009-08-06 11:15:47,
2009-08-06 11:44:14 PDT,paul+moz,Target Milestone,1.3,1.4
2009-08-10 16:09:22 PDT,stephen.donner,Status,VERIFIED,RESOLVED
2009-11-26 01:21:53 PST,djst,Whiteboard,tiki_bug,
2009-11-27 08:13:10 PST,lphuberdeau,Whiteboard,tiki_bug, tiki_discuss,tiki_bug
2009-11-27 08:13:10 PST,lphuberdeau,CC,lphuberdeau,
2009-12-08 14:16:41 PST,me+bugzilla,CC,james,
2010-01-19 14:51:31 PST,me+bugzilla,Whiteboard,tiki_test,tiki_bug, tiki_discuss
2010-02-04 11:51:19 PST,me+bugzilla,Blocks,544305,
