When,Who,What,Added,Removed
2007-12-27 07:32:39 PST,stuart.morgan+bugzilla,CC,stuart.morgan,
2007-12-28 20:12:32 PST,gavin.sharp,CC,gavin.sharp,
2007-12-29 08:37:16 PST,stefanh,CC,stefanh,
2008-01-07 15:11:00 PST,jaas,Attachment #295845                Flags,review?(cbarrett),
2008-01-07 15:12:03 PST,jaas,Flags,blocking1.9?,
2008-01-07 16:09:38 PST,jaas,Flags,blocking1.9+,blocking1.9?
2008-01-07 16:36:26 PST,mozcbarrett,Attachment #295845                Flags,review+, superreview?(roc),review?(cbarrett)
2008-01-08 11:59:48 PST,jaas,Priority,P4,--
2008-01-08 18:28:09 PST,roc,Attachment #295845                Flags,superreview+,superreview?(roc)
2008-01-08 18:53:29 PST,jaas,Attachment #295845                Attachment is obsolete,1,0
2008-01-08 18:57:46 PST,jaas,Last Resolved,2008-01-08 18:57:46,
2008-01-08 18:57:46 PST,jaas,Status,RESOLVED,NEW
2008-01-08 18:57:46 PST,jaas,Resolution,FIXED,---
2008-01-29 22:03:13 PST,alqahira,Status,REOPENED,RESOLVED
2008-01-29 22:03:13 PST,alqahira,Resolution,---,FIXED
2008-01-30 12:00:59 PST,jaas,Status,RESOLVED,REOPENED
2008-01-30 12:00:59 PST,jaas,Resolution,FIXED,---
2008-01-30 12:00:59 PST,jaas,Last Resolved,2008-01-30 12:00:59,2008-01-08 18:57:46
2008-01-30 16:30:49 PST,alqahira,Blocks,414992,
2008-01-30 16:32:05 PST,alqahira,Blocks,414993,
2008-01-30 16:34:05 PST,alqahira,Blocks,414994,
2008-01-30 16:37:38 PST,alqahira,Blocks,414996,
2013-10-13 06:25:28 PDT,suzanne.smedberg,CC,andie.fairlie,
