When,Who,What,Added,Removed
2007-12-27 01:26:48 PST,reed,Component,Server Operations,Localization Server
2007-12-27 01:26:48 PST,reed,Assignee,server-ops,reed
2007-12-27 01:26:48 PST,reed,QA Contact,justin,l10n-server
2007-12-27 01:26:48 PST,reed,CC,reed,
2007-12-27 01:26:48 PST,reed,Hardware,All,PC
2007-12-27 01:26:48 PST,reed,OS,All,Linux
2007-12-27 09:21:49 PST,mzeier,Assignee,mrz,server-ops
2007-12-27 09:21:49 PST,mzeier,CC,mrz,
2007-12-27 10:23:49 PST,mzeier,Attachment #294669                Attachment mime type,text/plain,application/octet-stream
2007-12-27 10:25:44 PST,mzeier,Status,RESOLVED,NEW
2007-12-27 10:25:44 PST,mzeier,Resolution,FIXED,---
2007-12-27 10:25:44 PST,mzeier,Last Resolved,2007-12-27 10:25:44,
2015-03-12 08:17:16 PDT,nobody,Product,mozilla.org Graveyard,mozilla.org
