When,Who,What,Added,Removed
2007-12-27 08:13:47 PST,dbo.moz,Flags,blocking-calendar0.8+,
2007-12-31 10:28:15 PST,bvdbos,CC,bvdbos,
2008-01-03 02:39:14 PST,dbo.moz,CC,daniel.boelzle,
2008-01-03 02:39:14 PST,dbo.moz,Flags,,blocking-calendar0.8+
2008-01-03 02:40:19 PST,dbo.moz,Flags,blocking-calendar0.8+,
2008-01-03 02:40:57 PST,dbo.moz,CC,Berend.Cornelius,
2008-01-04 07:32:22 PST,mschroeder,Component,Lightning Only,General
2008-01-04 07:32:22 PST,mschroeder,QA Contact,lightning,general
2008-01-05 11:03:55 PST,mozilla,CC,temp2000,
2008-01-07 04:44:00 PST,berend.cornelius09,Status,ASSIGNED,NEW
2008-01-07 04:44:00 PST,berend.cornelius09,Assignee,Berend.Cornelius,nobody
2008-01-07 04:44:00 PST,berend.cornelius09,Attachment #295753                Flags,review?,
2008-01-07 04:53:15 PST,philipp,Attachment #295753                Flags,review+,review?
2008-01-07 14:43:28 PST,berend.cornelius09,CC,matp75zilla,
2008-01-09 06:18:35 PST,berend.cornelius09,Attachment #295753                Attachment is obsolete,1,0
2008-01-09 06:19:48 PST,berend.cornelius09,Status,RESOLVED,ASSIGNED
2008-01-09 06:19:48 PST,berend.cornelius09,Resolution,FIXED,---
2008-01-09 06:19:48 PST,berend.cornelius09,Last Resolved,2008-01-09 06:19:48,
2008-01-09 08:13:23 PST,mschroeder,Target Milestone,0.8,---
2008-01-10 05:14:54 PST,andreas.treumann,Status,VERIFIED,RESOLVED
2008-01-10 05:14:54 PST,andreas.treumann,CC,andreas.treumann,
