When,Who,What,Added,Removed
2007-12-27 20:17:07 PST,mozdiav,CC,mozdiav,
2008-01-23 11:28:16 PST,thunder,CC,weave,
2008-03-25 16:31:27 PDT,thunder,Resolution,FIXED,---
2008-03-25 16:31:27 PDT,thunder,Last Resolved,2008-03-25 16:31:27,
2008-03-25 16:31:27 PDT,thunder,Status,RESOLVED,NEW
2009-06-15 15:18:02 PDT,mconnor,Product,Weave,Mozilla Labs
2009-06-15 15:18:02 PDT,mconnor,Component,General,Weave
2009-06-15 15:18:02 PDT,mconnor,Target Milestone,---,--
2009-06-15 17:31:46 PDT,reed,QA Contact,general,weave
