When,Who,What,Added,Removed
2007-12-27 06:57:43 PST,cbook,CC,mic, cbook, l10n,
2007-12-27 10:04:07 PST,l10n,Assignee,l10n,nobody
2007-12-27 10:07:38 PST,reed,Product,Mozilla Localizations,Websites
2007-12-27 10:07:38 PST,reed,Hardware,All,PC
2007-12-27 10:07:38 PST,reed,OS,All,Linux
2007-12-27 10:07:38 PST,reed,Component,sr / Serbian,*.mozilla.org
2007-12-27 10:07:38 PST,reed,Assignee,nobody,l10n
2007-12-27 10:07:38 PST,reed,QA Contact,sr,other-mozilla-org
2007-12-27 10:07:52 PST,reed,Assignee,l10n,nobody
2008-01-07 04:24:46 PST,mic,Whiteboard,needs-pike,
2008-03-13 23:31:03 PDT,l10n,Component,Server Operations,sr / Serbian
2008-03-13 23:31:03 PDT,l10n,Assignee,server-ops,l10n
2008-03-13 23:31:03 PDT,l10n,QA Contact,justin,sr
2008-03-13 23:31:03 PDT,l10n,Product,mozilla.org,Mozilla Localizations
2008-03-13 23:31:03 PDT,l10n,Version,other,unspecified
2008-03-13 23:31:56 PDT,l10n,Whiteboard,,needs-pike
2008-03-14 15:43:25 PDT,aravind,Status,RESOLVED,NEW
2008-03-14 15:43:25 PDT,aravind,Resolution,FIXED,---
2008-03-14 15:43:25 PDT,aravind,CC,aravind,
2008-03-14 15:43:25 PDT,aravind,Last Resolved,2008-03-14 15:43:25,
2008-03-17 03:37:48 PDT,l10n,Status,REOPENED,RESOLVED
2008-03-17 03:37:48 PDT,l10n,Resolution,---,FIXED
2008-03-17 08:18:26 PDT,aravind,Status,NEW,REOPENED
2008-03-17 08:18:26 PDT,aravind,Assignee,aravind,server-ops
2008-03-20 14:40:17 PDT,aravind,Status,RESOLVED,NEW
2008-03-20 14:40:17 PDT,aravind,Resolution,FIXED,---
2008-03-20 14:40:17 PDT,aravind,Last Resolved,2008-03-20 14:40:17,2008-03-14 15:43:25
2015-03-12 08:17:16 PDT,nobody,Product,mozilla.org Graveyard,mozilla.org
