When,Who,What,Added,Removed
2007-12-26 20:35:13 PST,browning,Attachment #294622                Flags,review?(daniel.boelzle),
2007-12-29 02:34:46 PST,mschroeder,Status,ASSIGNED,NEW
2008-01-02 17:03:28 PST,browning,Attachment #294622                Flags,,review?(daniel.boelzle)
2008-01-03 01:48:57 PST,dbo.moz,CC,daniel.boelzle,
2008-01-09 00:45:21 PST,mdelorme,CC,mdelorme,
2008-01-11 05:06:29 PST,browning,Depends on,393817,
2008-02-18 07:47:25 PST,bleathem,CC,bleathem,
2008-03-12 11:08:13 PDT,benp,CC,benp,
2008-04-03 09:29:12 PDT,dbo.moz,Flags,wanted-calendar0.9+,
2008-05-09 12:01:13 PDT,zeph0x,CC,zeph0x,
2008-06-02 08:50:04 PDT,dbo.moz,Depends on,370150,
2008-06-09 18:43:03 PDT,browning,Attachment #294622                Attachment is obsolete,1,0
2008-06-19 07:18:14 PDT,dbo.moz,Summary,Implement CalDAV scheduling,CalDAV provider should implement calIITipTransport
2008-06-19 07:18:14 PDT,dbo.moz,Flags,blocking-calendar0.9+,wanted-calendar0.9+
2008-06-25 05:58:31 PDT,dbo.moz,Blocks,434354,
2008-06-25 11:44:46 PDT,bugzilla,CC,bugzilla,
2008-06-30 11:17:47 PDT,shishz,CC,shishz,
2008-06-30 11:38:30 PDT,Asavari.Ukidve,CC,Asavari.Ukidve,
2008-07-11 16:19:54 PDT,dbo.moz,Attachment #329158                Flags,review?(philipp),
2008-07-12 08:49:10 PDT,philipp,Attachment #329158                Flags,review+,review?(philipp)
2008-07-14 01:36:44 PDT,dbo.moz,Attachment #329158                Attachment description,[checked in] strings,strings
2008-07-19 09:26:00 PDT,dbo.moz,Attachment #329159                Attachment is obsolete,1,0
2008-07-25 14:48:09 PDT,philipp,Attachment #330392                Attachment is obsolete,1,0
2008-07-30 09:30:48 PDT,bernard.desruisseaux,CC,bernard.desruisseaux,
2008-08-08 13:24:35 PDT,brandon.evans,CC,brandon.evans,
2008-08-09 07:48:11 PDT,andrew,CC,andrew,
2008-08-10 09:31:41 PDT,browning,Attachment #324382                Attachment is obsolete,1,0
2008-08-10 09:31:41 PDT,browning,Attachment #331363                Attachment is obsolete,1,0
2008-08-10 09:31:41 PDT,browning,Attachment #333107                Attachment is obsolete,1,0
2008-08-10 09:31:41 PDT,browning,Attachment #333160                Flags,review?(daniel.boelzle),
2008-08-10 11:09:49 PDT,bugzilla,Whiteboard,[patch in hand] [needs-review],
2008-08-14 11:00:14 PDT,dbo.moz,Attachment #333160                Flags,review-,review?(daniel.boelzle)
2008-08-14 11:03:55 PDT,dbo.moz,Attachment #333789                Flags,review?(browning),
2008-08-17 09:33:02 PDT,browning,Attachment #333789                Flags,review+,review?(browning)
2008-08-18 03:00:57 PDT,dbo.moz,Keywords,relnote,
2008-08-18 03:00:57 PDT,dbo.moz,Whiteboard,,[patch in hand] [needs-review]
2008-08-18 03:00:57 PDT,dbo.moz,Status,RESOLVED,ASSIGNED
2008-08-18 03:00:57 PDT,dbo.moz,Resolution,FIXED,---
2008-08-18 03:00:57 PDT,dbo.moz,Target Milestone,0.9,---
2008-08-18 03:00:57 PDT,dbo.moz,Last Resolved,2008-08-18 03:00:57,
2008-08-18 03:01:41 PDT,dbo.moz,Attachment #334246                Flags,review+,
2008-08-28 02:40:37 PDT,bugzilla,Keywords,,relnote
