When,Who,What,Added,Removed
2007-12-27 09:11:09 PST,timeless,Product,Core,Mozilla Application Suite
2007-12-27 09:11:09 PST,timeless,Component,GFX: Thebes,General
2007-12-27 09:11:09 PST,timeless,Assignee,nobody,general
2007-12-27 09:11:09 PST,timeless,QA Contact,thebes,general
2007-12-27 13:02:55 PST,bugzilla,Keywords,crash,
2007-12-27 13:02:55 PST,bugzilla,Severity,critical,normal
2007-12-27 13:02:55 PST,bugzilla,CC,bugzilla,
2008-01-03 11:07:46 PST,bugzilla,Summary,Deref of null pointer on cancel of print-to-file [@ _cairo_surface_acquire_dest_image],Deref of null pointer on cancel of print-to-file
2008-03-25 04:01:47 PDT,martijn.martijn,CC,martijn.martijn,
2008-03-25 04:01:47 PDT,martijn.martijn,Flags,blocking1.9?,
2008-03-25 12:30:50 PDT,dsicore,CC,vladimir, dsicore,
2008-03-25 12:30:50 PDT,dsicore,Flags,blocking1.9+,blocking1.9?
2008-03-25 12:30:50 PDT,dsicore,Priority,P2,--
2008-03-25 17:08:01 PDT,vladimir,Status,ASSIGNED,NEW
2008-03-25 17:08:01 PDT,vladimir,Assignee,vladimir,nobody
2008-03-25 17:08:01 PDT,vladimir,Attachment #311693                Flags,review?(pavlov),
2008-03-25 18:00:09 PDT,pavlov,Attachment #311693                Flags,review+,review?(pavlov)
2008-03-26 16:58:35 PDT,vladimir,Attachment #311693                Attachment is obsolete,1,0
2008-03-26 16:58:56 PDT,vladimir,Attachment #311915                Flags,review?(pavlov),
2008-03-26 17:59:36 PDT,pavlov,Attachment #311915                Flags,review+,review?(pavlov)
2008-03-26 18:22:03 PDT,vladimir,Last Resolved,2008-03-26 18:22:03,
2008-03-26 18:22:03 PDT,vladimir,Status,RESOLVED,ASSIGNED
2008-03-26 18:22:03 PDT,vladimir,Resolution,FIXED,---
2008-03-27 12:16:45 PDT,martijn.martijn,Status,VERIFIED,RESOLVED
2008-03-27 21:18:55 PDT,phiw2,Depends on,425593,
2011-06-09 14:58:47 PDT,nobody,Crash Signature,[@ _cairo_surface_acquire_dest_image],
