When,Who,What,Added,Removed
2008-01-27 09:22:31 PST,omarb.public,Summary,"Workweek days only" option doesn't work after update from 0.7,"Workweek days only" option has become inversed
2008-01-27 09:22:31 PST,omarb.public,Status,NEW,UNCONFIRMED
2008-01-27 09:22:31 PST,omarb.public,Ever confirmed,1,0
2008-01-27 09:22:31 PST,omarb.public,Flags,blocking-calendar0.8?,
2008-01-29 04:40:44 PST,omarb.public,Summary,"Workweek days only" option is inversed after update from 0.7,"Workweek days only" option doesn't work after update from 0.7
2008-02-14 13:54:40 PST,cmtalbert,Keywords,relnote,
2008-02-14 13:54:40 PST,cmtalbert,CC,ctalbert,
2008-02-14 13:54:40 PST,cmtalbert,Flags,blocking-calendar0.8-,blocking-calendar0.8?
2008-02-15 11:53:07 PST,omarb.public,Keywords,regression,
2008-02-16 01:20:54 PST,philipp,Assignee,philipp,nobody
2008-02-16 01:20:54 PST,philipp,Flags,blocking-calendar0.8?,blocking-calendar0.8-
2008-02-17 07:21:12 PST,philipp,Attachment #303872                Flags,review?,
2008-02-17 07:23:17 PST,philipp,Status,ASSIGNED,NEW
2008-02-17 07:23:17 PST,philipp,Target Milestone,0.8,---
2008-02-17 07:23:17 PST,philipp,Flags,blocking-calendar0.8+,blocking-calendar0.8?
2008-02-17 07:23:17 PST,philipp,Keywords,,relnote
2008-02-17 07:23:17 PST,philipp,Hardware,All,PC
2008-02-17 07:23:17 PST,philipp,OS,All,Windows XP
2008-02-17 08:00:34 PST,philipp,Attachment #303872                Attachment is obsolete,1,0
2008-02-17 08:00:34 PST,philipp,Attachment #303874                Flags,review?,
2008-02-17 08:00:34 PST,philipp,Attachment #303872                Flags,,review?
2008-02-17 08:14:41 PST,philipp,Attachment #303874                Attachment is obsolete,1,0
2008-02-17 08:14:41 PST,philipp,Attachment #303875                Flags,review?,
2008-02-17 08:14:41 PST,philipp,Attachment #303874                Flags,,review?
2008-02-17 09:23:37 PST,omarb.public,Blocks,402530,
2008-02-17 15:16:54 PST,bugzilla,Attachment #303875                Flags,review?(Berend.Cornelius),review?
2008-02-18 00:00:25 PST,giermann,CC,giermann,
2008-02-18 03:08:54 PST,berend.cornelius09,Attachment #303875                Flags,review+,review?(Berend.Cornelius)
2008-02-18 03:44:11 PST,philipp,Last Resolved,2008-02-18 03:44:11,
2008-02-18 03:44:11 PST,philipp,Status,RESOLVED,ASSIGNED
2008-02-18 03:44:11 PST,philipp,Resolution,FIXED,---
2008-02-19 11:43:53 PST,omarb.public,Status,VERIFIED,RESOLVED
