When,Who,What,Added,Removed
2008-01-08 07:46:40 PST,zurtex,Flags,blocking-firefox3?,
2008-01-08 08:38:20 PST,zurtex,Summary,Clear private data should affect history based smart bookmarks,Clear private data should affect places
2008-01-09 18:59:11 PST,bugzilla.e.dserodio,CC,bugzilla.e.dserodio,
2008-01-09 19:08:40 PST,zurtex,Keywords,privacy,
2008-01-11 06:54:32 PST,supernova00,Version,Trunk,unspecified
2008-01-11 06:54:32 PST,supernova00,Hardware,All,PC
2008-01-11 06:54:32 PST,supernova00,OS,All,Windows Server 2003
2008-01-11 06:54:32 PST,supernova00,Status,NEW,UNCONFIRMED
2008-01-11 06:54:32 PST,supernova00,Severity,enhancement,normal
2008-01-11 06:54:32 PST,supernova00,Component,Places,General
2008-01-11 06:54:32 PST,supernova00,CC,supernova_00,
2008-01-11 06:54:32 PST,supernova00,Ever confirmed,1,0
2008-01-11 08:06:09 PST,jmjeffery,CC,jmjeffery,
2008-01-12 11:58:05 PST,philringnalda,QA Contact,places,general
2008-01-12 18:42:37 PST,dietrich,CC,dietrich,
2008-01-28 04:19:14 PST,bugzilla,CC,danialhorton,
2008-01-28 04:20:27 PST,bugzilla,CC,bugzilla,
2008-01-28 06:42:09 PST,mak77,CC,mak77,
2008-02-04 23:38:03 PST,mconnor,Severity,normal,enhancement
2008-02-04 23:38:03 PST,mconnor,CC,mconnor,
2008-02-04 23:38:03 PST,mconnor,Summary,Clear private data doesn't force smart bookmarks to rebuild,Clear private data should affect history based smart bookmarks
2008-02-05 09:44:52 PST,mak77,Status,ASSIGNED,NEW
2008-02-05 09:45:13 PST,mak77,Status,NEW,ASSIGNED
2008-02-05 09:45:13 PST,mak77,Assignee,mak77,nobody
2008-02-05 09:45:35 PST,mak77,Status,ASSIGNED,NEW
2008-02-05 15:09:07 PST,ryanvm,CC,ryanvm,
2008-02-06 04:31:57 PST,mak77,Summary,Charset annotations created on import should not be EXPIRE_NEVER (was: Clear private data doesn't force smart bookmarks to rebuild),Clear private data doesn't force smart bookmarks to rebuild
2008-02-06 09:50:27 PST,mak77,Summary,Charset annotations created on import should be itemAnnotations (was: Clear private data doesn't force smart bookmarks to rebuild),Charset annotations created on import should not be EXPIRE_NEVER (was: Clear private data doesn't force smart bookmarks to rebuild)
2008-02-07 04:10:22 PST,mak77,Attachment #301695                Attachment is obsolete,1,0
2008-02-07 15:06:41 PST,mbeltzner,Flags,blocking-firefox3+,blocking-firefox3?
2008-02-07 16:27:49 PST,mak77,Attachment #301872                Attachment is obsolete,1,0
2008-02-08 00:55:45 PST,mak77,Attachment #302029                Flags,review?(dietrich),
2008-02-11 09:35:18 PST,dietrich,Whiteboard,[has patch][needs review dietrich],
2008-02-11 10:24:42 PST,dietrich,Attachment #302029                Flags,review+,review?(dietrich)
2008-02-11 10:38:03 PST,dietrich,Keywords,checkin-needed,
2008-02-11 10:38:03 PST,dietrich,Whiteboard,[has patch],[has patch][needs review dietrich]
2008-02-11 10:38:17 PST,dietrich,Priority,P2,--
2008-02-11 10:44:29 PST,dietrich,Depends on,415201,
2008-02-11 10:44:29 PST,dietrich,Keywords,,checkin-needed
2008-02-11 11:05:27 PST,reed,CC,reed,
2008-02-11 11:42:16 PST,mak77,Attachment #302029                Attachment is obsolete,1,0
2008-02-11 11:45:02 PST,mak77,Blocks,391419,
2008-02-12 13:27:45 PST,dietrich,Target Milestone,Firefox 3 beta4,---
2008-02-13 13:43:55 PST,mak77,Whiteboard,[has patch][has review],[has patch]
2008-02-14 09:39:31 PST,mak77,Keywords,checkin-needed,
2008-02-14 09:45:19 PST,dietrich,Keywords,,checkin-needed
2008-02-14 09:45:19 PST,dietrich,Whiteboard,,[has patch][has review]
2008-02-14 09:45:19 PST,dietrich,Status,RESOLVED,ASSIGNED
2008-02-14 09:45:19 PST,dietrich,Resolution,FIXED,---
2008-02-14 09:45:19 PST,dietrich,Last Resolved,2008-02-14 09:45:19,
2008-02-14 11:03:19 PST,dietrich,Status,REOPENED,RESOLVED
2008-02-14 11:03:19 PST,dietrich,Resolution,---,FIXED
2008-02-14 16:38:12 PST,mak77,Attachment #302635                Attachment is obsolete,1,0
2008-02-14 17:17:03 PST,dietrich,Attachment #303412                Flags,review+,
2008-02-15 03:02:22 PST,mak77,Keywords,checkin-needed,
2008-02-15 08:45:42 PST,dietrich,Resolution,FIXED,---
2008-02-15 08:45:42 PST,dietrich,Last Resolved,2008-02-15 08:45:42,2008-02-14 09:45:19
2008-02-15 08:45:42 PST,dietrich,Status,RESOLVED,REOPENED
2008-02-15 08:45:51 PST,dietrich,Keywords,,checkin-needed
2008-03-21 02:52:13 PDT,mak77,Depends on,422548,
2009-11-26 05:43:47 PST,gerv,QA Contact,bookmarks,places
2009-11-26 05:43:47 PST,gerv,Component,Bookmarks & History,Places
2010-02-24 06:26:59 PST,mconnor,CC,,mconnor
2010-12-17 06:56:05 PST,jmjeffery,CC,,jmjeffery
