When,Who,What,Added,Removed
2007-12-28 13:46:42 PST,majken,CC,morgamic, oremj,
2007-12-28 16:28:57 PST,bugzilla,CC,bugzilla,
2007-12-28 16:38:50 PST,simon.bugzilla,CC,simon.bugzilla,
2007-12-31 13:21:26 PST,reed,Assignee,server-ops,nobody
2007-12-31 13:21:26 PST,reed,CC,reed,
2008-01-02 13:41:44 PST,justdave,Assignee,justdave,server-ops
2008-01-02 13:42:29 PST,justdave,Status,RESOLVED,NEW
2008-01-02 13:42:29 PST,justdave,Resolution,FIXED,---
2008-01-02 13:42:29 PST,justdave,Last Resolved,2008-01-02 13:42:29,
2009-07-17 14:54:56 PDT,tmzmoz,Status,VERIFIED,RESOLVED
2009-07-17 14:54:56 PDT,tmzmoz,CC,tomatsumo,
2013-01-15 21:45:46 PST,nobody,Product,support.mozilla.org Graveyard,support.mozilla.org
2013-01-15 21:45:46 PST,nobody,Component,Chat,Chat
