When,Who,What,Added,Removed
2007-12-27 11:05:10 PST,rpmdisguise-nave,Blocks,409949,
2007-12-28 12:12:09 PST,mkmelin+mozilla,Status,ASSIGNED,NEW
2007-12-28 12:12:09 PST,mkmelin+mozilla,Assignee,mkmelin+mozilla,nobody
2007-12-28 12:12:09 PST,mkmelin+mozilla,Attachment #294771                Flags,review?(mnyromyr), superreview?(bienvenu),
2007-12-28 12:29:51 PST,mozilla,CC,bienvenu,
2007-12-30 18:45:26 PST,mnyromyr,Attachment #294771                Flags,review+, review?(kairo),review?(mnyromyr)
2007-12-30 22:38:55 PST,mkmelin+mozilla,CC,mnyromyr,
2007-12-31 05:14:48 PST,kairo,Attachment #294771                Flags,review+,review?(kairo)
2008-02-04 11:08:09 PST,mkmelin+mozilla,Whiteboard,[needs sr:bienvenu],
2008-03-02 11:23:06 PST,mozilla,Attachment #294771                Flags,superreview+,superreview?(bienvenu)
2008-03-03 11:48:29 PST,mkmelin+mozilla,Whiteboard,,[needs sr:bienvenu]
2008-03-03 11:48:29 PST,mkmelin+mozilla,Summary,Probably "Mail" literal instead of a variable to be replaced by branding in "Mail currently sending.... wait?" dialod,Probably "Mail" literal instead of a variable to be replaced on branding
2008-03-03 11:48:29 PST,mkmelin+mozilla,Status,RESOLVED,ASSIGNED
2008-03-03 11:48:29 PST,mkmelin+mozilla,Resolution,FIXED,---
2008-03-03 11:48:29 PST,mkmelin+mozilla,Target Milestone,Thunderbird 3,---
2008-03-03 11:48:29 PST,mkmelin+mozilla,Last Resolved,2008-03-03 11:48:29,
2008-03-03 11:48:51 PST,mkmelin+mozilla,Summary,Probably "Mail" literal instead of a variable to be replaced by branding in "Mail currently sending.... wait?" dialog,Probably "Mail" literal instead of a variable to be replaced by branding in "Mail currently sending.... wait?" dialod
