When,Who,What,Added,Removed
2007-12-27 06:49:39 PST,ysn,Version,2.0,unspecified
2007-12-27 07:46:25 PST,bugzilla,Status,NEW,UNCONFIRMED
2007-12-27 07:46:25 PST,bugzilla,CC,matti,
2007-12-27 07:46:25 PST,bugzilla,Ever confirmed,1,0
2007-12-29 08:26:22 PST,mkmelin+mozilla,Status,ASSIGNED,NEW
2007-12-29 08:26:22 PST,mkmelin+mozilla,Assignee,mkmelin+mozilla,nobody
2007-12-29 08:26:22 PST,mkmelin+mozilla,Attachment #294839                Flags,review?(bienvenu), superreview?(bienvenu),
2007-12-29 08:26:58 PST,mkmelin+mozilla,Hardware,All,PC
2007-12-29 08:26:58 PST,mkmelin+mozilla,OS,All,Windows XP
2007-12-29 08:26:58 PST,mkmelin+mozilla,Target Milestone,Thunderbird 3,---
2007-12-29 08:42:19 PST,mozilla,Attachment #294839                Flags,review+, superreview+,review?(bienvenu), superreview?(bienvenu)
2007-12-29 08:54:56 PST,mkmelin+mozilla,CC,bienvenu,
2007-12-29 09:07:19 PST,mkmelin+mozilla,Status,RESOLVED,ASSIGNED
2007-12-29 09:07:19 PST,mkmelin+mozilla,Resolution,FIXED,---
2007-12-29 09:07:19 PST,mkmelin+mozilla,Last Resolved,2007-12-29 09:07:19,
