When,Who,What,Added,Removed
2007-12-27 10:25:47 PST,reed,CC,reed,
2007-12-28 02:43:42 PST,elmar.ludwig,Blocks,399664,
2007-12-28 02:45:02 PST,dao,Flags,blocking-firefox3?,
2007-12-28 02:45:02 PST,dao,Keywords,access,
2007-12-28 02:45:02 PST,dao,CC,dao,
2007-12-28 02:45:02 PST,dao,Depends on,406215,
2007-12-28 03:48:57 PST,bugzilla.spam2,CC,bugzilla.spam2,
2007-12-28 04:04:29 PST,fotemac,CC,fotemac,
2007-12-28 05:35:38 PST,mcdavis941.bugs,CC,mcdavis941.bugs,
2007-12-28 06:16:04 PST,antoine.mechelynck,CC,antoine.mechelynck,
2007-12-28 14:03:17 PST,ryanvm,CC,ryanvm,
2007-12-28 21:32:34 PST,gavin.sharp,CC,gavin.sharp,
2008-01-04 06:43:17 PST,ipottinger,CC,ipottinger,
2008-01-27 12:25:47 PST,elmar.ludwig,CC,adelfino,
2008-01-28 06:37:21 PST,andrewm715+bugzilla,CC,andrewm715+bugzilla,
2008-01-28 17:55:21 PST,bugs,CC,bugs,
2008-02-03 11:21:44 PST,dao,Blocks,393508,
2008-02-03 11:43:11 PST,deletesoftware+moz,CC,deletesoftware,
2008-02-07 15:07:54 PST,mbeltzner,Flags,blocking-firefox3-,blocking-firefox3?
2008-02-07 15:26:13 PST,dao,Keywords,regression,
2008-02-07 15:26:13 PST,dao,Summary,Addresses in autocomplete list hard to read or invisible on certain systems,Use platform colors in autocomplete list
2008-02-07 15:26:13 PST,dao,Flags,blocking-firefox3?,blocking-firefox3-
2008-02-07 15:26:53 PST,dao,Hardware,All,PC
2008-02-07 15:26:53 PST,dao,OS,All,Linux
2008-02-07 15:27:24 PST,dao,Depends on,,406215
2008-02-07 15:28:36 PST,dao,Component,Theme,Location Bar and Autocomplete
2008-02-07 15:28:36 PST,dao,QA Contact,theme,location.bar
2008-02-07 17:39:12 PST,mbeltzner,Priority,P2,--
2008-02-07 17:39:12 PST,mbeltzner,Flags,blocking-firefox3+,blocking-firefox3?
2008-02-15 01:22:15 PST,fullmetaljacket.xp+bugmail,CC,fullmetaljacket.xp+bugmail,
2008-02-17 15:00:19 PST,bugzilla,CC,bugzilla,
2008-03-24 19:36:52 PDT,mconnor,Assignee,faaborg,nobody
2008-03-24 19:36:52 PDT,mconnor,CC,mconnor,
2008-03-25 21:44:57 PDT,faaborg,CC,jimmac, michael.monreal, ventnor.bugzilla, nisses.mail, calamandrei,
2008-03-27 12:22:57 PDT,mconnor,Whiteboard,[needs status update],
2008-03-27 21:31:41 PDT,faaborg,Depends on,425598,
2008-03-29 20:47:52 PDT,faaborg,Blocks,425582,
2008-03-31 13:15:54 PDT,dao,Whiteboard,[has patch][needs status update],[needs status update]
2008-03-31 13:15:54 PDT,dao,Keywords,uiwanted,
2008-04-02 22:41:25 PDT,faaborg,Keywords,,uiwanted
2008-04-03 10:49:12 PDT,dao,Attachment #312782                Attachment is obsolete,1,0
2008-04-03 10:49:12 PDT,dao,Attachment #313387                Flags,ui-review?(faaborg),
2008-04-03 11:06:03 PDT,dao,Attachment #313387                Attachment is obsolete,1,0
2008-04-03 11:06:03 PDT,dao,Attachment #313387                Flags,,ui-review?(faaborg)
2008-04-03 11:06:59 PDT,dao,Attachment #313390                Flags,ui-review?(faaborg),
2008-04-03 12:44:58 PDT,ehsan,CC,ehsan.akhgari,
2008-04-03 17:34:40 PDT,faaborg,Attachment #313390                Flags,ui-review+,ui-review?(faaborg)
2008-04-03 23:30:03 PDT,dao,Attachment #313390                Flags,review?(gavin.sharp),
2008-04-03 23:30:44 PDT,dao,Whiteboard,[has patch][needs review gavin][needs status update],[has patch][needs status update]
2008-04-05 10:38:37 PDT,sylvain.pasche,CC,ulisail,
2008-04-05 19:17:36 PDT,faaborg,Assignee,dao,faaborg
2008-04-05 21:00:54 PDT,faaborg,Blocks,405605,
2008-04-07 05:14:56 PDT,gavin.sharp,Attachment #313390                Flags,review+,review?(gavin.sharp)
2008-04-07 05:15:09 PDT,gavin.sharp,Whiteboard,[has patch][needs status update],[has patch][needs review gavin][needs status update]
2008-04-07 05:33:45 PDT,dao,Keywords,checkin-needed,
2008-04-07 08:47:41 PDT,dao,Depends on,423718,425598
2008-04-08 11:32:25 PDT,reed,Keywords,,checkin-needed
2008-04-08 11:32:25 PDT,reed,Whiteboard,[needs status update],[has patch][needs status update]
2008-04-08 11:32:25 PDT,reed,Status,ASSIGNED,NEW
2008-04-08 11:32:25 PDT,reed,Target Milestone,Firefox 3,---
2008-04-08 11:44:18 PDT,dao,Whiteboard,[needs status update][Linux fixed],[needs status update]
2008-04-08 11:44:57 PDT,dao,Attachment #313390                Attachment description,Linux patch (checked in),Linux patch
2008-04-11 12:57:46 PDT,sylvain.pasche,CC,sylvain.pasche,
2008-04-12 08:22:39 PDT,mbeltzner,Whiteboard,[windows fix in comment 35][Linux fixed],[needs status update][Linux fixed]
2008-04-12 08:31:28 PDT,dao,Attachment #315282                Flags,review?(gavin.sharp),
2008-04-12 08:33:02 PDT,dao,Depends on,,423718
2008-04-12 08:33:02 PDT,dao,Blocks,423718,
2008-04-12 12:15:33 PDT,gavin.sharp,Attachment #315282                Flags,review+,review?(gavin.sharp)
2008-04-12 12:45:05 PDT,reed,Attachment #315282                Flags,approval1.9?,
2008-04-12 13:02:57 PDT,mbeltzner,Attachment #315282                Flags,approval1.9+,approval1.9?
2008-04-12 15:13:39 PDT,dao,Keywords,checkin-needed,
2008-04-13 17:50:15 PDT,gavin.sharp,Keywords,,checkin-needed
2008-04-13 17:50:15 PDT,gavin.sharp,Whiteboard,,[windows fix in comment 35][Linux fixed]
2008-04-13 17:50:15 PDT,gavin.sharp,Status,RESOLVED,ASSIGNED
2008-04-13 17:50:15 PDT,gavin.sharp,Resolution,FIXED,---
2008-04-13 17:50:15 PDT,gavin.sharp,Last Resolved,2008-04-13 17:50:15,
2008-04-16 05:47:00 PDT,tuukka.tolvanen,CC,tuukka.tolvanen,
2008-04-22 14:59:17 PDT,edilee,CC,edilee,
2008-05-08 09:27:37 PDT,edilee,OS,Linux,All
2008-05-08 09:27:37 PDT,edilee,Status,REOPENED,RESOLVED
2008-05-08 09:27:37 PDT,edilee,Resolution,---,FIXED
2008-05-08 09:27:37 PDT,edilee,CC,beltzner, faaborg, stephen.donner,
2008-05-08 10:02:10 PDT,edilee,URL,data:text/html#696969;">41: #696969 Windows Vista New (#0055bb)</div><div style="color: #676767;">40: #676767 OS X (#144fae)</div><div style="color: #5b5b5b;">36: #5b5b5b Old Green All Platform (#336633)</div><div style="color: #595959;">35: #595959 Windows XP(#006600)</div><div style="color: #a7a7a7;">65: #a7a7a7 Linux (GrayText)</div><div style="color: #a6a6a6;">65: #a6a6a6 Windows Old Not Default Theme (GrayText)</div><div style="color: #767676;">46: #767676 Windows Vista Old (#0066cc)</div><div style="color:,
2008-05-08 10:36:32 PDT,dao,Status,RESOLVED,REOPENED
2008-05-08 10:36:32 PDT,dao,Resolution,FIXED,---
2008-05-08 10:36:32 PDT,dao,Last Resolved,2008-05-08 10:36:32,2008-04-13 17:50:15
2008-05-09 09:17:15 PDT,ispence,CC,ispence,
2008-05-29 06:05:16 PDT,iyosifov,CC,iyosifov,
2008-06-06 13:43:55 PDT,sylvain.pasche,CC,adityakavoor,
2008-06-08 13:34:09 PDT,cww,CC,m,
2008-12-24 16:15:08 PST,bugzillamozillaorg_serge_20140323,Depends on,430259,
2009-11-26 23:11:57 PST,mozilla-bugs,CC,mozilla-bugs,
2009-11-26 23:11:57 PST,mozilla-bugs,See Also,https://launchpad.net/bugs/228541,
2010-02-24 06:31:14 PST,mconnor,CC,,mconnor
