When,Who,What,Added,Removed
2007-12-27 12:56:26 PST,jruderman,Flags,blocking1.9?,
2007-12-27 12:57:02 PST,jruderman,Whiteboard,[sg:critical],
2007-12-27 13:00:03 PST,jruderman,CC,sayrer,
2007-12-27 19:12:56 PST,jwalden+bmo,CC,jwalden+bmo,
2007-12-28 13:52:28 PST,bugs,Status,ASSIGNED,NEW
2007-12-28 13:52:28 PST,bugs,Assignee,Olli.Pettay,nobody
2007-12-28 13:52:28 PST,bugs,Attachment #294779                Flags,review?(peterv), superreview?(peterv),
2007-12-28 19:41:52 PST,gavin.sharp,CC,gavin.sharp,
2008-01-06 07:58:30 PST,peterv,Attachment #294779                Flags,review+, superreview+,review?(peterv), superreview?(peterv)
2008-01-06 10:03:59 PST,bugs,Attachment #295640                Flags,approval1.9?,
2008-01-06 10:29:29 PST,mtschrep,Attachment #295640                Flags,approval1.9+,approval1.9?
2008-01-07 01:18:19 PST,bugs,Status,RESOLVED,ASSIGNED
2008-01-07 01:18:19 PST,bugs,Resolution,FIXED,---
2008-01-07 01:18:19 PST,bugs,Last Resolved,2008-01-07 01:18:19,
2008-01-07 02:36:14 PST,jwalden+bmo,Flags,in-testsuite?,
2012-12-03 22:11:44 PST,dveditz,Group,,core-security
