When,Who,What,Added,Removed
2007-12-27 06:09:36 PST,dtownsend,Flags,blocking-firefox3?,
2007-12-27 06:28:02 PST,stephen.donner,CC,stephend,
2007-12-27 06:52:30 PST,ria.klaassen,CC,ria.klaassen,
2007-12-28 21:31:28 PST,gavin.sharp,CC,gavin.sharp,
2008-02-07 15:07:17 PST,mbeltzner,Flags,blocking-firefox3-,blocking-firefox3?
2008-03-03 07:36:07 PST,xtc4uall,Blocks,332859,
2008-03-03 07:41:07 PST,xtc4uall,CC,xtc4uall,
2008-07-08 03:14:16 PDT,dtownsend,Status,ASSIGNED,NEW
2008-07-08 03:14:16 PDT,dtownsend,Assignee,dtownsend,nobody
2008-07-08 03:14:16 PDT,dtownsend,Attachment #328458                Flags,review?(gavin.sharp),
2008-07-08 11:18:25 PDT,gavin.sharp,Attachment #328458                Flags,review+,review?(gavin.sharp)
2008-07-11 13:14:11 PDT,dtownsend,Status,RESOLVED,ASSIGNED
2008-07-11 13:14:11 PDT,dtownsend,Resolution,FIXED,---
2008-07-11 13:14:11 PDT,dtownsend,Last Resolved,2008-07-11 13:14:11,
2008-07-11 13:14:31 PDT,dtownsend,Target Milestone,Firefox 3.1a1,---
