When,Who,What,Added,Removed
2008-02-08 08:41:15 PST,nelson,CC,morgamic, nelson,
2008-10-06 07:50:05 PDT,laura,CC,laura,
2009-03-03 11:01:22 PST,bmo2010,CC,stephen.donner,
2009-06-09 09:25:33 PDT,laura,Product,mozilla.org,support.mozilla.com
2009-06-09 09:25:33 PDT,laura,Version,other,unspecified
2009-06-09 09:25:33 PDT,laura,Component,Server Operations,Knowledge Base Software
2009-06-09 09:25:33 PDT,laura,Assignee,server-ops,nobody
2009-06-09 09:25:33 PDT,laura,QA Contact,mrz,kb-software
2009-06-09 09:25:33 PDT,laura,CC,mrz,
2009-06-09 09:32:57 PDT,wclouser,CC,clouserw,
2009-06-09 09:44:04 PDT,reed,Product,support.mozilla.com,mozilla.org
2009-06-09 09:44:04 PDT,reed,Version,unspecified,other
2009-06-09 09:44:04 PDT,reed,Component,Knowledge Base Software,Server Operations
2009-06-09 09:44:04 PDT,reed,Assignee,nobody,server-ops
2009-06-09 09:44:04 PDT,reed,QA Contact,kb-software,mrz
2009-06-09 09:44:04 PDT,reed,CC,oremj, reed,
2009-07-26 09:37:25 PDT,simone.lando,CC,s.lando,
2009-10-01 09:08:10 PDT,bmo2010,Target Milestone,1.4.1,---
2009-10-01 09:38:19 PDT,me+bugzilla,Priority,P4,--
2009-10-01 09:38:19 PDT,me+bugzilla,CC,james,
2009-10-01 09:38:19 PDT,me+bugzilla,Target Milestone,1.4.2,1.4.1
2009-10-01 09:48:42 PDT,paul+moz,CC,paulc,
2009-10-02 16:21:11 PDT,paul+moz,Depends on,512841,
2009-10-12 15:59:34 PDT,me+bugzilla,Assignee,james,nobody
2009-10-12 16:48:28 PDT,me+bugzilla,Attachment #405950                Flags,review?(paulc),
2009-10-13 09:29:54 PDT,me+bugzilla,Depends on,,512841
2009-10-13 09:29:54 PDT,me+bugzilla,Blocks,512841,
2009-10-14 16:24:38 PDT,paul+moz,Attachment #405950                Flags,review+,review?(paulc)
2009-10-23 15:55:31 PDT,me+bugzilla,Attachment #405950                Attachment is obsolete,1,0
2009-10-23 15:55:31 PDT,me+bugzilla,Attachment #408132                Flags,review?(morgamic),
2009-10-23 16:18:41 PDT,morgamic,Attachment #408132                Flags,review+,review?(morgamic)
2009-10-26 13:15:36 PDT,me+bugzilla,Summary,Page history shows everyone with the same IP address,Page history shows everyone as the same IP number
2009-10-26 13:15:36 PDT,me+bugzilla,Status,RESOLVED,NEW
2009-10-26 13:15:36 PDT,me+bugzilla,Resolution,FIXED,---
2009-10-26 13:15:36 PDT,me+bugzilla,Last Resolved,2009-10-26 13:15:36,
2009-10-26 13:15:36 PDT,me+bugzilla,Whiteboard,tiki_triage,
2009-10-26 14:48:09 PDT,stephen.donner,URL,https://support-stage.mozilla.org/tiki-pagehistory.php?locale=en-US&page=test%20articles,
2009-10-26 15:53:40 PDT,stephen.donner,Status,VERIFIED,RESOLVED
2010-01-11 23:24:32 PST,marclaporte,Whiteboard,tiki_test,tiki_triage
2010-01-11 23:24:32 PST,marclaporte,CC,marclaporte,
