When,Who,What,Added,Removed
2008-01-24 21:29:35 PST,alqahira,Status,NEW,UNCONFIRMED
2008-01-24 21:29:35 PST,alqahira,Ever confirmed,1,0
2008-01-24 21:29:35 PST,alqahira,Flags,camino1.6b3?,
2008-01-25 13:14:16 PST,mark,Status,ASSIGNED,NEW
2008-01-25 13:14:16 PST,mark,Assignee,mark,nobody
2008-01-25 13:14:16 PST,mark,Attachment #299268                Flags,superreview?(stuart.morgan),
2008-02-01 09:32:38 PST,stuart.morgan+bugzilla,Attachment #299268                Flags,superreview+,superreview?(stuart.morgan)
2008-02-06 21:01:19 PST,mark,Resolution,FIXED,---
2008-02-06 21:01:19 PST,mark,Target Milestone,Camino1.6,---
2008-02-06 21:01:19 PST,mark,Last Resolved,2008-02-06 21:01:19,
2008-02-06 21:01:19 PST,mark,Keywords,fixed1.8.1.12,
2008-02-06 21:01:19 PST,mark,Status,RESOLVED,ASSIGNED
2008-02-10 13:23:32 PST,alqahira,Flags,camino1.6b3+,camino1.6b3?
