When,Who,What,Added,Removed
2008-01-14 13:43:34 PST,wclouser,CC,clouserw,
2008-04-15 14:59:50 PDT,alex,Assignee,nobody,ian-bugzilla
2008-04-15 14:59:50 PDT,alex,CC,polvi,
2008-04-15 14:59:50 PDT,alex,Priority,P1,--
2008-05-01 14:39:28 PDT,alex,Assignee,cpollett,nobody
2008-05-20 10:21:01 PDT,cpollett,Attachment #321787                Flags,review?(rdoherty),
2008-05-21 09:08:05 PDT,ryan.doherty,CC,rdoherty,
2008-05-21 11:13:20 PDT,cpollett,Attachment #321787                Attachment is obsolete,1,0
2008-05-21 11:13:20 PDT,cpollett,Attachment #321979                Flags,review?(rdoherty),
2008-05-21 11:13:20 PDT,cpollett,Attachment #321787                Flags,,review?(rdoherty)
2008-05-21 11:23:20 PDT,ryan.doherty,Attachment #321979                Flags,review+,review?(rdoherty)
2008-05-21 11:30:33 PDT,cpollett,Last Resolved,2008-05-21 11:30:33,
2008-05-21 11:30:33 PDT,cpollett,Status,RESOLVED,NEW
2008-05-21 11:30:33 PDT,cpollett,Resolution,FIXED,---
2011-08-25 09:49:06 PDT,nobody,Product,Websites Graveyard,Websites
