When,Who,What,Added,Removed
2007-12-27 15:25:44 PST,rhelmer,Assignee,rhelmer,nobody
2007-12-27 15:26:17 PST,rhelmer,Status,ASSIGNED,NEW
2007-12-27 15:26:17 PST,rhelmer,Priority,P2,--
2007-12-27 15:26:17 PST,rhelmer,Blocks,359082,
2007-12-27 16:33:19 PST,rhelmer,Attachment #294702                Flags,review?(nrthomas),
2007-12-27 16:33:54 PST,rhelmer,Whiteboard,waiting for review,
2008-01-07 15:21:56 PST,rhelmer,Attachment #294702                Flags,,review?(nrthomas)
2008-01-07 15:23:07 PST,rhelmer,Attachment #294702                Attachment is obsolete,1,0
2008-01-07 15:23:07 PST,rhelmer,Attachment #295848                Flags,review?(nrthomas),
2008-01-08 02:54:36 PST,nthomas,Attachment #295848                Flags,review+,review?(nrthomas)
2008-01-08 10:24:50 PST,rhelmer,Blocks,409880,
2008-01-08 10:26:23 PST,rhelmer,Attachment #295848                Attachment description,[checked in] use prettyAusVersion not pretty_aus_version,use prettyAusVersion not pretty_aus_version
2008-01-08 13:14:23 PST,antoine.mechelynck,CC,antoine.mechelynck,
2008-01-11 08:32:01 PST,rhelmer,Whiteboard,,waiting for review
2008-01-12 22:08:32 PST,rhelmer,Whiteboard,testing,
2008-01-17 12:11:05 PST,rhelmer,Attachment #297593                Flags,review?(nrthomas),
2008-01-17 16:09:55 PST,rhelmer,Whiteboard,waiting for review,testing
2008-01-18 08:07:08 PST,rhelmer,Attachment #297774                Flags,review?(nrthomas),
2008-01-18 08:07:08 PST,rhelmer,Attachment #297593                Flags,,review?(nrthomas)
2008-01-18 08:07:08 PST,rhelmer,Attachment #297593                Attachment is obsolete,1,0
2008-01-18 08:13:42 PST,nthomas,Attachment #297774                Flags,review+,review?(nrthomas)
2008-01-18 08:19:15 PST,rhelmer,Attachment #297774                Attachment description,[checked in] bump relnotes URL from PatcherConfig,bump relnotes URL from PatcherConfig
2008-01-18 08:37:51 PST,rhelmer,Whiteboard,testing,waiting for review
2008-01-19 16:52:55 PST,rhelmer,Whiteboard,,testing
2008-01-19 16:52:55 PST,rhelmer,Status,RESOLVED,ASSIGNED
2008-01-19 16:52:55 PST,rhelmer,Resolution,FIXED,---
2008-01-19 16:52:55 PST,rhelmer,Last Resolved,2008-01-19 16:52:55,
2008-02-19 14:35:51 PST,nthomas,Status,REOPENED,RESOLVED
2008-02-19 14:35:51 PST,nthomas,Resolution,---,FIXED
2008-02-19 14:42:12 PST,nthomas,Status,ASSIGNED,REOPENED
2008-02-19 14:42:12 PST,nthomas,Assignee,nrthomas,rhelmer
2008-02-19 14:42:12 PST,nthomas,Attachment #304323                Flags,review?(rhelmer),
2008-02-19 14:44:38 PST,nthomas,Attachment #304323                Attachment is obsolete,1,0
2008-02-19 14:44:38 PST,nthomas,Attachment #304327                Flags,review?(rhelmer),
2008-02-19 14:44:38 PST,nthomas,Attachment #304323                Flags,,review?(rhelmer)
2008-02-19 17:51:28 PST,rhelmer,Attachment #304327                Flags,review+,review?(rhelmer)
2008-02-20 01:57:53 PST,nthomas,Attachment #304327                Attachment description,[checked in] Remove hard coded "firefox" in details - take 2,Remove hard coded "firefox" in details - take 2
2008-02-20 01:58:16 PST,nthomas,Last Resolved,2008-02-20 01:58:16,2008-01-19 16:52:55
2008-02-20 01:58:16 PST,nthomas,Status,RESOLVED,ASSIGNED
2008-02-20 01:58:16 PST,nthomas,Resolution,FIXED,---
2008-02-20 02:47:47 PST,reed,CC,reed,
2013-08-12 21:54:08 PDT,nobody,Product,Release Engineering,mozilla.org
