When,Who,What,Added,Removed
2007-12-28 08:16:23 PST,dbo.moz,Attachment #294739                Flags,review?(mvl),
2007-12-28 08:17:53 PST,dbo.moz,Status,ASSIGNED,NEW
2007-12-28 08:18:11 PST,dbo.moz,Assignee,daniel.boelzle,nobody
2007-12-28 08:18:11 PST,dbo.moz,Status,NEW,ASSIGNED
2007-12-28 08:18:39 PST,mvl,Attachment #294739                Flags,review+,review?(mvl)
2007-12-28 08:50:03 PST,dbo.moz,Status,RESOLVED,NEW
2007-12-28 08:50:03 PST,dbo.moz,Resolution,FIXED,---
2007-12-28 08:50:03 PST,dbo.moz,Target Milestone,0.8,---
2007-12-28 08:50:03 PST,dbo.moz,Last Resolved,2007-12-28 08:50:03,
2008-01-31 06:03:04 PST,dbo.moz,Status,VERIFIED,RESOLVED
