When,Who,What,Added,Removed
2007-12-27 18:14:40 PST,dholbert,Summary,Final word wraps to its own line, in slogan on "About Mozilla" page,On "About Mozilla" page, final line of  is wrapped on Linux
2008-06-21 01:00:12 PDT,wclouser,Status,RESOLVED,NEW
2008-06-21 01:00:12 PDT,wclouser,Resolution,FIXED,---
2008-06-21 01:00:12 PDT,wclouser,CC,clouserw,
2008-06-21 01:00:12 PDT,wclouser,Last Resolved,2008-06-21 01:00:12,
2008-06-21 12:17:08 PDT,stephen.donner,Status,VERIFIED,RESOLVED
2008-06-21 12:17:08 PDT,stephen.donner,CC,stephen.donner,
2012-04-23 08:15:30 PDT,nobody,Product,Websites,Websites
2012-04-23 08:15:30 PDT,nobody,Component,www.mozilla.org,www.mozilla.org/firefox
2012-08-23 00:16:07 PDT,nobody,Component,General,www.mozilla.org
2012-08-23 00:16:07 PDT,nobody,Product,www.mozilla.org,Websites
