When,Who,What,Added,Removed
2007-12-27 19:14:19 PST,reed,CC,reed,
2007-12-27 23:46:36 PST,fligtar+bugs,CC,oremj,
2007-12-28 01:21:32 PST,bugzilla,CC,bugzilla,
2007-12-28 09:33:30 PST,mzeier,Assignee,mrz,server-ops
2007-12-28 09:33:30 PST,mzeier,CC,mrz,
2007-12-29 11:35:18 PST,fligtar+bugs,Status,RESOLVED,NEW
2007-12-29 11:35:18 PST,fligtar+bugs,Resolution,FIXED,---
2007-12-29 11:35:18 PST,fligtar+bugs,Last Resolved,2007-12-29 11:35:18,
2008-01-10 00:20:47 PST,fligtar+bugs,Status,REOPENED,RESOLVED
2008-01-10 00:20:47 PST,fligtar+bugs,Resolution,---,FIXED
2008-01-10 13:20:37 PST,mzeier,Status,RESOLVED,REOPENED
2008-01-10 13:20:37 PST,mzeier,Resolution,FIXED,---
2008-01-10 13:20:37 PST,mzeier,Last Resolved,2008-01-10 13:20:37,2007-12-29 11:35:18
2015-03-12 08:17:16 PDT,nobody,Product,mozilla.org Graveyard,mozilla.org
