When,Who,What,Added,Removed
2007-12-28 06:28:55 PST,dbo.moz,Status,ASSIGNED,UNCONFIRMED
2007-12-28 06:28:55 PST,dbo.moz,Assignee,daniel.boelzle,nobody
2007-12-28 06:28:55 PST,dbo.moz,Ever confirmed,1,0
2007-12-28 06:28:55 PST,dbo.moz,Attachment #294733                Flags,review?(mvl),
2007-12-28 06:31:05 PST,dbo.moz,OS,All,Windows XP
2007-12-28 06:31:05 PST,dbo.moz,Flags,wanted-calendar0.8+,
2007-12-28 06:31:05 PST,dbo.moz,Hardware,All,PC
2007-12-29 15:23:43 PST,mvl,Attachment #294733                Flags,review+,review?(mvl)
2008-01-02 08:17:58 PST,dbo.moz,Attachment #295096                Flags,review?(mvl),
2008-01-02 08:27:04 PST,mvl,Attachment #295096                Flags,review+,review?(mvl)
2008-01-02 08:53:37 PST,dbo.moz,Status,RESOLVED,ASSIGNED
2008-01-02 08:53:37 PST,dbo.moz,Resolution,FIXED,---
2008-01-02 08:53:37 PST,dbo.moz,Target Milestone,0.8,---
2008-01-02 08:53:37 PST,dbo.moz,Last Resolved,2008-01-02 08:53:37,
2008-01-31 05:29:50 PST,andreas.treumann,Status,VERIFIED,RESOLVED
2008-01-31 05:29:50 PST,andreas.treumann,CC,andreas.treumann,
