When,Who,What,Added,Removed
2007-12-28 10:01:17 PST,omarb.public,Flags,blocking-calendar0.8?,
2007-12-28 10:10:08 PST,mschroeder,Keywords,dataloss, regression,
2007-12-28 10:10:08 PST,mschroeder,Severity,blocker,major
2007-12-28 10:10:24 PST,omarb.public,Keywords,,dataloss
2007-12-28 10:10:24 PST,omarb.public,Severity,major,blocker
2007-12-28 10:10:44 PST,omarb.public,Keywords,dataloss,
2007-12-28 10:11:18 PST,omarb.public,Severity,blocker,major
2007-12-28 11:03:43 PST,dbo.moz,Flags,blocking-calendar0.8+,blocking-calendar0.8?
2007-12-29 01:52:08 PST,dbo.moz,Status,ASSIGNED,NEW
2007-12-29 01:52:08 PST,dbo.moz,Assignee,daniel.boelzle,nobody
2007-12-29 01:52:08 PST,dbo.moz,Attachment #294821                Flags,review?(mvl),
2007-12-29 02:02:23 PST,mvl,Attachment #294821                Flags,review+,review?(mvl)
2007-12-29 03:13:44 PST,dbo.moz,Status,RESOLVED,ASSIGNED
2007-12-29 03:13:44 PST,dbo.moz,Resolution,FIXED,---
2007-12-29 03:13:44 PST,dbo.moz,Target Milestone,0.8,---
2007-12-29 03:13:44 PST,dbo.moz,Last Resolved,2007-12-29 03:13:44,
2007-12-29 03:15:42 PST,mschroeder,Version,unspecified,Mozilla 1.8 Branch
2007-12-29 03:15:42 PST,mschroeder,Hardware,All,PC
2007-12-29 03:15:42 PST,mschroeder,OS,All,Windows XP
2008-01-02 07:38:24 PST,omarb.public,Status,VERIFIED,RESOLVED
