When,Who,What,Added,Removed
2007-12-27 22:11:29 PST,dolske,Attachment #294716                Flags,review?(gavin.sharp),
2007-12-28 21:47:36 PST,gavin.sharp,Attachment #294716                Flags,review+,review?(gavin.sharp)
2007-12-28 21:50:02 PST,reed,CC,reed,
2007-12-28 21:50:02 PST,reed,Flags,in-testsuite?,
2007-12-31 01:36:31 PST,dolske,Attachment #294716                Flags,approval1.9?,
2007-12-31 10:47:08 PST,mconnor,Attachment #294716                Flags,approval1.9+,approval1.9?
2007-12-31 19:05:39 PST,dolske,Attachment #294716                Attachment is obsolete,1,0
2007-12-31 19:19:48 PST,dolske,Status,RESOLVED,NEW
2007-12-31 19:19:48 PST,dolske,Resolution,FIXED,---
2007-12-31 19:19:48 PST,dolske,Flags,in-testsuite+, in-litmus?,in-testsuite?
2007-12-31 19:19:48 PST,dolske,Last Resolved,2007-12-31 19:19:48,
2008-01-02 17:00:04 PST,mozillamarcia.knous,Status,VERIFIED,RESOLVED
2008-01-02 17:00:04 PST,mozillamarcia.knous,CC,marcia,
2008-01-02 17:08:47 PST,mozillamarcia.knous,Flags,in-litmus+,in-litmus?
2008-07-31 04:30:00 PDT,nobody,Product,Toolkit,Firefox
