When,Who,What,Added,Removed
2007-12-28 07:24:22 PST,cvweiss,CC,cvweiss,
2007-12-28 07:41:43 PST,mzehe,OS,All,Linux
2007-12-28 07:41:43 PST,mzehe,CC,marco.zehe,
2007-12-28 09:30:00 PST,ehsan,Status,NEW,UNCONFIRMED
2007-12-28 09:30:00 PST,ehsan,CC,ehsan.akhgari,
2007-12-28 09:30:00 PST,ehsan,Ever confirmed,1,0
2007-12-28 17:38:36 PST,florian,CC,florian,
2007-12-28 22:22:46 PST,gavin.sharp,CC,gavin.sharp, jag, neil,
2007-12-30 03:48:55 PST,ehsan,Assignee,ehsan.akhgari,nobody
2007-12-30 03:48:55 PST,ehsan,Attachment #294892                Flags,review?(gavin.sharp),
2007-12-30 03:48:55 PST,ehsan,Status,ASSIGNED,NEW
2007-12-30 03:51:29 PST,ehsan,Keywords,access, polish,
2007-12-30 03:51:29 PST,ehsan,Version,Trunk,unspecified
2007-12-30 03:51:29 PST,ehsan,Target Milestone,Firefox 3 M11,---
2008-01-03 14:26:27 PST,hex,CC,bugzilla,
2008-01-23 14:02:34 PST,ehsan,Attachment #294892                Flags,review?(mano),review?(gavin.sharp)
2008-01-29 23:05:40 PST,asaf,Attachment #294892                Flags,review+,review?(mano)
2008-01-29 23:33:06 PST,ehsan,CC,mano,
2008-01-29 23:33:06 PST,ehsan,Target Milestone,Firefox 3 beta4,Firefox 3 beta3
2008-02-11 09:10:43 PST,ehsan,Attachment #294892                Flags,approval1.9?,
2008-02-11 10:37:29 PST,mtschrep,Attachment #294892                Flags,approval1.9+,approval1.9?
2008-02-11 13:45:09 PST,ehsan,Attachment #294892                Attachment is obsolete,1,0
2008-02-11 13:48:23 PST,ehsan,Keywords,checkin-needed,
2008-02-13 02:40:24 PST,reed,Status,RESOLVED,ASSIGNED
2008-02-13 02:40:24 PST,reed,Resolution,FIXED,---
2008-02-13 02:40:24 PST,reed,CC,reed,
2008-02-13 02:40:24 PST,reed,Last Resolved,2008-02-13 02:40:24,
2008-02-13 02:40:24 PST,reed,Keywords,,checkin-needed
2008-02-13 02:40:24 PST,reed,Summary,Ctrl-T then Ctrl-K gives address bar focus instead of search field,Ctrl-T then Ctrl-K gives address bar focus instead of search field.
2008-02-13 09:10:03 PST,dao,Blocks,396816,
2008-02-13 09:11:48 PST,dao,Keywords,,access
2008-02-13 09:15:00 PST,ehsan,Attachment #302659                Attachment description,Patch (checked in),Patch for checkin
2008-02-13 09:19:15 PST,antoine.mechelynck,CC,antoine.mechelynck,
