When,Who,What,Added,Removed
2008-01-27 09:08:46 PST,bvdbos,Status,NEW,UNCONFIRMED
2008-01-27 09:08:46 PST,bvdbos,CC,bvdbos,
2008-01-27 09:08:46 PST,bvdbos,Ever confirmed,1,0
2008-01-27 09:08:46 PST,bvdbos,Flags,wanted-calendar0.8?,
2008-01-28 05:38:32 PST,mozilla,CC,temp2000,
2008-01-28 22:54:37 PST,thetux.moz,CC,thetux.moz,
2008-02-04 08:58:12 PST,bugzilla,Flags,wanted-calendar0.8+,wanted-calendar0.8?
2008-02-08 01:33:05 PST,bugzilla,Flags,wanted-calendar0.8-,wanted-calendar0.8+
2008-03-11 16:32:46 PDT,chris,CC,chris,
2008-04-18 16:59:09 PDT,tshanno,CC,tshanno,
2008-04-20 02:55:41 PDT,mschroeder,Hardware,All,PC
2008-04-20 02:55:41 PDT,mschroeder,OS,All,Windows XP
2008-04-22 14:28:01 PDT,Adomnan,Flags,wanted-calendar0.9+,
2008-04-22 14:28:01 PDT,Adomnan,CC,Adomnan,
2008-04-22 14:49:45 PDT,omarb.public,Flags,wanted-calendar0.9?,wanted-calendar0.9+
2008-05-13 05:04:59 PDT,bugzilla,Flags,wanted-calendar0.9+,wanted-calendar0.8-, wanted-calendar0.9?
2008-08-14 01:20:51 PDT,dbo.moz,CC,daniel.boelzle,
2008-09-29 15:58:58 PDT,dbo.moz,Flags,wanted-calendar1.0+,wanted-calendar0.9+
2008-12-04 12:47:10 PST,mozilla,CC,mozilla,
2009-01-28 11:32:50 PST,ssitter,Summary,e-mail to event/task conversion: wrong description when not using Message Pane,eMail to event/task conversion: wrong description when not using Message Pane
2009-01-28 11:38:37 PST,ssitter,CC,1192budapest,
2009-01-28 11:40:25 PST,ssitter,Summary,e-mail to event/task conversion: description is taken from wrong e-mail message (depending on Message Pane content),e-mail to event/task conversion: wrong description when not using Message Pane
2009-02-24 05:20:18 PST,sebo.moz,CC,sebo.moz,
2009-06-06 09:26:58 PDT,mschroeder,Status,ASSIGNED,NEW
2009-06-06 09:26:58 PDT,mschroeder,Assignee,mschroeder,nobody
2009-06-07 07:06:49 PDT,mschroeder,Attachment #382026                Flags,review?(philipp),
2009-06-16 02:24:26 PDT,philipp,Attachment #382026                Flags,review+,review?(philipp)
2009-06-16 02:52:28 PDT,mschroeder,Status,RESOLVED,ASSIGNED
2009-06-16 02:52:28 PDT,mschroeder,Resolution,FIXED,---
2009-06-16 02:52:28 PDT,mschroeder,Target Milestone,1.0,---
2009-06-16 02:52:28 PDT,mschroeder,Last Resolved,2009-06-16 02:52:28,
2009-06-22 12:14:17 PDT,ssitter,Blocks,453122,
2011-11-07 04:00:08 PST,philipp,Target Milestone,1.0b1,1.0
