When,Who,What,Added,Removed
2007-12-28 01:15:07 PST,mzehe,Flags,blocking1.9?,
2008-01-03 14:51:32 PST,dsicore,Priority,P5,--
2008-01-03 14:51:32 PST,dsicore,CC,dsicore,
2008-01-03 14:51:32 PST,dsicore,Flags,blocking1.9+,blocking1.9?
2008-01-03 15:22:57 PST,gavin.sharp,CC,gavin.sharp,
2008-01-06 07:06:41 PST,mzehe,Attachment #294763                Attachment is obsolete,1,0
2008-01-06 07:26:12 PST,mzehe,Attachment #295625                Attachment is obsolete,1,0
2008-01-14 08:20:46 PST,aaronlev,Attachment #295626                Flags,review?(surkov.alexander),
2008-01-14 08:46:09 PST,mzehe,Blocks,400539,
2008-01-16 13:01:17 PST,mzehe,Attachment #295626                Attachment is obsolete,1,0
2008-01-16 13:01:17 PST,mzehe,Attachment #297404                Flags,review?(surkov.alexander),
2008-01-16 13:01:17 PST,mzehe,Attachment #295626                Flags,,review?(surkov.alexander)
2008-01-18 00:23:19 PST,mzehe,Attachment #297706                Flags,review?(surkov.alexander),
2008-01-18 00:23:19 PST,mzehe,Attachment #297404                Flags,,review?(surkov.alexander)
2008-01-18 00:23:19 PST,mzehe,Attachment #297404                Attachment is obsolete,1,0
2008-01-18 00:36:49 PST,mzehe,Attachment #297706                Flags,review?(roc),
2008-01-18 00:42:14 PST,mzehe,Attachment #297706                Flags,review?(dbaron),review?(roc)
2008-01-18 02:05:45 PST,surkov.alexander,Attachment #297706                Flags,review+,review?(surkov.alexander)
2008-01-20 14:59:46 PST,roc,Attachment #297706                Flags,review?(bernd_mozilla),review?(dbaron)
2008-01-25 22:15:28 PST,bernd_mozilla,CC,bernd_mozilla,
2008-01-26 01:47:55 PST,bernd_mozilla,CC,bzbarsky,
2008-01-26 06:57:34 PST,bzbarsky,CC,,bzbarsky
2008-01-30 02:09:16 PST,surkov.alexander,Assignee,surkov.alexander,marco.zehe
2008-01-30 02:09:16 PST,surkov.alexander,Attachment #297706                Attachment is obsolete,1,0
2008-01-30 02:09:16 PST,surkov.alexander,Attachment #300334                Flags,review?(bernd_mozilla),
2008-01-30 02:09:16 PST,surkov.alexander,Attachment #297706                Flags,,review?(bernd_mozilla)
2008-01-30 23:21:30 PST,surkov.alexander,Attachment #300604                Flags,review?(bernd_mozilla),
2008-01-30 23:21:30 PST,surkov.alexander,Attachment #300334                Flags,,review?(bernd_mozilla)
2008-01-30 23:21:30 PST,surkov.alexander,Attachment #300334                Attachment is obsolete,1,0
2008-01-31 19:59:19 PST,surkov.alexander,Attachment #300604                Attachment is obsolete,1,0
2008-01-31 19:59:19 PST,surkov.alexander,Attachment #300814                Flags,review?(bernd_mozilla),
2008-01-31 19:59:19 PST,surkov.alexander,Attachment #300604                Flags,,review?(bernd_mozilla)
2008-01-31 20:01:43 PST,surkov.alexander,Attachment #300814                Flags,review?(marco.zehe),
2008-02-01 00:58:12 PST,surkov.alexander,Attachment #300814                Attachment is obsolete,1,0
2008-02-01 00:58:12 PST,surkov.alexander,Attachment #300843                Flags,review?(bernd_mozilla),
2008-02-01 00:58:12 PST,surkov.alexander,Attachment #300814                Flags,,review?(bernd_mozilla), review?(marco.zehe)
2008-02-01 01:00:09 PST,surkov.alexander,Attachment #300843                Flags,review?(marco.zehe),
2008-02-01 21:12:36 PST,mzehe,Attachment #300843                Flags,review-,review?(marco.zehe)
2008-02-02 09:50:04 PST,mzehe,Attachment #300843                Flags,review+,review-
2008-02-03 11:35:02 PST,bernd_mozilla,Attachment #300843                Flags,review+,review?(bernd_mozilla)
2008-02-03 21:40:37 PST,surkov.alexander,Attachment #300843                Flags,superreview?(roc),
2008-02-03 21:42:33 PST,surkov.alexander,Attachment #300843                Attachment is obsolete,1,0
2008-02-03 21:42:33 PST,surkov.alexander,Attachment #301228                Flags,superreview?(roc),
2008-02-03 21:42:33 PST,surkov.alexander,Attachment #300843                Flags,,superreview?(roc)
2008-02-04 13:13:54 PST,bernd_mozilla,Flags,in-testsuite?,
2008-02-06 16:10:46 PST,roc,Attachment #301228                Flags,superreview+,superreview?(roc)
2008-02-06 23:12:17 PST,surkov.alexander,Status,RESOLVED,ASSIGNED
2008-02-06 23:12:17 PST,surkov.alexander,Resolution,FIXED,---
2008-02-06 23:12:17 PST,surkov.alexander,Last Resolved,2008-02-06 23:12:17,
2008-02-06 23:15:50 PST,reed,CC,reed,
2008-02-06 23:15:50 PST,reed,Target Milestone,mozilla1.9beta4,mozilla1.9beta3
2008-02-07 22:34:35 PST,surkov.alexander,CC,roc,
2008-02-14 05:42:12 PST,mzehe,Blocks,417472,
