When,Who,What,Added,Removed
2007-12-28 07:04:59 PST,djst,CC,stephend,
2007-12-28 10:53:59 PST,marcuri26,CC,marcuri26,
2007-12-28 12:20:43 PST,samuel.sidler+old,Keywords,regression, top100,
2007-12-28 12:20:43 PST,samuel.sidler+old,Whiteboard,[needs-testcase],
2007-12-28 12:20:43 PST,samuel.sidler+old,CC,samuel.sidler,
2007-12-28 12:20:43 PST,samuel.sidler+old,Flags,blocking1.9?,
2007-12-28 18:41:09 PST,mats,Component,GFX: Thebes,Printing
2007-12-28 18:41:09 PST,mats,QA Contact,thebes,printing
2007-12-28 18:41:09 PST,mats,CC,mats.palmgren,
2007-12-28 18:44:39 PST,mats,Attachment #294800                Flags,review?(vladimir), superreview?(vladimir),
2007-12-28 18:50:48 PST,mats,CC,vladimir,
2007-12-28 18:54:19 PST,mats,Blocks,383960,
2007-12-28 19:25:12 PST,mats,Blocks,404092,383960
2007-12-28 19:25:56 PST,reed,CC,reed,
2007-12-29 08:58:17 PST,mats,Blocks,410151,
2008-01-01 10:29:03 PST,tony.jacobs,CC,tony.jacobs,
2008-01-01 16:27:17 PST,fullmetaljacket.xp+bugmail,CC,fullmetaljacket.xp+bugmail,
2008-01-04 16:20:48 PST,vladimir,Attachment #294800                Flags,review+, superreview+, approval1.9+,review?(vladimir), superreview?(vladimir)
2008-01-09 10:45:05 PST,dholbert,CC,msridhar,
2008-01-09 10:46:59 PST,mtschrep,Flags,blocking1.9+,blocking1.9?
2008-01-09 10:46:59 PST,mtschrep,Priority,P2,--
2008-01-09 10:46:59 PST,mtschrep,CC,mtschrep,
2008-01-09 10:55:58 PST,dholbert,CC,dholbert,
2008-01-09 15:28:21 PST,martijn.martijn,CC,martijn.martijn,
2008-01-21 00:45:16 PST,ajohnson,CC,ajohnson,
2008-01-22 11:09:10 PST,dholbert,Attachment #297865                Attachment mime type,text/plain,application/octet-stream
2008-01-22 11:09:10 PST,dholbert,Attachment #297865                Attachment is patch,1,0
2008-01-22 11:16:35 PST,dholbert,Attachment #297865                Attachment is obsolete,1,0
2008-01-22 15:13:17 PST,vladimir,Status,ASSIGNED,NEW
2008-01-22 15:13:17 PST,vladimir,Assignee,vladimir,nobody
2008-01-22 15:13:17 PST,vladimir,Attachment #294800                Attachment is obsolete,1,0
2008-01-22 15:13:17 PST,vladimir,Attachment #294801                Attachment is obsolete,1,0
2008-01-22 15:13:17 PST,vladimir,Attachment #298513                Attachment is obsolete,1,0
2008-01-22 15:13:17 PST,vladimir,Attachment #298555                Flags,review?(ajohnson),
2008-01-23 00:28:27 PST,fjutt,CC,fjutt,
2008-01-23 16:37:43 PST,vladimir,Attachment #298555                Attachment is obsolete,1,0
2008-01-23 16:37:43 PST,vladimir,Attachment #298812                Flags,review?(ajohnson),
2008-01-23 16:37:43 PST,vladimir,Attachment #298555                Flags,,review?(ajohnson)
2008-01-23 18:22:26 PST,vladimir,Attachment #298812                Attachment is obsolete,1,0
2008-01-23 18:22:26 PST,vladimir,Attachment #298839                Flags,review?(ajohnson),
2008-01-23 18:22:26 PST,vladimir,Attachment #298812                Flags,,review?(ajohnson)
2008-01-24 11:02:08 PST,vladimir,Attachment #298839                Flags,,review?(ajohnson)
2008-01-24 11:14:23 PST,vladimir,Depends on,413878,
2008-01-25 20:59:34 PST,vladimir,Status,RESOLVED,ASSIGNED
2008-01-25 20:59:34 PST,vladimir,Resolution,FIXED,---
2008-01-25 20:59:34 PST,vladimir,Last Resolved,2008-01-25 20:59:34,
2008-01-27 12:38:37 PST,tony.jacobs,Status,VERIFIED,RESOLVED
