When,Who,What,Added,Removed
2007-12-28 12:06:52 PST,mrbkap,Attachment #294769                Flags,review?(jst),
2007-12-28 15:09:38 PST,jst,Attachment #294769                Flags,review+, superreview+,review?(jst)
2007-12-28 15:11:22 PST,jst,Hardware,All,PC
2007-12-28 15:11:22 PST,jst,OS,All,Linux
2007-12-28 15:11:22 PST,jst,Priority,P1,--
2007-12-28 15:11:22 PST,jst,Flags,blocking1.9+,
2007-12-28 17:58:46 PST,ryanvm,CC,ryanvm,
2007-12-29 15:42:11 PST,mrbkap,Status,RESOLVED,ASSIGNED
2007-12-29 15:42:11 PST,mrbkap,Resolution,FIXED,---
2007-12-29 15:42:11 PST,mrbkap,Last Resolved,2007-12-29 15:42:11,
