When,Who,What,Added,Removed
2007-12-27 22:12:14 PST,reed,CC,reed,
2007-12-31 15:53:40 PST,bhearsum,CC,anodelman, bhearsum,
2008-01-02 17:29:28 PST,anodelman,Status,ASSIGNED,NEW
2008-01-02 17:29:28 PST,anodelman,Assignee,anodelman,nobody
2008-01-02 17:29:28 PST,anodelman,Attachment #295169                Flags,review?(rcampbell),
2008-01-02 17:46:32 PST,anodelman,Attachment #295169                Attachment is obsolete,1,0
2008-01-02 17:46:32 PST,anodelman,Attachment #295175                Flags,review?(rcampbell),
2008-01-02 17:46:32 PST,anodelman,Attachment #295169                Flags,,review?(rcampbell)
2008-01-03 07:28:57 PST,rcampbell,Attachment #295175                Flags,review+,review?(rcampbell)
2008-01-03 14:58:06 PST,anodelman,Attachment #295290                Flags,review?(rcampbell),
2008-01-04 10:04:56 PST,rcampbell,Attachment #295290                Flags,review+,review?(rcampbell)
2008-01-17 14:57:58 PST,anodelman,Status,RESOLVED,ASSIGNED
2008-01-17 14:57:58 PST,anodelman,Resolution,FIXED,---
2008-01-17 14:57:58 PST,anodelman,Last Resolved,2008-01-17 14:57:58,
2008-12-20 06:47:55 PST,ted,Product,mozilla.org,Core
2008-12-20 06:47:55 PST,ted,Version,other,Trunk
2008-12-20 06:47:55 PST,ted,Component,Release Engineering,Testing
2008-12-20 06:47:55 PST,ted,QA Contact,release,testing
2013-08-12 21:54:08 PDT,nobody,Product,Release Engineering,mozilla.org
