When,Who,What,Added,Removed
2008-01-31 19:12:45 PST,bmo2010,Summary,Rolling back an edit does not remove article from Waiting for review category,Rolling back an edit does not remove article from Out of sync category
2008-02-01 16:00:27 PST,nelson,Status,RESOLVED,NEW
2008-02-01 16:00:27 PST,nelson,Resolution,FIXED,---
2008-02-01 16:00:27 PST,nelson,CC,nelson,
2008-02-01 16:00:27 PST,nelson,Last Resolved,2008-02-01 16:00:27,
2008-02-01 21:06:13 PST,bmo2010,Status,REOPENED,RESOLVED
2008-02-01 21:06:13 PST,bmo2010,Resolution,---,FIXED
2008-10-06 07:50:45 PDT,djst,CC,djst,
2008-10-06 07:50:45 PDT,djst,Target Milestone,0.9,---
2008-10-06 07:50:45 PDT,djst,Assignee,smirkingsisyphus,nobody
2008-10-08 13:46:48 PDT,smirkingsisyphus,Attachment #342308                Flags,review?(nelson),
2008-11-06 12:37:06 PST,nelson,Attachment #342308                Flags,review+,review?(nelson)
2009-01-20 07:47:28 PST,smirkingsisyphus,CC,smirkingsisyphus, stephen.donner,
2009-01-20 07:47:28 PST,smirkingsisyphus,Last Resolved,2009-01-20 07:47:28,2008-02-01 16:00:27
2009-01-20 07:47:28 PST,smirkingsisyphus,Status,RESOLVED,REOPENED
2009-01-20 07:47:28 PST,smirkingsisyphus,Resolution,FIXED,---
2009-01-22 20:47:39 PST,stephen.donner,Status,REOPENED,RESOLVED
2009-01-22 20:47:39 PST,stephen.donner,Resolution,---,FIXED
2009-02-09 18:09:37 PST,smirkingsisyphus,Status,RESOLVED,REOPENED
2009-02-09 18:09:37 PST,smirkingsisyphus,Resolution,FIXED,---
2009-02-09 18:09:37 PST,smirkingsisyphus,Last Resolved,2009-02-09 18:09:37,2009-01-20 07:47:28
2009-02-13 18:41:18 PST,bmo2010,Status,REOPENED,RESOLVED
2009-02-13 18:41:18 PST,bmo2010,Resolution,---,FIXED
2009-02-15 20:22:26 PST,smirkingsisyphus,Status,RESOLVED,REOPENED
2009-02-15 20:22:26 PST,smirkingsisyphus,Resolution,FIXED,---
2009-02-15 20:22:26 PST,smirkingsisyphus,Last Resolved,2009-02-15 20:22:26,2009-02-09 18:09:37
2009-02-15 21:41:20 PST,stephen.donner,Status,VERIFIED,RESOLVED
2009-11-26 01:17:22 PST,djst,Whiteboard,tiki_bug,
2009-11-26 05:53:01 PST,lphuberdeau,CC,lphuberdeau,
2009-11-26 05:56:54 PST,lphuberdeau,Whiteboard,tiki_bug, tiki_upstreamed,tiki_bug
