When,Who,What,Added,Removed
2007-12-27 18:02:13 PST,rhelmer,Blocks,393274,
2007-12-28 01:23:41 PST,bugzilla,CC,bugzilla,
2007-12-28 01:37:03 PST,reed,CC,reed,
2008-01-07 07:51:06 PST,bhearsum,CC,bhearsum,
2008-01-07 08:04:17 PST,aravind,Assignee,aravind,server-ops
2008-01-07 08:04:17 PST,aravind,CC,aravind,
2008-01-07 08:39:15 PST,nthomas,CC,nrthomas,
2008-01-11 14:30:17 PST,ray,CC,ray,
2008-01-14 21:14:46 PST,john+bugzilla,CC,joduinn,
2008-01-17 14:39:06 PST,aravind,Resolution,FIXED,---
2008-01-17 14:39:06 PST,aravind,Last Resolved,2008-01-17 14:39:06,
2008-01-17 14:39:06 PST,aravind,Status,RESOLVED,NEW
2015-03-12 08:17:16 PDT,nobody,Product,mozilla.org Graveyard,mozilla.org
