When,Who,What,Added,Removed
2007-12-27 21:20:55 PST,jruderman,Flags,blocking1.9?,
2007-12-27 21:20:55 PST,jruderman,Attachment #294712                Flags,review?(peterv), superreview?(peterv),
2007-12-27 21:25:18 PST,jwalden+bmo,CC,jwalden+bmo,
2007-12-28 01:41:39 PST,reed,CC,reed,
2007-12-28 14:01:25 PST,ryanvm,CC,ryanvm,
2007-12-28 15:34:14 PST,bugzilla,CC,bugzilla,
2007-12-28 21:35:46 PST,gavin.sharp,CC,gavin.sharp,
2008-01-03 15:39:13 PST,mtschrep,CC,mtschrep,
2008-01-03 15:39:13 PST,mtschrep,Flags,blocking1.9+,blocking1.9?
2008-01-03 15:39:13 PST,mtschrep,Priority,P3,--
2008-01-03 18:13:41 PST,jonas,Priority,P1,P3
2008-01-03 18:13:41 PST,jonas,CC,jonas,
2008-01-04 04:20:49 PST,peterv,Attachment #294712                Flags,review+, superreview+,review?(peterv), superreview?(peterv)
2008-01-04 19:57:42 PST,jruderman,Status,RESOLVED,ASSIGNED
2008-01-04 19:57:42 PST,jruderman,Resolution,FIXED,---
2008-01-04 19:57:42 PST,jruderman,Last Resolved,2008-01-04 19:57:42,
