When,Who,What,Added,Removed
2007-12-27 17:14:53 PST,bugzilla-mozilla-20000923,CC,silver,
2007-12-28 10:16:54 PST,mrbkap,CC,Olli.Pettay,
2007-12-28 21:35:20 PST,gavin.sharp,CC,gavin.sharp,
2008-01-29 17:57:30 PST,mrbkap,Assignee,mrbkap,nobody
2008-01-29 17:57:30 PST,mrbkap,Attachment #300215                Flags,review?(jst),
2008-01-29 17:57:30 PST,mrbkap,Status,ASSIGNED,NEW
2008-02-19 13:54:14 PST,jst,Attachment #300215                Flags,review+, superreview+,review?(jst)
2008-02-19 14:06:42 PST,mrbkap,Flags,blocking1.9?,
2008-02-19 14:07:06 PST,mrbkap,Attachment #300215                Flags,approval1.9?,
2008-02-19 14:17:11 PST,jst,OS,All,Linux
2008-02-19 14:17:11 PST,jst,Priority,P1,--
2008-02-19 14:17:11 PST,jst,Target Milestone,mozilla1.9beta4,---
2008-02-19 14:17:11 PST,jst,Flags,blocking1.9+,blocking1.9?
2008-02-19 14:17:11 PST,jst,Hardware,All,PC
2008-02-19 14:30:02 PST,mbeltzner,Attachment #300215                Flags,approval1.9+,approval1.9?
2008-02-19 14:41:09 PST,jst,Status,RESOLVED,ASSIGNED
2008-02-19 14:41:09 PST,jst,Resolution,FIXED,---
2008-02-19 14:41:09 PST,jst,Last Resolved,2008-02-19 14:41:09,
2008-02-19 16:22:59 PST,bugzillamozillaorg_serge_20140323,Version,Trunk,unspecified
