When,Who,What,Added,Removed
2007-12-27 14:44:10 PST,neil,Status,ASSIGNED,NEW
2007-12-27 14:44:10 PST,neil,Assignee,neil,guifeatures
2007-12-27 14:44:10 PST,neil,Attachment #294689                Flags,review?(jag), superreview?(jag),
2007-12-28 19:35:22 PST,jag-mozilla,Attachment #294689                Flags,review+, superreview+,review?(jag), superreview?(jag)
2007-12-28 21:34:36 PST,gavin.sharp,CC,gavin.sharp,
2007-12-30 02:40:22 PST,neil,Status,RESOLVED,ASSIGNED
2007-12-30 02:40:22 PST,neil,Resolution,FIXED,---
2007-12-30 02:40:22 PST,neil,Last Resolved,2007-12-30 02:40:22,
2008-07-31 04:24:36 PDT,timeless,Component,UI Design,XP Apps: GUI Features
