When,Who,What,Added,Removed
2007-12-27 15:36:16 PST,dao,Attachment #294697                Flags,review?(mano),
2007-12-27 15:49:13 PST,asaf,Attachment #294697                Flags,review+,review?(mano)
2007-12-27 15:50:48 PST,dao,Attachment #294697                Flags,approval1.9?,
2007-12-27 20:14:47 PST,mconnor,Attachment #294697                Flags,approval1.9+,approval1.9?
2007-12-27 21:13:34 PST,reed,Keywords,checkin-needed,
2007-12-27 21:13:34 PST,reed,CC,reed,
2007-12-28 19:17:26 PST,reed,Status,RESOLVED,ASSIGNED
2007-12-28 19:17:26 PST,reed,Resolution,FIXED,---
2007-12-28 19:17:26 PST,reed,Target Milestone,Firefox 3 M11,---
2007-12-28 19:17:26 PST,reed,Last Resolved,2007-12-28 19:17:26,
2007-12-28 19:17:26 PST,reed,Keywords,,checkin-needed
2007-12-29 00:36:23 PST,gavin.sharp,CC,gavin.sharp,
2008-02-28 17:16:04 PST,stephen.donner,Status,VERIFIED,RESOLVED
2008-02-28 17:16:04 PST,stephen.donner,CC,stephen.donner,
