When,Who,What,Added,Removed
2007-12-27 21:42:34 PST,philringnalda,CC,philringnalda,
2007-12-27 21:48:31 PST,bugzilla,CC,bugzilla,
2007-12-27 21:56:26 PST,justdave,CC,justin,
2007-12-28 03:18:57 PST,jo.hermans,CC,jo.hermans,
2007-12-28 05:12:40 PST,justdave,CC,oremj,
2007-12-28 21:49:32 PST,gavin.sharp,CC,gavin.sharp,
2007-12-30 09:44:30 PST,LpSolit,URL,https://bugzilla.mozilla.org/buglist.cgi?quicksearch=ALL+reporter%3A6666%40gmail.com,
2007-12-30 18:01:28 PST,hhschwab,CC,hhschwab,
2008-02-08 17:40:41 PST,reed,Status,RESOLVED,NEW
2008-02-08 17:40:41 PST,reed,Resolution,FIXED,---
2008-02-08 17:40:41 PST,reed,Last Resolved,2008-02-08 17:40:41,
2011-06-26 22:59:39 PDT,nobody,Product,bugzilla.mozilla.org,mozilla.org
2011-06-26 22:59:39 PDT,nobody,Component,General,Bugzilla: Other b.m.o Issues
