When,Who,What,Added,Removed
2007-12-28 00:45:22 PST,dao,Attachment #294719                Flags,approval1.9?,
2007-12-28 00:47:04 PST,dao,Assignee,dao,nobody
2007-12-28 07:52:58 PST,mbeltzner,Attachment #294719                Flags,approval1.9+,approval1.9?
2007-12-28 07:58:10 PST,dao,Keywords,checkin-needed,
2007-12-28 19:13:28 PST,reed,Keywords,,checkin-needed
2007-12-28 19:13:28 PST,reed,Status,RESOLVED,NEW
2007-12-28 19:13:28 PST,reed,Resolution,FIXED,---
2007-12-28 19:13:28 PST,reed,CC,reed,
2007-12-28 19:13:28 PST,reed,Target Milestone,Firefox 3 M11,---
2007-12-28 19:13:28 PST,reed,Last Resolved,2007-12-28 19:13:28,
