When,Who,What,Added,Removed
2007-12-29 07:48:20 PST,standard8,Attachment #294837                Attachment is obsolete,1,0
2007-12-30 03:53:20 PST,mkmelin+mozilla,CC,mkmelin+mozilla,
2007-12-30 05:46:44 PST,standard8,Attachment #294838                Flags,review?(bienvenu), superreview?(bienvenu),
2007-12-30 05:47:44 PST,jminta,CC,jminta,
2007-12-30 06:10:20 PST,mozilla,Attachment #294838                Flags,review+, superreview+,review?(bienvenu), superreview?(bienvenu)
2007-12-30 08:10:53 PST,standard8,Attachment #294838                Attachment description,[checked in] Fix enumerator usages,Fix enumerator usages
2008-01-01 11:56:36 PST,standard8,Attachment #295027                Flags,review?(neil), superreview?(neil),
2008-01-01 14:15:12 PST,neil,Attachment #295027                Flags,superreview-,review?(neil), superreview?(neil)
2008-01-02 14:20:18 PST,standard8,CC,neil,
2008-01-02 23:51:56 PST,standard8,Attachment #295027                Flags,superreview?(neil), review?(neil),superreview-
2008-01-03 02:24:49 PST,neil,Attachment #295027                Flags,superreview+, review+,superreview?(neil), review?(neil)
2008-01-05 05:50:24 PST,standard8,Attachment #295027                Attachment description,[checked in] Fix nsAbBSDirectory,Fix nsAbBSDirectory
2008-01-05 05:52:21 PST,standard8,Attachment #295495                Flags,review?(neil), superreview?(neil),
2008-01-05 05:59:11 PST,standard8,Attachment #295495                Attachment is obsolete,1,0
2008-01-05 05:59:11 PST,standard8,Attachment #295497                Flags,review?(neil), superreview?(neil),
2008-01-05 05:59:11 PST,standard8,Attachment #295495                Flags,,review?(neil), superreview?(neil)
2008-01-05 09:35:26 PST,neil,Attachment #295497                Flags,review-,review?(neil), superreview?(neil)
2008-01-07 11:52:12 PST,standard8,Attachment #295497                Attachment is obsolete,1,0
2008-01-07 11:52:12 PST,standard8,Attachment #295811                Flags,review?(neil), superreview?(neil),
2008-01-07 16:23:55 PST,neil,Attachment #295811                Flags,review-,review?(neil), superreview?(neil)
2008-01-08 10:02:49 PST,standard8,Attachment #295811                Attachment is obsolete,1,0
2008-01-09 10:57:54 PST,standard8,Attachment #295967                Attachment is obsolete,1,0
2008-01-09 10:57:54 PST,standard8,Attachment #296174                Flags,review?(neil), superreview?(neil),
2008-01-09 13:55:42 PST,neil,Attachment #296174                Flags,review+, superreview+,review?(neil), superreview?(neil)
2008-01-10 11:32:17 PST,standard8,Attachment #296174                Attachment description,[checked in] Fix nsIAbDirectory::DeleteCards v4,Fix nsIAbDirectory::DeleteCards v4
2008-03-17 07:05:20 PDT,misak.bugzilla,CC,misak,
2008-04-07 04:02:26 PDT,standard8,Depends on,427510,
2008-04-11 12:13:12 PDT,prasad,Attachment #296710                Attachment is obsolete,1,0
2008-04-11 12:13:12 PDT,prasad,Attachment #315151                Flags,review?(bugzilla),
2008-04-15 05:54:41 PDT,standard8,Attachment #315151                Flags,review-,review?(bugzilla)
2008-04-15 09:43:05 PDT,prasad,CC,prasad,
2008-04-16 10:40:04 PDT,prasad,Attachment #315151                Attachment is obsolete,1,0
2008-04-16 10:40:04 PDT,prasad,Attachment #316047                Flags,review?(neil),
2008-04-17 01:46:34 PDT,neil,Attachment #316047                Flags,review+,review?(neil)
2008-04-23 23:29:06 PDT,prasad,Attachment #316047                Attachment is obsolete,1,0
2008-04-23 23:29:06 PDT,prasad,Attachment #317475                Flags,superreview?(dmose),
2008-04-25 11:19:44 PDT,fta+bugzilla,CC,fta+bugzilla,
2008-05-20 09:37:58 PDT,prasad,Attachment #321778                Flags,superreview?(dmose),
2008-05-20 09:37:58 PDT,prasad,Attachment #317475                Flags,,superreview?(dmose)
2008-05-20 09:37:58 PDT,prasad,Attachment #317475                Attachment is obsolete,1,0
2008-05-20 11:06:48 PDT,prasad,Attachment #321778                Attachment is obsolete,1,0
2008-05-20 11:06:48 PDT,prasad,Attachment #321778                Flags,,superreview?(dmose)
2008-05-21 12:40:11 PDT,prasad,Attachment #321992                Flags,superreview?(dmose),
2008-05-27 15:52:33 PDT,dmose,Attachment #321992                Flags,superreview+,superreview?(dmose)
2008-05-28 18:08:45 PDT,dmose,CC,dmose,
2008-06-01 06:26:58 PDT,prasad,Attachment #321992                Attachment is obsolete,1,0
2008-06-01 06:29:23 PDT,prasad,Keywords,checkin-needed,
2008-06-01 06:45:35 PDT,standard8,Attachment #323276                Attachment description,[checked in] Updates as per comments by dmose.,Updates as per comments by dmose.
2008-06-01 06:46:03 PDT,standard8,Keywords,,checkin-needed
2008-06-01 10:53:32 PDT,standard8,Last Resolved,2008-06-01 10:53:32,
2008-06-01 10:53:32 PDT,standard8,Status,RESOLVED,NEW
2008-06-01 10:53:32 PDT,standard8,Resolution,FIXED,---
2008-06-01 10:53:32 PDT,standard8,Target Milestone,mozilla1.9,---
2008-07-31 04:30:00 PDT,nobody,Product,MailNews Core,Core
