When,Who,What,Added,Removed
2007-12-29 06:32:36 PST,mvl,Blocks,367456,
2007-12-29 12:13:30 PST,mvl,Attachment #294855                Flags,review?(daniel.boelzle),
2007-12-29 15:26:08 PST,mvl,Flags,blocking-calendar0.8?,
2007-12-29 15:54:32 PST,bugzilla,Assignee,mvl,nobody
2007-12-29 15:54:32 PST,bugzilla,Flags,blocking-calendar0.8+,blocking-calendar0.8?
2007-12-29 15:55:02 PST,bugzilla,OS,All,Mac OS X
2007-12-29 15:55:02 PST,bugzilla,Status,ASSIGNED,NEW
2007-12-29 15:55:02 PST,bugzilla,Hardware,All,PC
2007-12-31 10:28:22 PST,bvdbos,CC,bvdbos,
2008-01-02 07:11:51 PST,dbo.moz,CC,daniel.boelzle,
2008-01-02 07:13:15 PST,dbo.moz,Attachment #294855                Flags,review-,review?(daniel.boelzle)
2008-01-02 07:18:54 PST,dbo.moz,Attachment #295091                Flags,review?(mvl),
2008-01-02 10:14:46 PST,mvl,Attachment #295091                Flags,review+,review?(mvl)
2008-01-03 02:26:15 PST,dbo.moz,Status,NEW,ASSIGNED
2008-01-03 02:26:15 PST,dbo.moz,Assignee,daniel.boelzle,mvl
2008-01-03 02:26:53 PST,dbo.moz,Status,RESOLVED,NEW
2008-01-03 02:26:53 PST,dbo.moz,Resolution,FIXED,---
2008-01-03 02:26:53 PST,dbo.moz,Last Resolved,2008-01-03 02:26:53,
2008-01-03 03:28:06 PST,mschroeder,Target Milestone,0.8,---
2008-01-31 06:04:09 PST,dbo.moz,Status,VERIFIED,RESOLVED
