When,Who,What,Added,Removed
2007-12-28 20:31:40 PST,karlt,Attachment #294807                Flags,review?(roc),
2007-12-28 21:15:54 PST,karlt,Attachment #294807                Flags,,review?(roc)
2007-12-28 21:51:33 PST,karlt,Attachment #294808                Flags,review?(roc),
2007-12-28 21:51:48 PST,karlt,Attachment #294807                Attachment is obsolete,1,0
2007-12-28 21:54:48 PST,gavin.sharp,CC,gavin.sharp,
2007-12-29 06:07:18 PST,ryanvm,CC,ryanvm,
2007-12-31 19:25:21 PST,karlt,Attachment #295003                Flags,review?(roc),
2007-12-31 19:25:21 PST,karlt,Attachment #294808                Flags,,review?(roc)
2007-12-31 19:25:21 PST,karlt,Attachment #294808                Attachment is obsolete,1,0
2008-01-02 20:10:41 PST,karlt,Attachment #295003                Attachment is obsolete,1,0
2008-01-02 20:10:41 PST,karlt,Attachment #295003                Flags,,review?(roc)
2008-01-02 20:11:28 PST,karlt,Attachment #295181                Flags,review?(roc),
2008-01-02 20:17:11 PST,roc,Attachment #295181                Flags,review+, superreview+, approval1.9+,review?(roc)
2008-01-02 20:36:50 PST,karlt,Attachment #295181                Attachment description,FinishReflowChild() with the final position for <msqrt> and <mpadded> and make nsBoundingMetrics::operator+= handle empty bounds [checked-in],FinishReflowChild() with the final position for <msqrt> and <mpadded> and make nsBoundingMetrics::operator+= handle empty bounds
2008-01-09 14:52:17 PST,jcea,CC,jcea,
2008-04-05 03:34:45 PDT,wgianopoulos,CC,bill,
2008-05-09 12:57:22 PDT,karlt,Depends on,433064,
2008-05-09 12:59:46 PDT,karlt,Status,RESOLVED,NEW
2008-05-09 12:59:46 PDT,karlt,Resolution,FIXED,---
2008-05-09 12:59:46 PDT,karlt,Last Resolved,2008-05-09 12:59:46,
