When,Who,What,Added,Removed
2007-12-29 12:21:43 PST,bielawski1,OS,All,Windows Vista
2007-12-29 12:21:43 PST,bielawski1,Flags,blocking-firefox3?,
2007-12-29 12:21:43 PST,bielawski1,Version,Trunk,unspecified
2007-12-29 12:21:43 PST,bielawski1,Hardware,All,PC
2007-12-29 12:25:50 PST,bielawski1,Flags,,blocking-firefox3?
2008-02-04 14:53:57 PST,bielawski1,CC,bielawski1,
2008-02-04 14:58:25 PST,dietrich,Status,NEW,UNCONFIRMED
2008-02-04 14:58:25 PST,dietrich,CC,dietrich, faaborg+bugzilla,
2008-02-04 14:58:25 PST,dietrich,Ever confirmed,1,0
2008-02-04 15:28:15 PST,bielawski1,Summary,Clearly allow or disallow tagging of history items,Cannot add tags to history entries directly even though copy-paste to tag folder is possible
2008-02-04 17:49:20 PST,faaborg,CC,faaborg,faaborg+bugzilla
2008-02-05 03:56:00 PST,mak77,CC,mak77,
2008-04-09 07:20:05 PDT,mak77,Depends on,419731,
2008-04-09 16:17:17 PDT,hskupin,CC,hskupin,
2008-04-13 04:57:30 PDT,zurtex,Resolution,FIXED,---
2008-04-13 04:57:30 PDT,zurtex,CC,zurtex,
2008-04-13 04:57:30 PDT,zurtex,Last Resolved,2008-04-13 04:57:30,
2008-04-13 04:57:30 PDT,zurtex,Status,RESOLVED,NEW
2008-04-13 14:09:48 PDT,hskupin,Status,REOPENED,RESOLVED
2008-04-13 14:09:48 PDT,hskupin,Resolution,---,FIXED
2008-04-14 23:34:44 PDT,hskupin,CC,stephen.donner, marcia,
2008-04-18 11:20:57 PDT,twalker,CC,twalker,
2008-04-19 02:53:37 PDT,hskupin,Blocks,429808,
2008-04-19 02:56:48 PDT,hskupin,Blocks,429809,
2008-04-19 03:04:50 PDT,hskupin,Status,RESOLVED,REOPENED
2008-04-19 03:04:50 PDT,hskupin,Resolution,FIXED,---
2008-04-19 03:04:50 PDT,hskupin,Blocks,,429808, 429809
2008-04-19 03:04:50 PDT,hskupin,Last Resolved,2008-04-19 03:04:50,2008-04-13 04:57:30
2008-04-19 04:35:32 PDT,mak77,Status,REOPENED,RESOLVED
2008-04-19 04:35:32 PDT,mak77,Resolution,---,FIXED
2009-01-02 00:14:58 PST,highmind63,CC,highmind63,
2009-01-02 00:14:58 PST,highmind63,Blocks,459438,
2009-01-04 02:17:05 PST,faaborg,Keywords,uiwanted,
2009-01-26 02:54:01 PST,hskupin,CC,aakashhdesai,
2009-01-26 02:54:53 PST,hskupin,Blocks,429811,
2009-01-26 03:03:47 PST,hskupin,Flags,wanted-firefox3.1?,
2009-01-26 09:06:01 PST,dietrich,Flags,wanted-firefox3.1+,wanted-firefox3.1?
2009-01-26 09:07:51 PST,dietrich,Priority,P2,--
2009-01-26 09:07:51 PST,dietrich,Flags,blocking-firefox3.1+,wanted-firefox3.1+
2009-01-26 09:15:53 PST,bugzilla,Assignee,ddahl,nobody
2009-01-26 09:15:53 PST,bugzilla,CC,ddahl,
2009-01-26 11:20:04 PST,mak77,Keywords,,uiwanted
2009-01-26 13:30:35 PST,hskupin,Flags,in-litmus?,
2009-01-26 17:10:08 PST,mak77,Blocks,474066,
2009-01-27 01:09:10 PST,fullmetaljacket.xp+bugmail,CC,fullmetaljacket.xp+bugmail,
2009-01-28 13:50:03 PST,dietrich,Flags,blocking-firefox3.1-, wanted-firefox3.1+,blocking-firefox3.1+
2009-01-29 10:29:58 PST,bugzilla,Depends on,475977,
2009-02-17 17:11:13 PST,bugzilla,Attachment #362821                Flags,review?(mak77),
2009-02-17 18:10:37 PST,mak77,Attachment #362821                Flags,,review?(mak77)
2009-03-04 15:14:26 PST,bugzilla,Attachment #362821                Attachment is obsolete,1,0
2009-03-04 15:14:26 PST,bugzilla,Attachment #365549                Attachment is obsolete,1,0
2009-03-04 15:14:26 PST,bugzilla,Attachment #365552                Flags,review?(mak77),
2009-03-05 15:22:36 PST,mak77,Attachment #365552                Flags,review-,review?(mak77)
2009-03-17 13:53:33 PDT,bugzilla,Attachment #365552                Attachment is obsolete,1,0
2009-03-17 13:53:33 PDT,bugzilla,Attachment #367849                Flags,review?(mak77),
2009-03-17 15:07:00 PDT,bugzilla,Attachment #367849                Attachment is obsolete,1,0
2009-03-17 15:07:00 PDT,bugzilla,Attachment #367877                Flags,review?(mak77),
2009-03-17 15:07:00 PDT,bugzilla,Attachment #367849                Flags,,review?(mak77)
2009-03-17 15:12:14 PDT,bugzilla,Attachment #367877                Flags,,review?(mak77)
2009-03-17 15:12:14 PDT,bugzilla,Attachment #367877                Attachment is obsolete,1,0
2009-03-17 15:12:14 PDT,bugzilla,Attachment #367880                Flags,review?(mak77),
2009-03-17 15:53:06 PDT,mak77,Attachment #367880                Flags,,review?(mak77)
2009-03-18 11:58:51 PDT,bugzilla,Attachment #367880                Attachment is obsolete,1,0
2009-03-18 11:58:51 PDT,bugzilla,Attachment #368071                Flags,review?(mak77),
2009-03-25 03:27:44 PDT,mak77,Attachment #368071                Flags,,review?(mak77)
2009-03-25 10:34:38 PDT,bugzilla,Attachment #368071                Attachment is obsolete,1,0
2009-03-25 10:34:38 PDT,bugzilla,Attachment #369303                Flags,review?(mak77),
2009-03-25 11:04:53 PDT,bugzilla,Attachment #369303                Attachment is obsolete,1,0
2009-03-25 11:04:53 PDT,bugzilla,Attachment #369310                Flags,review?(mak77),
2009-03-25 11:04:53 PDT,bugzilla,Attachment #369303                Flags,,review?(mak77)
2009-03-25 11:54:05 PDT,mak77,Attachment #369310                Flags,review+,review?(mak77)
2009-03-25 15:17:56 PDT,bugzilla,Attachment #369310                Attachment is obsolete,1,0
2009-03-25 15:17:56 PDT,bugzilla,Attachment #369383                Flags,review+,
2009-03-25 16:03:00 PDT,bugzilla,Attachment #369386                Flags,review?(mak77),
2009-03-25 16:03:00 PDT,bugzilla,Attachment #369383                Attachment is obsolete,1,0
2009-03-25 16:03:58 PDT,stephen.donner,CC,,stephen.donner
2009-03-26 08:29:58 PDT,bugzilla,Attachment #369386                Attachment is obsolete,1,0
2009-03-26 08:29:58 PDT,bugzilla,Attachment #369510                Flags,review+,
2009-03-26 08:29:58 PDT,bugzilla,Attachment #369386                Flags,,review?(mak77)
2009-03-26 08:51:22 PDT,bugzilla,Attachment #369510                Attachment is obsolete,1,0
2009-03-26 08:51:22 PDT,bugzilla,Attachment #369514                Flags,review+,
2009-03-26 08:58:09 PDT,mak77,Keywords,checkin-needed,
2009-03-26 08:58:09 PDT,mak77,Target Milestone,Firefox 3.6a1,---
2009-03-26 08:58:09 PDT,mak77,Flags,in-testsuite?,in-litmus?
2009-03-27 06:59:06 PDT,mak77,Attachment #369514                Attachment is obsolete,1,0
2009-03-27 07:27:13 PDT,mak77,Keywords,,checkin-needed
2009-03-27 07:36:48 PDT,mak77,Status,RESOLVED,REOPENED
2009-03-27 07:36:48 PDT,mak77,Resolution,FIXED,---
2009-03-27 07:36:48 PDT,mak77,Last Resolved,2009-03-27 07:36:48,2008-04-19 03:04:50
2009-03-27 07:37:38 PDT,mak77,Flags,in-testsuite+,in-testsuite?
2009-03-29 01:03:38 PDT,ehsan,CC,ehsan.akhgari,
2009-03-29 01:20:39 PDT,ehsan,Depends on,485765,
2009-03-30 01:10:27 PDT,mak77,Attachment #369663                Flags,approval1.9.1?,
2009-03-30 08:29:42 PDT,sdwilsh,Attachment #369663                Flags,,approval1.9.1?
2009-03-30 11:14:25 PDT,mak77,Attachment #370033                Flags,approval1.9.1?,
2009-04-03 12:20:51 PDT,hskupin,Status,VERIFIED,RESOLVED
2009-04-15 12:00:40 PDT,mbeltzner,Attachment #370033                Flags,approval1.9.1-,approval1.9.1?
2009-04-15 15:12:29 PDT,mak77,Attachment #370033                Attachment is obsolete,1,0
2009-04-15 15:12:29 PDT,mak77,Attachment #372987                Flags,approval1.9.1?,
2009-04-16 06:13:48 PDT,mbeltzner,Attachment #372987                Flags,approval1.9.1+,approval1.9.1?
2009-04-16 08:26:32 PDT,mak77,Keywords,fixed1.9.1,
2009-04-21 09:04:01 PDT,hskupin,Keywords,verified1.9.1,fixed1.9.1
2009-04-21 09:04:01 PDT,hskupin,Flags,in-litmus-,
2009-11-26 05:33:51 PST,gerv,Component,Bookmarks & History,Places
2009-11-26 05:33:51 PST,gerv,QA Contact,bookmarks,places
2010-02-15 09:10:08 PST,hsivonen,CC,hsivonen,
