When,Who,What,Added,Removed
2007-12-28 17:47:05 PST,rflint,Attachment #294796                Flags,review?(mconnor),
2007-12-28 17:51:14 PST,reed,CC,reed,
2007-12-28 17:51:22 PST,ryanvm,CC,ryanvm,
2007-12-29 00:28:18 PST,gavin.sharp,CC,gavin.sharp,
2008-01-14 12:17:35 PST,mconnor,Attachment #294796                Flags,review+,review?(mconnor)
2008-01-14 12:18:54 PST,mconnor,Attachment #294796                Flags,approval1.9+,
2008-01-14 19:09:53 PST,rflint,Status,RESOLVED,ASSIGNED
2008-01-14 19:09:53 PST,rflint,Resolution,FIXED,---
2008-01-14 19:09:53 PST,rflint,Target Milestone,Firefox 3 M11,---
2008-01-14 19:09:53 PST,rflint,Flags,in-litmus-, in-testsuite-,
2008-01-14 19:09:53 PST,rflint,Last Resolved,2008-01-14 19:09:53,
