When,Who,What,Added,Removed
2007-12-29 08:57:35 PST,ryanvm,CC,ryanvm,
2007-12-29 14:13:17 PST,gavin.sharp,CC,gavin.sharp,
2008-01-24 10:34:40 PST,bugzilla,CC,bugzilla,
2008-08-17 14:20:18 PDT,bugzilla-graveyard,CC,cl-bugs-new,
2008-11-08 06:17:32 PST,BijuMailList,Resolution,FIXED,---
2008-11-08 06:17:32 PST,BijuMailList,Depends on,458487,
2008-11-08 06:17:32 PST,BijuMailList,Last Resolved,2008-11-08 06:17:32,
2008-11-08 06:17:32 PST,BijuMailList,Status,RESOLVED,NEW
2008-11-09 13:19:21 PST,diegoliz,Status,VERIFIED,RESOLVED
2008-11-09 13:19:21 PST,diegoliz,CC,diegoliz,
2009-01-22 10:17:43 PST,nobody,Product,Core Graveyard,Core
