When,Who,What,Added,Removed
2008-01-14 16:36:17 PST,franc,CC,franc,
2008-02-12 10:48:38 PST,mdudziak,Status,RESOLVED,UNCONFIRMED
2008-02-12 10:48:38 PST,mdudziak,Resolution,WORKSFORME,---
2008-02-12 10:48:38 PST,mdudziak,Last Resolved,2008-02-12 10:48:38,
2009-03-15 00:48:11 PDT,junkinbox2,Attachment #295200                Attachment is obsolete,1,0
2009-03-24 00:04:21 PDT,junkinbox2,Status,UNCONFIRMED,RESOLVED
2009-03-24 00:04:21 PDT,junkinbox2,Resolution,---,WORKSFORME
2009-03-24 08:23:51 PDT,beckley,CC,beckley,
2009-04-01 13:35:42 PDT,mdudziak,Whiteboard,[retest_eub6],
2009-04-05 15:44:51 PDT,beckley,Version,0.5,unspecified
2009-04-05 15:44:51 PDT,beckley,Hardware,All,x86
2009-04-05 15:44:51 PDT,beckley,OS,All,Windows Vista
2009-04-05 15:44:51 PDT,beckley,Status,RESOLVED,UNCONFIRMED
2009-04-05 15:44:51 PDT,beckley,Resolution,FIXED,---
2009-04-05 15:44:51 PDT,beckley,Assignee,beckley,mozilla-bugs
2009-04-05 15:44:51 PDT,beckley,Target Milestone,0.5,---
2009-04-05 15:44:51 PDT,beckley,Last Resolved,2009-04-05 15:44:51,2008-02-12 10:48:38
2009-04-05 15:44:51 PDT,beckley,Summary,Edit menu displays incorrectly,Tools menu dropdown is empty
2009-04-06 16:20:33 PDT,mdudziak,CC,mozilla-bugs,
2010-02-03 14:57:57 PST,mdudziak,Target Milestone,---,0.5
