When,Who,What,Added,Removed
2007-12-28 21:54:09 PST,gavin.sharp,CC,gavin.sharp,
2007-12-29 00:36:33 PST,bugzilla.spam2,CC,bugzilla.spam2,
2008-01-07 06:31:43 PST,twanno,Assignee,twanno,guifeatures
2008-01-07 06:31:43 PST,twanno,Attachment #295764                Flags,review?(neil), superreview?(neil),
2008-01-07 06:31:43 PST,twanno,Status,ASSIGNED,NEW
2008-01-12 15:56:45 PST,neil,Attachment #295764                Flags,review+, superreview?(jag),review?(neil), superreview?(neil)
2008-01-20 14:45:50 PST,twanno,Attachment #295764                Attachment is obsolete,1,0
2008-01-20 14:45:50 PST,twanno,Attachment #298167                Flags,review+, superreview?(jag),
2008-01-20 14:45:50 PST,twanno,Attachment #295764                Flags,,superreview?(jag)
2008-01-23 01:12:41 PST,jag-mozilla,Attachment #298167                Flags,superreview+,superreview?(jag)
2008-01-23 01:15:44 PST,reed,Keywords,checkin-needed,
2008-01-23 01:15:44 PST,reed,CC,reed,
2008-01-23 23:31:04 PST,reed,Keywords,,checkin-needed
2008-01-23 23:31:04 PST,reed,Status,RESOLVED,ASSIGNED
2008-01-23 23:31:04 PST,reed,Resolution,FIXED,---
2008-01-23 23:31:04 PST,reed,Last Resolved,2008-01-23 23:31:04,
2008-07-31 04:24:37 PDT,timeless,Component,UI Design,XP Apps: GUI Features
