When,Who,What,Added,Removed
2007-12-28 14:19:18 PST,alqahira,Flags,camino1.6b1?,
2007-12-28 20:45:02 PST,bugzilla-graveyard,CC,cl-bugs,
2007-12-29 02:29:27 PST,krmathis,CC,krmathis,
2008-02-25 23:05:48 PST,stuart.morgan+bugzilla,Flags,camino1.6b3-,camino1.6b3?
2008-02-25 23:31:41 PST,alqahira,Whiteboard,[Good First Bug],
2008-02-27 12:43:39 PST,markus.magnuson,Attachment #306089                Flags,review?(stuart.morgan),
2008-02-27 12:49:35 PST,markus.magnuson,Attachment #306089                Attachment is obsolete,1,0
2008-02-27 12:49:35 PST,markus.magnuson,Attachment #306092                Flags,review?(stuart.morgan),
2008-02-27 12:49:35 PST,markus.magnuson,Attachment #306089                Flags,,review?(stuart.morgan)
2008-02-27 13:11:02 PST,alqahira,Assignee,markus.magnuson,nobody
2008-02-28 00:23:22 PST,markus.magnuson,Whiteboard,[Good First Bug][string changes in comment #3],[Good First Bug]
2008-02-29 11:12:47 PST,alqahira,Attachment #306092                Flags,review?(alqahira),
2008-02-29 16:42:28 PST,alqahira,Attachment #306092                Flags,superreview?(stuart.morgan),review?(stuart.morgan)
2008-02-29 16:43:01 PST,alqahira,Attachment #306092                Flags,review+,review?(alqahira)
2008-02-29 16:43:30 PST,alqahira,Whiteboard,[Good First Bug],[Good First Bug][string changes in comment #3]
2008-02-29 20:39:06 PST,stuart.morgan+bugzilla,Attachment #306092                Flags,superreview+,superreview?(stuart.morgan)
2008-02-29 20:45:11 PST,stuart.morgan+bugzilla,Keywords,fixed1.8.1.13,polish
2008-02-29 20:45:11 PST,stuart.morgan+bugzilla,Whiteboard,,[Good First Bug]
2008-02-29 20:45:11 PST,stuart.morgan+bugzilla,Status,RESOLVED,NEW
2008-02-29 20:45:11 PST,stuart.morgan+bugzilla,Resolution,FIXED,---
2008-02-29 20:45:11 PST,stuart.morgan+bugzilla,Target Milestone,Camino1.6,---
2008-02-29 20:45:11 PST,stuart.morgan+bugzilla,Last Resolved,2008-02-29 20:45:11,
