When,Who,What,Added,Removed
2007-12-28 21:37:12 PST,reed,CC,reed,
2007-12-28 21:37:12 PST,reed,Flags,blocking-seamonkey1.1.8?, blocking-seamonkey2.0a1?,
2007-12-29 01:14:26 PST,standard8,Assignee,bugzilla,general
2007-12-29 01:34:44 PST,standard8,Attachment #294818                Flags,review?(kairo),
2007-12-29 06:59:34 PST,kairo,Attachment #294818                Flags,review+,review?(kairo)
2007-12-30 07:25:28 PST,standard8,Attachment #294897                Flags,review?(kairo), superreview?(neil), approval-seamonkey1.1.8?,
2007-12-30 08:58:12 PST,kairo,Attachment #294897                Flags,review+, approval-seamonkey1.1.8+,review?(kairo), approval-seamonkey1.1.8?
2007-12-30 09:47:39 PST,neil,Attachment #294897                Flags,superreview+,superreview?(neil)
2007-12-31 13:28:20 PST,bugzilla,CC,bugzilla,
2007-12-31 15:29:21 PST,standard8,Keywords,fixed-seamonkey1.1.8,
2007-12-31 15:29:21 PST,standard8,Status,RESOLVED,NEW
2007-12-31 15:29:21 PST,standard8,Resolution,FIXED,---
2007-12-31 15:29:21 PST,standard8,Last Resolved,2007-12-31 15:29:21,
2008-01-01 12:59:08 PST,standard8,Flags,,blocking-seamonkey1.1.8?, blocking-seamonkey2.0a1?
