When,Who,What,Added,Removed
2007-12-28 17:59:35 PST,ryanvm,CC,ryanvm,
2007-12-28 19:35:18 PST,surkov.alexander,CC,surkov.alexander,
2007-12-28 21:54:03 PST,gavin.sharp,CC,gavin.sharp,
2007-12-29 07:05:01 PST,jminta,CC,jminta,
2007-12-30 04:27:26 PST,neil,Attachment #294894                Flags,review?(Olli.Pettay),
2007-12-30 08:34:06 PST,bugs,Attachment #294894                Flags,review-,review?(Olli.Pettay)
2007-12-31 14:20:08 PST,neil,Attachment #294989                Flags,review?(Olli.Pettay),
2008-01-02 14:19:29 PST,jonas,Attachment #294989                Flags,review+,review?(Olli.Pettay)
2008-01-02 14:23:51 PST,reed,CC,reed,
2008-01-03 05:21:30 PST,neil,Attachment #294989                Attachment is obsolete,1,0
2008-01-03 05:21:30 PST,neil,Attachment #295219                Flags,review?(Olli.Pettay), superreview?(jonas),
2008-01-03 05:21:30 PST,neil,Attachment #294894                Attachment is obsolete,1,0
2008-01-03 05:35:41 PST,bugs,Attachment #295219                Flags,review+,review?(Olli.Pettay)
2008-01-03 08:47:14 PST,jonas,Attachment #295219                Flags,superreview+,superreview?(jonas)
2008-01-03 09:23:43 PST,neil,Attachment #295219                Flags,approval1.9?,
2008-01-03 10:58:12 PST,jonas,Attachment #295219                Flags,approval1.9+,approval1.9?
2008-01-03 22:35:34 PST,reed,Assignee,neil,nobody
2008-01-04 03:25:32 PST,neil,Keywords,helpwanted,
2008-01-04 03:25:32 PST,neil,Assignee,nobody,neil
2008-01-04 09:18:42 PST,neil,Assignee,neil,nobody
2008-01-04 09:19:26 PST,neil,Status,RESOLVED,NEW
2008-01-04 09:19:26 PST,neil,Resolution,FIXED,---
2008-01-04 09:19:26 PST,neil,Last Resolved,2008-01-04 09:19:26,
2008-01-06 14:24:00 PST,bzbarsky,Blocks,411054,
2008-07-31 03:26:13 PDT,timeless,QA Contact,xptoolkit.widgets,xptoolkit.xul
2008-07-31 03:26:13 PDT,timeless,Component,XUL,XP Toolkit/Widgets: XUL
