When,Who,What,Added,Removed
2007-12-28 21:53:22 PST,gavin.sharp,CC,gavin.sharp,
2009-02-26 06:35:40 PST,ilmari.heikkinen,CC,ilmari.heikkinen,
2009-03-02 21:28:11 PST,ilmari.heikkinen,Attachment #364331                Attachment is obsolete,1,0
2009-03-02 21:28:11 PST,ilmari.heikkinen,Attachment #365132                Flags,review?(vladimir),
2010-01-10 12:39:54 PST,vladimir,Component,Canvas: WebGL,Canvas: 2D
2010-06-18 14:04:46 PDT,jacob.benoit.1,CC,bjacob,
2010-06-18 16:47:26 PDT,ilmari.heikkinen,Attachment #294781                Attachment is obsolete,1,0
2010-06-21 10:28:23 PDT,ilmari.heikkinen,Depends on,539771,
2010-06-21 10:28:41 PDT,ilmari.heikkinen,Attachment #365132                Flags,,review?(vladimir)
2010-06-21 10:28:41 PDT,ilmari.heikkinen,Attachment #365132                Attachment is obsolete,1,0
2010-06-21 14:07:03 PDT,vladimir,CC,vladimir,
2010-12-13 14:31:59 PST,vladimir,Status,RESOLVED,NEW
2010-12-13 14:31:59 PST,vladimir,Resolution,FIXED,---
2010-12-13 14:31:59 PST,vladimir,Last Resolved,2010-12-13 14:31:59,
