When,Who,What,Added,Removed
2007-12-29 15:23:04 PST,jruderman,CC,jruderman,
2007-12-29 18:20:24 PST,samuel.sidler+old,CC,samuel.sidler,
2007-12-29 22:10:46 PST,jwalden+bmo,CC,jwalden+bmo,
2007-12-31 10:27:11 PST,dveditz,CC,dveditz,
2008-01-09 19:59:35 PST,dveditz,Status,NEW,UNCONFIRMED
2008-01-09 19:59:35 PST,dveditz,CC,cbiesinger, dougt,
2008-01-09 19:59:35 PST,dveditz,Ever confirmed,1,0
2008-01-09 19:59:35 PST,dveditz,Flags,blocking1.8.1.12?, wanted1.8.1.x+, blocking-firefox3?,
2008-01-09 19:59:35 PST,dveditz,Whiteboard,[sg:moderate],
2008-01-09 19:59:59 PST,dveditz,CC,dougt,dougt
2008-01-14 16:32:53 PST,dveditz,Flags,blocking1.8.1.13?,blocking1.8.1.12?
2008-01-14 16:34:41 PST,samuel.sidler+old,Priority,P2,--
2008-01-14 16:34:41 PST,samuel.sidler+old,Assignee,robert.bugzilla,nobody
2008-01-14 16:34:41 PST,samuel.sidler+old,CC,robert.bugzilla,
2008-01-16 14:47:51 PST,gavin.sharp,CC,gavin.sharp,
2008-02-08 10:52:04 PST,mbeltzner,Flags,blocking-firefox3-,blocking-firefox3?
2008-02-15 12:10:22 PST,dveditz,Flags,blocking1.8.1.13+,blocking1.8.1.13?
2008-03-05 12:04:40 PST,dveditz,Flags,blocking1.8.1.14+,blocking1.8.1.13+
2008-04-10 21:15:09 PDT,robert.strong.bugs,CC,benjamin,
2008-04-11 10:52:11 PDT,robert.strong.bugs,Attachment #315139                Flags,review?(benjamin),
2008-04-11 10:55:49 PDT,robert.strong.bugs,Whiteboard,[sg:moderate][has patch][need review],[sg:moderate]
2008-04-14 10:46:18 PDT,benjamin,Attachment #315139                Flags,review-,review?(benjamin)
2008-04-14 13:17:51 PDT,robert.strong.bugs,Whiteboard,[sg:moderate],[sg:moderate][has patch][need review]
2008-04-14 16:13:17 PDT,robert.strong.bugs,Attachment #315139                Attachment is obsolete,1,0
2008-04-14 16:13:17 PDT,robert.strong.bugs,Attachment #315661                Flags,review?(benjamin),
2008-04-14 17:03:49 PDT,robert.strong.bugs,Attachment #315661                Attachment is obsolete,1,0
2008-04-14 17:03:49 PDT,robert.strong.bugs,Attachment #315677                Flags,review?(benjamin),
2008-04-14 17:03:49 PDT,robert.strong.bugs,Attachment #315661                Flags,,review?(benjamin)
2008-04-14 17:04:10 PDT,robert.strong.bugs,Whiteboard,[sg:moderate][has patch][need review],[sg:moderate]
2008-04-16 14:05:34 PDT,benjamin,Attachment #315677                Flags,review+,review?(benjamin)
2008-04-16 14:09:21 PDT,robert.strong.bugs,Attachment #315677                Flags,approval1.9?,
2008-04-16 14:09:32 PDT,robert.strong.bugs,Whiteboard,[sg:moderate][has patch],[sg:moderate][has patch][need review]
2008-04-16 23:37:13 PDT,mbeltzner,Flags,blocking-firefox3+,blocking-firefox3-
2008-04-16 23:37:17 PDT,mbeltzner,Attachment #315677                Flags,approval1.9+,approval1.9?
2008-04-17 15:22:21 PDT,robert.strong.bugs,Last Resolved,2008-04-17 15:22:21,
2008-04-17 15:22:21 PDT,robert.strong.bugs,Whiteboard,[sg:moderate],[sg:moderate][has patch]
2008-04-17 15:22:21 PDT,robert.strong.bugs,Version,2.0 Branch,unspecified
2008-04-17 15:22:21 PDT,robert.strong.bugs,Status,RESOLVED,NEW
2008-04-17 15:22:21 PDT,robert.strong.bugs,Resolution,FIXED,---
2008-04-17 15:22:21 PDT,robert.strong.bugs,Target Milestone,Firefox 3,---
2008-04-17 15:27:00 PDT,robert.strong.bugs,Attachment #315677                Flags,approval1.8.1.15?,
2008-04-17 15:38:52 PDT,gavin.sharp,CC,nth10sd,
2008-04-17 16:07:09 PDT,robert.strong.bugs,Status,REOPENED,RESOLVED
2008-04-17 16:07:09 PDT,robert.strong.bugs,Resolution,---,FIXED
2008-04-17 16:46:15 PDT,robert.strong.bugs,Attachment #316318                Flags,review?(benjamin),
2008-04-18 07:02:23 PDT,benjamin,Attachment #316318                Flags,review+,review?(benjamin)
2008-04-18 07:04:34 PDT,mconnor,Whiteboard,[sg:moderate][has patch][has reviews],[sg:moderate]
2008-04-18 07:04:34 PDT,mconnor,CC,mconnor,
2008-04-18 13:46:14 PDT,robert.strong.bugs,Whiteboard,[sg:moderate],[sg:moderate][has patch][has reviews]
2008-04-18 13:46:14 PDT,robert.strong.bugs,Status,RESOLVED,REOPENED
2008-04-18 13:46:14 PDT,robert.strong.bugs,Resolution,FIXED,---
2008-04-18 13:46:14 PDT,robert.strong.bugs,Last Resolved,2008-04-18 13:46:14,2008-04-17 15:22:21
2008-04-18 17:47:50 PDT,robert.strong.bugs,Flags,in-testsuite+,
2008-04-25 11:12:04 PDT,dveditz,Attachment #315677                Flags,approval1.8.1.15+,approval1.8.1.15?
2008-04-25 14:11:07 PDT,robert.strong.bugs,Keywords,fixed1.8.1.15,
2008-05-10 10:36:42 PDT,robert.strong.bugs,Blocks,408540,
2008-06-10 16:16:19 PDT,abillings,Keywords,verified1.8.1.15,fixed1.8.1.15
2008-06-10 16:16:19 PDT,abillings,Version,Trunk,2.0 Branch
2008-06-10 16:16:19 PDT,abillings,CC,abillings,
2008-07-01 16:21:31 PDT,dveditz,Alias,CVE-2008-2810,
2008-07-02 01:32:13 PDT,dveditz,Group,,security
2009-01-05 12:01:57 PST,asac,Attachment #315677                Flags,approval1.8.0.next+,
2009-01-05 12:05:49 PST,asac,Flags,blocking1.8.0.next+,
2009-01-05 12:05:49 PST,asac,CC,asac,
