When,Who,What,Added,Removed
2007-12-28 13:55:00 PST,stephen.donner,Version,Trunk,unspecified
2007-12-28 13:55:00 PST,stephen.donner,Status,NEW,UNCONFIRMED
2007-12-28 13:55:00 PST,stephen.donner,Severity,major,normal
2007-12-28 13:55:00 PST,stephen.donner,CC,stephend,
2007-12-28 13:55:00 PST,stephen.donner,Ever confirmed,1,0
2007-12-28 13:55:00 PST,stephen.donner,Flags,blocking-firefox3?, in-litmus?,
2007-12-28 14:02:54 PST,stephen.donner,CC,edilee,
2007-12-28 14:11:28 PST,stephen.donner,Hardware,All,PC
2007-12-28 14:11:28 PST,stephen.donner,OS,All,Windows Vista
2007-12-28 16:20:39 PST,edilee,Status,ASSIGNED,NEW
2007-12-28 16:20:39 PST,edilee,Assignee,edilee,nobody
2007-12-28 16:20:39 PST,edilee,Attachment #294791                Flags,review?(comrade693+bmo),
2007-12-28 16:21:54 PST,edilee,Attachment #294791                Attachment is obsolete,1,0
2007-12-28 16:21:54 PST,edilee,Attachment #294792                Flags,review?(comrade693+bmo),
2007-12-28 16:21:54 PST,edilee,Attachment #294791                Flags,,review?(comrade693+bmo)
2007-12-29 07:16:26 PST,sdwilsh,Attachment #294792                Flags,review+, approval1.9?,review?(comrade693+bmo)
2007-12-31 08:18:40 PST,stephen.donner,Flags,in-litmus+,in-litmus?
2007-12-31 10:44:47 PST,mconnor,Attachment #294792                Flags,approval1.9+,approval1.9?
2007-12-31 11:49:28 PST,sdwilsh,Whiteboard,[has patch][has reviews][can land],
2007-12-31 11:49:28 PST,sdwilsh,CC,comrade693+bmo,
2007-12-31 11:49:28 PST,sdwilsh,Target Milestone,Firefox 3 M11,---
2007-12-31 18:29:22 PST,edilee,Whiteboard,,[has patch][has reviews][can land]
2007-12-31 18:29:22 PST,edilee,Status,RESOLVED,ASSIGNED
2007-12-31 18:29:22 PST,edilee,Resolution,FIXED,---
2007-12-31 18:29:22 PST,edilee,Last Resolved,2007-12-31 18:29:22,
2008-01-02 14:36:54 PST,stephen.donner,Status,VERIFIED,RESOLVED
2008-02-05 07:26:05 PST,mconnor,CC,mconnor,
2008-02-05 07:26:05 PST,mconnor,Flags,blocking-firefox3+,blocking-firefox3?
2008-07-31 04:30:00 PDT,nobody,Product,Toolkit,Firefox
