When,Who,What,Added,Removed
2007-12-29 04:25:27 PST,standard8,Attachment #294829                Flags,review?(neil), superreview?(neil),
2007-12-31 03:55:09 PST,neil,Attachment #294829                Flags,review+, superreview+,review?(neil), superreview?(neil)
2007-12-31 05:14:56 PST,standard8,Status,RESOLVED,ASSIGNED
2007-12-31 05:14:56 PST,standard8,Resolution,FIXED,---
2007-12-31 05:14:56 PST,standard8,Last Resolved,2007-12-31 05:14:56,
2008-07-31 04:30:00 PDT,nobody,Product,MailNews Core,Core
