When,Who,What,Added,Removed
2007-12-28 15:16:00 PST,jruderman,Flags,blocking1.9?,
2007-12-28 15:34:46 PST,ryanvm,CC,ryanvm,
2007-12-28 16:51:35 PST,cbook,CC,cbook,
2007-12-28 19:34:38 PST,bugzilla,CC,bugzilla,
2008-01-03 15:40:18 PST,mtschrep,Priority,P3,--
2008-01-03 15:40:18 PST,mtschrep,CC,mtschrep,
2008-01-03 15:40:18 PST,mtschrep,Flags,blocking1.9+,blocking1.9?
2008-01-03 18:16:22 PST,jonas,CC,jonas,
2008-01-08 22:58:00 PST,jwalden+bmo,CC,jwalden+bmo,
2008-01-09 15:55:25 PST,dbaron,Status,ASSIGNED,NEW
2008-01-09 15:55:25 PST,dbaron,Assignee,dbaron,nobody
2008-01-09 15:55:25 PST,dbaron,Attachment #296242                Flags,review?(peterv), superreview?(peterv),
2008-01-11 10:04:18 PST,dbaron,Attachment #296556                Flags,review?(peterv), superreview?(peterv),
2008-01-11 12:37:33 PST,peterv,Attachment #296242                Flags,review+, superreview+,review?(peterv), superreview?(peterv)
2008-01-11 12:38:05 PST,peterv,Attachment #296556                Flags,review+, superreview+,review?(peterv), superreview?(peterv)
2008-01-11 12:39:07 PST,reed,CC,reed,
2008-02-29 12:22:53 PST,mbeltzner,Flags,,tracking1.9+
2008-02-29 12:27:02 PST,bent.mozilla,CC,bent.mozilla,
2008-02-29 14:43:34 PST,dbaron,Last Resolved,2008-02-29 14:43:34,
2008-02-29 14:43:34 PST,dbaron,Status,RESOLVED,ASSIGNED
2008-02-29 14:43:34 PST,dbaron,Resolution,FIXED,---
