When,Who,What,Added,Removed
2007-12-28 17:36:37 PST,fligtar+bugs,Status,NEW,UNCONFIRMED
2007-12-28 17:36:37 PST,fligtar+bugs,Assignee,fligtar,nobody
2007-12-28 17:36:37 PST,fligtar+bugs,Ever confirmed,1,0
2007-12-28 17:36:56 PST,fligtar+bugs,Status,RESOLVED,NEW
2007-12-28 17:36:56 PST,fligtar+bugs,Resolution,FIXED,---
2007-12-28 17:36:56 PST,fligtar+bugs,Last Resolved,2007-12-28 17:36:56,
2008-11-01 11:53:23 PDT,reed,Component,Administration,Add-ons
2008-11-01 11:53:23 PDT,reed,QA Contact,administration,add-ons
