When,Who,What,Added,Removed
2007-12-29 15:17:14 PST,polidobj,CC,martijn.martijn, polidobj,
2007-12-30 00:21:24 PST,jruderman,Keywords,crash, testcase,
2007-12-30 00:21:24 PST,jruderman,Severity,critical,normal
2007-12-30 04:18:02 PST,martijn.martijn,Keywords,regression,
2007-12-30 04:18:02 PST,martijn.martijn,Status,NEW,UNCONFIRMED
2007-12-30 04:18:02 PST,martijn.martijn,Depends on,398332,
2007-12-30 04:18:02 PST,martijn.martijn,Ever confirmed,1,0
2007-12-30 06:24:11 PST,phiw2,CC,phiw,
2007-12-30 07:02:37 PST,ryanvm,Version,Trunk,unspecified
2007-12-30 07:02:37 PST,ryanvm,CC,ryanvm,
2007-12-30 19:19:04 PST,jwalden+bmo,CC,jwalden+bmo,
2007-12-30 23:44:28 PST,gavin.sharp,CC,gavin.sharp,
2008-03-12 00:14:23 PDT,timeless,Summary,Crash with an absolutely positioned element inside a inline relative one [@ nsHTMLReflowState::GetNearestContainingBlock],Crash with an absolutely positioned element inside a inline relative one
2008-05-28 09:39:05 PDT,cbook,CC,cbook,
2008-05-29 05:34:44 PDT,martijn.martijn,Status,RESOLVED,NEW
2008-05-29 05:34:44 PDT,martijn.martijn,Resolution,FIXED,---
2008-05-29 05:34:44 PDT,martijn.martijn,Last Resolved,2008-05-29 05:34:44,
2008-05-31 08:19:33 PDT,jwalden+bmo,Flags,in-testsuite?,
2008-10-24 12:17:16 PDT,gotuve,CC,gotuve,
2011-06-09 14:58:47 PDT,nobody,Crash Signature,[@ nsHTMLReflowState::GetNearestContainingBlock],
2013-02-23 02:46:14 PST,mats,CC,matspal,
2013-02-23 02:46:14 PST,mats,Flags,in-testsuite+,in-testsuite?
2013-02-23 17:10:09 PST,gps,Assignee,bf,nobody
