When,Who,What,Added,Removed
2007-12-29 19:23:17 PST,bugzilla-graveyard,CC,cl-bugs,
2007-12-31 04:37:38 PST,krmathis,CC,krmathis,
2008-01-02 10:11:28 PST,alqahira,Target Milestone,Camino1.6,---
2008-01-02 17:46:35 PST,phiw2,CC,phiw,
2008-01-03 16:53:59 PST,alqahira,Assignee,alqahira,nobody
2008-01-03 18:53:19 PST,alqahira,Keywords,fixed1.8.1.12,
2008-01-03 18:53:19 PST,alqahira,Status,RESOLVED,NEW
2008-01-03 18:53:19 PST,alqahira,Resolution,FIXED,---
2008-01-03 18:53:19 PST,alqahira,Last Resolved,2008-01-03 18:53:19,
