When,Who,What,Added,Removed
2007-12-29 01:26:50 PST,standard8,Attachment #294816                Flags,review?(bienvenu), superreview?(bienvenu),
2007-12-29 04:32:50 PST,mkmelin+mozilla,CC,mkmelin+mozilla,
2007-12-29 09:27:55 PST,mozilla,Attachment #294816                Flags,review+, superreview+,review?(bienvenu), superreview?(bienvenu)
2007-12-29 14:03:31 PST,standard8,Attachment #294816                Attachment description,[checked in] Migrate mailnews/mime to frozen linkage part 1,Migrate mailnews/mime to frozen linkage part 1
2007-12-30 10:03:18 PST,standard8,Attachment #294903                Flags,review?(bienvenu),
2007-12-30 10:09:05 PST,mozilla,Attachment #294903                Flags,review+,review?(bienvenu)
2007-12-30 10:14:37 PST,standard8,Attachment #294903                Flags,superreview?(neil),
2007-12-30 14:42:50 PST,neil,Attachment #294903                Flags,superreview+,superreview?(neil)
2007-12-31 04:00:11 PST,standard8,Attachment #294903                Attachment description,[checked in] Migrate mailnews/mime to frozen linkage part 2,Migrate mailnews/mime to frozen linkage part 2
2007-12-31 07:20:16 PST,standard8,Attachment #294959                Flags,review?(bienvenu), superreview?(bienvenu),
2007-12-31 07:26:13 PST,standard8,Depends on,410332,
2008-01-05 12:32:23 PST,mozilla_bugs,CC,mozilla_bugs,
2008-01-13 16:39:07 PST,mozilla,Attachment #294959                Flags,review+, superreview+,review?(bienvenu), superreview?(bienvenu)
2008-01-14 10:00:44 PST,standard8,Attachment #294959                Attachment description,[checked in] Migrate mailnews/mime to frozen linkage part 3,Migrate mailnews/mime to frozen linkage part 3
2008-02-10 11:33:33 PST,standard8,Attachment #302442                Flags,review?(bienvenu), superreview?(bienvenu),
2008-02-18 11:03:54 PST,mozilla,Attachment #302442                Flags,review+, superreview+,review?(bienvenu), superreview?(bienvenu)
2008-02-19 04:23:00 PST,standard8,Attachment #302442                Attachment description,[checked in] Fix Thunderbird-specific mimevcrd.cpp code,Fix Thunderbird-specific mimevcrd.cpp code
2008-03-12 04:27:50 PDT,Manfred.Haertel,CC,Manfred.Haertel,
2008-03-17 07:04:25 PDT,misak.bugzilla,CC,misak,
2008-05-20 07:21:33 PDT,standard8,Attachment #321767                Flags,review?(neil), superreview?(neil),
2008-05-20 16:05:47 PDT,neil,Attachment #321767                Flags,review+, superreview+,review?(neil), superreview?(neil)
2008-05-22 01:00:25 PDT,standard8,Attachment #321767                Attachment description,[checked in] More include fixes changes,More include fixes changes
2008-07-03 02:26:33 PDT,standard8,Priority,P3,--
2008-07-31 04:30:00 PDT,nobody,Product,MailNews Core,Core
2009-03-23 19:04:04 PDT,klonos,CC,klonos,
2009-03-26 09:20:49 PDT,standard8,Attachment #369520                Flags,review?(neil), superreview?(neil),
2009-03-26 09:44:46 PDT,neil,Attachment #369520                Flags,review+, superreview+,review?(neil), superreview?(neil)
2009-03-26 10:03:43 PDT,standard8,Attachment #369520                Attachment description,[checked in] Remaining instances,Remaining instances
2009-03-26 10:04:38 PDT,standard8,Summary,Make mailnews/mime compile and link capable with frozen linkage,Move mailnews/mime to frozen linkage
2009-03-26 10:04:38 PDT,standard8,Status,RESOLVED,NEW
2009-03-26 10:04:38 PDT,standard8,Resolution,FIXED,---
2009-03-26 10:04:38 PDT,standard8,Last Resolved,2009-03-26 10:04:38,
