When,Who,What,Added,Removed
2007-12-28 15:09:21 PST,alfredkayser,Attachment #294786                Flags,review?(vladimir),
2007-12-28 15:10:30 PST,alfredkayser,Assignee,alfredkayser,nobody
2007-12-28 21:53:44 PST,gavin.sharp,CC,gavin.sharp,
2008-02-21 13:49:42 PST,alfredkayser,Attachment #294786                Attachment is obsolete,1,0
2008-02-21 13:49:42 PST,alfredkayser,Attachment #304824                Flags,review?,
2008-02-21 13:49:42 PST,alfredkayser,Attachment #294786                Flags,,review?(vladimir)
2008-02-21 13:51:09 PST,alfredkayser,Attachment #304824                Flags,review?(vladimir),review?
2008-02-21 13:52:59 PST,alfredkayser,Attachment #304824                Flags,review?(roc),review?(vladimir)
2008-02-21 14:21:51 PST,roc,CC,roc,
2008-02-22 02:59:49 PST,alfredkayser,Attachment #304824                Flags,,review?(roc)
2008-02-22 02:59:49 PST,alfredkayser,Attachment #304824                Attachment is obsolete,1,0
2008-02-22 02:59:49 PST,alfredkayser,Attachment #304942                Flags,review?(roc),
2008-02-22 03:05:48 PST,alfredkayser,Depends on,384057, 418104, 419000,
2008-02-22 03:06:23 PST,alfredkayser,Depends on,419004,
2008-02-22 03:31:29 PST,mozilla,CC,mozilla,
2008-02-24 16:09:03 PST,roc,Attachment #304942                Flags,review+, superreview+,review?(roc)
2008-02-24 16:11:38 PST,reed,Version,Trunk,unspecified
2008-02-24 16:11:38 PST,reed,CC,reed,
2008-02-25 00:24:32 PST,alfredkayser,Attachment #304942                Flags,approval1.9?,
2008-02-25 12:36:44 PST,dsicore,Attachment #304942                Flags,approval1.9+,approval1.9?
2008-02-25 14:20:11 PST,alfredkayser,Keywords,checkin-needed,
2008-02-26 01:43:18 PST,reed,Status,RESOLVED,NEW
2008-02-26 01:43:18 PST,reed,Resolution,FIXED,---
2008-02-26 01:43:18 PST,reed,Target Milestone,mozilla1.9beta4,---
2008-02-26 01:43:18 PST,reed,Last Resolved,2008-02-26 01:43:18,
2008-02-26 01:43:18 PST,reed,Keywords,,checkin-needed
2008-02-26 04:33:12 PST,alfredkayser,Status,VERIFIED,RESOLVED
2008-02-26 04:41:51 PST,alfredkayser,Blocks,376791,
2009-01-22 10:17:43 PST,nobody,Product,Core Graveyard,Core
