When,Who,What,Added,Removed
2007-12-28 14:55:49 PST,alqahira,Flags,blocking1.9?,
2007-12-28 21:53:34 PST,gavin.sharp,CC,gavin.sharp,
2007-12-29 13:03:02 PST,alqahira,Blocks,370439,
2007-12-30 06:16:28 PST,phiw2,CC,phiw,
2008-01-07 16:23:49 PST,jaas,Flags,blocking1.9+,blocking1.9?
2008-01-07 17:57:47 PST,jaas,Assignee,cbarrett,joshmoz
2008-01-08 12:00:12 PST,jaas,Priority,P5,--
2008-01-08 12:00:12 PST,jaas,CC,joshmoz,
2008-01-15 16:16:38 PST,stanshebs,Assignee,stanshebs,cbarrett
2008-01-15 16:16:38 PST,stanshebs,CC,stanshebs,
2008-01-17 11:26:26 PST,jaas,Priority,P3,P5
2008-02-05 12:07:59 PST,jaas,Priority,P2,P3
2008-02-05 17:48:53 PST,stanshebs,Attachment #301610                Flags,review?(mano), review?(joshmoz),
2008-02-05 17:48:53 PST,stanshebs,Attachment #300968                Attachment is obsolete,1,0
2008-02-05 21:05:47 PST,jaas,Attachment #301610                Flags,review+, superreview?(roc),review?(mano), review?(joshmoz)
2008-02-05 21:06:27 PST,jaas,Priority,P1,P2
2008-02-06 15:52:13 PST,roc,CC,roc,
2008-02-13 19:13:26 PST,roc,Attachment #301610                Flags,superreview+,superreview?(roc)
2008-02-14 12:27:32 PST,stanshebs,Attachment #301610                Attachment is obsolete,1,0
2008-02-14 13:45:57 PST,jaas,Status,RESOLVED,NEW
2008-02-14 13:45:57 PST,jaas,Resolution,FIXED,---
2008-02-14 13:45:57 PST,jaas,Last Resolved,2008-02-14 13:45:57,
