When,Who,What,Added,Removed
2007-12-29 09:08:54 PST,LpSolit,Flags,blocking3.1.3+,
2007-12-29 10:23:21 PST,LpSolit,Status,ASSIGNED,NEW
2007-12-29 10:23:21 PST,LpSolit,Assignee,LpSolit,create-and-change
2007-12-29 10:23:21 PST,LpSolit,Attachment #294845                Flags,review?(mkanat),
2007-12-29 21:32:19 PST,mkanat,Attachment #294845                Flags,review+,review?(mkanat)
2007-12-29 21:39:27 PST,mkanat,Flags,approval+,
2007-12-30 09:59:22 PST,LpSolit,Status,RESOLVED,ASSIGNED
2007-12-30 09:59:22 PST,LpSolit,Resolution,FIXED,---
2007-12-30 09:59:22 PST,LpSolit,Last Resolved,2007-12-30 09:59:22,
