When,Who,What,Added,Removed
2007-12-28 19:14:24 PST,xiaoou.wu,Attachment #294805                Flags,review?(mkanat),
2007-12-28 22:28:21 PST,mkanat,Summary,[Oracle] Make Oracle case-insensitive for Bugzilla,[Oracle] To allow case-insensitive queries.
2007-12-28 22:28:21 PST,mkanat,Version,3.1.2,unspecified
2007-12-28 22:28:21 PST,mkanat,Status,NEW,UNCONFIRMED
2007-12-28 22:28:21 PST,mkanat,Assignee,xiaoou.wu,database
2007-12-28 22:28:21 PST,mkanat,Target Milestone,Bugzilla 3.2,---
2007-12-28 22:28:21 PST,mkanat,Ever confirmed,1,0
2007-12-28 22:31:14 PST,mkanat,Attachment #294805                Flags,review+,review?(mkanat)
2007-12-28 22:34:44 PST,mkanat,Status,RESOLVED,NEW
2007-12-28 22:34:44 PST,mkanat,Resolution,FIXED,---
2007-12-28 22:34:44 PST,mkanat,Flags,approval+, documentation?,
2007-12-28 22:34:44 PST,mkanat,Last Resolved,2007-12-28 22:34:44,
2007-12-29 00:05:25 PST,bugzilla,CC,bugzilla,
2008-01-16 16:20:37 PST,sam.folkwilliams,CC,sam.folkwilliams,
2008-01-17 10:31:16 PST,sam.folkwilliams,Attachment #297572                Flags,review?(documentation),
2008-01-17 10:32:44 PST,mkanat,Attachment #297572                Flags,review-,review?(documentation)
2008-01-17 11:34:13 PST,sam.folkwilliams,Attachment #297572                Attachment is obsolete,1,0
2008-01-17 11:34:13 PST,sam.folkwilliams,Attachment #297584                Flags,review?(documentation),
2008-01-17 12:04:52 PST,LpSolit,Attachment #297584                Flags,review+,review?(documentation)
2008-01-19 10:51:27 PST,sam.folkwilliams,Attachment #297993                Flags,review?(documentation),
2008-01-19 10:52:12 PST,sam.folkwilliams,Attachment #297994                Flags,review?(documentation),
2008-01-19 14:46:29 PST,LpSolit,Attachment #297993                Flags,review-,review?(documentation)
2008-01-19 14:47:53 PST,LpSolit,Attachment #297994                Flags,review-,review?(documentation)
2008-01-19 14:59:40 PST,sam.folkwilliams,Attachment #297993                Attachment is obsolete,1,0
2008-01-19 14:59:40 PST,sam.folkwilliams,Attachment #298023                Flags,review?(documentation),
2008-01-19 15:00:23 PST,sam.folkwilliams,Attachment #297994                Attachment is obsolete,1,0
2008-01-19 15:00:23 PST,sam.folkwilliams,Attachment #298025                Flags,review?(documentation),
2008-01-19 15:16:13 PST,LpSolit,Attachment #298023                Flags,review+,review?(documentation)
2008-01-19 15:19:06 PST,LpSolit,Attachment #298025                Flags,review+,review?(documentation)
2008-01-19 15:29:27 PST,LpSolit,Flags,documentation+, documentation3.0+, documentation2.22+,documentation?
