When,Who,What,Added,Removed
2007-12-28 18:05:22 PST,dolske,Flags,blocking-firefox3?,
2007-12-28 18:07:58 PST,reed,CC,reed,
2007-12-30 07:51:19 PST,dwitte,CC,dwitte,
2007-12-31 07:40:51 PST,sdwilsh,Status,ASSIGNED,NEW
2007-12-31 07:40:51 PST,sdwilsh,Assignee,comrade693+bmo,nobody
2007-12-31 08:32:11 PST,sdwilsh,Attachment #294963                Attachment is obsolete,1,0
2007-12-31 13:48:57 PST,sdwilsh,CC,edilee,
2007-12-31 16:15:20 PST,ryanvm,CC,ryanvm,
2008-01-02 13:57:57 PST,sdwilsh,Whiteboard,[has patch][needs verification],
2008-01-02 13:57:57 PST,sdwilsh,Target Milestone,Firefox 3 M11,---
2008-01-02 13:59:06 PST,cbiesinger,Attachment #294968                Flags,review+,
2008-01-02 14:10:29 PST,sdwilsh,Attachment #294968                Flags,superreview?(bzbarsky),
2008-01-02 14:11:25 PST,sdwilsh,Attachment #294968                Attachment is obsolete,1,0
2008-01-02 14:11:25 PST,sdwilsh,Attachment #294968                Flags,,superreview?(bzbarsky)
2008-01-02 14:57:01 PST,sdwilsh,Attachment #295150                Flags,review?(cbiesinger), superreview?(bzbarsky),
2008-01-02 14:59:19 PST,sdwilsh,Whiteboard,[has patch][needs r biesi][needs sr bz],[has patch][needs verification]
2008-01-02 15:00:48 PST,cbiesinger,Attachment #295150                Flags,review+,review?(cbiesinger)
2008-01-02 15:27:11 PST,bugzilla,QA Contact,file-handling,download.manager
2008-01-02 15:27:11 PST,bugzilla,CC,bugzilla,
2008-01-02 15:27:11 PST,bugzilla,Target Milestone,mozilla1.9 M11,Firefox 3 M11
2008-01-02 15:27:11 PST,bugzilla,Flags,,blocking-firefox3?
2008-01-02 15:27:11 PST,bugzilla,Product,Core,Firefox
2008-01-02 15:27:11 PST,bugzilla,Component,File Handling,Download Manager
2008-01-02 15:27:49 PST,bugzilla,Flags,blocking1.9?,
2008-01-02 15:30:58 PST,sdwilsh,Whiteboard,[has patch][has r][needs sr bz],[has patch][needs r biesi][needs sr bz]
2008-01-03 15:00:11 PST,dsicore,Flags,blocking1.9+,blocking1.9?
2008-01-03 15:00:11 PST,dsicore,Priority,P3,--
2008-01-03 15:00:11 PST,dsicore,CC,dsicore,
2008-01-03 15:23:02 PST,gavin.sharp,CC,gavin.sharp,
2008-01-03 22:25:39 PST,sdwilsh,Attachment #295150                Attachment is obsolete,1,0
2008-01-03 22:25:39 PST,sdwilsh,Attachment #295339                Flags,review?(cbiesinger), superreview?(bzbarsky),
2008-01-03 22:25:39 PST,sdwilsh,Attachment #295150                Flags,,superreview?(bzbarsky)
2008-01-03 22:26:46 PST,reed,Whiteboard,[has patch][needs r biesi][needs sr bz],[has patch][has r][needs sr bz]
2008-01-03 22:45:21 PST,bzbarsky,Attachment #295339                Flags,superreview-,superreview?(bzbarsky)
2008-01-04 06:58:01 PST,sdwilsh,Whiteboard,[needs new patch],[has patch][needs r biesi][needs sr bz]
2008-01-04 07:31:36 PST,sdwilsh,Attachment #295339                Flags,,review?(cbiesinger)
2008-01-04 07:31:36 PST,sdwilsh,Attachment #295339                Attachment is obsolete,1,0
2008-01-04 07:31:36 PST,sdwilsh,Attachment #295378                Flags,review?(cbiesinger), superreview?(bzbarsky),
2008-01-04 07:32:10 PST,sdwilsh,Whiteboard,[has patch][needs r biesi][needs sr bz],[needs new patch]
2008-01-04 07:35:46 PST,cbiesinger,Attachment #295378                Flags,review+,review?(cbiesinger)
2008-01-04 07:38:38 PST,sdwilsh,Whiteboard,[has patch][has r][needs sr bz],[has patch][needs r biesi][needs sr bz]
2008-01-04 08:53:20 PST,bzbarsky,Attachment #295378                Flags,superreview+,superreview?(bzbarsky)
2008-01-04 09:56:24 PST,sdwilsh,Whiteboard,,[has patch][has r][needs sr bz]
2008-01-04 09:56:24 PST,sdwilsh,Status,RESOLVED,ASSIGNED
2008-01-04 09:56:24 PST,sdwilsh,Resolution,FIXED,---
2008-01-04 09:56:24 PST,sdwilsh,CC,stephend,
2008-01-04 09:56:24 PST,sdwilsh,Flags,in-litmus?, in-testsuite-,
2008-01-04 09:56:24 PST,sdwilsh,Last Resolved,2008-01-04 09:56:24,
2008-01-09 20:04:32 PST,dolske,Status,VERIFIED,RESOLVED
2008-01-09 20:30:56 PST,stephen.donner,Flags,in-litmus-,in-litmus?
2008-01-10 01:07:50 PST,hskupin,Hardware,All,Sun
2008-01-10 01:07:50 PST,hskupin,OS,All,OpenSolaris
2008-01-10 01:07:50 PST,hskupin,CC,hskupin,
