When,Who,What,Added,Removed
2007-12-29 04:25:27 PST,standard8,Depends on,410159,
2007-12-29 04:33:46 PST,mkmelin+mozilla,CC,mkmelin+mozilla,
2008-01-18 07:28:20 PST,standard8,Status,ASSIGNED,NEW
2008-01-18 07:28:20 PST,standard8,Assignee,bugzilla,nobody
2008-01-18 07:28:20 PST,standard8,Attachment #297769                Flags,review?(neil),
2008-01-18 07:28:53 PST,standard8,Keywords,,helpwanted
2008-01-19 07:05:10 PST,neil,Attachment #297769                Flags,review+,review?(neil)
2008-01-19 11:05:32 PST,standard8,Attachment #297996                Flags,review+, superreview?(bienvenu),
2008-01-19 11:05:32 PST,standard8,Attachment #297769                Attachment is obsolete,1,0
2008-01-24 10:56:22 PST,standard8,Attachment #297996                Attachment is obsolete,1,0
2008-01-24 10:56:22 PST,standard8,Attachment #298983                Flags,review+, superreview?(bienvenu),
2008-01-24 10:56:22 PST,standard8,Attachment #297996                Flags,,superreview?(bienvenu)
2008-02-02 10:42:44 PST,mozilla,Attachment #298983                Flags,superreview+,superreview?(bienvenu)
2008-02-02 13:09:51 PST,standard8,Status,RESOLVED,ASSIGNED
2008-02-02 13:09:51 PST,standard8,Resolution,FIXED,---
2008-02-02 13:09:51 PST,standard8,Flags,in-testsuite+,
2008-02-02 13:09:51 PST,standard8,Last Resolved,2008-02-02 13:09:51,
2008-02-03 11:53:57 PST,mkmelin+mozilla,Depends on,415461,
2008-06-06 03:19:37 PDT,bugzillamozillaorg_serge_20140323,Depends on,433202,
2008-07-31 04:30:00 PDT,nobody,Product,MailNews Core,Core
