When,Who,What,Added,Removed
2007-12-29 01:30:04 PST,alfredkayser,Attachment #294817                Flags,review?(dcamp),
2007-12-29 01:30:49 PST,alfredkayser,Assignee,alfredkayser,nobody
2007-12-29 03:24:01 PST,jo.hermans,CC,jo.hermans,
2007-12-29 22:12:34 PST,gavin.sharp,CC,gavin.sharp,
2008-01-22 11:12:27 PST,dcamp,Attachment #294817                Flags,review+,review?(dcamp)
2008-01-22 12:23:24 PST,alfredkayser,Attachment #294817                Flags,superreview?(cbiesinger), approval1.9?,
2008-01-22 19:59:43 PST,dcamp,CC,dcamp,
2008-01-24 20:17:44 PST,mbeltzner,Attachment #294817                Flags,,approval1.9?
2008-01-26 03:25:27 PST,bugspam.Callek,CC,bugspam.Callek,
2008-01-27 21:24:42 PST,cbiesinger,Attachment #294817                Flags,superreview+,superreview?(cbiesinger)
2008-02-07 01:20:09 PST,alfredkayser,Attachment #294817                Attachment is obsolete,1,0
2008-02-07 01:20:09 PST,alfredkayser,Attachment #301852                Flags,approval1.9?,
2008-02-07 13:48:03 PST,dsicore,Attachment #301852                Flags,approval1.9+,approval1.9?
2008-02-07 13:48:31 PST,reed,Keywords,checkin-needed,
2008-02-07 13:48:31 PST,reed,CC,reed,
2008-02-07 13:48:40 PST,reed,Version,Trunk,unspecified
2008-02-09 20:54:18 PST,reed,Last Resolved,2008-02-09 20:54:18,
2008-02-09 20:54:18 PST,reed,Keywords,,checkin-needed
2008-02-09 20:54:18 PST,reed,Status,RESOLVED,NEW
2008-02-09 20:54:18 PST,reed,Resolution,FIXED,---
2008-02-09 20:54:18 PST,reed,Target Milestone,mozilla1.9beta4,---
2008-02-10 03:02:32 PST,alfredkayser,Status,VERIFIED,RESOLVED
