When,Who,What,Added,Removed
2007-12-28 14:09:50 PST,reed,CC,reed,
2007-12-28 14:42:41 PST,bugzilla,CC,bugzilla,
2007-12-31 18:03:50 PST,hhschwab,CC,hhschwab,
2008-08-20 15:02:06 PDT,tdowner,URL,www.moziiia.com,
2008-08-20 15:02:06 PDT,tdowner,CC,tyler,
2008-08-20 18:56:50 PDT,me.at.work,CC,me.at.work,
2010-01-19 00:01:14 PST,gen,Assignee,jmartin,cbrady
2010-01-19 00:01:14 PST,gen,CC,gen,
2010-01-19 21:00:00 PST,jmartin,Assignee,liz,jmartin
2010-01-21 17:57:57 PST,liz,Status,RESOLVED,NEW
2010-01-21 17:57:57 PST,liz,Resolution,FIXED,---
2010-01-21 17:57:57 PST,liz,Last Resolved,2010-01-21 17:57:57,
