When,Who,What,Added,Removed
2007-12-28 14:33:29 PST,alfredkayser,Attachment #294782                Flags,review?(pavlov),
2007-12-28 21:53:29 PST,gavin.sharp,CC,gavin.sharp,
2008-01-08 00:51:44 PST,pavlov,CC,ryanvm,
2008-01-08 20:58:51 PST,ryanvm,Version,Trunk,unspecified
2008-01-08 20:58:51 PST,ryanvm,Assignee,akayser,nobody
2008-01-18 00:47:46 PST,pavlov,Attachment #294782                Flags,review+,review?(pavlov)
2008-01-18 01:03:10 PST,alfredkayser,Attachment #294782                Flags,superreview?(tor), approval1.9?,
2008-01-18 01:05:35 PST,reed,Assignee,alfredkayser,akayser
2008-01-18 01:05:35 PST,reed,CC,reed,
2008-01-18 10:10:19 PST,mtschrep,CC,mtschrep,
2008-01-21 15:46:27 PST,tor,Attachment #294782                Flags,superreview+,superreview?(tor)
2008-01-21 16:58:34 PST,mtschrep,Attachment #294782                Flags,approval1.9+,approval1.9?
2008-01-21 18:59:17 PST,reed,Keywords,checkin-needed,
2008-01-21 23:37:12 PST,reed,Last Resolved,2008-01-21 23:37:12,
2008-01-21 23:37:12 PST,reed,Keywords,,checkin-needed
2008-01-21 23:37:12 PST,reed,Status,RESOLVED,NEW
2008-01-21 23:37:12 PST,reed,Resolution,FIXED,---
2008-01-21 23:37:12 PST,reed,Target Milestone,mozilla1.9 M11,---
2009-04-14 02:05:47 PDT,alfredkayser,Status,VERIFIED,RESOLVED
