When,Who,What,Added,Removed
2007-12-28 21:33:17 PST,reed,CC,reed,
2007-12-28 21:34:25 PST,reed,Flags,blocking-calendar0.8?,
2007-12-29 02:13:53 PST,mschroeder,Assignee,mschroeder,nobody
2007-12-29 02:23:33 PST,mschroeder,Attachment #294824                Flags,review?(daniel.boelzle),
2007-12-29 02:25:00 PST,mschroeder,Version,unspecified,Trunk
2007-12-29 02:25:00 PST,mschroeder,Status,ASSIGNED,NEW
2007-12-29 02:25:52 PST,mschroeder,Attachment #294825                Flags,review?(daniel.boelzle),
2008-01-02 04:33:20 PST,dbo.moz,Attachment #294824                Flags,review+,review?(daniel.boelzle)
2008-01-02 04:33:40 PST,dbo.moz,Attachment #294825                Flags,review+,review?(daniel.boelzle)
2008-01-02 04:37:17 PST,dbo.moz,CC,daniel.boelzle,
2008-01-03 05:50:42 PST,mschroeder,Attachment #294824                Attachment description,[checked in] Patch v1 (Trunk),Patch v1 (Trunk)
2008-01-03 06:07:48 PST,mschroeder,Attachment #294825                Attachment description,[checked in] Patch v1 (Branch),Patch v1 (Branch)
2008-01-03 06:10:04 PST,mschroeder,CC,bugzilla,
2008-01-03 06:10:04 PST,mschroeder,Target Milestone,0.8,---
2008-01-03 07:07:20 PST,mschroeder,Attachment #295224                Flags,review?(bugzilla),
2008-01-04 06:02:57 PST,bugzilla,Flags,blocking-calendar0.8+,blocking-calendar0.8?
2008-01-10 00:38:28 PST,dbo.moz,CC,ause,
2008-01-10 00:57:00 PST,bugzilla,Attachment #295224                Flags,review+,review?(bugzilla)
2008-01-16 06:16:44 PST,mschroeder,Attachment #295224                Attachment is obsolete,1,0
2008-01-16 06:16:44 PST,mschroeder,Attachment #297345                Flags,review+,
2008-01-17 08:44:18 PST,mschroeder,Status,RESOLVED,ASSIGNED
2008-01-17 08:44:18 PST,mschroeder,Resolution,FIXED,---
2008-01-17 08:44:18 PST,mschroeder,Last Resolved,2008-01-17 08:44:18,
2008-02-15 05:03:06 PST,mschroeder,Status,VERIFIED,RESOLVED
2010-10-19 10:35:25 PDT,bugzilla,CC,,bugzilla
