When,Who,What,Added,Removed
2007-12-29 05:57:11 PST,stefanh,Attachment #294831                Flags,review?(mnyromyr), superreview?(neil),
2007-12-29 05:57:39 PST,stefanh,Target Milestone,seamonkey2.0alpha,---
2007-12-29 05:57:39 PST,stefanh,Status,ASSIGNED,NEW
2007-12-29 22:12:59 PST,gavin.sharp,CC,gavin.sharp,
2007-12-30 17:29:23 PST,mnyromyr,Attachment #294831                Flags,review-,review?(mnyromyr)
2007-12-31 03:48:48 PST,neil,Attachment #294831                Flags,superreview-,superreview?(neil)
2007-12-31 06:54:32 PST,stefanh,Attachment #294831                Attachment is obsolete,1,0
2007-12-31 06:54:32 PST,stefanh,Attachment #294956                Flags,review?(mnyromyr), superreview?(neil),
2007-12-31 12:30:27 PST,neil,Attachment #294956                Flags,superreview+,superreview?(neil)
2008-01-01 12:06:51 PST,mnyromyr,Attachment #294956                Flags,review+,review?(mnyromyr)
2008-01-01 13:02:29 PST,stefanh,Status,RESOLVED,ASSIGNED
2008-01-01 13:02:29 PST,stefanh,Resolution,FIXED,---
2008-01-01 13:02:29 PST,stefanh,Last Resolved,2008-01-01 13:02:29,
