When,Who,What,Added,Removed
2007-12-29 11:43:16 PST,ryanvm,CC,ryanvm,
2007-12-29 14:22:41 PST,brendan,CC,brendan,
2007-12-29 14:46:48 PST,brendan,Status,ASSIGNED,NEW
2007-12-29 14:46:48 PST,brendan,Assignee,brendan,general
2007-12-29 14:46:48 PST,brendan,Attachment #294862                Flags,review?(mrbkap),
2007-12-29 14:52:01 PST,brendan,Hardware,All,PC
2007-12-29 14:52:01 PST,brendan,OS,All,Windows XP
2007-12-29 14:52:01 PST,brendan,Priority,P3,--
2007-12-29 14:52:01 PST,brendan,CC,mrbkap,
2007-12-29 14:52:01 PST,brendan,Target Milestone,mozilla1.9 M11,---
2007-12-29 15:49:38 PST,mrbkap,Attachment #294862                Flags,review+,review?(mrbkap)
2008-01-02 12:22:59 PST,brendan,Attachment #294862                Flags,approval1.9+,
2008-01-02 12:24:28 PST,brendan,Flags,blocking1.9+,
2008-01-02 12:26:30 PST,brendan,Status,RESOLVED,ASSIGNED
2008-01-02 12:26:30 PST,brendan,Resolution,FIXED,---
2008-01-02 12:26:30 PST,brendan,Last Resolved,2008-01-02 12:26:30,
2008-01-07 08:59:07 PST,bob,CC,bclary,
2008-01-07 08:59:07 PST,bob,Flags,in-litmus-, in-testsuite+,
2008-02-26 06:10:19 PST,bob,Status,VERIFIED,RESOLVED
