When,Who,What,Added,Removed
2008-01-02 16:25:15 PST,mozillamarcia.knous,Status,RESOLVED,NEW
2008-01-02 16:25:15 PST,mozillamarcia.knous,Resolution,FIXED,---
2008-01-02 16:25:15 PST,mozillamarcia.knous,Last Resolved,2008-01-02 16:25:15,
2008-01-02 16:37:46 PST,reed,Status,REOPENED,RESOLVED
2008-01-02 16:37:46 PST,reed,Resolution,---,FIXED
2008-01-02 16:37:46 PST,reed,CC,reed,
2008-01-02 16:38:05 PST,reed,Status,NEW,REOPENED
2008-01-02 16:38:05 PST,reed,Assignee,server-ops,marcia
2008-01-02 16:38:58 PST,mozillamarcia.knous,CC,marcia,
2008-01-02 21:59:17 PST,justdave,Assignee,justdave,server-ops
2008-01-02 21:59:41 PST,justdave,Status,RESOLVED,NEW
2008-01-02 21:59:41 PST,justdave,Resolution,FIXED,---
2008-01-02 21:59:41 PST,justdave,Last Resolved,2008-01-02 21:59:41,2008-01-02 16:25:15
2008-01-03 05:41:51 PST,mozilla,Status,VERIFIED,RESOLVED
2008-01-03 07:46:24 PST,mrmazda,CC,,mrmazda
