When,Who,What,Added,Removed
2007-12-29 07:03:36 PST,bugzilla.mozilla.org-3,Attachment #294833                Flags,review?(philringnalda),
2007-12-30 03:43:24 PST,mkmelin+mozilla,CC,mkmelin+mozilla,
2007-12-30 03:44:04 PST,mkmelin+mozilla,Assignee,bugzilla.mozilla.org-1,nobody
2008-01-20 18:59:30 PST,philringnalda,Attachment #294833                Flags,review-,review?(philringnalda)
2008-01-21 12:41:13 PST,bugzilla.mozilla.org-3,Attachment #294833                Attachment is obsolete,1,0
2008-01-21 12:41:13 PST,bugzilla.mozilla.org-3,Attachment #298319                Flags,review?(philringnalda),
2008-01-30 16:02:07 PST,bugzilla.mozilla.org-3,Attachment #298319                Flags,,review?(philringnalda)
2008-01-30 16:02:07 PST,bugzilla.mozilla.org-3,Attachment #298319                Attachment is obsolete,1,0
2008-01-30 16:02:07 PST,bugzilla.mozilla.org-3,Attachment #300524                Flags,review?(philringnalda),
2008-02-01 06:08:17 PST,philringnalda,Attachment #300524                Flags,review+, review?(mkmelin+mozilla),review?(philringnalda)
2008-02-01 09:53:00 PST,mkmelin+mozilla,Attachment #300524                Flags,review+,review?(mkmelin+mozilla)
2008-02-01 23:05:58 PST,philringnalda,Status,RESOLVED,NEW
2008-02-01 23:05:58 PST,philringnalda,Resolution,FIXED,---
2008-02-01 23:05:58 PST,philringnalda,CC,philringnalda,
2008-02-01 23:05:58 PST,philringnalda,Target Milestone,Thunderbird 3,---
2008-02-01 23:05:58 PST,philringnalda,Last Resolved,2008-02-01 23:05:58,
2008-02-11 06:55:48 PST,stubenschrott,CC,stubenschrott,
2008-02-11 15:22:27 PST,bugzilla.mozilla.org-3,Attachment #302687                Flags,review?(philringnalda),
2008-02-11 15:24:33 PST,bugzilla.mozilla.org-3,Status,REOPENED,RESOLVED
2008-02-11 15:24:33 PST,bugzilla.mozilla.org-3,Resolution,---,FIXED
2008-02-11 18:44:54 PST,philringnalda,Attachment #302687                Flags,review+,review?(philringnalda)
2008-02-11 21:33:40 PST,philringnalda,Status,RESOLVED,REOPENED
2008-02-11 21:33:40 PST,philringnalda,Resolution,FIXED,---
2008-02-11 21:33:40 PST,philringnalda,Last Resolved,2008-02-11 21:33:40,2008-02-01 23:05:58
2009-05-05 00:53:21 PDT,timeless,Product,MailNews Core,Thunderbird
2009-05-05 00:53:21 PDT,timeless,Component,Feed Reader,RSS
