When,Who,What,Added,Removed
2007-12-28 14:15:29 PST,bugzilla-mozilla-20000923,Summary,Color (colour) codes preceeding a URL are ignored,Color (colour) codes preceeding a URL are ignores
2007-12-28 14:15:29 PST,bugzilla-mozilla-20000923,Severity,minor,normal
2008-01-05 08:41:27 PST,gijskruitbosch+bugs,Status,ASSIGNED,NEW
2008-01-05 08:41:27 PST,gijskruitbosch+bugs,Assignee,gijskruitbosch+bugs,rginda
2008-01-05 08:41:27 PST,gijskruitbosch+bugs,Attachment #295515                Flags,review?(silver),
2008-01-05 10:32:51 PST,bugzilla-mozilla-20000923,Attachment #295515                Flags,review+,review?(silver)
2008-01-05 15:40:19 PST,gijskruitbosch+bugs,Status,RESOLVED,ASSIGNED
2008-01-05 15:40:19 PST,gijskruitbosch+bugs,Resolution,FIXED,---
2008-01-05 15:40:19 PST,gijskruitbosch+bugs,Last Resolved,2008-01-05 15:40:19,
2008-01-05 15:40:19 PST,gijskruitbosch+bugs,Whiteboard,[cz-0.9.80],
2008-01-05 15:40:19 PST,gijskruitbosch+bugs,Summary,Color (colour) codes preceding a URL are ignored,Color (colour) codes preceeding a URL are ignored
