When,Who,What,Added,Removed
2007-12-29 19:34:38 PST,reed,CC,reed,
2007-12-29 23:28:08 PST,gavin.sharp,CC,gavin.sharp,
2007-12-31 07:45:44 PST,jaas,CC,smichaud,
2008-01-04 09:51:43 PST,smichaud,Depends on,407876,
2008-01-04 09:56:41 PST,smichaud,Flags,blocking1.9?,
2008-01-07 16:13:03 PST,jaas,Flags,blocking1.9+,blocking1.9?
2008-01-08 12:00:32 PST,jaas,Priority,P3,--
2008-01-11 14:20:47 PST,smichaud,Assignee,smichaud,joshmoz
2008-01-15 08:56:11 PST,smichaud,Attachment #297183                Flags,review?(joshmoz),
2008-01-15 10:24:12 PST,jaas,Attachment #297183                Flags,review+, superreview?(roc),review?(joshmoz)
2008-01-15 13:31:21 PST,vladimir,Attachment #297183                Flags,superreview+,superreview?(roc)
2008-01-15 16:57:05 PST,smichaud,Last Resolved,2008-01-15 16:57:05,
2008-01-15 16:57:05 PST,smichaud,Status,RESOLVED,NEW
2008-01-15 16:57:05 PST,smichaud,Resolution,FIXED,---
