When,Who,What,Added,Removed
2007-12-30 08:48:24 PST,dtownsend,Attachment #294899                Flags,review?(ted.mielczarek),
2007-12-30 08:49:15 PST,ted,Attachment #294899                Flags,review+,review?(ted.mielczarek)
2007-12-30 08:56:05 PST,dtownsend,Attachment #294899                Flags,approval1.9?,
2007-12-30 23:48:02 PST,gavin.sharp,CC,gavin.sharp,
2007-12-31 17:18:18 PST,reed,Assignee,dtownsend,nobody
2007-12-31 17:18:18 PST,reed,CC,reed,
2008-01-01 11:41:48 PST,dtownsend,Whiteboard,[has patch],
2008-01-02 01:30:09 PST,dtownsend,Status,ASSIGNED,NEW
2008-01-02 10:48:47 PST,mbeltzner,Attachment #294899                Flags,approval1.9+,approval1.9?
2008-01-04 00:57:33 PST,dtownsend,Whiteboard,,[has patch]
2008-01-04 00:57:33 PST,dtownsend,Status,RESOLVED,ASSIGNED
2008-01-04 00:57:33 PST,dtownsend,Resolution,FIXED,---
2008-01-04 00:57:33 PST,dtownsend,Last Resolved,2008-01-04 00:57:33,
2008-01-11 15:42:51 PST,dtownsend,Target Milestone,mozilla1.9 M11,---
