When,Who,What,Added,Removed
2007-12-30 09:05:24 PST,dwitte,Attachment #294900                Flags,review?(cbiesinger), superreview?(cbiesinger),
2007-12-30 10:00:25 PST,dwitte,Attachment #294900                Attachment is obsolete,1,0
2007-12-30 10:00:25 PST,dwitte,Attachment #294900                Flags,,review?(cbiesinger), superreview?(cbiesinger)
2007-12-30 10:01:59 PST,dwitte,Attachment #294902                Flags,review?(cbiesinger), superreview?(cbiesinger),
2007-12-30 14:58:45 PST,jruderman,Keywords,perf,
2007-12-30 16:54:36 PST,ryanvm,CC,ryanvm,
2007-12-30 23:48:49 PST,gavin.sharp,CC,gavin.sharp,
2007-12-31 19:58:47 PST,hhschwab,CC,hhschwab,
2008-01-02 15:01:35 PST,cbiesinger,Attachment #294902                Flags,review+, superreview+,review?(cbiesinger), superreview?(cbiesinger)
2008-01-02 15:06:00 PST,dwitte,Attachment #294902                Flags,approval1.9?,
2008-01-03 15:54:44 PST,mtschrep,Attachment #294902                Flags,approval1.9+,approval1.9?
2008-01-03 16:27:49 PST,dwitte,Status,RESOLVED,ASSIGNED
2008-01-03 16:27:49 PST,dwitte,Resolution,FIXED,---
2008-01-03 16:27:49 PST,dwitte,Last Resolved,2008-01-03 16:27:49,
