When,Who,What,Added,Removed
2007-12-30 20:49:43 PST,jwalden+bmo,Flags,blocking1.9?,
2007-12-30 20:51:02 PST,reed,CC,reed,
2007-12-30 23:41:54 PST,gavin.sharp,CC,gavin.sharp,
2007-12-31 14:58:36 PST,florian,Attachment #294991                Flags,review?(dmose), superreview?(cbiesinger),
2007-12-31 14:58:36 PST,florian,Status,ASSIGNED,NEW
2007-12-31 14:58:36 PST,florian,Assignee,florian,nobody
2008-01-02 23:44:43 PST,fullmetaljacket.xp+bugmail,CC,fullmetaljacket.xp+bugmail,
2008-01-03 15:00:18 PST,mtschrep,Priority,P2,--
2008-01-03 15:00:18 PST,mtschrep,CC,mtschrep,
2008-01-03 15:00:18 PST,mtschrep,Flags,blocking1.9+,blocking1.9?
2008-01-18 14:43:42 PST,dmose,Attachment #294991                Flags,review+,review?(dmose)
2008-01-27 20:58:52 PST,cbiesinger,Attachment #294991                Flags,superreview+,superreview?(cbiesinger)
2008-01-27 21:32:22 PST,florian,Status,RESOLVED,ASSIGNED
2008-01-27 21:32:22 PST,florian,Resolution,FIXED,---
2008-01-27 21:32:22 PST,florian,Last Resolved,2008-01-27 21:32:22,
