When,Who,What,Added,Removed
2007-12-30 12:26:11 PST,channy,CC,clouserw,
2007-12-30 12:27:15 PST,channy,CC,,clouserw
2007-12-30 12:52:20 PST,wclouser,CC,clouserw,
2008-01-03 16:48:18 PST,channy,Blocks,410715,
2008-11-13 10:59:24 PST,wclouser,Assignee,channy,nobody
2011-04-11 17:04:32 PDT,steven,CC,steven,
2011-04-11 17:04:32 PDT,steven,Last Resolved,2011-04-11 17:04:32,
2011-04-11 17:04:32 PDT,steven,Status,RESOLVED,NEW
2011-04-11 17:04:32 PDT,steven,Resolution,FIXED,---
2012-04-23 08:15:30 PDT,nobody,Product,Websites,Websites
2012-04-23 08:15:30 PDT,nobody,Component,www.mozilla.org,www.mozilla.org/firefox
2012-08-23 00:16:07 PDT,nobody,Product,www.mozilla.org,Websites
2012-08-23 00:16:07 PDT,nobody,Component,General,www.mozilla.org
