When,Who,What,Added,Removed
2007-12-30 09:49:33 PST,bugzilla,Resolution,INVALID,---
2007-12-30 09:49:33 PST,bugzilla,CC,matti,
2007-12-30 09:49:33 PST,bugzilla,Last Resolved,2007-12-30 09:49:33,
2007-12-30 09:49:33 PST,bugzilla,Status,RESOLVED,UNCONFIRMED
2007-12-30 11:23:46 PST,bugzilla,Product,mozilla.org,Thunderbird
2007-12-30 11:23:46 PST,bugzilla,Version,other,unspecified
2007-12-30 11:23:46 PST,bugzilla,Status,UNCONFIRMED,RESOLVED
2007-12-30 11:23:46 PST,bugzilla,Resolution,---,INVALID
2007-12-30 11:23:46 PST,bugzilla,Component,Governance,General
2007-12-30 11:49:43 PST,davida,Assignee,david.ascher,nobody
2007-12-30 11:49:43 PST,davida,CC,david.ascher,
2007-12-30 11:49:43 PST,davida,Ever confirmed,1,0
2007-12-30 11:49:43 PST,davida,Status,NEW,UNCONFIRMED
2007-12-31 11:24:38 PST,philringnalda,Summary,Reorganize wiki pages for Tb3 brainstorming,Thunderbird brainstorming
2007-12-31 11:24:38 PST,philringnalda,Product,Thunderbird,mozilla.org
2007-12-31 11:24:38 PST,philringnalda,Version,Trunk,other
2007-12-31 11:24:38 PST,philringnalda,Component,General,Governance
2007-12-31 11:24:38 PST,philringnalda,CC,philringnalda,
2007-12-31 11:45:18 PST,bugzilla,CC,bugzilla,
2007-12-31 14:02:40 PST,vseerror,CC,vseerror,
2007-12-31 14:59:10 PST,bugzilla,CC,,matti
2008-01-01 03:04:15 PST,mkmelin+mozilla,CC,mkmelin+mozilla,
2008-03-15 06:06:43 PDT,gary,Status,RESOLVED,NEW
2008-03-15 06:06:43 PDT,gary,Resolution,FIXED,---
2008-03-15 06:06:43 PDT,gary,Last Resolved,2008-03-15 06:06:43,2007-12-30 09:49:33
