When,Who,What,Added,Removed
2008-01-02 12:04:16 PST,stephen.donner,Summary,Currently viewed application should not appear in "Other Applications" dropdown,"Other Applications" dropdown should probably not include Firefox when chosen app/view is Firefox
2008-01-10 00:34:11 PST,fwenzel,CC,fwenzel,
2008-01-10 00:51:09 PST,fwenzel,Blocks,411642,
2008-01-28 04:45:13 PST,fwenzel,Status,RESOLVED,NEW
2008-01-28 04:45:13 PST,fwenzel,Resolution,FIXED,---
2008-01-28 04:45:13 PST,fwenzel,Last Resolved,2008-01-28 04:45:13,
2008-02-05 22:56:23 PST,stephen.donner,CC,stephend,
2008-02-07 19:09:08 PST,stephen.donner,Status,VERIFIED,RESOLVED
