When,Who,What,Added,Removed
2008-01-04 15:37:12 PST,robert,Assignee,robert,asa
2008-01-04 15:37:12 PST,robert,CC,robert,
2008-01-04 15:47:18 PST,robert,Status,RESOLVED,NEW
2008-01-04 15:47:18 PST,robert,Resolution,FIXED,---
2008-01-04 15:47:18 PST,robert,Last Resolved,2008-01-04 15:47:18,
2008-01-06 22:50:38 PST,alqahira,Status,REOPENED,RESOLVED
2008-01-06 22:50:38 PST,alqahira,Resolution,---,FIXED
2008-01-07 22:48:32 PST,alqahira,Status,RESOLVED,REOPENED
2008-01-07 22:48:32 PST,alqahira,Resolution,FIXED,---
2008-01-07 22:48:32 PST,alqahira,Last Resolved,2008-01-07 22:48:32,2008-01-04 15:47:18
2008-01-15 00:36:30 PST,samuel.sidler+old,Status,VERIFIED,RESOLVED
