When,Who,What,Added,Removed
2007-12-30 16:13:09 PST,mzeier,Status,RESOLVED,NEW
2007-12-30 16:13:09 PST,mzeier,Resolution,FIXED,---
2007-12-30 16:13:09 PST,mzeier,CC,mrz,
2007-12-30 16:13:09 PST,mzeier,Last Resolved,2007-12-30 16:13:09,
2007-12-30 16:23:25 PST,mzeier,Status,REOPENED,RESOLVED
2007-12-30 16:23:25 PST,mzeier,Resolution,---,FIXED
2007-12-30 16:24:18 PST,mzeier,Status,NEW,REOPENED
2007-12-30 16:24:18 PST,mzeier,Assignee,mrz,server-ops
2007-12-30 17:57:24 PST,mzeier,CC,sean,
2008-01-01 12:16:53 PST,coop,CC,ccooper,
2008-01-02 14:26:36 PST,john+bugzilla,CC,joduinn,
2008-01-02 14:59:11 PST,mzeier,Assignee,sean,mrz
2008-01-14 16:40:02 PST,sean,Assignee,server-ops,sean
2008-01-15 14:45:16 PST,mzeier,Flags,colo-trip+,
2008-01-21 20:52:50 PST,justin,Assignee,phong.tran,server-ops
2008-01-24 19:08:14 PST,mzeier,Assignee,sean,phong.tran
2008-01-24 19:08:14 PST,mzeier,Flags,colo-trip-,colo-trip+
2008-02-12 14:32:45 PST,sean,Status,ASSIGNED,NEW
2008-02-27 03:26:18 PST,nthomas,Summary,bm-xserve09 has a hardware failure,bm-xserve09 is hung
2008-02-27 03:26:37 PST,nthomas,Blocks,391772,
2008-02-28 11:19:55 PST,mzeier,Flags,colo-trip+,colo-trip-
2008-03-03 11:13:51 PST,mzeier,Status,NEW,ASSIGNED
2008-03-03 11:13:51 PST,mzeier,Assignee,mrz,sean
2008-03-03 14:01:12 PST,mzeier,Assignee,phong.tran,mrz
2008-03-04 17:05:14 PST,mzeier,Last Resolved,2008-03-04 17:05:14,2007-12-30 16:13:09
2008-03-04 17:05:14 PST,mzeier,Status,RESOLVED,NEW
2008-03-04 17:05:14 PST,mzeier,Resolution,FIXED,---
2013-07-16 09:48:45 PDT,nobody,Product,Infrastructure & Operations,mozilla.org
2013-07-16 09:48:45 PDT,nobody,Component,RelOps,Server Operations: RelEng
