When,Who,What,Added,Removed
2007-12-30 00:28:30 PST,jruderman,Flags,blocking1.9?,
2007-12-30 00:29:31 PST,gavin.sharp,CC,gavin.sharp,
2007-12-30 00:32:53 PST,jruderman,Whiteboard,[sg:critical],
2007-12-30 12:41:02 PST,roc,Assignee,roc,nobody
2007-12-30 19:40:12 PST,jwalden+bmo,CC,jwalden+bmo,
2007-12-31 00:34:00 PST,mats,CC,mats.palmgren,
2008-01-08 19:33:03 PST,roc,Priority,P2,--
2008-01-08 19:33:03 PST,roc,Flags,blocking1.9+,blocking1.9?
2008-01-08 19:50:37 PST,roc,CC,jdaggett,
2008-01-09 02:06:01 PST,roc,Attachment #296112                Flags,review?(smontagu),
2008-01-09 02:06:31 PST,roc,Whiteboard,[sg:critical][needs review],[sg:critical]
2008-01-09 07:11:17 PST,smontagu,Attachment #296112                Flags,review+,review?(smontagu)
2008-01-09 15:33:37 PST,roc,Status,RESOLVED,NEW
2008-01-09 15:33:37 PST,roc,Resolution,FIXED,---
2008-01-09 15:33:37 PST,roc,Last Resolved,2008-01-09 15:33:37,
2008-01-09 15:33:37 PST,roc,Whiteboard,[sg:critical],[sg:critical][needs review]
2008-01-09 15:41:43 PST,roc,Flags,in-testsuite+,
2008-01-10 10:32:54 PST,cbook,Status,VERIFIED,RESOLVED
2008-01-10 10:32:54 PST,cbook,CC,cbook,
2008-03-26 23:24:00 PDT,jruderman,Group,,security
2008-03-26 23:24:00 PDT,jruderman,Flags,wanted1.8.1.x-,
