When,Who,What,Added,Removed
2007-12-29 21:17:14 PST,reed,Version,Trunk,unspecified
2007-12-29 21:17:14 PST,reed,CC,reed,
2007-12-29 21:20:22 PST,jwalden+bmo,CC,jwalden+bmo,
2008-01-03 18:14:10 PST,ryanvm,CC,ryanvm,
2008-01-04 19:15:33 PST,mrbkap,Attachment #295464                Flags,review?(brendan), superreview?(brendan),
2008-01-04 19:15:33 PST,mrbkap,Status,ASSIGNED,NEW
2008-01-04 19:15:33 PST,mrbkap,Assignee,mrbkap,nobody
2008-01-04 19:25:35 PST,brendan,Attachment #295464                Flags,review+, superreview+,review?(brendan), superreview?(brendan)
2008-01-23 16:30:45 PST,mrbkap,Attachment #295464                Attachment is obsolete,1,0
2008-01-23 16:30:45 PST,mrbkap,Attachment #298810                Flags,review+, superreview+,
2008-01-23 16:31:41 PST,mrbkap,Attachment #298810                Flags,approval1.9?,
2008-01-23 16:32:21 PST,mrbkap,Blocks,410291,
2008-01-23 16:43:14 PST,mtschrep,Attachment #298810                Flags,approval1.9+,approval1.9?
2008-01-23 16:43:43 PST,mtschrep,Priority,P1,--
2008-01-23 16:43:43 PST,mtschrep,CC,mtschrep,
2008-01-23 16:43:43 PST,mtschrep,Flags,blocking1.9+,
2008-01-24 18:28:58 PST,mtschrep,Keywords,checkin-needed,
2008-01-26 15:57:24 PST,reed,Keywords,perf,
2008-01-28 15:04:28 PST,mrbkap,Status,RESOLVED,ASSIGNED
2008-01-28 15:04:28 PST,mrbkap,Resolution,FIXED,---
2008-01-28 15:04:28 PST,mrbkap,Last Resolved,2008-01-28 15:04:28,
2008-01-28 15:06:19 PST,reed,Keywords,,checkin-needed
2008-01-28 16:24:50 PST,mrbkap,Status,REOPENED,RESOLVED
2008-01-28 16:24:50 PST,mrbkap,Resolution,---,FIXED
2008-01-29 02:32:19 PST,magicdice,CC,magicdice,
2008-01-29 21:32:11 PST,jst,Target Milestone,mozilla1.9beta4,---
2008-02-07 11:55:04 PST,mrbkap,Status,ASSIGNED,REOPENED
2008-02-07 11:55:53 PST,mrbkap,CC,brendan,
2008-02-07 12:37:46 PST,mrbkap,Attachment #298810                Attachment is obsolete,1,0
2008-02-07 12:37:46 PST,mrbkap,Attachment #301972                Flags,review?(brendan), superreview?(brendan),
2008-02-07 13:04:06 PST,brendan,Attachment #301972                Flags,review+, superreview+,review?(brendan), superreview?(brendan)
2008-02-07 13:25:38 PST,jst,Attachment #301972                Flags,review-, superreview-,review+, superreview+
2008-02-07 14:45:10 PST,jst,Attachment #302004                Flags,review?(mrbkap), superreview?(mrbkap),
2008-02-07 14:46:02 PST,jst,Attachment #301972                Flags,review+, superreview+,review-, superreview-
2008-02-07 14:54:46 PST,mrbkap,Attachment #302004                Flags,review+, superreview+,review?(mrbkap), superreview?(mrbkap)
2008-02-08 15:12:08 PST,jst,Status,RESOLVED,ASSIGNED
2008-02-08 15:12:08 PST,jst,Resolution,FIXED,---
2008-02-08 15:12:08 PST,jst,Last Resolved,2008-02-08 15:12:08,2008-01-28 15:04:28
