When,Who,What,Added,Removed
2007-12-30 20:35:21 PST,bzbarsky,Attachment #294928                Flags,review?(peterv), superreview?(peterv),
2007-12-30 20:44:11 PST,reed,CC,reed,
2007-12-31 21:36:38 PST,jruderman,CC,jruderman,
2008-01-03 16:56:38 PST,ryanvm,CC,ryanvm,
2008-01-06 07:38:19 PST,peterv,Attachment #294928                Flags,review+, superreview+,review?(peterv), superreview?(peterv)
2008-01-06 09:18:46 PST,bzbarsky,Attachment #294928                Flags,approval1.9?,
2008-01-06 10:33:25 PST,mtschrep,Attachment #294928                Flags,approval1.9+,approval1.9?
2008-01-06 14:04:00 PST,bzbarsky,Attachment #294928                Attachment is obsolete,1,0
2008-01-06 14:05:18 PST,bzbarsky,Status,RESOLVED,NEW
2008-01-06 14:05:18 PST,bzbarsky,Resolution,FIXED,---
2008-01-06 14:05:18 PST,bzbarsky,Last Resolved,2008-01-06 14:05:18,
2011-06-11 06:45:55 PDT,dao,Assignee,bzbarsky,nobody
