When,Who,What,Added,Removed
2007-12-30 20:20:35 PST,reed,CC,reed,
2007-12-30 23:49:42 PST,gavin.sharp,CC,gavin.sharp,
2008-07-10 14:27:57 PDT,bhashem,Severity,minor,normal
2008-07-10 14:27:57 PDT,bhashem,CC,basil,
2008-07-10 14:27:57 PDT,bhashem,Target Milestone,3.x (triaged),---
2009-07-02 16:11:55 PDT,marien.zwart,CC,m_zwart,
2009-07-02 16:12:22 PDT,supernova00,CC,supernova00,
2009-11-03 18:39:10 PST,wclouser,Severity,enhancement,minor
2009-11-03 18:39:10 PST,wclouser,Priority,P4,--
2009-11-03 18:39:10 PST,wclouser,CC,clouserw, dd,
2009-11-04 00:25:46 PST,fwenzel,CC,fwenzel,
2009-11-05 15:50:08 PST,mozilla,CC,ryan,
2009-11-05 17:15:00 PST,mozilla,Status,ASSIGNED,NEW
2009-11-05 17:15:00 PST,mozilla,Assignee,dd,nobody
2009-11-05 17:15:00 PST,mozilla,Attachment #410683                Flags,review?(clouserw),
2009-11-05 18:14:54 PST,wclouser,Attachment #410683                Flags,review+,review?(clouserw)
2009-11-05 18:15:49 PST,morgamic,CC,morgamic,
2009-11-05 19:31:12 PST,mozilla,Resolution,FIXED,---
2009-11-05 19:31:12 PST,mozilla,Last Resolved,2009-11-05 19:31:12,
2009-11-05 19:31:12 PST,mozilla,Status,RESOLVED,ASSIGNED
2009-11-09 10:16:30 PST,mozilla,Depends on,527138,
2009-11-09 16:37:43 PST,mozilla,Attachment #410683                Attachment is obsolete,1,0
2009-11-09 16:37:43 PST,mozilla,Attachment #411319                Flags,review?(clouserw),
2009-11-09 16:57:39 PST,wclouser,Attachment #411319                Flags,review+,review?(clouserw)
2009-11-22 08:04:51 PST,aryx.bugmail,CC,xtc4uall,
