When,Who,What,Added,Removed
2007-12-30 03:59:12 PST,aaronr,Status,ASSIGNED,NEW
2007-12-30 03:59:12 PST,aaronr,Assignee,aaronr,nobody
2007-12-30 16:01:25 PST,bugzilla,Summary,Tracking bug for XForms 0.8.0.4,Tracking bug for 0.8.0.4
2007-12-30 16:01:25 PST,bugzilla,CC,bugzilla,
2008-01-11 18:27:50 PST,aaronr,Depends on,411984, 412028,
2008-01-30 17:23:09 PST,aaronr,Summary,Tracking bug for XForms 0.8.4,Tracking bug for XForms 0.8.0.4
2008-02-06 10:00:38 PST,aaronr,Status,RESOLVED,ASSIGNED
2008-02-06 10:00:38 PST,aaronr,Resolution,FIXED,---
2008-02-06 10:00:38 PST,aaronr,Last Resolved,2008-02-06 10:00:38,
