When,Who,What,Added,Removed
2007-12-30 14:54:09 PST,bugzilla,URL,http://dekreatie.be/galerij,http://tinyurl.com/2wfqqo
2007-12-30 14:54:09 PST,bugzilla,Version,Trunk,unspecified
2007-12-30 20:17:05 PST,phiw2,CC,phiw,
2008-02-17 13:46:23 PST,kinetik,Status,NEW,UNCONFIRMED
2008-02-17 13:46:23 PST,kinetik,CC,kinetik,
2008-02-17 13:46:23 PST,kinetik,Depends on,395983,
2008-02-17 13:46:23 PST,kinetik,Ever confirmed,1,0
2008-02-17 15:02:06 PST,jwalden+bmo,CC,jwalden+bmo,
2008-02-20 17:05:41 PST,kinetik,Status,RESOLVED,NEW
2008-02-20 17:05:41 PST,kinetik,Resolution,FIXED,---
2008-02-20 17:05:41 PST,kinetik,Last Resolved,2008-02-20 17:05:41,
