When,Who,What,Added,Removed
2007-12-29 17:57:17 PST,dtownsend,CC,dtownsend,
2007-12-29 18:33:22 PST,dolske,Blocks,400179,
2007-12-29 21:47:53 PST,gavin.sharp,CC,gavin.sharp, gandalf, bsmedberg,
2007-12-30 00:27:37 PST,dwitte,CC,dwitte,
2008-01-02 06:13:57 PST,matthew.gertner,CC,matthew,
2008-01-02 16:27:13 PST,dolske,Status,ASSIGNED,NEW
2008-01-02 16:27:13 PST,dolske,Assignee,dolske,nobody
2008-01-02 16:27:13 PST,dolske,Attachment #295160                Flags,review?(roc), superreview?(roc),
2008-01-02 19:16:31 PST,roc,CC,roc,
2008-01-04 04:52:27 PST,kairo,CC,kairo,
2008-01-04 07:01:15 PST,mark.finkle,CC,mark.finkle,
2008-01-08 23:41:12 PST,dolske,Attachment #296103                Flags,review?(roc), superreview?(roc),
2008-01-08 23:41:12 PST,dolske,Attachment #295160                Flags,,review?(roc), superreview?(roc)
2008-01-08 23:41:12 PST,dolske,Attachment #295160                Attachment is obsolete,1,0
2008-01-09 02:04:32 PST,dolske,Attachment #296103                Attachment is obsolete,1,0
2008-01-09 02:04:32 PST,dolske,Attachment #296111                Flags,review?(roc), superreview?(roc),
2008-01-09 02:04:32 PST,dolske,Attachment #296103                Flags,,review?(roc), superreview?(roc)
2008-01-09 03:33:02 PST,roc,Attachment #296111                Flags,review+, superreview+,review?(roc), superreview?(roc)
2008-01-09 06:23:50 PST,kairo,Blocks,411494,
2008-01-09 06:34:10 PST,antoine.mechelynck,CC,antoine.mechelynck,
2008-01-09 14:29:00 PST,dolske,Attachment #296111                Flags,approval1.9?,
2008-01-09 16:52:34 PST,mtschrep,Attachment #296111                Flags,approval1.9+,approval1.9?
2008-01-09 22:06:03 PST,dolske,Status,RESOLVED,ASSIGNED
2008-01-09 22:06:03 PST,dolske,Resolution,FIXED,---
2008-01-09 22:06:03 PST,dolske,Target Milestone,mozilla1.9 M11,---
2008-01-09 22:06:03 PST,dolske,Last Resolved,2008-01-09 22:06:03,
2008-01-11 21:30:26 PST,dolske,Blocks,412049,
