When,Who,What,Added,Removed
2007-12-30 08:05:51 PST,ryanvm,CC,ryanvm,
2008-02-04 19:05:16 PST,julien.pierre,CC,julien.pierre.boogz,
2008-02-04 19:05:16 PST,julien.pierre,Ever confirmed,1,0
2008-02-04 19:05:16 PST,julien.pierre,Status,NEW,UNCONFIRMED
2008-02-04 19:05:54 PST,julien.pierre,Priority,P3,--
2008-02-04 19:05:54 PST,julien.pierre,Assignee,julien.pierre.boogz,nobody
2008-02-04 19:05:54 PST,julien.pierre,Target Milestone,3.12,---
2008-02-04 19:06:07 PST,julien.pierre,Status,ASSIGNED,NEW
2008-02-04 19:07:41 PST,julien.pierre,Attachment #301437                Flags,review?(nelson),
2008-02-04 19:19:17 PST,nelson,Attachment #301437                Flags,review+,review?(nelson)
2008-02-04 19:22:50 PST,julien.pierre,Status,RESOLVED,ASSIGNED
2008-02-04 19:22:50 PST,julien.pierre,Resolution,FIXED,---
2008-02-04 19:22:50 PST,julien.pierre,Last Resolved,2008-02-04 19:22:50,
