When,Who,What,Added,Removed
2007-12-30 07:27:30 PST,dwitte,Attachment #294898                Flags,review?(jst),
2007-12-30 08:06:36 PST,ryanvm,CC,ryanvm,
2007-12-30 08:06:36 PST,ryanvm,Version,Trunk,unspecified
2007-12-31 20:05:32 PST,hhschwab,CC,hhschwab,
2008-01-01 01:45:45 PST,dwitte,Attachment #294898                Attachment is obsolete,1,0
2008-01-01 01:45:45 PST,dwitte,Attachment #295009                Flags,review?(mrbkap), superreview?(jst),
2008-01-01 01:45:45 PST,dwitte,Attachment #294898                Flags,,review?(jst)
2008-01-01 01:50:38 PST,reed,CC,reed,
2008-01-05 03:16:45 PST,dwitte,CC,bzbarsky,
2008-01-05 05:16:20 PST,bugzilla,CC,bugzilla,
2008-01-05 06:51:00 PST,mark.finkle,CC,mark.finkle,
2008-01-05 07:02:45 PST,magicdice,CC,magicdice,
2008-01-09 10:42:36 PST,mtschrep,Priority,P1,--
2008-01-09 10:42:36 PST,mtschrep,CC,mtschrep,
2008-01-09 10:42:36 PST,mtschrep,Flags,blocking1.9+,
2008-01-10 16:18:50 PST,jst,Attachment #295009                Flags,review+, superreview+,review?(mrbkap), superreview?(jst)
2008-01-10 16:21:28 PST,steve.england,CC,steve.england,
2008-01-11 10:43:36 PST,dwitte,Blocks,392526,
2008-01-11 22:56:09 PST,dwitte,Attachment #295009                Attachment is obsolete,1,0
2008-01-11 22:56:35 PST,dwitte,Status,RESOLVED,ASSIGNED
2008-01-11 22:56:35 PST,dwitte,Resolution,FIXED,---
2008-01-11 22:56:35 PST,dwitte,Last Resolved,2008-01-11 22:56:35,
2008-01-11 23:05:11 PST,jwalden+bmo,CC,jwalden+bmo,
