When,Who,What,Added,Removed
2008-04-15 12:10:31 PDT,4aeikob02,CC,4aeikob02,
2008-06-23 17:21:33 PDT,bugzilla,CC,bugzilla,
2008-06-26 00:41:18 PDT,majken,CC,majken,
2009-05-01 08:29:43 PDT,naesten,CC,naesten,
2009-05-01 10:15:08 PDT,wclouser,CC,clouserw,
2009-05-01 10:15:08 PDT,wclouser,Blocks,488516, 488517, 488519, 488520,
2009-05-01 10:15:33 PDT,wclouser,Depends on,488516, 488517, 488519, 488520,
2009-05-01 10:15:33 PDT,wclouser,Blocks,,488516, 488517, 488519, 488520
2009-08-10 08:25:10 PDT,fwenzel,Resolution,FIXED,---
2009-08-10 08:25:10 PDT,fwenzel,CC,fwenzel,
2009-08-10 08:25:10 PDT,fwenzel,Last Resolved,2009-08-10 08:25:10,
2009-08-10 08:25:10 PDT,fwenzel,Status,RESOLVED,NEW
