When,Who,What,Added,Removed
2007-12-30 17:23:27 PST,sebo.moz,Flags,wanted-calendar0.8?,
2007-12-30 17:46:06 PST,sebo.moz,Attachment #294918                Flags,review?(daniel.boelzle),
2007-12-30 17:51:34 PST,sebo.moz,Blocks,257428,
2007-12-31 06:15:11 PST,dbo.moz,CC,daniel.boelzle,
2008-01-05 07:51:21 PST,bugzilla,Flags,wanted-calendar0.8-,wanted-calendar0.8?
2008-01-05 09:28:18 PST,sebo.moz,Depends on,393395,
2008-01-15 08:23:18 PST,mschroeder,Assignee,sebo.moz,nobody
2008-01-16 03:48:59 PST,dbo.moz,Attachment #294918                Flags,review-,review?(daniel.boelzle)
2008-01-17 07:55:15 PST,dbo.moz,Blocks,,257428
2008-04-02 06:33:53 PDT,bugzilla,Flags,,wanted-calendar0.8-
2008-04-03 02:06:18 PDT,dbo.moz,Depends on,378754,
2008-04-03 02:08:43 PDT,dbo.moz,Depends on,403006,378754
2008-04-03 02:08:43 PDT,dbo.moz,Flags,wanted-calendar0.9+,
2008-09-30 01:54:00 PDT,dbo.moz,Hardware,All,PC
2008-09-30 01:54:00 PDT,dbo.moz,OS,All,Linux
2008-09-30 01:54:00 PDT,dbo.moz,Flags,wanted-calendar1.0+,wanted-calendar0.9+
2009-01-08 14:20:19 PST,dbo.moz,Assignee,daniel.boelzle,sebo.moz
2009-01-08 14:20:19 PST,dbo.moz,Target Milestone,1.0,---
2009-01-08 14:20:19 PST,dbo.moz,Flags,in-testsuite?,
2009-01-08 14:20:19 PST,dbo.moz,Last Resolved,2009-01-08 14:20:19,
2009-01-08 14:20:19 PST,dbo.moz,Status,RESOLVED,NEW
2009-01-08 14:20:19 PST,dbo.moz,Resolution,FIXED,---
2009-01-08 14:24:37 PST,mschroeder,Attachment #294920                Attachment is obsolete,1,0
2010-02-04 11:05:15 PST,philipp,Target Milestone,1.0b1,1.0
