When,Who,What,Added,Removed
2007-12-30 16:59:01 PST,karlt,Flags,blocking1.9?,
2007-12-30 17:31:49 PST,distler,CC,distler,
2007-12-30 17:48:08 PST,karlt,Attachment #294919                Flags,review?(roc),
2007-12-30 17:49:20 PST,karlt,Priority,P1,--
2007-12-30 17:52:47 PST,roc,Attachment #294919                Flags,review+, superreview+,review?(roc)
2007-12-30 17:59:02 PST,karlt,CC,roc,
2007-12-30 18:00:22 PST,karlt,Attachment #294919                Flags,approval1.9?,
2007-12-30 18:29:07 PST,phiw2,CC,phiw,
2007-12-30 18:48:31 PST,andrewm715+bugzilla,CC,andrewm715+bugzilla,
2007-12-30 19:17:21 PST,jwalden+bmo,CC,jwalden+bmo,
2007-12-30 23:49:51 PST,gavin.sharp,CC,gavin.sharp,
2007-12-31 17:16:33 PST,pavlov,Attachment #294919                Flags,approval1.9+,approval1.9?
2007-12-31 17:40:37 PST,karlt,Status,RESOLVED,ASSIGNED
2007-12-31 17:40:37 PST,karlt,Resolution,FIXED,---
2007-12-31 17:40:37 PST,karlt,Last Resolved,2007-12-31 17:40:37,
2008-01-09 14:57:38 PST,jcea,CC,jcea,
2010-05-11 22:30:15 PDT,karlt,Flags,,blocking1.9?
