When,Who,What,Added,Removed
2007-12-30 00:59:05 PST,roc,Flags,blocking1.9?,
2007-12-30 23:44:35 PST,gavin.sharp,CC,gavin.sharp,
2007-12-31 11:22:45 PST,uriber,CC,uriber,
2007-12-31 20:05:10 PST,phiw2,CC,phiw,
2008-01-02 20:59:28 PST,roc,Attachment #295185                Flags,review?(mats.palmgren), superreview?(mats.palmgren),
2008-01-03 01:39:33 PST,roc,Whiteboard,[needs review],
2008-01-03 12:16:01 PST,mats,Attachment #295185                Flags,review+, superreview+,review?(mats.palmgren), superreview?(mats.palmgren)
2008-01-03 15:27:28 PST,jonas,Priority,P3,--
2008-01-03 15:27:28 PST,jonas,CC,jonas,
2008-01-03 15:27:28 PST,jonas,Flags,blocking1.9+,blocking1.9?
2008-01-03 17:07:05 PST,ryanvm,CC,ryanvm,
2008-01-03 17:51:31 PST,roc,Whiteboard,,[needs review]
2008-01-03 17:51:31 PST,roc,Status,RESOLVED,NEW
2008-01-03 17:51:31 PST,roc,Resolution,FIXED,---
2008-01-03 17:51:31 PST,roc,Flags,in-testsuite+,
2008-01-03 17:51:31 PST,roc,Last Resolved,2008-01-03 17:51:31,
2008-01-03 19:32:20 PST,roc,Attachment #295323                Flags,review?(mats.palmgren), superreview?(mats.palmgren),
2008-01-03 20:41:09 PST,reed,CC,reed,
2008-01-04 02:58:56 PST,mats,Attachment #295323                Flags,review+, superreview+,review?(mats.palmgren), superreview?(mats.palmgren)
2008-01-04 02:59:26 PST,mats,CC,mats.palmgren,
2008-01-04 02:59:26 PST,mats,Target Milestone,mozilla1.9 M11,---
2008-02-15 12:14:25 PST,dbaron,Depends on,417255,
