When,Who,What,Added,Removed
2007-12-30 18:45:18 PST,alqahira,Flags,camino1.5.5?, camino1.6b1?,
2007-12-30 20:18:01 PST,phiw2,CC,phiw,
2007-12-31 04:36:40 PST,krmathis,CC,krmathis,
2008-01-01 12:31:55 PST,bugzilla-graveyard,CC,cl-bugs,
2008-01-01 20:33:10 PST,alqahira,Attachment #295056                Flags,superreview?(mark),
2008-01-01 23:03:36 PST,philip.chee,Attachment #295056                Flags,,superreview?(mark)
2008-01-02 22:19:15 PST,alqahira,Attachment #295056                Attachment is obsolete,1,0
2008-01-02 22:19:15 PST,alqahira,Attachment #295194                Flags,superreview?(mark),
2008-01-03 12:05:44 PST,mark,Attachment #295194                Flags,superreview+,superreview?(mark)
2008-01-03 12:06:13 PST,mark,Flags,camino1.6b1+,camino1.6b2?
2008-01-03 16:39:29 PST,alqahira,Keywords,fixed1.8.1.12,
2008-01-03 16:39:29 PST,alqahira,Status,RESOLVED,NEW
2008-01-03 16:39:29 PST,alqahira,Resolution,FIXED,---
2008-01-03 16:39:29 PST,alqahira,Last Resolved,2008-01-03 16:39:29,
2008-01-28 21:16:58 PST,alqahira,Whiteboard,[camino-1.5.5],
2008-01-28 21:16:58 PST,alqahira,Flags,camino1.5.5+,camino1.5.5?
