When,Who,What,Added,Removed
2007-12-30 18:21:04 PST,sdwilsh,Flags,blocking-firefox3?,
2007-12-30 18:25:48 PST,sdwilsh,Attachment #294923                Flags,review?(edilee),
2007-12-30 18:26:47 PST,sdwilsh,Whiteboard,[has patch][needs review Mardak],
2007-12-31 19:34:44 PST,sdwilsh,Attachment #294923                Attachment is obsolete,1,0
2007-12-31 19:34:44 PST,sdwilsh,Attachment #295004                Flags,review?(edilee),
2007-12-31 19:34:44 PST,sdwilsh,Attachment #294923                Flags,,review?(edilee)
2008-01-02 12:06:30 PST,madhava,CC,madhava,
2008-01-03 11:48:20 PST,sdwilsh,Blocks,401172,
2008-01-05 13:51:05 PST,edilee,Attachment #295004                Flags,review+,review?(edilee)
2008-01-06 10:38:42 PST,sdwilsh,Attachment #295645                Flags,approval1.9?,
2008-01-06 10:38:42 PST,sdwilsh,Attachment #295004                Attachment is obsolete,1,0
2008-01-06 10:40:21 PST,sdwilsh,Whiteboard,[has back-end patch][has reivew for back-end][needs approval back-end][needs front-end patch],[has patch][needs review Mardak]
2008-01-06 10:40:21 PST,sdwilsh,Depends on,392293,
2008-01-06 15:21:08 PST,ryanvm,CC,ryanvm,
2008-01-06 16:14:40 PST,fullmetaljacket.xp+bugmail,CC,fullmetaljacket.xp+bugmail,
2008-01-06 16:49:54 PST,sdwilsh,Attachment #295690                Flags,review?(edilee),
2008-01-06 18:03:39 PST,mconnor,CC,mconnor,
2008-01-06 18:03:39 PST,mconnor,Flags,blocking-firefox3+,blocking-firefox3?
2008-01-06 22:56:03 PST,mtschrep,Attachment #295645                Flags,approval1.9+,approval1.9?
2008-01-07 11:22:04 PST,sdwilsh,Whiteboard,[needs new patch],[has back-end patch][has reivew for back-end][needs approval back-end][needs front-end patch]
2008-01-07 19:02:21 PST,sdwilsh,Whiteboard,[has patch][needs review Mardak],[needs new patch]
2008-01-08 08:52:51 PST,sdwilsh,Priority,P2,--
2008-01-08 13:06:44 PST,stephen.donner,CC,stephend,
2008-01-10 03:23:00 PST,jcea,CC,jcea,
2008-01-10 07:29:40 PST,hskupin,CC,hskupin,
2008-01-10 20:59:49 PST,edilee,Attachment #295690                Flags,review-,review?(edilee)
2008-01-12 00:37:27 PST,edilee,Attachment #295690                Flags,review+,review-
2008-01-12 09:10:31 PST,sdwilsh,Whiteboard,[has patch][has Mardak][needs test],[has patch][needs review Mardak]
2008-01-16 10:22:41 PST,sdwilsh,Whiteboard,[needs new patch],[has patch][has Mardak][needs test]
2008-01-18 11:16:52 PST,sdwilsh,Attachment #297824                Flags,review?(edilee),
2008-01-18 11:16:52 PST,sdwilsh,Attachment #295645                Attachment is obsolete,1,0
2008-01-18 11:16:52 PST,sdwilsh,Attachment #295690                Attachment is obsolete,1,0
2008-01-18 11:17:29 PST,sdwilsh,Attachment #297824                Attachment mime type,text/plain,application/octet-stream
2008-01-18 11:17:29 PST,sdwilsh,Attachment #297824                Attachment is patch,1,0
2008-01-18 11:18:39 PST,sdwilsh,Whiteboard,[has patch][needs review Mardak],[needs new patch]
2008-01-18 11:30:23 PST,sdwilsh,Attachment #297824                Attachment is obsolete,1,0
2008-01-18 11:30:23 PST,sdwilsh,Attachment #297826                Flags,review?(edilee),
2008-01-18 11:30:23 PST,sdwilsh,Attachment #297824                Flags,,review?(edilee)
2008-01-20 12:41:01 PST,edilee,Attachment #297826                Flags,review+,review?(edilee)
2008-01-21 19:37:29 PST,sdwilsh,Attachment #297826                Attachment is obsolete,1,0
2008-01-21 19:48:21 PST,sdwilsh,Last Resolved,2008-01-21 19:48:21,
2008-01-21 19:48:21 PST,sdwilsh,Status,RESOLVED,ASSIGNED
2008-01-21 19:48:21 PST,sdwilsh,Resolution,FIXED,---
2008-01-21 19:48:21 PST,sdwilsh,Flags,in-litmus-, in-testsuite+,
2008-01-23 17:41:34 PST,andrewm715+bugzilla,CC,andrewm715+bugzilla,
2008-01-26 14:32:52 PST,edilee,Blocks,406203,
2008-01-29 00:30:25 PST,stephen.donner,Whiteboard,,[has patch][needs review Mardak]
2008-02-05 17:29:22 PST,stephen.donner,Blocks,401846,
2008-07-31 04:30:00 PDT,nobody,Product,Toolkit,Firefox
2009-05-02 21:13:52 PDT,ishermandom+bugs,CC,ishermandom+bugs,
