When,Who,What,Added,Removed
2008-03-16 09:38:32 PDT,stefanh,Blocks,423281,
2009-01-09 10:51:28 PST,jh,CC,jh,
2009-01-09 14:29:21 PST,stefanh,Assignee,nobody,neil
2009-01-09 16:07:42 PST,iann_bugzilla,CC,iann_bugzilla,
2009-03-28 16:47:19 PDT,jh,Status,ASSIGNED,NEW
2009-03-28 16:47:19 PDT,jh,Assignee,jh,nobody
2009-03-28 16:47:19 PDT,jh,Attachment #369849                Flags,review?(stefanh),
2009-03-28 17:34:18 PDT,stefanh,Attachment #369849                Flags,review-,review?(stefanh)
2009-03-30 14:48:45 PDT,jh,Attachment #369849                Attachment is obsolete,1,0
2009-03-30 14:48:45 PDT,jh,Attachment #370074                Flags,review?(stefanh),
2009-04-01 16:42:31 PDT,stefanh,Attachment #370074                Flags,review+,review?(stefanh)
2009-04-01 23:54:31 PDT,jh,Attachment #370074                Attachment is obsolete,1,0
2009-04-01 23:54:31 PDT,jh,Attachment #370582                Flags,review+,
2009-04-01 23:55:19 PDT,jh,Keywords,checkin-needed,
2009-04-01 23:55:19 PDT,jh,Target Milestone,seamonkey2.0b1,seamonkey2.0a1
2009-04-02 04:30:29 PDT,stefanh,Keywords,,checkin-needed
2009-04-02 04:30:29 PDT,stefanh,Status,RESOLVED,ASSIGNED
2009-04-02 04:30:29 PDT,stefanh,Resolution,FIXED,---
2009-04-02 04:30:29 PDT,stefanh,Last Resolved,2009-04-02 04:30:29,
