When,Who,What,Added,Removed
2008-01-01 00:46:48 PST,gavin.sharp,CC,gavin.sharp,
2008-01-01 09:38:31 PST,smontagu,Assignee,smontagu,nobody
2008-01-01 09:38:31 PST,smontagu,Depends on,409375,
2008-01-01 14:05:23 PST,jruderman,CC,jruderman,
2008-01-30 11:43:00 PST,smontagu,Status,RESOLVED,NEW
2008-01-30 11:43:00 PST,smontagu,Resolution,FIXED,---
2008-01-30 11:43:00 PST,smontagu,Flags,in-testsuite+,
2008-01-30 11:43:00 PST,smontagu,Last Resolved,2008-01-30 11:43:00,
2012-12-03 22:22:43 PST,dveditz,Group,,core-security
