When,Who,What,Added,Removed
2007-12-31 07:53:45 PST,jwalden+bmo,CC,jwalden+bmo,
2008-01-01 16:40:21 PST,karlt,Summary,Stretched glyphs from STIX fonts display with gaps under windows (bad glyph extents for postscript OpenType fonts),Stretched glyphs from STIX fonts display with gaps under windows
2008-01-01 16:40:21 PST,karlt,Priority,P2,--
2008-01-01 16:40:21 PST,karlt,CC,pavlov, roc, mozbugz, vladimir,
2008-01-01 16:40:21 PST,karlt,Blocks,96041,
2008-01-01 16:40:21 PST,karlt,Flags,blocking1.9?,
2008-01-01 18:42:19 PST,fullmetaljacket.xp+bugmail,CC,fullmetaljacket.xp+bugmail,
2008-01-03 01:20:50 PST,karlt,Assignee,mozbugz,nobody
2008-01-03 01:20:50 PST,karlt,Attachment #295202                Flags,review?(vladimir),
2008-01-03 01:20:50 PST,karlt,Status,ASSIGNED,NEW
2008-01-06 17:22:35 PST,roc,Blocks,408312,
2008-01-08 08:13:47 PST,ajohnson,CC,ajohnson,
2008-01-08 09:35:10 PST,karlt,Attachment #295202                Flags,,review?(vladimir)
2008-01-08 09:35:57 PST,karlt,Depends on,411224,
2008-01-09 15:00:07 PST,jcea,CC,jcea,
2008-01-20 00:29:21 PST,vladimir,Status,RESOLVED,ASSIGNED
2008-01-20 00:29:21 PST,vladimir,Resolution,FIXED,---
2008-01-20 00:29:21 PST,vladimir,Last Resolved,2008-01-20 00:29:21,
2008-01-20 00:38:08 PST,jwalden+bmo,Flags,in-testsuite?,
2008-01-20 03:09:41 PST,wgianopoulos,Status,VERIFIED,RESOLVED
2010-05-11 22:31:37 PDT,karlt,Flags,,blocking1.9?
