When,Who,What,Added,Removed
2008-01-02 01:51:02 PST,bugzilla-mozilla-20000923,CC,silver,
2008-01-02 11:19:48 PST,wormsxulla,CC,wormsxulla,
2008-01-03 06:09:25 PST,mitchell.field,Attachment #295002                Attachment is obsolete,1,0
2008-01-03 06:11:02 PST,mitchell.field,CC,mf_12,
2008-01-03 06:17:14 PST,gijskruitbosch+bugs,CC,gijskruitbosch+bugs,
2008-01-07 03:46:59 PST,gijskruitbosch+bugs,Status,NEW,UNCONFIRMED
2008-01-07 03:46:59 PST,gijskruitbosch+bugs,Severity,enhancement,normal
2008-01-07 03:46:59 PST,gijskruitbosch+bugs,Ever confirmed,1,0
2008-01-20 08:48:56 PST,mitchell.field,Attachment #295222                Attachment is obsolete,1,0
2008-01-27 17:08:23 PST,mitchell.field,Attachment #299575                Flags,review?(gijskruitbosch+bugs),
2008-01-28 03:44:10 PST,gijskruitbosch+bugs,Attachment #299575                Flags,review-,review?(gijskruitbosch+bugs)
2008-02-10 21:36:20 PST,mitchell.field,Attachment #298121                Attachment is obsolete,1,0
2008-02-10 21:36:20 PST,mitchell.field,Attachment #299575                Attachment is obsolete,1,0
2008-02-10 21:36:20 PST,mitchell.field,Attachment #302519                Flags,review?(gijskruitbosch+bugs),
2008-02-11 03:25:16 PST,gijskruitbosch+bugs,Attachment #302519                Flags,review-,review?(gijskruitbosch+bugs)
2008-02-18 17:45:46 PST,mitchell.field,Attachment #302519                Attachment is obsolete,1,0
2008-02-18 17:45:46 PST,mitchell.field,Attachment #304128                Flags,review?(gijskruitbosch+bugs),
2008-02-21 00:19:42 PST,mitchell.field,Attachment #304128                Attachment is obsolete,1,0
2008-02-21 00:19:42 PST,mitchell.field,Attachment #304683                Flags,review?(gijskruitbosch+bugs),
2008-02-21 00:19:42 PST,mitchell.field,Attachment #304128                Flags,,review?(gijskruitbosch+bugs)
2008-02-21 01:49:44 PST,mitchell.field,Attachment #304683                Flags,,review?(gijskruitbosch+bugs)
2008-02-21 01:49:44 PST,mitchell.field,Attachment #304683                Attachment is obsolete,1,0
2008-02-21 01:49:44 PST,mitchell.field,Attachment #304694                Flags,review?(gijskruitbosch+bugs),
2008-02-21 11:40:23 PST,gijskruitbosch+bugs,Attachment #304694                Flags,review+,review?(gijskruitbosch+bugs)
2008-02-22 03:53:55 PST,mitchell.field,Attachment #304694                Attachment is obsolete,1,0
2008-02-22 03:53:55 PST,mitchell.field,Attachment #304956                Flags,review?(gijskruitbosch+bugs),
2008-02-22 16:57:20 PST,gijskruitbosch+bugs,Attachment #304956                Flags,review+,review?(gijskruitbosch+bugs)
2008-03-02 02:14:57 PST,gijskruitbosch+bugs,Assignee,mitch_1_2,rginda
2008-03-02 02:14:57 PST,gijskruitbosch+bugs,CC,rginda,
2008-03-02 04:18:44 PST,gijskruitbosch+bugs,Whiteboard,[cz-0.9.82],
2008-03-02 04:18:44 PST,gijskruitbosch+bugs,Status,RESOLVED,NEW
2008-03-02 04:18:44 PST,gijskruitbosch+bugs,Resolution,FIXED,---
2008-03-02 04:18:44 PST,gijskruitbosch+bugs,Last Resolved,2008-03-02 04:18:44,
2014-12-19 08:44:21 PST,gijskruitbosch+bugs,Blocks,1113707,
