When,Who,What,Added,Removed
2007-12-31 12:36:32 PST,dwitte,Attachment #294983                Flags,review?(benjamin), superreview?(benjamin),
2007-12-31 12:38:19 PST,reed,CC,reed,
2007-12-31 12:38:19 PST,reed,Depends on,410357, 410358,
2007-12-31 12:40:30 PST,ted,Depends on,,410357
2007-12-31 12:40:57 PST,ted,Depends on,410357,
2007-12-31 15:48:05 PST,ryanvm,CC,ryanvm,
2008-01-03 06:49:32 PST,benjamin,Attachment #294983                Flags,review+, superreview+,review?(benjamin), superreview?(benjamin)
2008-01-03 09:52:59 PST,dwitte,Attachment #294983                Flags,approval1.9?,
2008-01-03 15:57:22 PST,mtschrep,Attachment #294983                Flags,approval1.9+,approval1.9?
2008-01-10 12:18:30 PST,dwitte,Status,RESOLVED,ASSIGNED
2008-01-10 12:18:30 PST,dwitte,Resolution,FIXED,---
2008-01-10 12:18:30 PST,dwitte,Last Resolved,2008-01-10 12:18:30,
