When,Who,What,Added,Removed
2007-12-31 12:30:19 PST,dwitte,Attachment #294982                Flags,review?(neil), superreview?(neil),
2007-12-31 12:30:40 PST,dwitte,Assignee,dwitte,nobody
2007-12-31 12:30:49 PST,reed,Status,ASSIGNED,NEW
2007-12-31 12:30:49 PST,reed,CC,reed,
2007-12-31 12:38:19 PST,reed,Blocks,410360,
2007-12-31 13:34:52 PST,neil,Attachment #294982                Flags,review+, superreview+,review?(neil), superreview?(neil)
2007-12-31 13:44:22 PST,dwitte,Attachment #294982                Flags,approval1.9?,
2007-12-31 15:48:23 PST,ryanvm,CC,ryanvm,
2007-12-31 17:27:12 PST,pavlov,Attachment #294982                Flags,approval1.9+,approval1.9?
2007-12-31 18:08:07 PST,dwitte,Last Resolved,2007-12-31 18:08:07,
2007-12-31 18:08:07 PST,dwitte,Status,RESOLVED,ASSIGNED
2007-12-31 18:08:07 PST,dwitte,Resolution,FIXED,---
2007-12-31 23:42:15 PST,gavin.sharp,CC,gavin.sharp,
2008-07-31 03:26:16 PDT,timeless,Component,XUL,XP Toolkit/Widgets: Trees
2008-07-31 03:26:16 PDT,timeless,QA Contact,xptoolkit.widgets,xptoolkit.trees
