When,Who,What,Added,Removed
2007-12-31 15:23:13 PST,neil,Attachment #294992                Flags,review?(bienvenu), superreview?(bienvenu),
2007-12-31 15:23:13 PST,neil,Status,ASSIGNED,NEW
2007-12-31 15:23:13 PST,neil,Assignee,neil,nobody
2007-12-31 20:06:45 PST,hhschwab,CC,hhschwab,
2008-01-03 17:08:18 PST,mozilla,Attachment #294992                Flags,review+, superreview+,review?(bienvenu), superreview?(bienvenu)
2008-01-04 01:52:23 PST,mozilla,CC,mozilla,
2008-01-04 05:07:46 PST,neil,Status,RESOLVED,ASSIGNED
2008-01-04 05:07:46 PST,neil,Resolution,FIXED,---
2008-01-04 05:07:46 PST,neil,Last Resolved,2008-01-04 05:07:46,
2008-01-05 11:51:20 PST,philringnalda,CC,philringnalda,
2008-01-14 05:40:26 PST,standard8,Depends on,412268,
2008-01-16 09:22:24 PST,vseerror,CC,vseerror,
2008-07-31 04:30:00 PDT,nobody,Product,MailNews Core,Core
