When,Who,What,Added,Removed
2008-01-02 11:02:42 PST,beckley,Severity,enhancement,normal
2008-01-02 11:02:42 PST,beckley,CC,beckley,
2008-01-29 15:40:49 PST,mdudziak,Status,ASSIGNED,UNCONFIRMED
2008-01-29 15:40:49 PST,mdudziak,Priority,P4,--
2008-01-29 15:40:49 PST,mdudziak,Target Milestone,Future,---
2008-01-29 15:40:49 PST,mdudziak,Ever confirmed,1,0
2008-08-24 13:05:02 PDT,paul,CC,paul,
2008-11-07 18:41:38 PST,beckley,Version,0.1,unspecified
2008-11-07 18:41:38 PST,beckley,Component,Mail Window,General
2008-11-07 18:41:38 PST,beckley,Assignee,beckley,mozilla-bugs
2008-11-07 18:41:38 PST,beckley,QA Contact,mail-window,general
2008-11-07 18:41:38 PST,beckley,Target Milestone,0.5,Future
2008-11-10 14:34:38 PST,mdudziak,CC,mozilla-bugs,
2009-01-26 16:56:08 PST,mdudziak,Status,RESOLVED,ASSIGNED
2009-01-26 16:56:08 PST,mdudziak,Resolution,FIXED,---
2009-01-26 16:56:08 PST,mdudziak,Last Resolved,2009-01-26 16:56:08,
2010-02-03 14:57:55 PST,mdudziak,Target Milestone,---,0.5
