When,Who,What,Added,Removed
2008-01-01 05:52:38 PST,baffclan,CC,baffclan,
2008-01-01 06:04:35 PST,mozilla.dancho,CC,tooyama,
2008-01-01 16:11:48 PST,samuel.sidler+old,Keywords,top100,
2008-01-01 16:11:48 PST,samuel.sidler+old,CC,samuel.sidler,
2008-01-01 16:19:53 PST,alqahira,Summary,yahoo.co.jp - redirects all non-"Firefox 2.0" (exact match) Gecko browsers to a downgraded page,yahoo.co.jp
2008-01-01 16:19:53 PST,alqahira,Blocks,121228,
2008-01-02 09:32:52 PST,bugzilla-graveyard,CC,cl-bugs,
2008-01-02 10:53:53 PST,kev,CC,kev, kohei.yoshino.bugs,
2008-01-02 10:58:31 PST,kohei.yoshino,CC,masayuki, gen,
2008-01-02 11:03:02 PST,kohei.yoshino,CC,negoro,
2008-01-03 01:19:50 PST,VYV03354,CC,VYV03354,
2008-01-08 05:26:49 PST,timeless,Assignee,kev,japanese
2008-02-01 04:51:22 PST,hidenosuke,Status,RESOLVED,NEW
2008-02-01 04:51:22 PST,hidenosuke,Resolution,WORKSFORME,---
2008-02-01 04:51:22 PST,hidenosuke,CC,hidenosuke,
2008-02-01 04:51:22 PST,hidenosuke,Last Resolved,2008-02-01 04:51:22,
2008-02-01 11:19:47 PST,samuel.sidler+old,Resolution,FIXED,WORKSFORME
2008-02-01 12:07:18 PST,bugzilla-graveyard,Status,VERIFIED,RESOLVED
2008-08-21 02:19:48 PDT,kohei.yoshino.bugs+mj,CC,,negoro
2015-04-19 23:46:13 PDT,nobody,Product,Tech Evangelism Graveyard,Tech Evangelism
