When,Who,What,Added,Removed
2007-12-31 05:22:39 PST,standard8,Attachment #294952                Flags,review?(benjamin), superreview?(benjamin),
2007-12-31 16:13:29 PST,ryanvm,CC,ryanvm,
2008-01-03 06:52:02 PST,benjamin,Attachment #294952                Flags,review+, superreview+,review?(benjamin), superreview?(benjamin)
2008-01-03 08:20:44 PST,standard8,Attachment #294952                Flags,approval1.9?,
2008-01-03 15:55:57 PST,dsicore,Attachment #294952                Flags,approval1.9+,approval1.9?
2008-01-04 14:51:39 PST,standard8,Status,RESOLVED,NEW
2008-01-04 14:51:39 PST,standard8,Resolution,FIXED,---
2008-01-04 14:51:39 PST,standard8,Last Resolved,2008-01-04 14:51:39,
