When,Who,What,Added,Removed
2007-12-30 22:12:23 PST,moco,Attachment #294931                Flags,review?(dietrich),
2007-12-30 22:15:07 PST,reed,CC,reed,
2007-12-30 22:17:36 PST,moco,Assignee,sspitzer,nobody
2007-12-30 22:20:47 PST,moco,Summary,when configured to clear private private data on shutdown, we do more work than we need to,expiring more than we need to on shutdown if clearing private data
2007-12-30 22:20:47 PST,moco,Status,ASSIGNED,NEW
2008-01-02 11:16:02 PST,moco,Attachment #294931                Attachment is obsolete,1,0
2008-01-02 11:16:02 PST,moco,Attachment #295126                Flags,review?(dietrich),
2008-01-02 11:16:02 PST,moco,Attachment #294931                Flags,,review?(dietrich)
2008-01-02 12:30:50 PST,dietrich,Attachment #295126                Flags,review+,review?(dietrich)
2008-01-02 12:42:05 PST,moco,Target Milestone,Firefox 3 M11,---
2008-01-02 12:47:25 PST,moco,Attachment #295126                Flags,approval1.9?,
2008-01-03 15:55:15 PST,mtschrep,Attachment #295126                Flags,approval1.9+,approval1.9?
2008-01-04 14:59:33 PST,moco,Status,RESOLVED,ASSIGNED
2008-01-04 14:59:33 PST,moco,Resolution,FIXED,---
2008-01-04 14:59:33 PST,moco,Last Resolved,2008-01-04 14:59:33,
2009-11-26 06:53:26 PST,gerv,Component,Bookmarks & History,Places
2009-11-26 06:53:26 PST,gerv,QA Contact,bookmarks,places
