When,Who,What,Added,Removed
2007-12-31 10:42:43 PST,reed,CC,reed,
2008-01-02 19:33:18 PST,reed,Component,Widget: Gtk,OS Integration
2008-01-02 19:33:18 PST,reed,QA Contact,gtk,os.integration
2008-01-02 19:33:18 PST,reed,CC,ventnor.bugzilla, twanno, ispence,
2008-01-02 19:33:18 PST,reed,Product,Core,Firefox
2008-01-02 19:33:18 PST,reed,Version,Trunk,unspecified
2008-01-02 20:45:06 PST,ventnor.bugzilla,Status,ASSIGNED,UNCONFIRMED
2008-01-02 20:45:06 PST,ventnor.bugzilla,Assignee,ventnor.bugzilla,nobody
2008-01-02 20:45:06 PST,ventnor.bugzilla,Ever confirmed,1,0
2008-01-02 20:45:06 PST,ventnor.bugzilla,Attachment #295182                Flags,review?(rflint),
2008-01-02 20:49:18 PST,reed,Product,Firefox,Core
2008-01-02 20:49:18 PST,reed,Component,OS Integration,Widget: Gtk
2008-01-02 20:49:18 PST,reed,QA Contact,os.integration,gtk
2008-01-02 20:52:56 PST,ventnor.bugzilla,Attachment #295182                Attachment is obsolete,1,0
2008-01-02 20:52:56 PST,ventnor.bugzilla,Attachment #295183                Flags,review?(rflint),
2008-01-02 20:52:56 PST,ventnor.bugzilla,Attachment #295182                Flags,,review?(rflint)
2008-01-02 22:00:57 PST,rflint,Attachment #295183                Flags,review+,review?(rflint)
2008-01-02 22:03:22 PST,reed,Attachment #295183                Flags,approval1.9?,
2008-01-03 12:08:45 PST,gavin.sharp,CC,gavin.sharp,
2008-01-03 15:56:10 PST,dsicore,Attachment #295183                Flags,approval1.9+,approval1.9?
2008-01-03 18:09:55 PST,reed,Keywords,checkin-needed,
2008-01-04 23:41:20 PST,reed,Resolution,FIXED,---
2008-01-04 23:41:20 PST,reed,Target Milestone,Firefox 3 M11,---
2008-01-04 23:41:20 PST,reed,Last Resolved,2008-01-04 23:41:20,
2008-01-04 23:41:20 PST,reed,Keywords,,checkin-needed
2008-01-04 23:41:20 PST,reed,Status,RESOLVED,ASSIGNED
