When,Who,What,Added,Removed
2008-01-02 08:45:26 PST,cedric.corazza,Attachment #295103                Flags,review+, approval1.9?,
2008-01-02 10:38:46 PST,l10n,Attachment #295103                Flags,review+,
2008-01-02 10:42:35 PST,cedric.corazza,Attachment #295103                Flags,,approval1.9?
2008-01-02 10:49:17 PST,cedric.corazza,Status,RESOLVED,NEW
2008-01-02 10:49:17 PST,cedric.corazza,Resolution,FIXED,---
2008-01-02 10:49:17 PST,cedric.corazza,CC,cedric.corazza,
2008-01-02 10:49:17 PST,cedric.corazza,Last Resolved,2008-01-02 10:49:17,
2008-01-03 07:45:51 PST,cedric.corazza,Status,VERIFIED,RESOLVED
2008-02-12 12:32:49 PST,mic,Blocks,415599,
