When,Who,What,Added,Removed
2008-01-01 12:14:26 PST,wbzsinj.bugs,Product,Tech Evangelism,Firefox
2008-01-01 12:14:26 PST,wbzsinj.bugs,Component,English US,General
2008-01-01 12:14:26 PST,wbzsinj.bugs,Assignee,english-us,nobody
2008-01-01 12:14:26 PST,wbzsinj.bugs,QA Contact,english-us,general
2008-01-01 12:14:26 PST,wbzsinj.bugs,CC,wbzsinj.bugs,
2008-01-01 15:02:34 PST,bob,Summary,hsbc.ca - error during login,This site does not work with this version yet
2008-01-01 15:02:34 PST,bob,CC,bclary,
2008-01-02 09:40:47 PST,bugzilla-graveyard,CC,cl-bugs,
2008-04-29 12:10:31 PDT,bernard_wei,CC,bernard_wei,
2008-05-01 19:46:38 PDT,bugzilla-graveyard,Hardware,All,PC
2008-05-01 19:46:38 PDT,bugzilla-graveyard,OS,All,Windows XP
2008-06-01 11:39:34 PDT,bugzilla-graveyard,Status,RESOLVED,UNCONFIRMED
2008-06-01 11:39:34 PDT,bugzilla-graveyard,Resolution,INCOMPLETE,---
2008-06-01 11:39:34 PDT,bugzilla-graveyard,Last Resolved,2008-06-01 11:39:34,
2008-06-01 23:44:26 PDT,mozilla,CC,mozilla,
2008-06-02 07:45:03 PDT,bugzilla-graveyard,Status,UNCONFIRMED,RESOLVED
2008-06-02 07:45:03 PDT,bugzilla-graveyard,Resolution,---,INCOMPLETE
2009-08-27 18:38:15 PDT,cl58.bmo,CC,cl58.sumo.bugs,
2009-12-07 11:07:38 PST,bugzilla-graveyard,Status,RESOLVED,UNCONFIRMED
2009-12-07 11:07:38 PST,bugzilla-graveyard,Resolution,FIXED,---
2009-12-07 11:07:38 PST,bugzilla-graveyard,Last Resolved,2009-12-07 11:07:38,2008-06-01 11:39:34
2015-04-19 23:39:42 PDT,nobody,Product,Tech Evangelism Graveyard,Tech Evangelism
