When,Who,What,Added,Removed
2007-12-31 12:16:15 PST,dwitte,Attachment #294979                Flags,review?(dbaron), superreview?(dbaron),
2007-12-31 12:38:19 PST,reed,Blocks,410360,
2007-12-31 12:39:57 PST,reed,CC,reed,
2007-12-31 12:40:30 PST,ted,CC,ted.mielczarek,
2007-12-31 12:40:30 PST,ted,Blocks,,410360
2007-12-31 12:40:57 PST,ted,Blocks,410360,
2007-12-31 12:51:49 PST,dwitte,Attachment #294985                Flags,review?(dbaron), superreview?(dbaron),
2007-12-31 12:51:49 PST,dwitte,Attachment #294979                Flags,,review?(dbaron), superreview?(dbaron)
2007-12-31 12:51:49 PST,dwitte,Attachment #294979                Attachment is obsolete,1,0
2007-12-31 15:47:45 PST,ryanvm,CC,ryanvm,
2008-01-02 13:32:07 PST,gavin.sharp,CC,gavin.sharp,
2008-01-09 10:43:41 PST,mtschrep,CC,mtschrep,
2008-01-09 10:43:41 PST,mtschrep,Flags,blocking1.9+,
2008-01-09 10:43:41 PST,mtschrep,Priority,P1,--
2008-01-09 18:15:00 PST,dbaron,Attachment #294985                Flags,review+, superreview+,review?(dbaron), superreview?(dbaron)
2008-01-10 12:14:32 PST,dwitte,Status,RESOLVED,ASSIGNED
2008-01-10 12:14:32 PST,dwitte,Resolution,FIXED,---
2008-01-10 12:14:32 PST,dwitte,Last Resolved,2008-01-10 12:14:32,
