When,Who,What,Added,Removed
2007-12-31 07:40:37 PST,mkmelin+mozilla,Attachment #294962                Flags,review?(mnyromyr), superreview?(bienvenu),
2007-12-31 09:17:32 PST,jan.kratochvil,CC,lace,
2007-12-31 09:23:57 PST,jwalden+bmo,CC,jwalden+bmo,
2008-01-01 10:31:29 PST,mnyromyr,Attachment #294962                Flags,review+,review?(mnyromyr)
2008-01-02 13:23:28 PST,gavin.sharp,CC,gavin.sharp,
2008-01-06 23:45:30 PST,petr.hroudny,CC,petr.hroudny,
2008-03-07 09:12:14 PST,rsx11m.pub,CC,rsx11m.pub,
2008-03-13 14:04:18 PDT,omarb.public,CC,omarb.public,
2008-03-20 19:36:43 PDT,daira,CC,david.hopwood,
2008-03-24 11:29:12 PDT,mkmelin+mozilla,CC,bienvenu,
2008-03-24 11:48:20 PDT,mozilla,Attachment #294962                Flags,superreview+,superreview?(bienvenu)
2008-03-26 09:47:25 PDT,mkmelin+mozilla,Target Milestone,mozilla1.9beta5,---
2008-03-26 12:18:51 PDT,maxxmozilla,CC,firefox,
2008-03-26 12:48:35 PDT,mkmelin+mozilla,Attachment #311842                Flags,review?(philringnalda), superreview?(neil),
2008-03-27 03:50:04 PDT,neil,Attachment #311842                Flags,superreview+,superreview?(neil)
2008-03-27 09:48:01 PDT,philringnalda,Attachment #311842                Flags,review+,review?(philringnalda)
2008-03-27 11:51:11 PDT,mkmelin+mozilla,Status,RESOLVED,ASSIGNED
2008-03-27 11:51:11 PDT,mkmelin+mozilla,Resolution,FIXED,---
2008-03-27 11:51:11 PDT,mkmelin+mozilla,Last Resolved,2008-03-27 11:51:11,
2008-03-28 10:46:17 PDT,mozdiav,CC,mozdiav,
2008-04-07 07:07:45 PDT,mnyromyr,CC,hans-joachim.cappius,
2008-05-22 13:21:31 PDT,mkmelin+mozilla,Blocks,328938,
2008-06-12 08:39:30 PDT,acugnini,CC,acugnini,
2008-07-31 04:30:00 PDT,nobody,Product,MailNews Core,Core
2008-08-01 07:56:39 PDT,bugzilla.mozilla.org,Status,REOPENED,RESOLVED
2008-08-01 07:56:39 PDT,bugzilla.mozilla.org,Resolution,---,FIXED
2008-08-01 08:04:15 PDT,bugzilla.mozilla.org,CC,bugzilla.mozilla.org,
2008-08-01 12:51:15 PDT,mnyromyr,Status,RESOLVED,REOPENED
2008-08-01 12:51:15 PDT,mnyromyr,Resolution,FIXED,---
2008-08-01 12:51:15 PDT,mnyromyr,Last Resolved,2008-08-01 12:51:15,2008-03-27 11:51:11
2008-08-01 19:08:54 PDT,bugzilla.mozilla.org,CC,mozilla-bugs,
2008-12-15 13:06:44 PST,bugzilla.mozilla.org.sites,CC,bugzilla.mozilla.org.sites,
2009-08-07 23:58:28 PDT,gary,CC,bugs,
2009-12-24 21:01:51 PST,feedback,See Also,https://launchpad.net/bugs/482496,
2009-12-25 04:33:09 PST,feedback,See Also,https://launchpad.net/bugs/317167,
