When,Who,What,Added,Removed
2008-01-01 12:43:46 PST,bugzilla-graveyard,CC,cl-bugs,
2008-01-01 17:24:08 PST,phiw2,CC,phiw,
2008-06-10 22:02:47 PDT,stuart.morgan+bugzilla,Status,ASSIGNED,NEW
2008-06-10 22:02:47 PDT,stuart.morgan+bugzilla,Assignee,stuart.morgan,nobody
2008-06-10 22:02:47 PDT,stuart.morgan+bugzilla,Attachment #324578                Flags,superreview?(mikepinkerton),
2008-06-11 06:28:00 PDT,krmathis,CC,krmathis,
2008-06-11 09:58:22 PDT,mikepinkerton,Attachment #324578                Flags,superreview+,superreview?(mikepinkerton)
2008-06-11 10:34:13 PDT,stuart.morgan+bugzilla,Target Milestone,Camino2.0,---
2008-06-11 10:34:13 PDT,stuart.morgan+bugzilla,Last Resolved,2008-06-11 10:34:13,
2008-06-11 10:34:13 PDT,stuart.morgan+bugzilla,Status,RESOLVED,ASSIGNED
2008-06-11 10:34:13 PDT,stuart.morgan+bugzilla,Resolution,FIXED,---
