When,Who,What,Added,Removed
2008-01-01 12:19:09 PST,mozilla,CC,mozilla,
2008-01-01 12:19:09 PST,mozilla,Ever confirmed,1,0
2008-01-01 12:19:09 PST,mozilla,Keywords,regression,
2008-01-01 12:19:09 PST,mozilla,Version,Trunk,unspecified
2008-01-01 12:19:09 PST,mozilla,Status,NEW,UNCONFIRMED
2008-04-24 05:10:38 PDT,wuno,CC,wuno,
2008-04-26 02:32:17 PDT,mozilla,Status,ASSIGNED,NEW
2008-04-26 02:32:17 PDT,mozilla,Assignee,mozilla,nobody
2008-04-26 02:34:39 PDT,mozilla,CC,cst, ventnor.bugzilla,
2008-04-26 07:19:19 PDT,ventnor.bugzilla,CC,,ventnor.bugzilla
2008-04-26 14:01:10 PDT,mozilla,Attachment #317863                Attachment is obsolete,1,0
2008-04-26 14:01:10 PDT,mozilla,Attachment #317909                Flags,review?(mozilla),
2008-05-01 14:46:19 PDT,mozilla,Attachment #317909                Flags,review+,review?(mozilla)
2008-05-01 14:51:51 PDT,mozilla,Status,RESOLVED,ASSIGNED
2008-05-01 14:51:51 PDT,mozilla,Resolution,FIXED,---
2008-05-01 14:51:51 PDT,mozilla,Last Resolved,2008-05-01 14:51:51,
2008-05-30 11:34:39 PDT,mozilla,Keywords,fixed1.8.1.15,
