When,Who,What,Added,Removed
2007-12-31 04:41:17 PST,bob,Flags,blocking1.9?,
2007-12-31 07:33:07 PST,bob,CC,mrbkap,
2007-12-31 07:52:25 PST,jwalden+bmo,CC,jwalden+bmo,
2008-01-01 13:44:36 PST,jruderman,Blocks,399587,
2008-01-02 17:19:38 PST,brendan,Assignee,mrbkap,general
2008-01-02 17:19:38 PST,brendan,CC,jruderman, brendan,
2008-01-02 17:19:38 PST,brendan,Flags,blocking1.9+,blocking1.9?
2008-01-02 17:22:37 PST,jruderman,Keywords,dogfood,
2008-01-03 01:03:06 PST,jruderman,Group,,security
2008-01-03 01:03:46 PST,bugzilla,CC,bugzilla,
2008-01-03 01:06:33 PST,reed,CC,reed,
2008-01-03 01:09:06 PST,dwitte,CC,dwitte,
2008-01-03 16:55:39 PST,ryanvm,CC,ryanvm,
2008-01-03 18:18:17 PST,jruderman,Severity,blocker,normal
2008-01-03 20:15:26 PST,asrail,CC,asrail,
2008-01-03 20:33:29 PST,bob,Status,RESOLVED,NEW
2008-01-03 20:33:29 PST,bob,Resolution,FIXED,---
2008-01-03 20:33:29 PST,bob,Last Resolved,2008-01-03 20:33:29,
2008-01-03 22:06:41 PST,mrbkap,Status,REOPENED,RESOLVED
2008-01-03 22:06:41 PST,mrbkap,Resolution,---,FIXED
2008-01-03 22:08:09 PST,mrbkap,Keywords,,testcase
2008-01-03 22:08:09 PST,mrbkap,Status,ASSIGNED,REOPENED
2008-01-03 22:08:09 PST,mrbkap,Severity,critical,blocker
2008-01-04 11:23:59 PST,mrbkap,Attachment #295406                Flags,review?(brendan),
2008-01-04 12:11:23 PST,brendan,Attachment #295406                Flags,review+, approval1.9+,review?(brendan)
2008-01-04 14:30:02 PST,mrbkap,Attachment #295406                Attachment is obsolete,1,0
2008-01-04 14:30:02 PST,mrbkap,Attachment #295427                Flags,review?(brendan),
2008-01-04 14:38:58 PST,brendan,Attachment #295427                Flags,review+, approval1.9+,review?(brendan)
2008-01-04 17:28:57 PST,mrbkap,Status,RESOLVED,ASSIGNED
2008-01-04 17:28:57 PST,mrbkap,Resolution,FIXED,---
2008-01-04 17:28:57 PST,mrbkap,Last Resolved,2008-01-04 17:28:57,2008-01-03 20:33:29
2008-01-07 08:11:56 PST,bob,Flags,in-litmus-, in-testsuite+,
2008-02-26 05:13:16 PST,bob,Status,VERIFIED,RESOLVED
