When,Who,What,Added,Removed
2007-12-30 23:50:13 PST,apeter,CC,joycekbabu, ankit644,
2007-12-31 01:32:13 PST,bugzilla,Hardware,All,PC
2007-12-31 01:32:13 PST,bugzilla,OS,All,Linux
2007-12-31 01:32:13 PST,bugzilla,Status,NEW,UNCONFIRMED
2007-12-31 01:32:13 PST,bugzilla,CC,bugzilla, l10n,
2007-12-31 01:32:13 PST,bugzilla,Ever confirmed,1,0
2007-12-31 01:32:13 PST,bugzilla,Whiteboard,ssh-key,
2007-12-31 01:41:49 PST,bugzilla,Summary,L10n CVS account request for Malayalam (ml-IN) Ani Peter <peter.ani@gmail.com>,L10n CVS account request for Malayalam (ml-IN)
2007-12-31 02:10:42 PST,apeter,CC,peter.ani,
2008-01-02 16:26:32 PST,mozillamarcia.knous,Status,ASSIGNED,NEW
2008-01-04 02:22:46 PST,l10n,Whiteboard,ssh-key, form, voucher,ssh-key
2008-01-08 10:18:44 PST,mozillamarcia.knous,Status,NEW,ASSIGNED
2008-01-08 10:18:44 PST,mozillamarcia.knous,Assignee,server-ops,marcia
2008-01-08 21:31:20 PST,chizu,Assignee,thardcastle,server-ops
2008-01-08 21:31:20 PST,chizu,CC,thardcastle,
2008-01-08 21:34:32 PST,chizu,Last Resolved,2008-01-08 21:34:32,
2008-01-08 21:34:32 PST,chizu,Status,RESOLVED,NEW
2008-01-08 21:34:32 PST,chizu,Resolution,FIXED,---
2014-09-09 22:33:26 PDT,r.gautamkrishna,CC,r.gautamkrishna,
2014-09-10 02:54:18 PDT,francesco.lodolo,CC,francesco.lodolo,
