When,Who,What,Added,Removed
2007-12-31 08:29:20 PST,sylvain.pasche,Attachment #294967                Flags,review?(jonas),
2007-12-31 08:33:35 PST,sylvain.pasche,CC,tbrodbec,
2008-01-02 06:57:07 PST,enndeakin,CC,enndeakin,
2008-01-02 13:16:37 PST,sylvain.pasche,Attachment #294967                Flags,,review?(jonas)
2008-01-02 13:23:46 PST,gavin.sharp,CC,gavin.sharp,
2008-03-04 15:15:38 PST,bzbarsky,CC,bzbarsky, dbaron,
2008-03-05 07:15:52 PST,sylvain.pasche,Attachment #294967                Attachment is obsolete,1,0
2008-05-23 13:37:10 PDT,sylvain.pasche,CC,mozbugz,
2008-07-04 02:11:19 PDT,jaroslav.zaruba,CC,jaroslav.zaruba,
2008-07-31 03:26:15 PDT,timeless,Component,XUL,XP Toolkit/Widgets: XUL
2008-07-31 03:26:15 PDT,timeless,QA Contact,xptoolkit.widgets,xptoolkit.xul
2009-02-11 09:13:00 PST,mitchell,CC,mitchell,
2009-04-11 15:00:15 PDT,bugzilla,CC,matthew.t.craig,
2009-09-03 00:13:42 PDT,tnikkel,Attachment #398335                Flags,review?(enndeakin),
2009-09-03 00:14:08 PDT,tnikkel,CC,tnikkel,
2009-09-28 08:30:11 PDT,enndeakin,Attachment #398335                Flags,review+,review?(enndeakin)
2009-09-28 23:45:51 PDT,tnikkel,Target Milestone,mozilla1.9.3a1,---
2009-09-28 23:45:51 PDT,tnikkel,Last Resolved,2009-09-28 23:45:51,
2009-09-28 23:45:51 PDT,tnikkel,Status,RESOLVED,NEW
2009-09-28 23:45:51 PDT,tnikkel,Resolution,FIXED,---
2009-09-28 23:45:51 PDT,tnikkel,Assignee,tnikkel,sylvain.pasche
