When,Who,What,Added,Removed
2007-12-31 07:54:43 PST,m-wada,Summary,Crash when deleting mail, if two windows for the mail are opened,Crash when deleting mail
2007-12-31 07:54:43 PST,m-wada,Status,NEW,UNCONFIRMED
2007-12-31 07:54:43 PST,m-wada,CC,m-wada,
2007-12-31 07:54:43 PST,m-wada,Ever confirmed,1,0
2008-01-02 01:55:03 PST,ajschult,Product,Core,Mozilla Application Suite
2008-01-02 01:55:03 PST,ajschult,Version,Trunk,unspecified
2008-01-02 01:55:03 PST,ajschult,Component,MailNews: Backend,MailNews: Main Mail Window
2008-01-02 01:55:03 PST,ajschult,Assignee,nobody,mail
2008-01-02 01:55:03 PST,ajschult,QA Contact,backend,
2008-01-02 11:17:34 PST,standard8,Status,ASSIGNED,NEW
2008-01-02 11:17:34 PST,standard8,Assignee,bugzilla,nobody
2008-01-02 11:17:34 PST,standard8,Attachment #295127                Flags,review?(neil),
2008-01-02 11:34:37 PST,ajschult,CC,ajschult,
2008-01-02 11:35:09 PST,ajschult,Severity,critical,normal
2008-01-04 09:28:40 PST,neil,Attachment #295127                Flags,review+,review?(neil)
2008-01-05 06:34:12 PST,standard8,Attachment #295500                Flags,review?(neil),
2008-01-05 09:40:17 PST,neil,Attachment #295500                Flags,review-,review?(neil)
2008-01-07 09:44:51 PST,vseerror,CC,vseerror,
2008-01-07 11:36:15 PST,ajschult,Summary,Crash when deleting mail, if two windows for the mail are opened [@  nsMsgMailSession::OnItemEvent],Crash when deleting mail, if two windows for the mail are opened
2008-01-07 14:07:23 PST,standard8,Attachment #295500                Attachment is obsolete,1,0
2008-01-07 14:07:23 PST,standard8,Attachment #295834                Flags,review?(neil),
2008-01-08 09:57:27 PST,standard8,Attachment #295127                Attachment is obsolete,1,0
2008-01-08 09:57:27 PST,standard8,Attachment #295964                Flags,review+, superreview?(mscott),
2008-01-08 11:11:16 PST,mscott,Attachment #295964                Flags,superreview+,superreview?(mscott)
2008-01-08 11:18:33 PST,standard8,Attachment #295964                Flags,approval1.8.1.12?,
2008-01-08 18:55:37 PST,dmose,CC,dmose,
2008-01-12 15:59:55 PST,neil,Attachment #295834                Flags,review+,review?(neil)
2008-01-13 05:40:39 PST,standard8,Attachment #295834                Attachment is obsolete,1,0
2008-01-13 05:40:39 PST,standard8,Attachment #296824                Flags,review+, superreview?(bienvenu),
2008-01-13 08:28:18 PST,mozilla,Attachment #296824                Flags,superreview+,superreview?(bienvenu)
2008-01-13 14:09:32 PST,standard8,Attachment #296824                Attachment description,[checked in] New Trunk Patch v3,New Trunk Patch v3
2008-01-14 14:19:10 PST,standard8,Attachment #297070                Flags,review?(bienvenu), superreview?(bienvenu),
2008-01-14 15:41:59 PST,dveditz,Attachment #295964                Flags,approval1.8.1.12+,approval1.8.1.12?
2008-01-15 00:52:21 PST,standard8,Flags,in-testsuite+,
2008-01-15 10:57:03 PST,standard8,Attachment #295964                Attachment description,[checked in] Branch patch,Branch patch
2008-01-15 10:57:34 PST,standard8,Keywords,fixed-seamonkey1.1.8, fixed1.8.1.12,
2008-01-21 11:48:49 PST,mozilla,Attachment #297070                Flags,review+, superreview+,review?(bienvenu), superreview?(bienvenu)
2008-01-21 13:29:58 PST,standard8,Attachment #297070                Attachment description,[checked in] Fix interface parameter names,Fix interface parameter names
2008-01-21 13:32:44 PST,standard8,Last Resolved,2008-01-21 13:32:44,
2008-01-21 13:32:44 PST,standard8,Status,RESOLVED,ASSIGNED
2008-01-21 13:32:44 PST,standard8,Resolution,FIXED,---
2008-02-06 03:12:56 PST,timeless,CC,tuukka.tolvanen,
2008-02-06 04:32:04 PST,standard8,CC,ed,
2008-02-07 14:59:51 PST,hskupin,Hardware,All,PC
2008-02-07 14:59:51 PST,hskupin,OS,All,Linux
2008-02-07 14:59:51 PST,hskupin,CC,hskupin,
2008-02-07 14:59:51 PST,hskupin,Target Milestone,mozilla1.9beta3,---
2008-02-08 15:15:35 PST,hskupin,Status,VERIFIED,RESOLVED
2008-02-13 18:12:14 PST,abillings,Keywords,verified1.8.1.12,fixed1.8.1.12
2008-02-13 18:12:14 PST,abillings,CC,abillings,
2008-02-13 18:15:16 PST,abillings,Status,REOPENED,VERIFIED
2008-02-13 18:15:16 PST,abillings,Resolution,---,FIXED
2008-02-13 18:15:27 PST,abillings,Status,RESOLVED,REOPENED
2008-02-13 18:15:27 PST,abillings,Resolution,FIXED,---
2008-02-13 18:15:27 PST,abillings,Last Resolved,2008-02-13 18:15:27,2008-01-21 13:32:44
2008-02-13 22:58:12 PST,hskupin,Status,VERIFIED,RESOLVED
2008-07-31 04:30:00 PDT,nobody,Product,MailNews Core,Core
