When,Who,What,Added,Removed
2007-12-31 07:59:02 PST,chadwickgab+mozilla,Flags,blocking-firefox3?,
2007-12-31 08:09:29 PST,cedric.corazza,Severity,minor,major
2007-12-31 08:09:29 PST,cedric.corazza,CC,cedric.corazza,
2007-12-31 08:09:29 PST,cedric.corazza,Flags,,blocking-firefox3?
2008-01-03 14:29:33 PST,benoit.leseul,Last Resolved,2008-01-03 14:29:33,
2008-01-03 14:29:33 PST,benoit.leseul,Status,RESOLVED,NEW
2008-01-03 14:29:33 PST,benoit.leseul,Resolution,FIXED,---
2008-01-06 20:19:41 PST,chadwickgab+mozilla,Status,VERIFIED,RESOLVED
