When,Who,What,Added,Removed
2007-12-31 10:53:36 PST,asaf,Status,ASSIGNED,NEW
2007-12-31 10:53:36 PST,asaf,Assignee,mano,nobody
2007-12-31 10:53:36 PST,asaf,Attachment #294973                Attachment is obsolete,1,0
2007-12-31 10:53:36 PST,asaf,Attachment #294976                Flags,review?(dietrich),
2007-12-31 10:53:58 PST,asaf,Flags,blocking-firefox3?,
2007-12-31 10:53:58 PST,asaf,Priority,P2,--
2007-12-31 10:53:58 PST,asaf,Target Milestone,Firefox 3 M11,---
2007-12-31 20:08:09 PST,hhschwab,CC,hhschwab,
2008-01-02 14:55:25 PST,dietrich,Attachment #294976                Flags,review+,review?(dietrich)
2008-01-08 17:27:55 PST,mconnor,CC,mconnor,
2008-01-08 17:27:55 PST,mconnor,Flags,blocking-firefox3+,blocking-firefox3?
2008-01-08 19:58:26 PST,asaf,Status,RESOLVED,ASSIGNED
2008-01-08 19:58:26 PST,asaf,Resolution,FIXED,---
2008-01-08 19:58:26 PST,asaf,Last Resolved,2008-01-08 19:58:26,
2008-01-19 03:31:56 PST,ria.klaassen,Depends on,413107,
2008-01-19 04:22:54 PST,asaf,Depends on,,413107
2009-11-26 06:58:14 PST,gerv,Component,Bookmarks & History,Places
2009-11-26 06:58:14 PST,gerv,QA Contact,bookmarks,places
2010-02-24 06:23:19 PST,mconnor,CC,,mconnor
