When,Who,What,Added,Removed
2007-12-30 23:20:52 PST,dolske,Attachment #294934                Flags,review?(gavin.sharp),
2007-12-30 23:27:53 PST,gavin.sharp,CC,gavin.sharp,
2007-12-30 23:40:43 PST,gavin.sharp,Attachment #294934                Flags,review+,review?(gavin.sharp)
2007-12-30 23:42:01 PST,dolske,Attachment #294934                Flags,approval1.9?,
2007-12-31 10:44:23 PST,mconnor,Attachment #294934                Flags,approval1.9+,approval1.9?
2007-12-31 16:12:31 PST,ryanvm,CC,ryanvm,
2007-12-31 18:09:47 PST,dolske,Attachment #294934                Attachment is obsolete,1,0
2007-12-31 18:10:33 PST,dolske,Resolution,FIXED,---
2007-12-31 18:10:33 PST,dolske,Flags,in-testsuite-,
2007-12-31 18:10:33 PST,dolske,Last Resolved,2007-12-31 18:10:33,
2007-12-31 18:10:33 PST,dolske,Status,RESOLVED,NEW
2008-07-31 04:30:00 PDT,nobody,Product,Toolkit,Firefox
