When,Who,What,Added,Removed
2007-12-31 07:26:13 PST,standard8,Attachment #294960                Flags,review?(smontagu),
2007-12-31 07:32:15 PST,smontagu,Attachment #294960                Flags,review+,review?(smontagu)
2007-12-31 07:43:04 PST,standard8,Attachment #294960                Flags,approval1.9?,
2008-01-02 10:48:31 PST,mbeltzner,Attachment #294960                Flags,approval1.9+,approval1.9?
2008-01-02 13:23:12 PST,gavin.sharp,CC,gavin.sharp,
2008-01-03 09:56:54 PST,standard8,Status,RESOLVED,NEW
2008-01-03 09:56:54 PST,standard8,Resolution,FIXED,---
2008-01-03 09:56:54 PST,standard8,Last Resolved,2008-01-03 09:56:54,
