When,Who,What,Added,Removed
2007-12-31 17:54:15 PST,alqahira,Attachment #294997                Flags,superreview?(mark),
2007-12-31 17:57:07 PST,samuel.sidler+old,Attachment #294997                Flags,review+,
2007-12-31 17:58:56 PST,alqahira,Attachment #294998                Flags,review+,
2007-12-31 18:00:20 PST,alqahira,CC,samuel.sidler,
2007-12-31 20:01:40 PST,mark,Attachment #294997                Flags,superreview+,superreview?(mark)
2007-12-31 22:47:48 PST,alqahira,Keywords,fixed1.8.1.12,
2007-12-31 22:47:48 PST,alqahira,Whiteboard,[camino-1.5.5],
2007-12-31 22:47:48 PST,alqahira,Status,RESOLVED,NEW
2007-12-31 22:47:48 PST,alqahira,Resolution,FIXED,---
2007-12-31 22:47:48 PST,alqahira,Flags,camino1.5.5+,
2007-12-31 22:47:48 PST,alqahira,Last Resolved,2007-12-31 22:47:48,
2008-01-01 12:43:03 PST,bugzilla-graveyard,Status,VERIFIED,RESOLVED
2008-01-01 12:43:03 PST,bugzilla-graveyard,CC,cl-bugs,
