When,Who,What,Added,Removed
2008-01-01 02:54:55 PST,philip.chee,Attachment #295010                Flags,review?(db48x), superreview?(neil),
2008-01-01 06:58:55 PST,philip.chee,Attachment #295010                Flags,,review?(db48x), superreview?(neil)
2008-01-01 06:58:55 PST,philip.chee,Attachment #295010                Attachment is obsolete,1,0
2008-01-01 06:58:55 PST,philip.chee,Attachment #295012                Flags,review?(db48x), superreview?(neil),
2008-01-01 07:24:18 PST,neil,Attachment #295012                Flags,superreview-,superreview?(neil)
2008-01-01 08:50:45 PST,philip.chee,Attachment #295012                Attachment is obsolete,1,0
2008-01-01 08:50:45 PST,philip.chee,Attachment #295015                Flags,review?(db48x), superreview?(neil),
2008-01-01 08:50:45 PST,philip.chee,Attachment #295012                Flags,,review?(db48x)
2008-01-02 03:36:05 PST,neil,Attachment #295015                Flags,superreview-,superreview?(neil)
2008-01-02 03:36:34 PST,neil,Attachment #295010                Attachment is obsolete,0,1
2008-01-02 03:36:34 PST,neil,Attachment #295010                Flags,superreview+,
2008-01-02 03:38:53 PST,neil,Attachment #295015                Flags,superreview+,superreview-
2008-01-02 19:22:28 PST,bugspam.Callek,CC,bugspam.Callek,
2008-01-03 03:37:57 PST,philip.chee,Blocks,407917,
2008-01-10 08:49:39 PST,db48x,Attachment #295015                Flags,review+,review?(db48x)
2008-01-15 09:52:17 PST,philip.chee,Keywords,checkin-needed,
2008-01-15 09:52:48 PST,philip.chee,Attachment #295010                Attachment is obsolete,1,0
2008-01-15 17:12:00 PST,reed,Keywords,,checkin-needed
2008-01-15 17:12:00 PST,reed,Status,RESOLVED,NEW
2008-01-15 17:12:00 PST,reed,Resolution,FIXED,---
2008-01-15 17:12:00 PST,reed,CC,reed,
2008-01-15 17:12:00 PST,reed,Last Resolved,2008-01-15 17:12:00,
2008-06-25 12:24:00 PDT,neil,CC,neil,
