When,Who,What,Added,Removed
2008-01-01 12:11:59 PST,kairo,Attachment #295029                Flags,review?(ted.mielczarek),
2008-01-01 12:11:59 PST,kairo,Status,ASSIGNED,NEW
2008-01-01 12:11:59 PST,kairo,Assignee,kairo,nobody
2008-01-01 12:39:13 PST,ted,Attachment #295029                Flags,review+,review?(ted.mielczarek)
2008-01-02 09:38:26 PST,kairo,Status,RESOLVED,ASSIGNED
2008-01-02 09:38:26 PST,kairo,Resolution,FIXED,---
2008-01-02 09:38:26 PST,kairo,Last Resolved,2008-01-02 09:38:26,
