When,Who,What,Added,Removed
2008-01-29 16:58:56 PST,mbeltzner,Product,Firefox,Calendar
2008-01-29 16:58:56 PST,mbeltzner,Version,Trunk,unspecified
2008-01-29 16:58:56 PST,mbeltzner,Component,Theme,General
2008-01-29 16:58:56 PST,mbeltzner,Target Milestone,Firefox 3,---
2008-01-29 17:14:58 PST,mbeltzner,Product,Calendar,Firefox
2008-01-29 17:14:58 PST,mbeltzner,Version,Sunbird 0.7,Trunk
2008-01-29 17:14:58 PST,mbeltzner,Component,General,Theme
2008-01-29 17:14:58 PST,mbeltzner,Target Milestone,---,Firefox 3
2008-02-02 09:27:36 PST,mozilla,CC,temp2000,
2009-05-22 16:39:33 PDT,mschroeder,Summary,Event dialog: Limited recurrence is not special,[proto] Limited recurrence is not special
2009-05-22 16:39:33 PDT,mschroeder,Keywords,uiwanted,
2009-07-07 10:09:11 PDT,mschroeder,Component,Dialogs,General
2009-07-07 10:13:21 PDT,mschroeder,QA Contact,dialogs,general
2010-02-23 01:11:02 PST,philipp,Summary,Event Dialog: Allow setting recurrence "UNTIL" without custom dialog,Event dialog: Limited recurrence is not special
2010-03-05 05:19:03 PST,philipp,CC,Ulrich.Windl,
2010-07-06 09:19:27 PDT,bv1578,Attachment #456166                Flags,ui-review?(clarkbw),
2010-07-06 11:30:14 PDT,bv1578,CC,bv1578,
2010-07-16 12:50:54 PDT,clarkbw,Attachment #456166                Flags,ui-review+,ui-review?(clarkbw)
2010-07-17 01:18:33 PDT,mschroeder,Keywords,,uiwanted
2010-07-17 01:18:33 PDT,mschroeder,Status,ASSIGNED,NEW
2010-07-17 01:18:33 PDT,mschroeder,Assignee,bv1578,nobody
2011-01-09 02:40:17 PST,bv1578,Attachment #456166                Attachment is obsolete,1,0
2011-01-09 02:40:17 PST,bv1578,Attachment #502334                Flags,feedback?(philipp),
2011-01-09 15:33:53 PST,philipp,Attachment #502334                Flags,feedback+,feedback?(philipp)
2011-02-13 05:35:43 PST,bv1578,Attachment #502334                Attachment is obsolete,1,0
2011-02-13 05:35:43 PST,bv1578,Attachment #512025                Flags,review?(philipp),
2011-02-14 16:28:30 PST,bv1578,Attachment #512025                Flags,,review?(philipp)
2011-02-25 06:56:47 PST,bv1578,Attachment #512025                Attachment is obsolete,1,0
2011-02-25 06:56:47 PST,bv1578,Attachment #515061                Flags,review?(philipp),
2011-05-11 11:31:27 PDT,philipp,Attachment #515061                Attachment description,[after beta][l10n]patch - v2,patch - v2
2011-11-03 10:17:31 PDT,vseerror,Blocks,487228,
2012-01-17 03:36:45 PST,philipp,CC,nisses.mail,
2012-01-17 03:36:45 PST,philipp,Attachment #515064                Flags,ui-review?(nisses.mail),
2012-01-17 03:48:13 PST,philipp,Attachment #515061                Flags,review+,review?(philipp)
2012-01-31 09:28:17 PST,bugs,Attachment #515064                Flags,ui-review-,ui-review?(nisses.mail)
2012-10-21 03:51:16 PDT,bv1578,Attachment #515064                Attachment is obsolete,1,0
2012-10-21 03:51:16 PDT,bv1578,Attachment #590602                Attachment is obsolete,1,0
2012-10-21 03:51:16 PDT,bv1578,Attachment #673677                Flags,review?(philipp),
2012-10-21 03:51:16 PDT,bv1578,CC,philipp,
2012-11-29 10:43:40 PST,philipp,Attachment #673677                Flags,review+,review?(philipp)
2012-12-03 06:22:58 PST,bv1578,Attachment #515061                Attachment is obsolete,1,0
2012-12-03 06:22:58 PST,bv1578,Attachment #687738                Flags,review+,
2012-12-05 06:59:53 PST,philipp,Attachment #687738                Flags,review?(philipp),
2013-01-01 16:18:23 PST,bv1578,Blocks,807956,
2013-01-19 14:33:20 PST,bv1578,Blocks,825778,
2013-02-07 08:06:30 PST,philipp,Attachment #687738                Flags,review+,review?(philipp)
2013-02-07 13:25:15 PST,bv1578,Status,RESOLVED,ASSIGNED
2013-02-07 13:25:15 PST,bv1578,Resolution,FIXED,---
2013-02-07 13:25:15 PST,bv1578,Last Resolved,2013-02-07 13:25:15,
2013-02-07 13:56:50 PST,mschroeder,Target Milestone,2.3,---
2013-02-11 18:03:48 PST,matthew.mecca,CC,matthew.mecca,
2013-02-13 06:39:15 PST,bv1578,Status,REOPENED,RESOLVED
2013-02-13 06:39:15 PST,bv1578,Resolution,---,FIXED
2013-02-13 06:51:48 PST,bv1578,Attachment #673677                Attachment is obsolete,1,0
2013-02-13 06:51:48 PST,bv1578,Attachment #713387                Flags,review?(philipp), approval-calendar-aurora?(philipp),
2013-02-13 06:52:21 PST,bv1578,Attachment #687738                Flags,approval-calendar-aurora?(philipp),
2013-02-13 13:11:49 PST,ssitter,Status,ASSIGNED,REOPENED
2013-02-13 15:06:27 PST,bv1578,Attachment #687738                Flags,,approval-calendar-aurora?(philipp)
2013-02-13 15:06:36 PST,bv1578,Attachment #713387                Flags,,approval-calendar-aurora?(philipp)
2013-02-13 15:33:26 PST,philipp,Attachment #713387                Flags,review+,review?(philipp)
2013-02-15 14:11:55 PST,bv1578,Status,RESOLVED,ASSIGNED
2013-02-15 14:11:55 PST,bv1578,Resolution,FIXED,---
2013-02-15 14:11:55 PST,bv1578,Last Resolved,2013-02-15 14:11:55,2013-02-07 13:25:15
