When,Who,What,Added,Removed
2008-01-02 07:44:18 PST,guninski,Product,Core,Firefox
2008-01-02 07:44:18 PST,guninski,Component,JavaScript Engine,General
2008-01-02 07:44:18 PST,guninski,Assignee,general,nobody
2008-01-02 07:44:18 PST,guninski,QA Contact,general,general
2008-01-02 11:08:06 PST,crowderbt,CC,crowder,
2008-01-02 11:08:06 PST,crowderbt,Blocks,396452,
2008-01-02 11:12:25 PST,crowderbt,Hardware,All,PC
2008-01-02 11:12:25 PST,crowderbt,OS,All,Linux
2008-01-02 11:12:25 PST,crowderbt,Component,DOM,JavaScript Engine
2008-01-02 11:12:25 PST,crowderbt,Assignee,nobody,general
2008-01-02 11:12:25 PST,crowderbt,QA Contact,general,general
2008-01-02 12:16:02 PST,brendan,Component,Security: CAPS,DOM
2008-01-02 12:16:02 PST,brendan,Assignee,dveditz,nobody
2008-01-02 12:16:02 PST,brendan,QA Contact,caps,general
2008-01-02 12:16:02 PST,brendan,CC,jonas, mrbkap, brendan, jst,
2008-01-02 13:17:11 PST,gavin.sharp,CC,gavin.sharp,
2008-01-02 14:28:45 PST,ajvincent,CC,ajvincent,
2008-01-02 19:00:50 PST,jwalden+bmo,CC,jwalden+bmo,
2008-01-03 17:06:10 PST,ryanvm,CC,ryanvm,
2008-01-31 23:11:03 PST,guninski,Whiteboard,[sg:nse?],
2008-04-08 08:14:27 PDT,mmokrejs,CC,mmokrejs,
2008-04-08 08:36:25 PDT,timeless,Status,ASSIGNED,NEW
2008-04-08 08:36:25 PDT,timeless,Assignee,timeless,dveditz
2008-04-08 08:36:25 PDT,timeless,Attachment #314350                Flags,review?(dveditz),
2008-04-08 10:40:09 PDT,dveditz,Attachment #314350                Flags,review+,review?(dveditz)
2008-04-08 16:20:59 PDT,antoine.mechelynck,CC,antoine.mechelynck,
2008-04-10 09:53:43 PDT,timeless,Attachment #314876                Flags,review?(dveditz),
2008-04-10 09:53:43 PDT,timeless,Attachment #314350                Attachment is obsolete,1,0
2008-04-15 06:10:05 PDT,shaver,CC,shaver,
2008-04-17 13:17:53 PDT,dveditz,Attachment #314876                Flags,review?(dveditz),
2008-04-17 13:25:48 PDT,dveditz,Attachment #314876                Flags,review+, review+,review?(dveditz), review?(dveditz)
2008-04-21 11:34:19 PDT,timeless,Attachment #314876                Flags,approval1.9?,
2008-04-22 14:37:57 PDT,dsicore,CC,dsicore,
2008-04-22 14:38:13 PDT,dsicore,Attachment #314876                Flags,approval1.9-,approval1.9?
2008-05-09 01:39:11 PDT,timeless,Attachment #314876                Flags,approval1.9?,approval1.9-
2008-05-09 02:11:44 PDT,reed,CC,reed,
2008-05-09 10:07:20 PDT,mtschrep,Attachment #314876                Flags,approval1.9-,approval1.9?
2008-05-09 13:14:40 PDT,jst,Attachment #320252                Flags,review?(bent.mozilla), superreview?(peterv),
2008-05-09 13:57:04 PDT,jst,Attachment #320252                Flags,,review?(bent.mozilla), superreview?(peterv)
2008-05-09 14:07:45 PDT,bent.mozilla,CC,bent.mozilla,
2008-05-10 14:44:56 PDT,timeless,Attachment #320252                Attachment is obsolete,1,0
2008-05-11 12:02:55 PDT,jst,Summary,nsScriptSecurityManager::CheckLoadURIFromScript() causes assertion failure: (cx)->requestDepth || (cx)->thread == (cx)->runtime->gcThread in JS_GetReservedSlot,Assertion failure: (cx)->requestDepth || (cx)->thread == (cx)->runtime->gcThread in JS_GetReservedSlot
2008-05-16 17:15:44 PDT,bugzillamozillaorg_serge_20140323,Keywords,assertion,
2008-05-16 17:29:32 PDT,bugzillamozillaorg_serge_20140323,Blocks,266789,
2009-01-02 15:34:42 PST,philringnalda,Whiteboard,[sg:nse?][timeless: check in?],[sg:nse?]
2009-01-02 15:34:42 PST,philringnalda,CC,philringnalda,
2009-05-19 17:49:45 PDT,timeless,Attachment #314876                Flags,superreview?(dveditz),
2009-05-19 18:04:58 PDT,mrbkap,Attachment #314876                Flags,superreview+,superreview?(dveditz)
2009-05-19 18:59:25 PDT,dveditz,CC,dveditz,
2009-05-19 19:28:38 PDT,bzbarsky,Status,RESOLVED,ASSIGNED
2009-05-19 19:28:38 PDT,bzbarsky,Resolution,FIXED,---
2009-05-19 19:28:38 PDT,bzbarsky,Last Resolved,2009-05-19 19:28:38,
2009-05-19 19:33:01 PDT,bzbarsky,Attachment #314876                Flags,approval1.9.1?, approval1.9.0.12?,
2009-05-20 08:31:58 PDT,samuel.sidler+old,CC,samuel.sidler,
2009-05-20 08:31:58 PDT,samuel.sidler+old,Flags,wanted1.9.0.x+,
2009-05-20 11:01:28 PDT,mbeltzner,Attachment #314876                Flags,approval1.9.1+,approval1.9.1?
2009-05-20 16:15:07 PDT,dao,Whiteboard,[sg:nse?][needs 191 landing],[sg:nse?][timeless: check in?]
2009-05-20 16:17:38 PDT,dao,Keywords,checkin-needed,
2009-05-20 18:57:13 PDT,bzbarsky,Whiteboard,[sg:nse?],[sg:nse?][needs 191 landing]
2009-05-20 18:57:13 PDT,bzbarsky,Keywords,fixed1.9.1,checkin-needed
2009-05-28 11:46:04 PDT,dveditz,Attachment #314876                Flags,approval1.9.0.12+,approval1.9.0.12?
2009-06-01 09:23:30 PDT,bzbarsky,Keywords,fixed1.9.0.12,
2009-06-29 09:21:22 PDT,mozaakash,Keywords,verified1.9.1,fixed1.9.1
2009-06-29 09:21:22 PDT,mozaakash,Status,VERIFIED,RESOLVED
2009-06-29 09:21:22 PDT,mozaakash,CC,adesai,
2009-07-08 06:12:17 PDT,stransky,CC,stransky,
2009-07-08 06:12:17 PDT,stransky,Flags,wanted1.8.1.x-,
