When,Who,What,Added,Removed
2008-01-02 05:44:45 PST,neil,Attachment #295085                Flags,review?(bienvenu), superreview?(bienvenu),
2008-01-02 13:55:13 PST,gavin.sharp,CC,gavin.sharp,
2008-01-03 01:36:41 PST,neil,Assignee,neil,nobody
2008-01-03 01:36:41 PST,neil,Attachment #295085                Attachment is obsolete,1,0
2008-01-03 01:36:41 PST,neil,Attachment #295205                Flags,review?(bienvenu), superreview?(bienvenu),
2008-01-03 01:36:41 PST,neil,Attachment #295085                Flags,,review?(bienvenu), superreview?(bienvenu)
2008-01-03 01:36:41 PST,neil,Status,ASSIGNED,NEW
2008-01-08 08:36:30 PST,alfredkayser,CC,alfredkayser,
2008-01-12 20:05:32 PST,mozilla,Attachment #295205                Flags,review+, superreview+,review?(bienvenu), superreview?(bienvenu)
2008-01-13 02:37:42 PST,neil,Status,RESOLVED,ASSIGNED
2008-01-13 02:37:42 PST,neil,Resolution,FIXED,---
2008-01-13 02:37:42 PST,neil,Last Resolved,2008-01-13 02:37:42,
2008-07-31 04:30:00 PDT,nobody,Product,MailNews Core,Core
