When,Who,What,Added,Removed
2008-01-02 13:27:41 PST,gavin.sharp,CC,gavin.sharp,
2008-04-19 16:14:43 PDT,mozilla,Assignee,mozilla,nobody
2008-04-19 16:14:43 PDT,mozilla,Attachment #316635                Flags,review?(mozilla),
2008-04-19 16:14:43 PDT,mozilla,Status,ASSIGNED,NEW
2008-04-19 17:49:56 PDT,mozilla,Attachment #316635                Flags,review+,review?(mozilla)
2008-04-20 00:35:56 PDT,mozilla,Status,RESOLVED,ASSIGNED
2008-04-20 00:35:56 PDT,mozilla,Resolution,FIXED,---
2008-04-20 00:35:56 PDT,mozilla,Last Resolved,2008-04-20 00:35:56,
