When,Who,What,Added,Removed
2008-01-01 17:31:32 PST,alqahira,Status,NEW,UNCONFIRMED
2008-01-01 17:31:32 PST,alqahira,Assignee,alqahira,nobody
2008-01-01 17:31:32 PST,alqahira,Depends on,402810,
2008-01-01 17:31:32 PST,alqahira,Ever confirmed,1,0
2008-01-01 17:39:37 PST,bugzilla-graveyard,CC,cl-bugs,
2008-02-02 22:05:11 PST,alqahira,Resolution,FIXED,---
2008-02-02 22:05:11 PST,alqahira,Last Resolved,2008-02-02 22:05:11,
2008-02-02 22:05:11 PST,alqahira,Keywords,fixed1.8.1.13,
2008-02-02 22:05:11 PST,alqahira,Status,RESOLVED,NEW
