When,Who,What,Added,Removed
2008-01-02 07:43:01 PST,steve.england,Keywords,regression,
2008-01-02 07:43:01 PST,steve.england,CC,steve.england,
2008-01-02 07:43:01 PST,steve.england,Flags,blocking-firefox3?,
2008-01-02 07:43:45 PST,nthomas,Summary,Updates from 20080101 Win32 nightly fail with READ_ERROR,Updates from 20080101 nightly fail with READ_ERROR
2008-01-02 07:53:02 PST,jmjeffery,CC,jmjeffery,
2008-01-02 07:55:13 PST,supernova00,CC,supernova_00,
2008-01-02 08:01:44 PST,benjamin,Severity,blocker,critical
2008-01-02 08:01:44 PST,benjamin,Assignee,benjamin,nobody
2008-01-02 08:01:44 PST,benjamin,Flags,blocking-firefox3+,blocking-firefox3?
2008-01-02 08:14:42 PST,nthomas,Severity,critical,blocker
2008-01-02 08:14:42 PST,nthomas,Flags,blocking-firefox3?,blocking-firefox3+
2008-01-02 08:16:28 PST,ol.rrm.2008,CC,Wildcatter1980,
2008-01-02 08:49:27 PST,shayne.anthony.jewers,CC,shayne.anthony.jewers,
2008-01-02 09:02:57 PST,benjamin,Attachment #295107                Flags,review?(ted.mielczarek),
2008-01-02 09:03:34 PST,benjamin,Severity,blocker,critical
2008-01-02 09:03:34 PST,benjamin,Flags,blocking-firefox3+,blocking-firefox3?
2008-01-02 09:04:33 PST,xtc4uall,CC,xtc4uall,
2008-01-02 09:36:41 PST,reed,CC,reed,
2008-01-02 09:49:19 PST,ted,Attachment #295107                Flags,review+,review?(ted.mielczarek)
2008-01-02 10:49:58 PST,benjamin,Status,RESOLVED,NEW
2008-01-02 10:49:58 PST,benjamin,Resolution,FIXED,---
2008-01-02 10:49:58 PST,benjamin,Last Resolved,2008-01-02 10:49:58,
2008-01-02 12:53:12 PST,toscha,CC,toscha,
2008-01-02 16:04:33 PST,jsabash,CC,jsabash,
2008-01-02 16:27:23 PST,scanorama346,CC,scanorama346,
2008-01-06 05:11:34 PST,jo.hermans,CC,comdgp,
2008-01-06 14:39:16 PST,dtownsend,CC,fpiera,
2008-01-09 01:35:51 PST,nthomas,CC,lauril-4,
2008-07-31 04:30:00 PDT,nobody,Product,Toolkit,Firefox
2010-12-17 07:05:45 PST,jmjeffery,CC,,jmjeffery
