When,Who,What,Added,Removed
2008-01-01 13:58:21 PST,sylvain.pasche,Version,Trunk,unspecified
2008-01-01 13:58:21 PST,sylvain.pasche,Status,NEW,UNCONFIRMED
2008-01-01 13:58:21 PST,sylvain.pasche,Component,GFX: Thebes,General
2008-01-01 13:58:21 PST,sylvain.pasche,QA Contact,thebes,general
2008-01-01 13:58:21 PST,sylvain.pasche,CC,sylvain.pasche,
2008-01-01 13:58:21 PST,sylvain.pasche,Blocks,362682,
2008-01-01 13:58:21 PST,sylvain.pasche,Ever confirmed,1,0
2008-01-01 13:58:21 PST,sylvain.pasche,Keywords,regression,
2008-01-01 13:58:21 PST,sylvain.pasche,Product,Core,Firefox
2008-01-01 14:07:59 PST,jwalden+bmo,CC,jwalden+bmo,
2008-01-01 15:38:03 PST,karlt,CC,mozbugz,
2008-01-10 03:10:21 PST,jcea,CC,jcea,
2008-01-21 00:54:07 PST,karlt,Priority,P3,--
2008-01-21 00:54:07 PST,karlt,Flags,blocking1.9?,
2008-01-22 15:56:36 PST,mtschrep,Flags,blocking1.9+,blocking1.9?
2008-01-22 15:56:36 PST,mtschrep,Priority,P2,P3
2008-01-22 15:56:36 PST,mtschrep,Assignee,mozbugz,nobody
2008-01-22 15:56:36 PST,mtschrep,CC,mtschrep,
2008-01-29 20:40:57 PST,karlt,Whiteboard,[swag:1d],
2008-02-28 10:09:23 PST,vladimir,CC,vladimir,
2008-02-28 10:09:23 PST,vladimir,Flags,blocking1.9+,
2008-02-28 16:00:06 PST,mbeltzner,Flags,,tracking1.9+
2008-03-27 07:53:08 PDT,dsicore,CC,dsicore,
2008-04-07 13:48:32 PDT,karlt,Attachment #314165                Flags,review?(pavlov),
2008-04-08 10:01:37 PDT,pavlov,Attachment #314165                Flags,review+,review?(pavlov)
2008-04-08 17:32:16 PDT,karlt,Target Milestone,mozilla1.9,---
2008-04-08 17:32:16 PDT,karlt,Last Resolved,2008-04-08 17:32:16,
2008-04-08 17:32:16 PDT,karlt,Status,RESOLVED,NEW
2008-04-08 17:32:16 PDT,karlt,Resolution,FIXED,---
2008-04-08 17:34:23 PDT,karlt,Flags,in-testsuite?,
2008-04-08 20:15:19 PDT,karlt,Status,REOPENED,RESOLVED
2008-04-08 20:15:19 PDT,karlt,Resolution,---,FIXED
2008-04-09 22:34:22 PDT,karlt,Attachment #314779                Flags,review?(enndeakin),
2008-04-10 08:57:04 PDT,enndeakin,Attachment #314779                Flags,review-,review?(enndeakin)
2008-04-10 17:05:40 PDT,karlt,Attachment #314779                Attachment is obsolete,1,0
2008-04-10 17:05:40 PDT,karlt,Attachment #314999                Flags,review?(enndeakin),
2008-04-15 12:00:22 PDT,pavlov,Attachment #314999                Flags,review+,review?(enndeakin)
2008-04-15 14:31:34 PDT,mtschrep,Attachment #314165                Flags,approval1.9+,
2008-04-15 14:31:39 PDT,mtschrep,Attachment #314999                Flags,approval1.9+,
2008-04-15 16:23:37 PDT,karlt,Attachment #314999                Attachment description,wrap rightmost textboxes in text_textbox_number so that mouse events are tested closer to the left hand side of the frame [checked-in],wrap rightmost textboxes in text_textbox_number so that mouse events are tested closer to the left hand side of the frame
2008-04-15 18:10:33 PDT,karlt,Attachment #314165                Attachment description,consider pango_font_metrics_get_approximate_digit_width() in aveCharWidth [checked-in],consider pango_font_metrics_get_approximate_digit_width() in aveCharWidth
2008-04-15 18:12:11 PDT,karlt,Resolution,FIXED,---
2008-04-15 18:12:11 PDT,karlt,Last Resolved,2008-04-15 18:12:11,2008-04-08 17:32:16
2008-04-15 18:12:11 PDT,karlt,Status,RESOLVED,REOPENED
