When,Who,What,Added,Removed
2008-01-01 16:05:57 PST,reed,CC,reed,
2008-01-01 16:07:27 PST,alqahira,Blocks,121228,
2008-01-01 17:14:52 PST,phiw2,CC,phiw,
2008-01-01 19:26:28 PST,asrail,Hardware,All,PC
2008-01-01 19:26:28 PST,asrail,OS,All,Mac OS X
2008-01-01 19:26:28 PST,asrail,CC,asrail,
2008-01-02 09:40:37 PST,bugzilla-graveyard,CC,cl-bugs,
2008-01-02 10:38:13 PST,samuel.sidler+old,CC,kev, kohei.yoshino.bugs,
2008-01-03 07:58:09 PST,supernova00,CC,supernova_00,
2008-01-03 20:58:15 PST,corwinkrisw,CC,corwinkrisw,
2008-01-08 05:27:31 PST,timeless,Assignee,kev,english-us
2008-01-10 17:20:59 PST,samuel.sidler+old,Status,RESOLVED,NEW
2008-01-10 17:20:59 PST,samuel.sidler+old,Resolution,FIXED,---
2008-01-10 17:20:59 PST,samuel.sidler+old,Last Resolved,2008-01-10 17:20:59,
2008-01-10 17:36:10 PST,stephen.donner,Status,VERIFIED,RESOLVED
2008-01-31 15:49:09 PST,mozbugs,CC,manish,
2009-01-11 15:56:24 PST,marcoos+bmo,Status,REOPENED,VERIFIED
2009-01-11 15:56:24 PST,marcoos+bmo,Resolution,---,FIXED
2009-01-11 15:56:24 PST,marcoos+bmo,CC,marcoos+bmo,
2009-01-11 16:04:16 PST,phiw2,Status,RESOLVED,REOPENED
2009-01-11 16:04:16 PST,phiw2,Resolution,FIXED,---
2009-01-11 16:04:16 PST,phiw2,Last Resolved,2009-01-11 16:04:16,2008-01-10 17:20:59
2009-01-21 16:16:44 PST,stephen.donner,Status,VERIFIED,RESOLVED
2015-04-19 23:39:42 PDT,nobody,Product,Tech Evangelism Graveyard,Tech Evangelism
