When,Who,What,Added,Removed
2008-01-02 08:59:41 PST,bhearsum,Priority,P3,--
2008-01-02 08:59:41 PST,bhearsum,Assignee,bhearsum,nobody
2008-01-02 08:59:53 PST,bhearsum,Status,ASSIGNED,NEW
2008-01-02 13:01:05 PST,bhearsum,Attachment #295138                Flags,review?(rhelmer),
2008-01-02 13:13:01 PST,rhelmer,Attachment #295138                Flags,review+,review?(rhelmer)
2008-01-02 13:19:49 PST,bhearsum,Last Resolved,2008-01-02 13:19:49,
2008-01-02 13:19:49 PST,bhearsum,Status,RESOLVED,ASSIGNED
2008-01-02 13:19:49 PST,bhearsum,Resolution,FIXED,---
2008-01-24 11:41:27 PST,bhearsum,Product,Webtools,mozilla.org
2008-01-24 11:41:27 PST,bhearsum,Component,Try Server,Build & Release
2008-01-24 11:41:27 PST,bhearsum,QA Contact,try-server,build
2009-05-18 10:44:21 PDT,reed,Product,mozilla.org,Webtools
2009-05-18 10:44:21 PDT,reed,Component,Release Engineering,Try Server
2009-05-18 10:44:21 PDT,reed,QA Contact,release,try-server
2013-08-12 21:54:08 PDT,nobody,Product,Release Engineering,mozilla.org
