When,Who,What,Added,Removed
2008-01-01 21:48:30 PST,bmo2010,Assignee,bmo2008,nobody
2008-01-01 21:48:41 PST,bmo2010,Status,ASSIGNED,NEW
2008-01-01 21:49:17 PST,bmo2010,Attachment #295060                Flags,review?,
2008-01-01 21:50:23 PST,reed,Attachment #295060                Flags,review+,review?
2008-01-01 21:52:38 PST,bmo2010,Status,RESOLVED,ASSIGNED
2008-01-01 21:52:38 PST,bmo2010,Resolution,FIXED,---
2008-01-01 21:52:38 PST,bmo2010,Last Resolved,2008-01-01 21:52:38,
2008-07-31 04:30:00 PDT,nobody,Product,Websites,mozilla.org
2012-08-23 00:16:07 PDT,nobody,Component,General,www.mozilla.org
2012-08-23 00:16:07 PDT,nobody,Product,www.mozilla.org,Websites
