When,Who,What,Added,Removed
2008-01-02 05:23:00 PST,pavolzetor,Version,Trunk,unspecified
2008-01-02 05:23:50 PST,pavolzetor,CC,pavolzetor,
2008-01-02 10:25:13 PST,gavin.sharp,Summary,Findbar text wraps when "not found" string is displayed,crash with javascript alert and search when string wasn't in site
2008-01-02 10:25:13 PST,gavin.sharp,Product,Mozilla Localizations,Firefox
2008-01-02 10:25:13 PST,gavin.sharp,Version,unspecified,Trunk
2008-01-02 10:25:13 PST,gavin.sharp,Component,Slovak/sk-SK,Search
2008-01-02 10:25:13 PST,gavin.sharp,Assignee,rozbora,nobody
2008-01-02 10:25:13 PST,gavin.sharp,QA Contact,rado,search
2008-01-02 10:25:13 PST,gavin.sharp,CC,gavin.sharp,
2008-01-02 15:39:43 PST,wladow,Status,NEW,UNCONFIRMED
2008-01-02 15:39:43 PST,wladow,CC,valastiak,
2008-01-02 15:39:43 PST,wladow,Ever confirmed,1,0
2008-01-05 12:27:55 PST,wladow,Status,RESOLVED,NEW
2008-01-05 12:27:55 PST,wladow,Resolution,FIXED,---
2008-01-05 12:27:55 PST,wladow,Last Resolved,2008-01-05 12:27:55,
