When,Who,What,Added,Removed
2008-01-01 21:28:27 PST,jason.barnabe,Assignee,jason_barnabe,nobody
2008-01-01 21:51:00 PST,jason.barnabe,Status,RESOLVED,NEW
2008-01-01 21:51:00 PST,jason.barnabe,Resolution,FIXED,---
2008-01-01 21:51:00 PST,jason.barnabe,Last Resolved,2008-01-01 21:51:00,
2008-01-01 21:52:44 PST,reed,CC,reed,
2008-01-01 21:53:32 PST,jason.barnabe,URL,http://support.mozilla.com/kb/Firefox%20asks%20for%20user%20name%20and%20password%20on%20internal%20sites,
2008-01-01 21:54:34 PST,bmo2010,URL,http://support.mozilla.com/kb/Firefox+asks+for+user+name+and+password+on+internal+sites,http://support.mozilla.com/kb/Firefox%20asks%20for%20user%20name%20and%20password%20on%20internal%20sites
2008-01-01 21:54:34 PST,bmo2010,CC,bmo2008,
2008-01-02 20:59:47 PST,bmo2010,Status,VERIFIED,RESOLVED
