When,Who,What,Added,Removed
2008-01-02 13:26:08 PST,gavin.sharp,Keywords,helpwanted,
2008-01-02 13:26:08 PST,gavin.sharp,CC,gavin.sharp,
2008-01-02 15:11:01 PST,mozilla,Status,ASSIGNED,NEW
2008-01-02 15:11:01 PST,mozilla,Assignee,mozilla,nobody
2008-01-02 15:11:01 PST,mozilla,Attachment #295154                Flags,review?(gavin.sharp),
2008-01-02 15:12:22 PST,reed,CC,reed, myk,
2008-01-02 15:12:22 PST,reed,Keywords,,helpwanted
2008-01-02 15:22:36 PST,gavin.sharp,Keywords,helpwanted,
2008-01-02 15:22:48 PST,gavin.sharp,Keywords,,helpwanted
2008-01-02 17:00:41 PST,mozilla,Attachment #295164                Flags,review?(gavin.sharp),
2008-01-02 17:02:09 PST,gavin.sharp,Attachment #295154                Attachment is obsolete,1,0
2008-01-02 17:02:09 PST,gavin.sharp,Attachment #295154                Flags,,review?(gavin.sharp)
2008-01-02 17:07:12 PST,gavin.sharp,Attachment #295164                Flags,review+,review?(gavin.sharp)
2008-01-03 02:23:39 PST,mozilla,Attachment #295164                Flags,approval1.9?,
2008-01-03 15:57:39 PST,dsicore,Attachment #295164                Flags,approval1.9+,approval1.9?
2008-01-04 06:01:42 PST,mozilla,Status,RESOLVED,ASSIGNED
2008-01-04 06:01:42 PST,mozilla,Resolution,FIXED,---
2008-01-04 06:01:42 PST,mozilla,Last Resolved,2008-01-04 06:01:42,
