When,Who,What,Added,Removed
2008-01-28 18:03:42 PST,martijn.martijn,CC,martijn.martijn,
2008-01-30 17:36:43 PST,jst,Status,ASSIGNED,NEW
2008-01-30 17:36:43 PST,jst,Assignee,jst,nobody
2008-01-30 17:36:43 PST,jst,Attachment #300552                Flags,review?(peterv), superreview?(peterv),
2008-01-30 18:55:11 PST,peterv,Attachment #300552                Flags,review+, superreview+,review?(peterv), superreview?(peterv)
2008-02-07 15:09:24 PST,jst,Attachment #300552                Flags,approval1.9?,
2008-02-07 15:43:45 PST,mtschrep,Attachment #300552                Flags,approval1.9+,approval1.9?
2008-02-08 15:15:16 PST,jst,Status,RESOLVED,ASSIGNED
2008-02-08 15:15:16 PST,jst,Resolution,FIXED,---
2008-02-08 15:15:16 PST,jst,Last Resolved,2008-02-08 15:15:16,
