When,Who,What,Added,Removed
2008-01-01 11:40:57 PST,jason.barnabe,Assignee,jason_barnabe,nobody
2008-01-01 16:45:21 PST,jason.barnabe,URL,http://support.mozilla.com/kb/The%20protocol%20isn%27t%20associated%20with%20any%20program,
2008-01-08 18:28:32 PST,jason.barnabe,Resolution,FIXED,---
2008-01-08 18:28:32 PST,jason.barnabe,Last Resolved,2008-01-08 18:28:32,
2008-01-08 18:28:32 PST,jason.barnabe,Status,RESOLVED,NEW
2008-01-08 22:25:30 PST,bmo2010,CC,bmo2008,
2008-01-09 02:40:05 PST,djst,CC,djst,
2008-01-09 08:47:20 PST,jason.barnabe,URL,http://support.mozilla.com/kb/The+protocol+is+not+associated+with+any+program,http://support.mozilla.com/kb/The%20protocol%20isn%27t%20associated%20with%20any%20program
2008-01-09 22:03:06 PST,bmo2010,Summary,KB article: protocol aim is not associated with any program,KB article: protocol aim isn't associated with any program
2008-01-09 22:03:06 PST,bmo2010,Status,VERIFIED,RESOLVED
