When,Who,What,Added,Removed
2008-01-02 00:40:28 PST,ajschult,Flags,blocking1.8.1.12?,
2008-01-02 00:44:48 PST,gavin.sharp,CC,gavin.sharp,
2008-01-02 06:45:40 PST,asrail,CC,asrail,
2008-01-02 06:53:35 PST,ria.klaassen,CC,ria.klaassen,
2008-01-06 14:13:25 PST,bzbarsky,Blocks,410666,
2008-01-06 14:14:10 PST,bzbarsky,Blocks,398006,
2008-01-06 14:15:16 PST,martijn.martijn,CC,martijn.martijn,
2008-01-06 14:18:00 PST,bzbarsky,CC,jonas, dveditz,
2008-01-06 14:32:16 PST,omarb.public,CC,omarb.public,
2008-01-09 10:59:11 PST,dveditz,Flags,blocking1.8.1.12+,blocking1.8.1.12?
2008-01-12 06:28:39 PST,ssitter,CC,ssitter,
2008-01-12 11:15:15 PST,maxxmozilla,CC,firefox,
2008-01-15 14:11:06 PST,ajschult,CC,therubex,
2008-01-15 17:12:14 PST,bugspam.Callek,CC,bugspam.Callek,
2008-01-15 21:28:04 PST,bugzilla.lenochod,CC,lenochod,
2008-01-17 21:35:09 PST,bzbarsky,Keywords,fixed1.8.1.12,
2008-01-17 21:35:09 PST,bzbarsky,Status,RESOLVED,NEW
2008-01-17 21:35:09 PST,bzbarsky,Resolution,FIXED,---
2008-01-17 21:35:09 PST,bzbarsky,Last Resolved,2008-01-17 21:35:09,
2008-01-28 20:28:21 PST,stephen.donner,Keywords,verified1.8.1.12,fixed1.8.1.12
2008-01-28 20:28:21 PST,stephen.donner,CC,stephend,
2008-03-12 09:17:19 PDT,asac,Flags,blocking1.8.0.15+,
2008-03-12 09:17:19 PDT,asac,CC,asac,
2008-03-18 07:16:28 PDT,asac,Flags,blocking1.8.0.15-,blocking1.8.0.15+
