When,Who,What,Added,Removed
2008-01-02 01:50:37 PST,gavin.sharp,CC,martijn.martijn,
2008-01-02 01:51:25 PST,reed,Keywords,meta,
2008-01-02 01:57:20 PST,bugzilla,CC,bugzilla,
2008-01-02 01:57:20 PST,bugzilla,Version,Trunk,unspecified
2008-01-02 02:05:46 PST,samuel.sidler+old,CC,samuel.sidler,
2008-01-02 02:24:37 PST,fredbezies,CC,fredbezies,
2008-01-02 04:00:40 PST,rflint,Depends on,410472,
2008-01-02 04:54:51 PST,wladow,CC,valastiak,
2008-01-02 06:45:17 PST,polidobj,CC,polidobj,
2008-01-02 06:46:08 PST,asrail,CC,asrail,
2008-01-04 21:14:13 PST,ryanvm,CC,ryanvm,
2008-01-04 21:39:12 PST,tor,CC,tor,
2008-01-06 18:46:02 PST,jwalden+bmo,CC,jwalden+bmo,
2008-01-06 18:55:31 PST,sylvain.pasche,CC,sylvain.pasche,
2008-01-06 20:47:25 PST,sylvain.pasche,Depends on,132824,
2008-01-06 21:50:07 PST,jwalden+bmo,Depends on,261081,
2008-01-06 22:09:10 PST,ehsan,CC,ehsan.akhgari,
2008-01-06 22:18:16 PST,phiw2,CC,phiw,
2008-01-07 01:04:30 PST,bugzilla1,CC,bugzilla,
2008-01-07 01:44:57 PST,jwalden+bmo,Depends on,411103,
2008-01-07 01:53:51 PST,jwalden+bmo,Depends on,98997,
2008-01-07 01:58:57 PST,jwalden+bmo,Depends on,254337,
2008-01-07 02:01:46 PST,laurent,CC,laurent,
2008-01-07 03:13:28 PST,jwalden+bmo,Depends on,42976,
2008-01-07 04:27:58 PST,jwalden+bmo,Depends on,157373,
2008-01-07 04:43:31 PST,jwalden+bmo,Depends on,335998,
2008-01-07 05:02:35 PST,spitfire.kuden,CC,spitfire.kuden,
2008-01-07 07:20:02 PST,ajvincent,CC,ajvincent,
2008-01-07 08:09:54 PST,svl-bmo,CC,svl_bmo,
2008-01-07 08:20:12 PST,deegg,CC,deegg,
2008-01-07 12:38:33 PST,sylvain.pasche,Depends on,302775,
2008-01-07 13:33:17 PST,sylvain.pasche,Depends on,366944,
2008-01-07 19:45:29 PST,hidenosuke,CC,hidenosuke,
2008-01-07 21:38:13 PST,jwalden+bmo,Depends on,156716,
2008-01-07 22:27:44 PST,mkmelin+mozilla,CC,mkmelin+mozilla,
2008-01-07 22:47:27 PST,jwalden+bmo,Depends on,118704,
2008-01-07 22:57:02 PST,jwalden+bmo,Depends on,260106,
2008-01-07 23:40:55 PST,sciguyryan,CC,sciguyryan,
2008-01-11 03:52:06 PST,jwalden+bmo,Depends on,411889,
2008-01-11 04:38:18 PST,jwalden+bmo,Depends on,411893,
2008-01-11 08:45:26 PST,matthias79,CC,matthias79,
2008-01-12 06:38:54 PST,steve.england,CC,steve.england,
2008-01-12 18:13:15 PST,level,CC,level,
2008-01-13 12:23:01 PST,pavel.penaz,CC,pavel.penaz,
2008-01-13 13:07:46 PST,vvduma,CC,vvduma,
2008-01-13 21:53:39 PST,jruderman,CC,jruderman,
2008-01-13 21:53:39 PST,jruderman,Depends on,10713,
2008-01-13 23:35:06 PST,dao,CC,dao,
2008-01-13 23:35:06 PST,dao,Depends on,,410472
2008-01-14 03:32:03 PST,bugzilla,CC,bugzilla,
2008-01-14 06:50:53 PST,gavin.sharp,Depends on,73586,
2008-01-14 07:14:14 PST,pcvrcek,CC,bugs,
2008-01-14 17:12:59 PST,mp3geek,CC,mp3geek,
2008-01-15 06:17:20 PST,jwalden+bmo,Depends on,346690,
2008-01-15 23:27:39 PST,jwalden+bmo,Depends on,412567,
2008-01-17 23:40:37 PST,jwalden+bmo,Depends on,70132,
2008-01-18 10:00:06 PST,mtschrep,CC,mtschrep,
2008-01-18 20:32:20 PST,bugzilla,CC,bugzilla,
2008-01-19 12:14:42 PST,jwalden+bmo,Depends on,413155,
2008-01-20 04:54:40 PST,xtc4uall,CC,xtc4uall,
2008-01-21 07:01:55 PST,jwalden+bmo,Depends on,312354,
2008-01-21 07:04:45 PST,martijn.martijn,CC,,martijn.martijn
2008-01-22 10:45:15 PST,asqueella,CC,asqueella,
2008-01-23 10:35:15 PST,naddiseo,CC,naddiseo,
2008-01-25 15:24:56 PST,gandalf,CC,gandalf,
2008-01-26 03:45:00 PST,bugspam.Callek,CC,bugspam.Callek,
2008-01-30 10:29:58 PST,oleg.kuznetsov,CC,x-pilotteam,
2008-01-30 10:31:32 PST,mail,CC,bzmozilla,
2008-01-30 14:31:38 PST,listy,CC,listy,
2008-01-31 13:48:40 PST,rlanday,CC,RLanday,
2008-01-31 15:24:56 PST,maxxmozilla,CC,firefox,
2008-02-01 02:53:44 PST,pike,CC,pike,
2008-02-01 08:35:15 PST,supernova00,CC,supernova_00,
2008-02-02 16:01:14 PST,aja+bugzilla,CC,aja+bugzilla,
2008-02-02 16:03:26 PST,dao,URL,http://acid3.acidtests.org/,http://www.hixie.ch/tests/evil/acid/003/NOT_READY_PLEASE_DO_NOT_USE.html
2008-02-02 23:36:05 PST,nori,CC,nori,
2008-02-07 07:18:21 PST,striptm,CC,striptm,
2008-02-09 14:18:34 PST,will.j.may,CC,will.j.may,
2008-02-11 08:36:30 PST,chris,CC,chris,
2008-02-11 16:33:56 PST,djcater+bugzilla,CC,DJCater,
2008-02-16 18:12:47 PST,zurtex,CC,zurtex,
2008-02-18 18:53:43 PST,andrewm715+bugzilla,CC,andrewm715+bugzilla,
2008-02-20 00:36:43 PST,dao,Depends on,,413155
2008-02-20 04:41:29 PST,matthew,CC,matthutton,
2008-02-21 17:01:47 PST,taken.spc,CC,taken.spc,
2008-02-21 17:01:47 PST,taken.spc,Depends on,119490, 216462,
2008-02-21 17:35:01 PST,taken.spc,Depends on,287465,
2008-02-23 11:22:32 PST,d-kalck,CC,d-kalck,
2008-02-25 01:38:51 PST,misak.bugzilla,CC,misak,
2008-02-26 13:44:24 PST,stream,CC,stream,
2008-02-27 17:35:24 PST,grahame,CC,grahame,
2008-03-01 12:01:23 PST,torres.dark,CC,torres.dark,
2008-03-03 11:41:53 PST,weisbeek,CC,weisbeek,
2008-03-03 13:35:25 PST,zed260,CC,zed260,
2008-03-03 14:57:10 PST,wgianopoulos,CC,bill,
2008-03-03 19:39:51 PST,dbaron,Depends on,420814,
2008-03-04 02:18:20 PST,mozilla-06,CC,mozilla-06,
2008-03-04 02:58:14 PST,aqualon,CC,aqualon,
2008-03-04 05:02:20 PST,mozillaBugzilla,CC,mpal1+bugzilla,
2008-03-04 10:13:40 PST,alex,CC,alex,
2008-03-04 11:05:04 PST,jklippel,CC,jklippel,
2008-03-04 12:33:45 PST,shayne.anthony.jewers,CC,shayne.anthony.jewers,
2008-03-04 13:02:00 PST,cpuidle,CC,cpuidle,
2008-03-04 15:16:21 PST,aries.belgium,CC,aries.belgium,
2008-03-04 16:05:04 PST,fullmetaljacket.xp+bugmail,CC,fullmetaljacket.xp+bugmail,
2008-03-05 08:59:38 PST,moz,CC,moz,
2008-03-05 19:04:02 PST,jerome,CC,macpassion,
2008-03-05 21:39:22 PST,bugzilla,CC,bugzilla,
2008-03-05 22:38:36 PST,onekopaka,CC,onekopaka,
2008-03-06 01:57:02 PST,mozilla,CC,mozilla,
2008-03-06 02:12:13 PST,mozilla,CC,giles.weaver,
2008-03-06 05:42:27 PST,chadwickgab+mozilla,CC,gabrielmayrandchadwick+bugzilla,
2008-03-06 08:07:59 PST,nbidwell,CC,nbidwell,
2008-03-06 08:39:35 PST,raj,CC,raj,
2008-03-06 10:44:01 PST,midnightazbug,CC,midnightazbug,
2008-03-06 23:48:34 PST,jwalden+bmo,Depends on,352044,
2008-03-07 04:45:29 PST,gialloporpora,CC,sandrodll,
2008-03-07 07:12:56 PST,simone.lando,CC,underpass,
2008-03-07 10:56:08 PST,bugzilla,Depends on,421546,
2008-03-07 11:01:08 PST,dao,Depends on,,421546
2008-03-07 12:58:47 PST,bugzilla,Depends on,421576,
2008-03-07 15:31:38 PST,mozillamarcia.knous,CC,marcia,
2008-03-07 15:31:38 PST,mozillamarcia.knous,Flags,in-litmus?,
2008-03-07 16:17:44 PST,crowderbt,CC,crowder,
2008-03-08 20:31:24 PST,jwalden+bmo,Depends on,421765,
2008-03-08 22:05:11 PST,jwalden+bmo,Depends on,421767,
2008-03-09 11:40:23 PDT,navidazizi,CC,navidazizi,
2008-03-10 00:03:26 PDT,bugzilla,CC,bugzilla,
2008-03-10 01:35:29 PDT,aha,CC,aha,
2008-03-10 02:18:01 PDT,asmozilla2,CC,asmozilla1,
2008-03-10 12:03:56 PDT,armenzg,CC,armenzg.bugzilla,
2008-03-11 05:55:55 PDT,zurtex,Depends on,421131,
2008-03-11 09:01:44 PDT,jonh_tomas,CC,jonh_tomas,
2008-03-11 09:20:00 PDT,matp75zilla,CC,matp75zilla,
2008-03-11 12:25:17 PDT,unghost,CC,unghost,
2008-03-11 18:33:51 PDT,ispence,CC,ispence,
2008-03-11 21:13:04 PDT,bugzilla.mozilla,CC,bugzilla.mozilla,
2008-03-12 10:54:33 PDT,roger.demetrescu,CC,roger.demetrescu,
2008-03-15 09:04:28 PDT,josh,CC,mephiles,
2008-03-15 12:47:33 PDT,jeresig,CC,jresig,
2008-03-16 00:14:33 PDT,bugs-bmo,CC,unknown,
2008-03-17 14:14:27 PDT,alfraet,CC,alfraet,
2008-03-18 11:59:02 PDT,hubert+bmo,CC,hubert,
2008-03-19 04:16:46 PDT,Manfred.Haertel,CC,Manfred.Haertel,
2008-03-19 11:31:15 PDT,joze.pfeifer,CC,joze.pfeifer,
2008-03-19 11:32:01 PDT,joze.pfeifer,CC,,joze.pfeifer
2008-03-23 21:21:28 PDT,feilakas-bugzilla,CC,feilakas-bugzilla,
2008-03-24 03:10:38 PDT,scanorama346,CC,scanorama346,
2008-03-24 04:54:37 PDT,bugzilla,CC,bugzilla,
2008-03-24 15:18:27 PDT,webmaster,CC,webmaster,
2008-03-24 21:40:31 PDT,joshbirnbaum-mozil,CC,joshbirnbaum-mozil,
2008-03-25 07:35:11 PDT,mschroeder,CC,mschroeder,
2008-03-27 01:44:33 PDT,diegoliz,CC,diegoliz,
2008-03-27 05:32:55 PDT,nagi,CC,nagi,
2008-03-27 20:24:18 PDT,wanliyou,CC,wanliyou,
2008-03-28 12:12:31 PDT,bpiec,CC,piecu,
2008-03-28 20:05:56 PDT,davemgarrett,CC,davegar,
2008-03-30 05:31:54 PDT,gribozavr,CC,gribozavr,
2008-03-30 09:36:48 PDT,aquarion,CC,aquarion,
2008-03-31 05:03:17 PDT,steve.england,Depends on,424973,
2008-04-03 02:19:59 PDT,raf+bugzilla1,CC,raf+bugzilla1,
2008-04-03 08:34:37 PDT,CaptainN,CC,CaptainN,
2008-04-03 09:19:54 PDT,tarken,CC,tarken,
2008-04-04 00:48:30 PDT,snabelm,CC,snabelm,
2008-04-07 00:19:49 PDT,bugzilla-mozilla,CC,bugzilla-mozilla,
2008-04-08 06:20:26 PDT,t.matsuu,CC,t.matsuu,
2008-04-12 02:31:14 PDT,stephen.donner,CC,stephen.donner,
2008-04-12 07:44:08 PDT,neil,CC,neil,
2008-04-13 00:54:52 PDT,david.maza.AU,CC,quick.webmaster,
2008-04-14 02:10:33 PDT,stephen.donner,Flags,in-litmus+,in-litmus?
2008-04-22 07:04:22 PDT,registrations,CC,registrations,
2008-05-07 05:59:35 PDT,robert,CC,robert,
2008-05-13 08:39:47 PDT,bugs,CC,Olli.Pettay,
2008-05-13 08:39:47 PDT,bugs,Depends on,332148,
2008-05-13 10:18:04 PDT,bugs,Depends on,433533,
2008-05-13 10:42:29 PDT,bugs,Depends on,199959,
2008-05-14 00:27:34 PDT,bugs,Depends on,433662,
2008-05-17 03:21:21 PDT,peterv,CC,peterv,
2008-05-17 03:21:21 PDT,peterv,Depends on,,42976
2008-05-17 03:34:13 PDT,peterv,Depends on,42976,
2008-05-17 09:45:57 PDT,armenzg,CC,,armenzg
2008-05-18 06:54:08 PDT,xenoterracide,CC,xenoterracide,
2008-05-25 21:11:24 PDT,jdaggett,CC,jdaggett,
2008-06-03 03:32:47 PDT,wladow,Depends on,75375, 128585,
2008-06-05 10:37:49 PDT,turuoka.bmo,CC,turuoka,
2008-06-06 09:21:10 PDT,dbaron,Depends on,50630,
2008-06-06 09:44:19 PDT,davemgarrett,Depends on,,424973
2008-06-06 09:47:34 PDT,cpuidle,CC,,cpuidle
2008-06-08 20:47:51 PDT,gavin.sharp,Depends on,437915,
2008-06-09 16:55:02 PDT,dbaron,Depends on,238072,
2008-06-10 18:47:42 PDT,dbaron,Depends on,243519, 425432,
2008-06-10 23:48:07 PDT,dbaron,Depends on,174351,
2008-06-11 00:00:31 PDT,dbaron,Depends on,438519,
2008-06-11 00:01:01 PDT,dbaron,Depends on,178258,
2008-06-11 21:25:06 PDT,BijuMailList,CC,BijuMailList,
2008-06-12 19:01:18 PDT,mau,Depends on,438996,
2008-06-14 16:24:42 PDT,bfrisch,CC,bfrisch,
2008-06-18 10:04:45 PDT,sierkb,CC,sierkb,
2008-06-19 00:28:38 PDT,dirkjan,CC,dirkjan,
2008-06-20 08:43:04 PDT,spetreolle,CC,spetreolle,
2008-06-20 11:27:47 PDT,sdwilsh,CC,sdwilsh,
2008-06-20 21:19:48 PDT,spam_hole,CC,spam_hole,
2008-06-20 21:42:01 PDT,davemgarrett,Depends on,426027,
2008-06-23 04:35:26 PDT,rflazaro,CC,rflazaro,
2008-06-29 08:47:21 PDT,alfred.peng,CC,alfred.peng,
2008-07-04 11:39:57 PDT,bugzilla,Depends on,443648,
2008-07-09 04:23:59 PDT,f.castellana,CC,f.castellana,
2008-07-19 20:33:56 PDT,ojab,Depends on,446248,
2008-07-22 04:43:17 PDT,gavin.sharp,Depends on,446584,
2008-07-22 06:04:55 PDT,pablo,CC,pablo,
2008-07-22 06:57:06 PDT,bugzilla,CC,,bugzilla
2008-07-26 10:43:34 PDT,wgianopoulos,Depends on,448129,
2008-07-26 10:52:45 PDT,dbaron,Depends on,448132,
2008-08-02 04:17:10 PDT,tobbi.bugs,CC,tobias,
2008-08-06 08:36:33 PDT,xtc4uall,Depends on,,446248
2008-08-07 09:48:43 PDT,hickendorffbas,CC,hickendorffbas,
2008-08-08 07:57:32 PDT,alex,CC,chebatron,
2008-08-08 10:05:26 PDT,hskupin,CC,hskupin,
2008-08-09 13:01:10 PDT,cbook,CC,cbook,
2008-08-10 01:14:59 PDT,mbockelkamp,CC,mbockelkamp,
2008-08-11 11:01:18 PDT,cbook,Flags,wanted1.9.1?,
2008-08-11 14:36:42 PDT,roc,Depends on,450160,
2008-08-14 10:10:58 PDT,john,CC,john,
2008-09-03 13:52:34 PDT,bugs,Depends on,453521,
2008-09-03 13:56:42 PDT,bugs,Depends on,,433662
2008-09-04 15:03:05 PDT,twalker,CC,twalker,
2008-09-06 06:50:09 PDT,hhschwab,CC,hhschwab,
2008-09-06 07:54:39 PDT,crazy-daniel,Depends on,,425432
2008-09-06 07:58:22 PDT,mozilla,CC,,giles.weaver
2008-09-08 18:24:13 PDT,dbaron,Depends on,454325,
2008-09-08 18:35:34 PDT,dbaron,Depends on,454326,
2008-09-11 05:33:30 PDT,bugzilla,Depends on,434269,
2008-09-16 06:42:59 PDT,bugs,Depends on,,366944
2008-09-17 03:56:23 PDT,euryalus.0,CC,ulysse,
2008-09-18 00:01:13 PDT,euryalus.0,CC,,ulysse
2008-09-18 02:35:26 PDT,arpad.borsos,CC,arpad.borsos,
2008-09-21 09:50:25 PDT,dbaron,Depends on,281150,
2008-09-21 11:42:02 PDT,dbaron,Depends on,456282,
2008-09-21 11:48:51 PDT,dao,Depends on,,443648
2008-09-21 19:01:02 PDT,phiw2,Depends on,456317,
2008-09-24 17:59:36 PDT,simon.bugzilla,CC,simon.bugzilla,
2008-09-26 07:35:55 PDT,dbaron,Depends on,457194,
2008-09-26 16:47:01 PDT,dao,Depends on,,456317
2008-09-27 12:35:34 PDT,jruderman,Depends on,457429,
2008-09-30 13:28:38 PDT,jruderman,Depends on,450191,
2008-10-01 10:23:32 PDT,ironwit,CC,ironwit,
2008-10-01 12:16:50 PDT,jruderman,Depends on,458104,
2008-10-01 20:50:24 PDT,chris.stone,CC,tkchris,
2008-10-04 00:46:00 PDT,harmhilvers,CC,harm,
2008-10-04 08:22:41 PDT,wgianopoulos,Depends on,458169,
2008-10-04 09:25:33 PDT,kontakt,CC,jakub.rusinek,
2008-10-04 16:15:06 PDT,ezh,CC,ezh,
2008-10-04 22:36:26 PDT,mozillaBugzilla,CC,,mpal1+bugzilla
2008-10-05 08:36:16 PDT,tonikitoo,CC,tonikitoo,
2008-10-07 22:11:50 PDT,xfsunoles,CC,xfsunoles,
2008-10-09 07:01:44 PDT,esycat,CC,esycat,
2008-10-15 19:43:12 PDT,pascalc,CC,pascalc,
2008-10-17 03:29:13 PDT,steffen.wilberg,CC,steffen.wilberg, trev.moz,
2008-10-17 04:14:56 PDT,slump_ilawa,CC,slump_ilawa,
2008-10-17 12:04:01 PDT,davemgarrett,Depends on,460487,
2008-10-17 13:37:23 PDT,tuom.larsen,CC,tuom.larsen,
2008-10-21 00:45:03 PDT,kberk.spamaway,CC,kberk.nospam,
2008-10-22 10:19:55 PDT,emetko,CC,emetko,
2008-10-24 07:17:17 PDT,fjutt,CC,fjutt,
2008-11-02 23:48:44 PST,hiroshi.freesw,CC,hiroshi.freesw,
2008-11-04 09:10:00 PST,dbaron,Depends on,462971,
2008-11-29 06:25:26 PST,wgianopoulos,Flags,blocking1.9.2?,
2008-11-29 17:26:34 PST,wgianopoulos,Depends on,,434269
2008-12-02 18:07:30 PST,compermisos,CC,compermisos,
2008-12-04 21:10:46 PST,Ciprian.Enache,CC,Ciprian.Enache,
2008-12-19 10:24:38 PST,bladiebloe,CC,bladiebloe,
2008-12-19 17:10:21 PST,Dpeelen,CC,Dpeelen,
2008-12-24 00:47:05 PST,xl32,CC,xl32,
2009-01-02 11:46:19 PST,eleven81,CC,eleven81,
2009-01-15 00:25:37 PST,taken.spc,Depends on,473705,
2009-02-04 15:05:24 PST,dzbarsky,CC,dzbarsky,
2009-02-10 13:27:29 PST,shirishag75,CC,shirishag75,
2009-02-17 10:26:02 PST,synergy6,CC,synergy6,
2009-02-24 13:58:58 PST,tdowner,CC,tyler,
2009-02-26 07:06:39 PST,gabri.best,Depends on,,281150
2009-02-26 07:07:40 PST,gabri.best,Depends on,281150,
2009-02-27 07:52:18 PST,emmanuel.jarri,CC,emmanuel.jarri,
2009-03-03 00:49:26 PST,bugzilla,CC,spam5nb,
2009-03-09 21:54:21 PDT,dholbert,Depends on,482402,
2009-03-19 09:04:22 PDT,xtc4uall,CC,evengard,
2009-03-25 16:37:38 PDT,blog,CC,blog,
2009-04-15 11:56:34 PDT,whitewolfpro,CC,whitewolfpro,
2009-04-29 06:46:36 PDT,kairo,CC,kairo,
2009-05-11 03:44:09 PDT,markus.popp,CC,markus.popp,
2009-05-17 01:31:25 PDT,helder.magalhaes,CC,helder.magalhaes,
2009-05-22 00:09:01 PDT,dirkjan,CC,,dirkjan
2009-05-31 13:07:12 PDT,deprecationmail,CC,magne.andersson,
2009-06-11 14:57:49 PDT,skep,CC,skep,
2009-06-20 05:54:32 PDT,m.goleb+mozilla,CC,mz.goleb,
2009-06-20 06:30:03 PDT,m_kato,CC,m_kato,
2009-06-30 05:21:54 PDT,wgianopoulos,Depends on,501345,
2009-06-30 10:24:37 PDT,bugzilla.spam2,CC,bugzilla.spam2,
2009-06-30 15:32:34 PDT,temp4746,CC,temp4746,
2009-07-02 11:19:15 PDT,marcoos+bmo,CC,marcoos+bmo,
2009-07-12 18:40:03 PDT,darxus-mozillabug,CC,darxus-mozillabug,
2009-07-21 14:16:48 PDT,willy1234x1,CC,willy1234x1,
2009-08-03 12:27:54 PDT,tigertownpc,CC,tigertownpc,
2009-08-03 13:22:20 PDT,zhalassy,CC,zhalassy,
2009-08-03 13:33:42 PDT,sdwilsh,CC,,sdwilsh
2009-08-07 06:53:07 PDT,vjchopra,CC,vjchopra,
2009-08-07 16:06:30 PDT,erappleman,CC,llivinglarge,
2009-08-07 16:21:00 PDT,trev.moz,CC,,trev.moz
2009-08-14 07:57:44 PDT,Ms2ger,CC,Ms2ger,
2009-08-19 13:51:58 PDT,neb1236,CC,neb1236,
2009-09-09 01:16:40 PDT,bugzilla,Flags,wanted1.9.2?,
2009-09-09 01:54:00 PDT,stephen.donner,CC,,stephen.donner
2009-09-14 13:02:46 PDT,benjamin,Flags,blocking1.9.2-, wanted1.9.2-,wanted1.9.1?, blocking1.9.2?, wanted1.9.2?
2009-09-21 03:58:59 PDT,bugmail,CC,bugmail,
2009-10-10 02:32:49 PDT,dao,Depends on,502937,
2009-10-22 12:09:55 PDT,sdwilsh,CC,dbaron,
2009-11-08 01:40:12 PST,llclarisse,CC,llclarisse,
2009-11-24 17:55:17 PST,liam.kirsh,CC,liam.kirsh,
2009-12-06 09:34:33 PST,cork,CC,Cork,
2010-01-20 13:15:15 PST,nwdozer,CC,nwdozer,
2010-02-07 07:43:17 PST,paul,CC,vai,
2010-02-07 08:16:57 PST,feedback,See Also,https://launchpad.net/bugs/197181,
2010-02-26 01:55:54 PST,moz,CC,David.Vo2+bmo,
2010-03-01 16:53:12 PST,theodorejb,CC,theodorejb,
2010-03-20 09:08:53 PDT,mschroeder,CC,,mschroeder
2010-04-14 22:15:05 PDT,hiroshi.freesw,CC,,hiroshi.freesw
2010-05-04 08:10:34 PDT,carlos_alen,CC,carlos_alen,
2010-05-05 03:02:42 PDT,vovaolar,CC,vovaolar,
2010-06-04 13:45:41 PDT,awesome89999,CC,awesome89999,
2010-06-08 17:27:52 PDT,M8R-d5p26,CC,M8R-d5p26,
2010-07-27 20:12:24 PDT,lukaswrites.bugzilla,CC,lukaswrites.bugzilla,
2010-07-28 05:17:12 PDT,karl156,CC,karl156,
2010-08-04 07:59:39 PDT,yuraurt+bugzilla,CC,yuraurt+bugzilla,
2010-08-04 09:30:01 PDT,matafagafo,CC,matafagafo,
2010-08-06 03:24:24 PDT,jdaggett,CC,,jdaggett
2010-08-12 23:16:23 PDT,krojew,CC,krojew,
2010-08-27 14:40:11 PDT,stream,CC,,stream
2010-09-01 06:53:19 PDT,dv.sum0,CC,dv.sum0,
2010-09-08 23:21:17 PDT,megabyte,CC,ask,
2010-09-09 09:39:42 PDT,WdFCRTsSDyWZ,CC,WdFCRTsSDyWZ,
2010-09-24 00:28:50 PDT,scott001,CC,scott001,
2010-10-11 15:58:13 PDT,mp3geek,CC,,mp3geek
2010-10-31 04:35:52 PDT,raul.malea,CC,raul.malea,
2011-01-02 09:30:51 PST,frajjsen,CC,frajjsen,
2011-01-02 17:16:40 PST,marcoos+bmo,CC,,marcoos+bmo
2011-01-11 13:21:25 PST,cab26715,CC,cab26715,
2011-01-12 12:34:38 PST,cork,Whiteboard,read #111 BEFORE commenting,
2011-01-12 15:03:38 PST,jruderman,CC,,jruderman
2011-01-19 10:52:33 PST,sacolcor,Depends on,,426027
2011-01-19 11:45:51 PST,wgianopoulos,Whiteboard,read #111 #126 and #128 BEFORE commenting,read #111 BEFORE commenting
2011-01-19 12:15:58 PST,carl,CC,carl,
2011-01-20 05:27:41 PST,elreydetodo,CC,elreydetodo,
2011-01-20 07:44:29 PST,pxbugz,CC,pxbugz,
2011-01-20 10:57:21 PST,matthew,CC,,matthew
2011-01-24 02:49:21 PST,antoine.mozilla,CC,geekshadow,
2011-02-06 17:00:52 PST,nidaisfree,CC,nidaisfree,
2011-02-06 18:17:10 PST,sylvain.pasche,CC,,sylvain.pasche
2011-02-07 06:29:48 PST,peterv,CC,,peterv
2011-02-13 04:47:54 PST,shane.bundy,CC,bricky149,
2011-03-16 12:40:41 PDT,lmocsi,CC,lmocsi,
2011-03-17 00:59:02 PDT,lmocsi,CC,,lmocsi
2011-03-30 18:16:00 PDT,leec100,CC,leec100,
2011-05-24 06:19:18 PDT,vovaolar,CC,,vovaolar
2011-05-29 08:33:07 PDT,bernesb,CC,BernesB,
2011-08-15 17:37:54 PDT,m.goleb+mozilla,CC,,m.goleb+mozilla
2011-09-09 14:06:13 PDT,sprint69,CC,sprint69,
2011-09-09 14:07:00 PDT,sprint69,CC,,sprint69
2011-09-17 06:32:34 PDT,Ms2ger,Status,RESOLVED,NEW
2011-09-17 06:32:34 PDT,Ms2ger,Resolution,FIXED,---
2011-09-17 06:32:34 PDT,Ms2ger,Last Resolved,2011-09-17 06:32:34,
2011-09-17 11:20:49 PDT,davemgarrett,Status,VERIFIED,RESOLVED
2011-09-17 11:54:07 PDT,unghost,CC,,unghost
2011-09-17 13:22:25 PDT,jruderman,Depends on,,119490
2011-09-17 20:01:45 PDT,packager,CC,packager,
2012-06-26 15:00:06 PDT,vp2177+mozbugz,CC,vp2177+mozbugz,
2012-06-26 15:05:17 PDT,theodorejb,CC,,theodorejb
2012-06-26 15:06:06 PDT,tobbi.bugs,Depends on,754585,
2012-06-27 00:14:32 PDT,sprint69,CC,sprint69,
2012-06-27 00:14:50 PDT,sprint69,CC,,sprint69
2012-09-24 15:53:05 PDT,mbrubeck,Depends on,793890,
2014-02-25 10:20:34 PST,obrufau,Depends on,976649,
2014-02-25 10:35:40 PST,naddiseo,CC,,naddiseo
2014-02-25 15:42:01 PST,feilakas-bugzilla,CC,,feilakas-bugzilla
