When,Who,What,Added,Removed
2008-01-02 13:44:03 PST,martin.sourada,CC,martin.sourada,
2008-01-02 19:37:36 PST,reed,Product,Core,Firefox
2008-01-02 19:37:36 PST,reed,Version,Trunk,unspecified
2008-01-02 19:37:36 PST,reed,Component,Widget: Gtk,OS Integration
2008-01-02 19:37:36 PST,reed,QA Contact,gtk,os.integration
2008-01-02 19:37:36 PST,reed,CC,reed, ventnor.bugzilla, twanno, ispence,
2008-01-08 11:19:01 PST,twanno,Summary,gtk: wrong scrollbar in nodoka theme (git),gtk: non-gtk focus and scrollbar in nodoka theme (git)
2008-01-08 11:19:01 PST,twanno,Status,NEW,UNCONFIRMED
2008-01-08 11:19:01 PST,twanno,Ever confirmed,1,0
2008-01-09 16:31:11 PST,twanno,Status,ASSIGNED,NEW
2008-01-09 16:31:11 PST,twanno,Assignee,twanno,nobody
2008-01-09 16:31:11 PST,twanno,Attachment #296248                Flags,review?(roc), superreview?(roc),
2008-01-09 16:54:05 PST,twanno,Attachment #296248                Attachment is obsolete,1,0
2008-01-09 16:54:05 PST,twanno,Attachment #296251                Flags,review?(roc), superreview?(roc),
2008-01-09 16:54:05 PST,twanno,Attachment #296248                Flags,,review?(roc), superreview?(roc)
2008-01-09 16:58:02 PST,roc,CC,roc,
2008-01-10 06:58:56 PST,twanno,Attachment #296323                Flags,review?(roc), superreview?(roc),
2008-01-10 06:58:56 PST,twanno,Attachment #296251                Flags,,review?(roc), superreview?(roc)
2008-01-10 06:58:56 PST,twanno,Attachment #296251                Attachment is obsolete,1,0
2008-01-11 10:26:52 PST,roc,Attachment #296323                Flags,review+, superreview+,review?(roc), superreview?(roc)
2008-01-11 11:15:44 PST,reed,Attachment #296323                Flags,approval1.9?,
2008-01-11 13:07:45 PST,mtschrep,Attachment #296323                Flags,approval1.9+,approval1.9?
2008-01-11 13:08:27 PST,reed,Keywords,checkin-needed,
2008-01-11 16:56:07 PST,twanno,Attachment #296323                Attachment is obsolete,1,0
2008-01-12 20:14:08 PST,reed,Status,RESOLVED,ASSIGNED
2008-01-12 20:14:08 PST,reed,Resolution,FIXED,---
2008-01-12 20:14:08 PST,reed,Target Milestone,mozilla1.9 M11,---
2008-01-12 20:14:08 PST,reed,Last Resolved,2008-01-12 20:14:08,
2008-01-12 20:14:08 PST,reed,Keywords,,checkin-needed
