When,Who,What,Added,Removed
2008-01-02 01:52:19 PST,mzehe,Flags,blocking-firefox3?,
2008-01-08 13:06:48 PST,stephen.donner,CC,stephend,
2008-01-09 09:59:50 PST,aaronlev,Keywords,sec508,
2008-01-09 09:59:50 PST,aaronlev,Assignee,jmathies,nobody
2008-01-09 10:13:15 PST,jmathies,CC,jmathies,
2008-01-22 00:34:51 PST,fullmetaljacket.xp+bugmail,CC,fullmetaljacket.xp+bugmail,
2008-01-30 14:43:43 PST,mbeltzner,Priority,P2,--
2008-01-30 14:43:43 PST,mbeltzner,Target Milestone,Firefox 3 beta4,Firefox 3 beta3
2008-01-30 14:43:43 PST,mbeltzner,Flags,blocking-firefox3+,blocking-firefox3?
2008-01-31 15:45:07 PST,jmathies,Attachment #300758                Flags,review?(marco.zehe),
2008-01-31 15:58:47 PST,mzehe,Attachment #300758                Flags,review+,review?(marco.zehe)
2008-01-31 16:21:37 PST,jmathies,Attachment #300758                Flags,approval1.9b3?,
2008-01-31 16:30:00 PST,mbeltzner,Attachment #300758                Flags,approval1.9b3+,approval1.9b3?
2008-01-31 16:40:59 PST,jmathies,Keywords,checkin-needed,
2008-01-31 18:14:31 PST,reed,Last Resolved,2008-01-31 18:14:31,
2008-01-31 18:14:31 PST,reed,Keywords,,checkin-needed
2008-01-31 18:14:31 PST,reed,Status,RESOLVED,NEW
2008-01-31 18:14:31 PST,reed,Resolution,FIXED,---
2008-01-31 18:14:31 PST,reed,CC,reed,
2008-01-31 18:19:33 PST,reed,Target Milestone,Firefox 3 beta3,Firefox 3 beta4
2008-02-06 01:24:21 PST,mzehe,Status,VERIFIED,RESOLVED
2008-07-31 04:30:00 PDT,nobody,Product,Toolkit,Firefox
