When,Who,What,Added,Removed
2008-01-02 09:34:26 PST,reed,Product,mozilla.org,Websites
2008-01-02 09:34:26 PST,reed,Version,other,unspecified
2008-01-02 09:34:26 PST,reed,Hardware,All,Macintosh
2008-01-02 09:34:26 PST,reed,OS,All,Mac OS X
2008-01-02 09:34:26 PST,reed,Component,www.mozilla.org,*.mozilla.org
2008-01-02 09:34:26 PST,reed,Assignee,david,nobody
2008-01-02 09:34:26 PST,reed,QA Contact,www-mozilla-org,other-mozilla-org
2008-01-02 13:55:08 PST,gavin.sharp,CC,gavin.sharp,
2008-01-03 09:25:32 PST,steffenjan,CC,steffenjan,
2008-01-03 10:01:53 PST,davidwboswell,Attachment #295093                Attachment is obsolete,1,0
2008-01-03 10:01:53 PST,davidwboswell,Attachment #295122                Attachment is obsolete,1,0
2008-01-03 13:04:35 PST,Manfred.Haertel,CC,Manfred.Haertel,
2008-01-03 14:10:17 PST,samuel.sidler+old,CC,samuel.sidler,
2008-01-03 21:12:22 PST,bugspam.Callek,CC,bugspam.Callek, kairo,
2008-01-03 21:43:25 PST,alqahira,CC,alqahira,
2008-01-04 01:52:40 PST,ian,CC,ian,
2008-01-04 12:13:58 PST,davidwboswell,Attachment #295245                Attachment is obsolete,1,0
2008-01-05 18:32:09 PST,jwalden+bmo,CC,jwalden+bmo,
2008-01-07 08:56:38 PST,davidwboswell,Attachment #295411                Attachment is obsolete,1,0
2008-01-11 07:28:42 PST,davidwboswell,Last Resolved,2008-01-11 07:28:42,
2008-01-11 07:28:42 PST,davidwboswell,Status,RESOLVED,NEW
2008-01-11 07:28:42 PST,davidwboswell,Resolution,FIXED,---
2008-01-11 09:28:42 PST,samuel.sidler+old,Status,VERIFIED,RESOLVED
2008-07-31 04:30:00 PDT,nobody,Product,Websites,mozilla.org
2012-08-23 00:16:07 PDT,nobody,Product,www.mozilla.org,Websites
2012-08-23 00:16:07 PDT,nobody,Component,General,www.mozilla.org
