When,Who,What,Added,Removed
2008-01-02 11:20:52 PST,LpSolit,Flags,blocking3.2?,
2008-01-02 14:41:02 PST,mkanat,Flags,blocking3.1.3+,blocking3.2?
2008-01-04 04:04:35 PST,LpSolit,Summary,The number of fields passed to sprintf() in BugMail::multiline_sprintf() doesn't match the expected format when a field value is added or deleted,Error thrown in the web server log when attaching new files
2008-01-04 21:14:05 PST,shimono,CC,shimono,
2008-01-14 08:47:22 PST,mkanat,Severity,major,normal
2008-01-14 09:11:44 PST,wurblzap,CC,wurblzap,
2008-01-14 09:26:00 PST,emmanuel,CC,eseyman,
2008-01-27 10:49:22 PST,mkanat,Status,ASSIGNED,NEW
2008-01-27 10:49:22 PST,mkanat,Assignee,mkanat,attach-and-request
2008-01-27 10:49:22 PST,mkanat,Attachment #299591                Flags,review?(LpSolit),
2008-01-27 11:27:33 PST,LpSolit,Attachment #299591                Flags,review+,review?(LpSolit)
2008-01-27 11:28:04 PST,LpSolit,Component,Email Notifications,Attachments & Requests
2008-01-27 11:28:04 PST,LpSolit,Flags,approval+,
2008-01-27 11:39:38 PST,mkanat,Status,RESOLVED,ASSIGNED
2008-01-27 11:39:38 PST,mkanat,Resolution,FIXED,---
2008-01-27 11:39:38 PST,mkanat,Last Resolved,2008-01-27 11:39:38,
