When,Who,What,Added,Removed
2008-01-02 11:00:27 PST,pkim,CC,spreadfirefox-com,
2008-01-02 13:53:24 PST,gavin.sharp,CC,gavin.sharp,
2008-01-02 22:06:43 PST,pkim,Group,,mozillacomconfidential
2008-01-02 22:10:04 PST,reed,CC,reed,
2008-01-08 23:14:11 PST,pkim,CC,asa, paul,
2008-01-22 09:47:38 PST,paul,Assignee,paul,ian-bugzilla
2008-01-22 09:56:19 PST,paul,Assignee,asa,paul
2008-01-22 13:25:22 PST,paul,Assignee,paul,asa
2008-01-22 13:27:36 PST,paul,CC,ian-bugzilla,
2008-01-23 15:05:18 PST,paul,CC,jamey,
2008-01-23 15:05:18 PST,paul,Last Resolved,2008-01-23 15:05:18,
2008-01-23 15:05:18 PST,paul,Status,RESOLVED,NEW
2008-01-23 15:05:18 PST,paul,Resolution,FIXED,---
2010-03-25 11:56:09 PDT,mozbugs.retornam,Status,VERIFIED,RESOLVED
2010-03-25 11:56:09 PDT,mozbugs.retornam,CC,mozbugs.retornam,
2011-08-25 09:49:06 PDT,nobody,Product,Websites Graveyard,Websites
