When,Who,What,Added,Removed
2008-01-02 09:32:10 PST,bugzilla-graveyard,CC,cl-bugs,
2008-01-02 13:12:55 PST,stuart.morgan+bugzilla,Attachment #295140                Flags,superreview?(mark),
2008-01-02 17:18:11 PST,phiw2,CC,phiw,
2008-01-02 18:42:51 PST,mark,Attachment #295140                Flags,superreview-,superreview?(mark)
2008-01-03 09:31:22 PST,stuart.morgan+bugzilla,CC,mark,
2008-01-05 12:42:20 PST,krmathis,CC,krmathis,
2008-02-28 16:33:00 PST,stuart.morgan+bugzilla,Keywords,fixed1.8.1.13,
2008-02-28 16:33:00 PST,stuart.morgan+bugzilla,Status,RESOLVED,NEW
2008-02-28 16:33:00 PST,stuart.morgan+bugzilla,Resolution,FIXED,---
2008-02-28 16:33:00 PST,stuart.morgan+bugzilla,Target Milestone,Camino1.6,---
2008-02-28 16:33:00 PST,stuart.morgan+bugzilla,Last Resolved,2008-02-28 16:33:00,
