When,Who,What,Added,Removed
2008-01-04 10:02:32 PST,mkmelin+mozilla,CC,mkmelin+mozilla,
2008-04-03 02:43:37 PDT,shopik,CC,shopik,
2008-04-10 12:53:45 PDT,shopik,Status,NEW,UNCONFIRMED
2008-04-10 12:53:45 PDT,shopik,Ever confirmed,1,0
2008-04-10 12:55:48 PDT,gary,CC,ebirol,
2008-12-08 14:05:32 PST,rsx11m.pub,CC,rsx11m.pub,
2008-12-08 14:05:58 PST,rsx11m.pub,OS,All,Windows XP
2008-12-08 14:05:58 PST,rsx11m.pub,Version,Trunk,unspecified
2008-12-08 14:05:58 PST,rsx11m.pub,Hardware,All,PC
2008-12-09 03:49:51 PST,m-wada,CC,m-wada,
2009-01-05 06:16:33 PST,baroncelli,CC,baroncelli,
2009-01-13 04:51:15 PST,rsx11m.pub,CC,krl,
2009-01-13 04:58:22 PST,rsx11m.pub,Severity,major,trivial
2009-01-13 04:58:22 PST,rsx11m.pub,Component,Account Manager,Preferences
2009-01-13 04:58:22 PST,rsx11m.pub,QA Contact,account-manager,preferences
2009-01-13 05:30:20 PST,bugzilla,Keywords,dataloss,
2009-01-13 05:30:20 PST,bugzilla,Severity,critical,major
2009-01-13 05:30:20 PST,bugzilla,CC,matti,
2009-01-13 06:03:53 PST,rsx11m.pub,Flags,blocking-thunderbird3?, wanted-thunderbird3?,
2009-01-16 05:33:21 PST,rsx11m.pub,CC,clarkbw,
2009-01-21 16:39:44 PST,davida,CC,david.ascher,
2009-01-21 16:39:44 PST,davida,Flags,blocking-thunderbird3-, wanted-thunderbird3+,blocking-thunderbird3?, wanted-thunderbird3?
2009-01-21 17:49:49 PST,rsx11m.pub,Status,ASSIGNED,NEW
2009-01-21 17:49:49 PST,rsx11m.pub,Assignee,rsx11m.pub,nobody
2009-01-21 18:04:26 PST,rsx11m.pub,Attachment #358107                Flags,review?(mnyromyr), superreview?(neil), ui-review?(clarkbw),
2009-01-22 05:31:04 PST,neil,Attachment #358107                Flags,superreview-,superreview?(neil)
2009-01-22 06:07:39 PST,rsx11m.pub,CC,neil,
2009-01-23 08:58:53 PST,rsx11m.pub,Summary,"Disk Space" account settings ambiguous for imap and pop accounts,"Disk Space" account settings ambiguous for imap accounts
2009-01-23 09:05:06 PST,rsx11m.pub,Attachment #358107                Attachment is obsolete,1,0
2009-01-23 09:05:06 PST,rsx11m.pub,Attachment #358420                Flags,review?(mnyromyr), superreview?(neil), ui-review?(clarkbw),
2009-01-23 09:05:06 PST,rsx11m.pub,Attachment #358107                Flags,,review?(mnyromyr), ui-review?(clarkbw)
2009-01-23 13:59:10 PST,clarkbw,Attachment #358420                Flags,ui-review+,ui-review?(clarkbw)
2009-01-23 14:14:40 PST,shopik,CC,,shopik
2009-01-23 14:47:42 PST,mnyromyr,Attachment #358420                Flags,review-,review?(mnyromyr)
2009-01-23 19:31:34 PST,rsx11m.pub,Attachment #358420                Attachment is obsolete,1,0
2009-01-23 19:31:34 PST,rsx11m.pub,Attachment #358420                Flags,,superreview?(neil)
2009-01-23 19:37:02 PST,rsx11m.pub,CC,mnyromyr,
2009-01-24 03:44:20 PST,baroncelli,CC,,baroncelli
2009-01-26 17:51:10 PST,rsx11m.pub,Attachment #358969                Flags,review?(mnyromyr), superreview?(neil), ui-review?(clarkbw),
2009-01-26 21:37:13 PST,clarkbw,Attachment #358969                Flags,ui-review+,ui-review?(clarkbw)
2009-01-28 07:33:20 PST,neil,Attachment #358969                Flags,superreview+,superreview?(neil)
2009-01-28 11:46:49 PST,mnyromyr,Attachment #358969                Flags,review+,review?(mnyromyr)
2009-01-28 12:12:33 PST,rsx11m.pub,Keywords,checkin-needed,
2009-01-28 12:12:33 PST,rsx11m.pub,Whiteboard,[c-n: comm-central],
2009-01-29 02:37:12 PST,standard8,Resolution,FIXED,---
2009-01-29 02:37:12 PST,standard8,Target Milestone,Thunderbird 3.0b2,---
2009-01-29 02:37:12 PST,standard8,Last Resolved,2009-01-29 02:37:12,
2009-01-29 02:37:12 PST,standard8,Keywords,,checkin-needed
2009-01-29 02:37:12 PST,standard8,Whiteboard,,[c-n: comm-central]
2009-01-29 02:37:12 PST,standard8,Status,RESOLVED,ASSIGNED
2009-01-31 06:31:52 PST,rsx11m.pub,Resolution,---,FIXED
2009-01-31 06:31:52 PST,rsx11m.pub,Status,REOPENED,RESOLVED
2009-01-31 06:33:44 PST,rsx11m.pub,Attachment #358101                Attachment is obsolete,1,0
2009-01-31 06:33:44 PST,rsx11m.pub,Attachment #359910                Flags,review?(mnyromyr), superreview?(neil),
2009-01-31 10:06:46 PST,neil,Attachment #359910                Flags,superreview+,superreview?(neil)
2009-02-02 12:30:17 PST,mnyromyr,Attachment #359910                Flags,review+,review?(mnyromyr)
2009-02-02 12:47:59 PST,rsx11m.pub,Keywords,checkin-needed,
2009-02-02 12:47:59 PST,rsx11m.pub,Whiteboard,[c-n: Comment #50],
2009-02-03 06:06:45 PST,bugzillamozillaorg_serge_20140323,Attachment #358969                Attachment description,Proposed patch (v3)[Checkin: Comment 46],Proposed patch (v3)
2009-02-03 06:11:00 PST,bugzillamozillaorg_serge_20140323,Attachment #359910                Attachment description,Follow-up patch for deferred POP accounts[Checkin: Comment 51],Follow-up patch for deferred POP accounts
2009-02-03 06:11:54 PST,bugzillamozillaorg_serge_20140323,Keywords,,checkin-needed
2009-02-03 06:11:54 PST,bugzillamozillaorg_serge_20140323,Whiteboard,,[c-n: Comment #50]
2009-02-03 06:11:54 PST,bugzillamozillaorg_serge_20140323,Status,RESOLVED,REOPENED
2009-02-03 06:11:54 PST,bugzillamozillaorg_serge_20140323,Resolution,FIXED,---
2009-02-03 06:11:54 PST,bugzillamozillaorg_serge_20140323,Last Resolved,2009-02-03 06:11:54,2009-01-29 02:37:12
2009-02-11 07:28:08 PST,maf-soft,CC,maf-soft,
2009-10-08 05:40:05 PDT,rsx11m.pub,CC,herkimer112,
2010-06-27 09:52:02 PDT,m-wada,CC,,m-wada
2012-02-06 16:47:25 PST,johnywhy,CC,johnywhy,
