When,Who,What,Added,Removed
2008-10-06 07:52:42 PDT,laura,Assignee,paul.craciunoiu,nobody
2008-10-06 07:52:42 PDT,laura,CC,laura,
2008-10-06 07:52:42 PDT,laura,Target Milestone,1.0,---
2008-10-21 08:26:19 PDT,laura,Attachment #343071                Flags,review+,
2008-10-21 14:26:27 PDT,paul+moz,Target Milestone,0.7.2,1.0
2008-10-21 14:26:27 PDT,paul+moz,Last Resolved,2008-10-21 14:26:27,
2008-10-21 14:26:27 PDT,paul+moz,Status,RESOLVED,NEW
2008-10-21 14:26:27 PDT,paul+moz,Resolution,FIXED,---
2008-10-21 14:26:27 PDT,paul+moz,CC,stephen.donner,
2008-10-21 14:27:39 PDT,djst,CC,djst,
2008-10-22 14:28:12 PDT,stephen.donner,Status,VERIFIED,RESOLVED
2009-12-16 16:24:07 PST,me+bugzilla,Whiteboard,tiki_bug,
2009-12-16 16:24:07 PST,me+bugzilla,CC,lphuberdeau,
2009-12-22 08:38:09 PST,lphuberdeau,Whiteboard,tiki_fixed,tiki_bug
