When,Who,What,Added,Removed
2008-01-06 13:04:33 PST,francesco.lodolo,Attachment #295656                Flags,review?(l10n),
2008-01-06 13:06:45 PST,francesco.lodolo,CC,l10n, francesco.lodolo,
2008-01-06 15:25:03 PST,l10n,Attachment #295656                Flags,review-,review?(l10n)
2008-01-07 00:04:57 PST,francesco.lodolo,Attachment #295656                Attachment is obsolete,1,0
2008-01-07 00:04:57 PST,francesco.lodolo,Attachment #295741                Flags,review?(l10n),
2008-01-07 00:17:38 PST,l10n,Attachment #295741                Flags,review+,review?(l10n)
2008-01-08 06:36:19 PST,mic,Whiteboard,needs-pike,
2008-01-08 06:45:18 PST,mic,Whiteboard,needs-landing,needs-pike
2008-01-08 09:01:16 PST,l10n,Resolution,FIXED,---
2008-01-08 09:01:16 PST,l10n,Last Resolved,2008-01-08 09:01:16,
2008-01-08 09:01:16 PST,l10n,Whiteboard,,needs-landing
2008-01-08 09:01:16 PST,l10n,Status,RESOLVED,NEW
2008-01-08 15:48:09 PST,mic,CC,mic,
2008-02-24 06:24:18 PST,mic,Blocks,415611,
