When,Who,What,Added,Removed
2008-01-02 14:35:58 PST,my1stgig,CC,my1stgig,
2008-01-03 13:02:37 PST,mkmelin+mozilla,Hardware,All,PC
2008-01-03 13:02:37 PST,mkmelin+mozilla,OS,All,Windows XP
2008-01-03 13:02:37 PST,mkmelin+mozilla,Status,NEW,UNCONFIRMED
2008-01-03 13:02:37 PST,mkmelin+mozilla,Component,MailNews: Filters,MailNews: Main Mail Window
2008-01-03 13:02:37 PST,mkmelin+mozilla,Assignee,nobody,mail
2008-01-03 13:02:37 PST,mkmelin+mozilla,QA Contact,filters,
2008-01-03 13:02:37 PST,mkmelin+mozilla,CC,mkmelin+mozilla,
2008-01-03 13:02:37 PST,mkmelin+mozilla,Ever confirmed,1,0
2008-01-03 13:02:37 PST,mkmelin+mozilla,Product,Core,Mozilla Application Suite
2008-01-03 13:05:35 PST,mkmelin+mozilla,Attachment #295276                Flags,review?(mnyromyr), superreview?(bienvenu),
2008-01-03 13:05:35 PST,mkmelin+mozilla,Status,ASSIGNED,NEW
2008-01-03 13:05:35 PST,mkmelin+mozilla,Assignee,mkmelin+mozilla,nobody
2008-01-03 13:07:55 PST,mozilla,Attachment #295276                Flags,superreview+,superreview?(bienvenu)
2008-01-08 10:34:57 PST,mnyromyr,Attachment #295276                Flags,review+,review?(mnyromyr)
2008-01-08 10:49:29 PST,mkmelin+mozilla,Status,RESOLVED,ASSIGNED
2008-01-08 10:49:29 PST,mkmelin+mozilla,Resolution,FIXED,---
2008-01-08 10:49:29 PST,mkmelin+mozilla,Target Milestone,mozilla1.9 M11,---
2008-01-08 10:49:29 PST,mkmelin+mozilla,Last Resolved,2008-01-08 10:49:29,
2008-07-31 04:30:00 PDT,nobody,Product,MailNews Core,Core
