When,Who,What,Added,Removed
2008-01-02 16:19:52 PST,fligtar+bugs,Status,RESOLVED,NEW
2008-01-02 16:19:52 PST,fligtar+bugs,Resolution,WORKSFORME,---
2008-01-02 16:19:52 PST,fligtar+bugs,Last Resolved,2008-01-02 16:19:52,
2008-01-02 16:36:11 PST,reed,Status,REOPENED,RESOLVED
2008-01-02 16:36:11 PST,reed,Resolution,---,WORKSFORME
2008-01-02 16:36:11 PST,reed,CC,reed,
2008-01-02 16:36:29 PST,reed,Summary,Confirmation email links should use store.mozilla.org (without "www."),Confirmation email links to invalid url
2008-01-03 12:09:39 PST,gavin.sharp,CC,gavin.sharp,
2008-01-17 15:38:50 PST,jslater,Status,NEW,REOPENED
2008-01-17 15:38:50 PST,jslater,Assignee,mike.bommarito,jslater
2008-01-17 15:38:50 PST,jslater,CC,drolnitzky,
2008-01-18 14:09:16 PST,mike.bommarito,Resolution,FIXED,---
2008-01-18 14:09:16 PST,mike.bommarito,Last Resolved,2008-01-18 14:09:16,2008-01-02 16:19:52
2008-01-18 14:09:16 PST,mike.bommarito,Status,RESOLVED,NEW
