When,Who,What,Added,Removed
2008-01-02 14:28:43 PST,samuel.sidler+old,CC,samuel.sidler, l10n,
2008-01-02 14:55:46 PST,l10n,CC,pascalc,
2008-01-02 14:57:36 PST,reed,Summary,SVN Account Request - Irina Sandu <irinamimoza@yahoo.com>,CVS Account request
2008-01-02 14:57:36 PST,reed,Hardware,All,PC
2008-01-02 14:57:36 PST,reed,OS,All,Windows XP
2008-01-02 14:57:36 PST,reed,Component,Server Operations: Account Requests,CVS Account Request
2008-01-02 14:57:36 PST,reed,Assignee,server-ops,marcia
2008-01-02 14:57:36 PST,reed,QA Contact,justin,justdave
2008-01-02 14:57:36 PST,reed,CC,reed,
2008-01-02 15:23:52 PST,pascalc,Status,NEW,UNCONFIRMED
2008-01-02 15:23:52 PST,pascalc,Ever confirmed,1,0
2008-01-02 15:39:55 PST,mozillamarcia.knous,CC,marcia,
2008-01-02 22:04:19 PST,justdave,Assignee,justdave,server-ops
2008-01-02 22:06:15 PST,justdave,Status,RESOLVED,NEW
2008-01-02 22:06:15 PST,justdave,Resolution,FIXED,---
2008-01-02 22:06:15 PST,justdave,Last Resolved,2008-01-02 22:06:15,
2008-01-03 12:20:11 PST,pascalc,Status,REOPENED,RESOLVED
2008-01-03 12:20:11 PST,pascalc,Resolution,---,FIXED
2008-01-03 12:21:10 PST,pascalc,Attachment #295147                Attachment is obsolete,1,0
2008-01-03 12:30:25 PST,justdave,Status,RESOLVED,REOPENED
2008-01-03 12:30:25 PST,justdave,Resolution,FIXED,---
2008-01-03 12:30:25 PST,justdave,Last Resolved,2008-01-03 12:30:25,2008-01-02 22:06:15
2008-05-25 13:17:06 PDT,pascalc,Severity,major,normal
2008-05-25 13:17:06 PDT,pascalc,Status,REOPENED,RESOLVED
2008-05-25 13:17:06 PDT,pascalc,Resolution,---,FIXED
2008-05-25 19:51:53 PDT,justdave,Status,RESOLVED,REOPENED
2008-05-25 19:51:53 PDT,justdave,Resolution,FIXED,---
2008-05-25 19:51:53 PDT,justdave,Last Resolved,2008-05-25 19:51:53,2008-01-03 12:30:25
2008-06-25 12:14:20 PDT,reed,Component,Account Request: SVN,Server Operations: Account Requests
2008-06-25 12:14:20 PDT,reed,QA Contact,svn-acct-req,justin
2010-05-09 14:51:49 PDT,timeless,Component,Repository Account Requests,Account Request: SVN
2010-05-09 14:51:49 PDT,timeless,QA Contact,repo-acct-req,svn-acct-req
