When,Who,What,Added,Removed
2009-01-05 23:53:11 PST,dietrich,Priority,P2,--
2009-01-05 23:53:11 PST,dietrich,CC,dietrich,
2009-01-05 23:53:30 PST,dietrich,QA Contact,places,places
2009-01-05 23:53:30 PST,dietrich,Product,Toolkit,Firefox
2009-01-05 23:53:30 PST,dietrich,Component,Places,Places
2009-12-10 19:41:10 PST,dietrich,CC,mak77,
2009-12-10 20:51:10 PST,mak77,Status,RESOLVED,NEW
2009-12-10 20:51:10 PST,mak77,Resolution,FIXED,---
2009-12-10 20:51:10 PST,mak77,Depends on,324430, 487040,
2009-12-10 20:51:10 PST,mak77,Last Resolved,2009-12-10 20:51:10,
