When,Who,What,Added,Removed
2008-05-07 01:10:25 PDT,yehudab,CC,yehudab,
2008-05-07 01:37:58 PDT,smontagu,Status,NEW,UNCONFIRMED
2008-05-07 01:37:58 PDT,smontagu,CC,smontagu,
2008-05-07 01:37:58 PDT,smontagu,Ever confirmed,1,0
2008-05-18 00:40:18 PDT,smontagu,Product,Tech Evangelism,Firefox
2008-05-18 00:40:18 PDT,smontagu,Component,Hebrew,General
2008-05-18 00:40:18 PDT,smontagu,Assignee,hebrew,nobody
2008-05-18 00:40:18 PDT,smontagu,QA Contact,hebrew,general
2008-06-19 15:27:55 PDT,tomer.moz.bugs,Summary,No OCR with Babylon 7 translation/dictionary software under Firefox 3.0,babylon 7 and firefox 3 beta 2
2008-06-19 15:27:55 PDT,tomer.moz.bugs,CC,tomer,
2008-06-20 04:16:10 PDT,mbockelkamp,CC,mbockelkamp,
2008-07-04 18:56:24 PDT,ledsr,CC,ledsr,
2008-07-06 07:39:12 PDT,sarmadys,CC,sarmadys,
2008-07-12 08:22:44 PDT,dongato,CC,dongato,
2008-08-01 10:25:59 PDT,jo.hermans,CC,a.alhazred,
2008-08-13 03:28:42 PDT,eliranzangom,Status,RESOLVED,NEW
2008-08-13 03:28:42 PDT,eliranzangom,Resolution,FIXED,---
2008-08-13 03:28:42 PDT,eliranzangom,Last Resolved,2008-08-13 03:28:42,
2008-09-02 08:50:26 PDT,jo.hermans,CC,mmouellef,
2011-01-26 01:41:47 PST,sprint69,CC,sprint69,
2012-08-28 08:20:16 PDT,jorge,Blocks,786287,
2015-04-19 23:45:58 PDT,nobody,Product,Tech Evangelism Graveyard,Tech Evangelism
