When,Who,What,Added,Removed
2008-01-02 15:58:17 PST,bugzilla,CC,bugzilla,
2008-01-02 17:37:07 PST,antoine.mechelynck,CC,antoine.mechelynck,
2008-01-02 18:55:35 PST,bugspam.Callek,CC,bugspam.Callek,
2008-01-03 12:09:27 PST,gavin.sharp,CC,gavin.sharp,
2008-01-26 03:39:04 PST,bugspam.Callek,Flags,blocking1.9?,
2008-02-05 23:08:02 PST,mconnor,CC,mconnor,
2008-02-05 23:08:02 PST,mconnor,Flags,,blocking1.9?
2008-02-14 16:18:04 PST,mnyromyr,Severity,major,normal
2008-02-14 16:18:04 PST,mnyromyr,Keywords,dataloss,
2008-02-14 16:41:58 PST,kairo,CC,kairo,
2008-02-15 04:59:56 PST,bugzilla.spam2,CC,bugzilla.spam2,
2008-02-20 15:07:17 PST,mnyromyr,Status,ASSIGNED,NEW
2008-02-20 15:07:17 PST,mnyromyr,Assignee,mnyromyr,nobody
2008-02-20 15:07:17 PST,mnyromyr,Attachment #304614                Flags,review?,
2008-02-20 15:09:03 PST,mnyromyr,Attachment #304614                Flags,review?(gavin.sharp),review?
2008-02-21 13:18:21 PST,mnyromyr,Attachment #304614                Attachment is obsolete,1,0
2008-02-21 13:18:21 PST,mnyromyr,Attachment #304818                Flags,review?(gavin.sharp),
2008-02-21 13:18:21 PST,mnyromyr,Attachment #304614                Flags,,review?(gavin.sharp)
2008-03-02 19:38:35 PST,bugzilla,CC,bugzilla,
2008-03-16 13:52:16 PDT,mnyromyr,Attachment #309811                Flags,review?(gavin.sharp),
2008-04-25 12:55:02 PDT,gavin.sharp,Attachment #304818                Flags,review+,review?(gavin.sharp)
2008-04-25 12:55:19 PDT,gavin.sharp,Attachment #309811                Flags,review+,review?(gavin.sharp)
2008-04-25 15:10:58 PDT,mnyromyr,Attachment #304818                Flags,approval1.9?,
2008-04-25 15:11:58 PDT,mnyromyr,Attachment #309811                Flags,approval1.9?,
2008-04-25 16:03:40 PDT,dsicore,Attachment #309811                Flags,approval1.9+,approval1.9?
2008-04-25 16:03:43 PDT,dsicore,Attachment #304818                Flags,approval1.9+,approval1.9?
2008-04-25 16:26:09 PDT,mnyromyr,Status,RESOLVED,ASSIGNED
2008-04-25 16:26:09 PDT,mnyromyr,Resolution,FIXED,---
2008-04-25 16:26:09 PDT,mnyromyr,Last Resolved,2008-04-25 16:26:09,
2008-09-02 23:43:39 PDT,dev-null,Depends on,446536,
2008-09-03 10:10:24 PDT,gavin.sharp,Target Milestone,mozilla1.9,---
