When,Who,What,Added,Removed
2008-01-02 16:55:09 PST,adelfino,Version,Trunk,unspecified
2008-01-03 01:05:15 PST,ehsan,Status,NEW,UNCONFIRMED
2008-01-03 01:05:15 PST,ehsan,Severity,enhancement,normal
2008-01-03 01:05:15 PST,ehsan,Assignee,ehsan.akhgari,nobody
2008-01-03 01:05:15 PST,ehsan,CC,ehsan.akhgari,
2008-01-03 01:05:15 PST,ehsan,Target Milestone,Firefox 3 M11,---
2008-01-03 01:05:15 PST,ehsan,Ever confirmed,1,0
2008-01-03 01:05:15 PST,ehsan,Keywords,polish,
2008-01-03 01:05:15 PST,ehsan,Hardware,All,PC
2008-01-03 01:05:15 PST,ehsan,OS,All,Windows XP
2008-01-03 01:20:09 PST,ehsan,Summary,Correct menu item title case for textarea context menus,Some spell checking menu items needs Title Case
2008-01-03 01:20:09 PST,ehsan,Status,ASSIGNED,NEW
2008-01-03 01:23:15 PST,ehsan,Attachment #295203                Flags,review?(mano),
2008-01-03 01:52:39 PST,ehsan,Attachment #295207                Flags,review?(mscott), superreview?(mscott),
2008-01-03 08:40:29 PST,stephen.donner,CC,stephend,
2008-01-03 08:58:41 PST,ehsan,Attachment #295203                Attachment is obsolete,1,0
2008-01-03 08:58:41 PST,ehsan,Attachment #295233                Flags,review?(mano),
2008-01-03 08:58:41 PST,ehsan,Attachment #295203                Flags,,review?(mano)
2008-01-03 09:00:35 PST,ehsan,Attachment #295207                Attachment is obsolete,1,0
2008-01-03 09:00:35 PST,ehsan,Attachment #295234                Flags,review?(mscott), superreview?(mscott),
2008-01-03 09:00:35 PST,ehsan,Attachment #295207                Flags,,review?(mscott), superreview?(mscott)
2008-01-03 09:23:03 PST,philringnalda,CC,philringnalda,
2008-01-03 09:57:31 PST,ehsan,Attachment #295234                Flags,review?(neil), superreview?(jag),review?(mscott), superreview?(mscott)
2008-01-03 10:01:20 PST,neil,Attachment #295234                Flags,review+,review?(neil)
2008-01-03 12:11:34 PST,gavin.sharp,CC,gavin.sharp, reed,
2008-01-03 14:54:58 PST,jag-mozilla,Attachment #295234                Flags,superreview+,superreview?(jag)
2008-01-03 22:43:41 PST,ehsan,Keywords,checkin-needed,
2008-01-03 22:45:40 PST,ehsan,Attachment #295234                Attachment description,Patch for SeaMonkey (for check-in),Patch for SeaMonkey (v1.1)
2008-01-04 15:03:50 PST,asaf,Attachment #295233                Flags,review+,review?(mano)
2008-01-04 21:07:30 PST,reed,Attachment #295233                Flags,ui-review?(beltzner),
2008-01-07 16:24:12 PST,mbeltzner,Attachment #295233                Flags,ui-review-,ui-review?(beltzner)
2008-01-07 21:28:50 PST,reed,Keywords,,checkin-needed
2008-01-07 21:58:18 PST,ehsan,CC,beltzner,
2008-01-07 22:07:20 PST,ehsan,Attachment #295901                Flags,review+, ui-review?(beltzner),
2008-01-07 22:07:20 PST,ehsan,Attachment #295233                Attachment is obsolete,1,0
2008-01-07 22:09:02 PST,reed,Attachment #295901                Flags,review-,review+
2008-01-09 10:09:28 PST,ehsan,Attachment #295901                Attachment is obsolete,1,0
2008-01-09 10:09:28 PST,ehsan,Attachment #296169                Flags,review?(mano), ui-review?(beltzner),
2008-01-09 10:09:28 PST,ehsan,Attachment #295901                Flags,,ui-review?(beltzner)
2008-01-09 10:17:38 PST,ehsan,Attachment #295234                Attachment is obsolete,1,0
2008-01-09 10:17:38 PST,ehsan,Attachment #296170                Flags,review?(neil), superreview?(jag),
2008-01-09 10:21:00 PST,ehsan,CC,firefoxl10n,
2008-01-09 14:15:17 PST,reed,Attachment #296170                Flags,,review?(neil), superreview?(jag)
2008-01-09 14:15:17 PST,reed,Attachment #296170                Attachment is obsolete,1,0
2008-01-09 14:36:16 PST,ehsan,Attachment #296223                Flags,review?(neil), superreview?(jag),
2008-01-09 19:56:41 PST,jag-mozilla,Attachment #296223                Flags,superreview+,superreview?(jag)
2008-01-12 13:40:26 PST,neil,Attachment #296223                Flags,review+,review?(neil)
2008-01-12 20:12:50 PST,jag-mozilla,CC,jag,
2008-01-23 14:04:11 PST,ehsan,Whiteboard,[has patch] [needs review Mano][needs ui-review beltzner],
2008-01-23 18:16:14 PST,asaf,Attachment #296169                Flags,review+,review?(mano)
2008-01-23 19:30:40 PST,mbeltzner,Attachment #296169                Flags,ui-review+, approval1.9+,ui-review?(beltzner)
2008-01-23 19:32:46 PST,reed,Keywords,checkin-needed,
2008-01-23 19:32:46 PST,reed,Whiteboard,,[has patch] [needs review Mano][needs ui-review beltzner]
2008-01-23 23:15:33 PST,reed,Keywords,,checkin-needed
2008-01-23 23:15:33 PST,reed,Status,RESOLVED,ASSIGNED
2008-01-23 23:15:33 PST,reed,Resolution,FIXED,---
2008-01-23 23:15:33 PST,reed,Last Resolved,2008-01-23 23:15:33,
2008-01-25 14:10:00 PST,stephen.donner,Status,VERIFIED,RESOLVED
