When,Who,What,Added,Removed
2008-01-02 15:49:26 PST,philipp,Attachment #295158                Flags,review?(daniel.boelzle),
2008-01-08 01:12:44 PST,dbo.moz,Attachment #295158                Flags,review+,review?(daniel.boelzle)
2008-01-08 01:18:03 PST,philipp,Status,RESOLVED,ASSIGNED
2008-01-08 01:18:03 PST,philipp,Resolution,FIXED,---
2008-01-08 01:18:03 PST,philipp,Last Resolved,2008-01-08 01:18:03,
2008-01-08 01:18:26 PST,philipp,Whiteboard,[gdata-cvs],
2008-01-08 04:31:28 PST,mschroeder,Version,unspecified,Trunk
2008-04-04 08:27:04 PDT,philipp,Whiteboard,[gdata-0.4],[gdata-cvs]
