When,Who,What,Added,Removed
2008-01-02 11:27:03 PST,reed,Hardware,All,PC
2008-01-02 11:27:03 PST,reed,OS,All,Mac OS X
2008-01-02 11:27:03 PST,reed,CC,clouserw,
2008-01-02 13:53:10 PST,gavin.sharp,CC,gavin.sharp,
2008-06-24 12:21:54 PDT,reed,Assignee,reed,nobody
2010-02-25 17:44:58 PST,buchanae+bugs,Status,ASSIGNED,NEW
2010-02-25 17:44:58 PST,buchanae+bugs,Assignee,buchanae,reed
2010-02-25 17:44:58 PST,buchanae+bugs,Attachment #429032                Flags,review?(clouserw),
2010-02-26 09:13:24 PST,wclouser,Attachment #429032                Flags,review-,review?(clouserw)
2010-02-26 09:24:29 PST,buchanae+bugs,Attachment #429032                Attachment is obsolete,1,0
2010-02-26 09:24:29 PST,buchanae+bugs,Attachment #429139                Flags,review?(clouserw),
2010-03-09 20:06:08 PST,wclouser,Attachment #429139                Flags,review+,review?(clouserw)
2010-03-16 09:33:01 PDT,buchanae+bugs,Last Resolved,2010-03-16 09:33:01,
2010-03-16 09:33:01 PDT,buchanae+bugs,Status,RESOLVED,ASSIGNED
2010-03-16 09:33:01 PDT,buchanae+bugs,Resolution,FIXED,---
2010-03-16 09:33:01 PDT,buchanae+bugs,CC,mozbugs.retornam, stephen.donner,
2010-03-16 09:41:24 PDT,stephen.donner,Status,VERIFIED,RESOLVED
2012-04-23 08:15:30 PDT,nobody,Product,Websites,Websites
2012-04-23 08:15:30 PDT,nobody,Component,www.mozilla.org,www.mozilla.org/firefox
2012-08-23 00:16:07 PDT,nobody,Product,www.mozilla.org,Websites
2012-08-23 00:16:07 PDT,nobody,Component,General,www.mozilla.org
