When,Who,What,Added,Removed
2008-01-02 17:09:52 PST,gavin.sharp,CC,gavin.sharp,
2008-01-02 17:19:36 PST,phiw2,CC,phiw,
2008-01-03 05:38:15 PST,bugzilla-graveyard,CC,cl-bugs,
2008-01-03 12:33:10 PST,mark,Status,ASSIGNED,NEW
2008-01-03 12:33:10 PST,mark,Assignee,mark,nobody
2008-01-03 14:16:02 PST,mark,Attachment #295267                Attachment is obsolete,1,0
2008-01-03 14:16:02 PST,mark,Attachment #295286                Flags,review?(stuart.morgan),
2008-01-03 14:17:02 PST,mark,Attachment #295269                Attachment is obsolete,1,0
2008-01-03 14:17:02 PST,mark,Attachment #295289                Flags,review?(alqahira),
2008-01-04 10:41:01 PST,stuart.morgan+bugzilla,Attachment #295286                Flags,review+,review?(stuart.morgan)
2008-01-05 17:17:17 PST,alqahira,Attachment #295289                Flags,review+,review?(alqahira)
2008-01-05 19:22:06 PST,mark,Attachment #295288                Attachment is obsolete,1,0
2008-01-07 12:42:29 PST,mark,Keywords,fixed1.8.1.12,
2008-01-07 12:42:29 PST,mark,Status,RESOLVED,ASSIGNED
2008-01-07 12:42:29 PST,mark,Resolution,FIXED,---
2008-01-07 12:42:29 PST,mark,Target Milestone,Camino1.6,---
2008-01-07 12:42:29 PST,mark,Last Resolved,2008-01-07 12:42:29,
