When,Who,What,Added,Removed
2008-01-02 16:43:38 PST,jason.barnabe,URL,http://support.mozilla.com/kb/Latest+Changes,
2008-01-11 22:14:30 PST,jason.barnabe,Status,ASSIGNED,NEW
2008-01-11 22:14:30 PST,jason.barnabe,Assignee,jason_barnabe,nobody
2008-01-11 22:14:30 PST,jason.barnabe,Attachment #296671                Flags,review?(nelson),
2008-01-28 20:24:46 PST,nelson,Attachment #296671                Flags,review+,review?(nelson)
2008-01-28 20:34:46 PST,nelson,Status,RESOLVED,ASSIGNED
2008-01-28 20:34:46 PST,nelson,Resolution,FIXED,---
2008-01-28 20:34:46 PST,nelson,CC,nelson,
2008-01-28 20:34:46 PST,nelson,Last Resolved,2008-01-28 20:34:46,
2008-02-07 17:46:18 PST,jason.barnabe,Status,VERIFIED,RESOLVED
2009-12-16 15:53:18 PST,me+bugzilla,Whiteboard,tiki_bug,
2009-12-17 06:13:40 PST,lphuberdeau,Whiteboard,tiki_bug, tiki_upstreamed,tiki_bug
2009-12-17 06:13:40 PST,lphuberdeau,CC,lphuberdeau,
