When,Who,What,Added,Removed
2008-01-02 16:47:12 PST,ryanvm,CC,ryanvm,
2008-01-02 16:50:12 PST,brendan,CC,brendan,
2008-01-02 16:50:12 PST,brendan,Blocks,380236,
2008-01-02 16:57:34 PST,brendan,Blocks,376957,
2008-01-02 16:57:34 PST,brendan,Flags,blocking1.9+,
2008-01-02 16:57:34 PST,brendan,CC,mrbkap, jwalden+bmo,
2008-01-02 16:58:39 PST,brendan,Blocks,,376957
2008-01-02 17:04:09 PST,jruderman,Keywords,regression,
2008-01-02 17:04:09 PST,jruderman,Blocks,376957,
2008-01-02 19:09:33 PST,jwalden+bmo,Assignee,jwalden+bmo,nobody
2008-01-03 15:23:06 PST,gavin.sharp,CC,gavin.sharp,
2008-01-05 17:06:00 PST,jwalden+bmo,Attachment #295572                Flags,review?(brendan),
2008-02-05 20:12:24 PST,jwalden+bmo,Attachment #295572                Attachment is obsolete,1,0
2008-02-05 20:12:24 PST,jwalden+bmo,Attachment #301619                Flags,review?(brendan),
2008-02-05 20:12:24 PST,jwalden+bmo,Attachment #295572                Flags,,review?(brendan)
2008-02-05 20:16:19 PST,jwalden+bmo,Attachment #301619                Attachment is obsolete,1,0
2008-02-05 20:16:19 PST,jwalden+bmo,Attachment #301620                Flags,review?(brendan),
2008-02-05 20:16:19 PST,jwalden+bmo,Attachment #301619                Flags,,review?(brendan)
2008-02-07 17:56:49 PST,brendan,Attachment #301620                Flags,review+, approval1.9+,review?(brendan)
2008-02-09 06:12:17 PST,jwalden+bmo,Attachment #302292                Flags,review?(brendan),
2008-02-09 14:28:42 PST,brendan,Attachment #302292                Flags,review+,review?(brendan)
2008-02-09 20:35:20 PST,jwalden+bmo,Flags,in-testsuite+,
2008-02-09 20:35:20 PST,jwalden+bmo,Last Resolved,2008-02-09 20:35:20,
2008-02-09 20:35:20 PST,jwalden+bmo,Status,RESOLVED,NEW
2008-02-09 20:35:20 PST,jwalden+bmo,Resolution,FIXED,---
2008-02-11 10:33:40 PST,bob,CC,bclary,
2008-02-26 04:36:04 PST,bob,Status,VERIFIED,RESOLVED
