When,Who,What,Added,Removed
2008-01-02 13:50:24 PST,guillaume.romagny,CC,guillaume.romagny,
2008-01-06 11:13:12 PST,guillaume.romagny,Version,Trunk,unspecified
2008-01-06 11:13:12 PST,guillaume.romagny,OS,Windows XP,Other
2008-01-06 11:13:12 PST,guillaume.romagny,Flags,blocking-firefox3?,
2008-02-07 23:40:17 PST,mbeltzner,Flags,,blocking-firefox3?
2008-02-07 23:40:17 PST,mbeltzner,CC,reed,
2008-02-07 23:43:08 PST,reed,Keywords,64bit, crash,
2008-04-17 17:33:28 PDT,benjamin,Target Milestone,mozilla1.9,---
2008-04-17 17:33:28 PDT,benjamin,Product,Core,Firefox
2008-04-17 17:33:28 PDT,benjamin,Component,GFX: Thebes,Startup and Profile System
2008-04-17 17:33:28 PDT,benjamin,QA Contact,thebes,startup
2008-04-17 17:33:28 PDT,benjamin,CC,pavlov, jdaggett,
2008-04-17 23:52:55 PDT,timeless,Summary,crash at startup on Win XP Pro 64bits (on amd64) [@ GetOrMakeFont],crash at startup on Win XP Pro 64bits (on amd64)
2008-04-17 23:53:00 PDT,timeless,Status,ASSIGNED,UNCONFIRMED
2008-04-17 23:53:00 PDT,timeless,Assignee,timeless,nobody
2008-04-17 23:53:00 PDT,timeless,Ever confirmed,1,0
2008-04-17 23:53:00 PDT,timeless,Attachment #316372                Flags,review?(pavlov),
2008-04-17 23:58:30 PDT,timeless,Attachment #316372                Attachment is obsolete,1,0
2008-04-17 23:58:30 PDT,timeless,Attachment #316373                Flags,review?(pavlov),
2008-04-17 23:58:30 PDT,timeless,Attachment #316372                Flags,,review?(pavlov)
2008-05-20 12:27:13 PDT,karlt,CC,mozbugz,
2008-05-28 14:15:08 PDT,karlt,Status,NEW,ASSIGNED
2008-05-28 14:15:08 PDT,karlt,Assignee,mozbugz,timeless
2008-05-28 14:15:08 PDT,karlt,Depends on,434401,
2008-05-28 16:41:00 PDT,fullmetaljacket.xp+bugmail,CC,fullmetaljacket.xp+bugmail,
2008-05-28 17:44:55 PDT,karlt,Status,RESOLVED,NEW
2008-05-28 17:44:55 PDT,karlt,Resolution,FIXED,---
2008-05-28 17:44:55 PDT,karlt,Last Resolved,2008-05-28 17:44:55,
2008-08-15 16:46:53 PDT,pavlov,Attachment #316373                Flags,,review?(pavlov)
2011-06-09 14:58:47 PDT,nobody,Crash Signature,[@ GetOrMakeFont],
