When,Who,What,Added,Removed
2008-01-02 09:30:04 PST,longsonr,Attachment #295112                Flags,review?(db48x),
2008-01-02 09:31:00 PST,longsonr,Summary,Page Info should show SVG images as images,SVG images do not display as images
2008-01-02 13:54:57 PST,gavin.sharp,CC,gavin.sharp,
2008-01-03 03:43:38 PST,philip.chee,CC,philip.chee,
2008-01-08 11:58:32 PST,bzbarsky,CC,jh,
2008-01-09 07:45:19 PST,bugzilla.spam2,CC,bugzilla.spam2,
2008-01-10 08:48:28 PST,db48x,Attachment #295112                Flags,review-,review?(db48x)
2008-01-11 07:58:07 PST,longsonr,CC,db48x,
2008-01-11 12:28:46 PST,db48x,Attachment #295112                Flags,review+,review-
2008-01-14 10:01:23 PST,longsonr,Attachment #296987                Flags,superreview?(neil),
2008-01-14 10:01:23 PST,longsonr,Attachment #295112                Attachment is obsolete,1,0
2008-01-16 08:15:49 PST,neil,Attachment #296987                Flags,superreview+,superreview?(neil)
2008-01-16 09:26:00 PST,longsonr,Attachment #296987                Attachment is obsolete,1,0
2008-01-17 04:52:34 PST,longsonr,Status,RESOLVED,NEW
2008-01-17 04:52:34 PST,longsonr,Resolution,FIXED,---
2008-01-17 04:52:34 PST,longsonr,Last Resolved,2008-01-17 04:52:34,
2009-03-04 14:42:22 PST,dao,Depends on,481509,
