When,Who,What,Added,Removed
2008-01-02 11:41:02 PST,LpSolit,Status,ASSIGNED,NEW
2008-01-02 11:41:02 PST,LpSolit,Assignee,LpSolit,ui
2008-01-02 11:41:02 PST,LpSolit,Attachment #295130                Flags,review?(mkanat),
2008-01-02 14:42:04 PST,mkanat,Attachment #295130                Flags,review+,review?(mkanat)
2008-01-02 14:42:17 PST,mkanat,Flags,approval+,
2008-01-02 14:49:36 PST,LpSolit,Status,RESOLVED,ASSIGNED
2008-01-02 14:49:36 PST,LpSolit,Resolution,FIXED,---
2008-01-02 14:49:36 PST,LpSolit,Last Resolved,2008-01-02 14:49:36,
