When,Who,What,Added,Removed
2008-01-03 03:11:03 PST,mozilla,Status,ASSIGNED,NEW
2008-01-03 03:11:03 PST,mozilla,Assignee,mozilla,mozilla
2008-01-03 03:11:03 PST,mozilla,Attachment #295213                Flags,review?(mozilla),
2008-01-03 04:50:49 PST,mozilla,Attachment #295213                Flags,review+,review?(mozilla)
2008-01-03 05:38:28 PST,mozilla,Resolution,FIXED,---
2008-01-03 05:38:28 PST,mozilla,Last Resolved,2008-01-03 05:38:28,
2008-01-03 05:38:28 PST,mozilla,Keywords,fixed1.8.1.12,
2008-01-03 05:38:28 PST,mozilla,Status,RESOLVED,ASSIGNED
2014-12-09 11:27:40 PST,nobody,Product,Core Graveyard,Core
