When,Who,What,Added,Removed
2008-01-02 09:34:00 PST,ehsan,Flags,blocking1.9?,
2008-01-02 10:16:42 PST,ehsan,Keywords,testcase,
2008-01-02 10:20:23 PST,ehsan,CC,tomer,
2008-01-02 10:25:56 PST,smontagu,CC,uriber, smontagu,
2008-01-02 10:33:59 PST,uriber,Summary,Incorrect <li> bullets placement in RTL lists with text-align:justify,Incorrect <li> bullets placement in RTL mode
2008-01-02 11:06:39 PST,uriber,Assignee,uriber,nobody
2008-01-02 11:06:39 PST,uriber,Attachment #295123                Flags,review?(smontagu), superreview?(roc),
2008-01-02 11:06:39 PST,uriber,Status,ASSIGNED,NEW
2008-01-02 11:08:09 PST,uriber,Hardware,All,PC
2008-01-02 11:08:09 PST,uriber,OS,All,Windows Vista
2008-01-02 11:08:09 PST,uriber,Blocks,400369,
2008-01-02 13:54:52 PST,gavin.sharp,CC,gavin.sharp,
2008-01-02 14:16:21 PST,roc,Attachment #295123                Flags,superreview+,superreview?(roc)
2008-01-02 22:07:40 PST,smontagu,Attachment #295123                Flags,review+,review?(smontagu)
2008-01-02 23:39:28 PST,uriber,Attachment #295123                Flags,approval1.9?,
2008-01-03 15:59:00 PST,dsicore,Attachment #295123                Flags,approval1.9+,approval1.9?
2008-01-03 23:19:07 PST,ehsan,Keywords,checkin-needed,
2008-01-03 23:20:57 PST,reed,Keywords,,checkin-needed
2008-01-03 23:20:57 PST,reed,CC,reed,
2008-01-04 02:28:42 PST,uriber,Last Resolved,2008-01-04 02:28:42,
2008-01-04 02:28:42 PST,uriber,Status,RESOLVED,ASSIGNED
2008-01-04 02:28:42 PST,uriber,Resolution,FIXED,---
2008-01-04 02:28:42 PST,uriber,Target Milestone,mozilla1.9 M11,---
2008-01-04 02:28:42 PST,uriber,Flags,in-testsuite?,blocking1.9?
2008-01-04 03:46:42 PST,ehsan,Status,VERIFIED,RESOLVED
2008-01-07 15:05:28 PST,ehsan,CC,ehsan.akhgari,
2008-04-07 13:59:27 PDT,ehsan,Keywords,rtl,
