When,Who,What,Added,Removed
2008-01-15 14:03:43 PST,mozilla,CC,mozilla,
2008-01-15 14:06:15 PST,thunder,CC,thunder,
2008-01-28 15:22:25 PST,thunder,CC,dtownsend,
2008-02-14 00:09:10 PST,thunder,Resolution,FIXED,---
2008-02-14 00:09:10 PST,thunder,Last Resolved,2008-02-14 00:09:10,
2008-02-14 00:09:10 PST,thunder,Status,RESOLVED,NEW
2009-06-15 15:18:19 PDT,mconnor,Product,Weave,Mozilla Labs
2009-06-15 15:18:19 PDT,mconnor,Component,General,Weave
2009-06-15 15:18:19 PDT,mconnor,Target Milestone,---,--
2009-06-15 17:32:27 PDT,reed,QA Contact,general,weave
