When,Who,What,Added,Removed
2008-01-02 13:54:11 PST,gavin.sharp,Product,Core,Mozilla Application Suite
2008-01-02 13:54:11 PST,gavin.sharp,Version,Trunk,SeaMonkey 1.1 Branch
2008-01-02 13:54:11 PST,gavin.sharp,Component,XPCOM,XP Apps
2008-01-02 13:54:11 PST,gavin.sharp,QA Contact,xpcom,
2008-01-02 13:54:11 PST,gavin.sharp,CC,gavin.sharp,
2008-01-24 08:05:19 PST,vseerror,CC,vseerror, tenthumbs,
2008-01-24 08:05:19 PST,vseerror,Keywords,crash,
2008-01-24 08:05:19 PST,vseerror,Severity,critical,normal
2008-02-04 04:20:56 PST,timeless,CC,benjamin, ted.mielczarek,
2008-02-04 07:10:37 PST,timeless,CC,mmoy,
2008-02-07 03:30:56 PST,timeless,CC,dan,
2008-05-12 17:24:52 PDT,mook,CC,mook.moz+mozbz,
2008-05-12 20:19:41 PDT,ds,CC,ds,
2008-07-20 16:22:23 PDT,timeless,CC,ed,
2008-07-21 18:10:45 PDT,vladimir,CC,vladimir,
2008-07-21 18:13:50 PDT,vladimir,Flags,blocking1.9.1?,
2008-07-21 19:58:27 PDT,dberlin,CC,dberlin,
2008-07-22 17:33:08 PDT,vladimir,Attachment #295115                Flags,review?(benjamin),
2008-07-22 19:12:35 PDT,benjamin,Attachment #295115                Flags,review+,review?(benjamin)
2008-09-06 23:28:13 PDT,hidenosuke,CC,hidenosuke,
2008-09-07 04:57:58 PDT,dao,CC,dao,
2008-09-07 16:56:19 PDT,karlt,CC,mozbugz,
2008-09-11 06:16:23 PDT,timeless,CC,bjackson,
2008-09-11 06:26:04 PDT,timeless,CC,caillon, walters,
2008-09-17 01:21:43 PDT,mozilla,CC,mozilla,
2008-10-22 11:49:40 PDT,vladimir,Blocks,461202,
2008-10-22 11:57:43 PDT,jmuizelaar,CC,jmuizelaar,
2008-10-29 09:38:24 PDT,benjamin,Assignee,vladimir,swsnyder
2008-10-29 09:38:24 PDT,benjamin,Flags,blocking1.9.1+,blocking1.9.1?
2008-10-30 16:50:23 PDT,Nomis101,CC,Nomis101,
2008-10-30 16:53:52 PDT,benjamin,Status,RESOLVED,NEW
2008-10-30 16:53:52 PDT,benjamin,Resolution,FIXED,---
2008-10-30 16:53:52 PDT,benjamin,Last Resolved,2008-10-30 16:53:52,
2008-12-10 16:00:13 PST,mbeltzner,Keywords,fixed1.9.1,
