When,Who,What,Added,Removed
2008-01-02 16:38:48 PST,jruderman,Flags,blocking-firefox3?,
2008-01-02 16:52:03 PST,gavin.sharp,CC,gavin.sharp,
2008-01-03 07:19:06 PST,zeniko,CC,joshmoz,
2008-01-03 18:18:42 PST,mozcbarrett,Summary,Tab duplication (opt+drag) doesn't work on Mac,Tab duplication (Cmd+drag) doesn't work on Mac
2008-01-03 18:18:42 PST,mozcbarrett,CC,cbarrett,
2008-02-08 10:52:40 PST,mbeltzner,Flags,blocking-firefox3-, wanted-firefox3+,blocking-firefox3?
2008-02-28 13:23:30 PST,steffen.wilberg,CC,steffen.wilberg,
2008-03-11 17:17:12 PDT,twanno,CC,twanno,
2008-03-13 04:49:55 PDT,zeniko,Keywords,regression,
2008-03-13 04:49:55 PDT,zeniko,CC,,zeniko
2008-05-08 17:33:22 PDT,stefanh,CC,stefanh,
2008-05-25 09:37:25 PDT,dieter,CC,dieter,
2008-06-07 14:14:40 PDT,steffen.wilberg,Blocks,408163,
2008-06-16 17:56:11 PDT,jruderman,CC,ted,
2008-06-16 18:11:23 PDT,smichaud,CC,smichaud,
2008-06-17 00:21:47 PDT,daniel.bainton,CC,daniel.bainton,
2008-06-19 05:02:44 PDT,bugzilla,CC,bugzilla,
2008-09-15 10:04:47 PDT,enndeakin,Attachment #338672                Flags,review?(mconnor),
2008-09-15 10:04:47 PDT,enndeakin,Status,ASSIGNED,NEW
2008-09-15 10:04:47 PDT,enndeakin,Assignee,enndeakin,nobody
2008-09-15 10:04:47 PDT,enndeakin,Attachment #295314                Attachment is obsolete,1,0
2008-09-15 15:15:02 PDT,wgianopoulos,CC,Cork,
2008-09-15 15:17:46 PDT,wgianopoulos,CC,bill,
2008-09-15 15:17:46 PDT,wgianopoulos,Summary,Tab duplication (opt+drag) doesn't work on Mac or Linux,Tab duplication (opt+drag) doesn't work on Mac
2008-09-16 11:35:49 PDT,wgianopoulos,Flags,wanted-firefox3.1?,
2008-09-16 11:37:41 PDT,wgianopoulos,Blocks,455176,
2008-09-18 07:53:55 PDT,asaf,Attachment #338672                Flags,review+,review?(mconnor)
2008-09-19 11:25:35 PDT,enndeakin,Status,RESOLVED,ASSIGNED
2008-09-19 11:25:35 PDT,enndeakin,Resolution,FIXED,---
2008-09-19 11:25:35 PDT,enndeakin,Last Resolved,2008-09-19 11:25:35,
2008-09-19 12:47:02 PDT,steffen.wilberg,Keywords,user-doc-needed,
2008-09-26 22:37:45 PDT,ScottF4+bugzilla,CC,ScottF4+bugzilla,
2008-10-06 07:44:49 PDT,tabmix.onemen,CC,onemen.one,
2008-10-15 08:25:23 PDT,mconnor,CC,mconnor,
2008-10-15 08:25:23 PDT,mconnor,Flags,,wanted-firefox3.1?
2009-05-13 21:50:38 PDT,bmo2010,CC,bmo2008,
2009-05-13 21:50:38 PDT,bmo2010,Keywords,user-doc-complete,user-doc-needed
