When,Who,What,Added,Removed
2008-01-02 14:12:55 PST,reed,CC,reed,
2008-01-02 16:31:19 PST,thunder,Assignee,thunder,nobody
2008-01-02 16:31:19 PST,thunder,CC,thunder,
2008-01-02 16:31:39 PST,thunder,Status,ASSIGNED,NEW
2008-01-05 23:34:30 PST,mozdiav,CC,mozdiav,
2008-05-14 13:45:24 PDT,thunder,OS,All,Mac OS X
2008-05-14 13:45:24 PDT,thunder,Target Milestone,0.2,0.1
2008-05-14 14:58:04 PDT,thunder,Priority,P1,--
2008-05-15 15:56:17 PDT,thunder,Blocks,433899,
2008-06-04 07:18:29 PDT,thunder,CC,lvb2k2,
2008-06-11 07:28:37 PDT,thunder,Assignee,nobody,thunder
2008-06-11 07:28:37 PDT,thunder,Status,NEW,ASSIGNED
2008-06-12 11:52:57 PDT,avarma,Status,ASSIGNED,NEW
2008-06-12 11:52:57 PDT,avarma,CC,avarma,
2008-06-12 12:39:47 PDT,myk,Status,NEW,ASSIGNED
2008-06-12 12:39:47 PDT,myk,Assignee,myk,nobody
2008-06-12 12:39:47 PDT,myk,CC,myk,
2008-06-12 12:40:09 PDT,myk,Status,RESOLVED,NEW
2008-06-12 12:40:09 PDT,myk,Resolution,FIXED,---
2008-06-12 12:40:09 PDT,myk,Last Resolved,2008-06-12 12:40:09,
2009-06-15 14:55:55 PDT,mconnor,Product,Weave,Mozilla Labs
2009-06-15 14:55:55 PDT,mconnor,Component,General,Weave
2009-06-15 17:32:41 PDT,reed,QA Contact,general,weave
