When,Who,What,Added,Removed
2008-01-02 12:41:44 PST,mvl,Attachment #295137                Flags,review?(philipp),
2008-01-02 12:42:06 PST,mvl,Attachment #295137                Attachment mime type,text/plain,application/octet-stream
2008-01-02 12:42:06 PST,mvl,Attachment #295137                Attachment is patch,1,0
2008-01-02 12:44:18 PST,philipp,Attachment #295137                Flags,review+,review?(philipp)
2008-01-02 12:49:38 PST,mvl,Status,RESOLVED,NEW
2008-01-02 12:49:38 PST,mvl,Resolution,FIXED,---
2008-01-02 12:49:38 PST,mvl,Last Resolved,2008-01-02 12:49:38,
2008-01-02 17:05:06 PST,mschroeder,Target Milestone,0.8,---
