When,Who,What,Added,Removed
2008-05-14 13:46:22 PDT,thunder,OS,All,Mac OS X
2008-05-14 13:46:22 PDT,thunder,Status,RESOLVED,NEW
2008-05-14 13:46:22 PDT,thunder,Resolution,FIXED,---
2008-05-14 13:46:22 PDT,thunder,CC,thunder,
2008-05-14 13:46:22 PDT,thunder,Last Resolved,2008-05-14 13:46:22,
2009-06-15 15:18:39 PDT,mconnor,Product,Weave,Mozilla Labs
2009-06-15 15:18:39 PDT,mconnor,Component,General,Weave
2009-06-15 15:18:39 PDT,mconnor,Target Milestone,---,--
2009-06-15 17:33:20 PDT,reed,QA Contact,general,weave
