When,Who,What,Added,Removed
2008-01-02 09:29:27 PST,stuart.morgan+bugzilla,Summary,Include account name in keychain entry names,Include account name in
2008-01-02 09:32:04 PST,bugzilla-graveyard,CC,cl-bugs,
2008-01-02 17:26:25 PST,phiw2,CC,phiw,
2008-01-05 12:42:41 PST,krmathis,CC,krmathis,
2008-01-10 13:29:18 PST,mark,CC,mark,
2008-01-18 15:26:56 PST,batwood.bugs,CC,batwood.bugs,
2008-02-23 14:46:15 PST,stuart.morgan+bugzilla,Attachment #305259                Flags,superreview?(mark),
2008-02-26 07:57:26 PST,stuart.morgan+bugzilla,Attachment #305259                Flags,,superreview?(mark)
2008-02-26 07:57:26 PST,stuart.morgan+bugzilla,Attachment #305259                Attachment is obsolete,1,0
2008-02-26 07:57:26 PST,stuart.morgan+bugzilla,Attachment #305768                Flags,superreview?(mark),
2008-02-28 14:50:35 PST,stuart.morgan+bugzilla,Attachment #305768                Flags,superreview?(mikepinkerton),superreview?(mark)
2008-02-28 15:07:10 PST,mikepinkerton,Attachment #305768                Flags,superreview+,superreview?(mikepinkerton)
2008-02-28 16:32:16 PST,stuart.morgan+bugzilla,Keywords,fixed1.8.1.13,
2008-02-28 16:32:16 PST,stuart.morgan+bugzilla,Status,RESOLVED,NEW
2008-02-28 16:32:16 PST,stuart.morgan+bugzilla,Resolution,FIXED,---
2008-02-28 16:32:16 PST,stuart.morgan+bugzilla,Target Milestone,Camino1.6,---
2008-02-28 16:32:16 PST,stuart.morgan+bugzilla,Last Resolved,2008-02-28 16:32:16,
