When,Who,What,Added,Removed
2008-01-03 12:53:57 PST,wtc,Status,ASSIGNED,UNCONFIRMED
2008-01-03 12:53:57 PST,wtc,Ever confirmed,1,0
2008-07-07 02:20:51 PDT,dan,CC,dan,
2008-07-08 09:27:46 PDT,kaie,CC,julien.pierre.boogz, kaie,
2009-09-06 12:50:57 PDT,kdudka,CC,kdudka,
2009-09-06 14:43:33 PDT,gk,CC,gk,
2009-09-12 19:02:35 PDT,wtc,Attachment #398986                Flags,review-,
2010-04-26 16:04:08 PDT,rrelyea,CC,rrelyea,
2010-06-30 00:27:18 PDT,feedback,See Also,https://launchpad.net/bugs/180179,
2010-06-30 08:00:27 PDT,emaldona,CC,emaldona,
2010-06-30 08:00:27 PDT,emaldona,Target Milestone,4.8.5,---
2010-07-01 09:40:15 PDT,emaldona,Priority,P2,--
2010-07-01 09:40:53 PDT,emaldona,Severity,normal,minor
2010-07-08 12:10:17 PDT,emaldona,Target Milestone,4.8.6,4.8.5
2010-07-08 20:36:19 PDT,wtc,Attachment #295261                Attachment description,A proposed patch to fix this (checked in).,A proposed patch to fix this.
2010-07-08 20:36:43 PDT,wtc,Status,RESOLVED,ASSIGNED
2010-07-08 20:36:43 PDT,wtc,Resolution,FIXED,---
2010-07-08 20:36:43 PDT,wtc,Last Resolved,2010-07-08 20:36:43,
