When,Who,What,Added,Removed
2008-01-07 17:19:31 PST,stejohns,Attachment #295874                Flags,review?(edwsmith),
2008-01-07 17:20:55 PST,stejohns,Assignee,stejohns,nobody
2008-01-08 12:06:17 PST,stejohns,Attachment #295874                Attachment is obsolete,1,0
2008-01-08 12:06:17 PST,stejohns,Attachment #295874                Flags,,review?(edwsmith)
2008-01-08 12:06:44 PST,stejohns,Attachment #295991                Flags,review?(edwsmith),
2008-01-08 12:19:19 PST,edwsmith,Attachment #295991                Flags,review+,review?(edwsmith)
2008-01-08 12:22:45 PST,stejohns,Status,RESOLVED,NEW
2008-01-08 12:22:45 PST,stejohns,Resolution,FIXED,---
2008-01-08 12:22:45 PST,stejohns,Last Resolved,2008-01-08 12:22:45,
2009-10-13 16:27:05 PDT,cpeyer,Status,VERIFIED,RESOLVED
2009-10-13 16:27:05 PDT,cpeyer,CC,cpeyer,
