When,Who,What,Added,Removed
2008-01-03 10:01:40 PST,tim.babych,Blocks,404403,
2008-01-03 10:10:45 PST,l10n,Assignee,l10n,nobody
2008-01-03 10:10:45 PST,l10n,Depends on,404403,
2008-01-03 10:10:45 PST,l10n,Blocks,,404403
2008-01-07 09:10:29 PST,l10n,Attachment #295243                Flags,review+, approval1.8.1.12+,
2008-01-07 14:20:05 PST,l10n,Keywords,fixed1.8.1.12,
2008-01-11 08:25:29 PST,dveditz,CC,dveditz,
2008-01-15 16:35:29 PST,tim.babych,Attachment #297278                Flags,approval1.8.1.12?,
2008-01-15 16:37:06 PST,tim.babych,Keywords,,fixed1.8.1.12
2008-01-15 16:40:15 PST,reed,Attachment #297278                Flags,review?(l10n),
2008-01-22 14:21:38 PST,abillings,CC,abillings,
2008-01-22 14:27:17 PST,l10n,CC,timr,
2008-01-24 13:25:35 PST,l10n,Attachment #297278                Flags,review+,review?(l10n)
2008-01-25 13:54:54 PST,dveditz,Attachment #297278                Flags,approval1.8.1.12+,approval1.8.1.12?
2008-01-25 14:04:40 PST,l10n,Keywords,fixed1.8.1.12,
2008-02-22 04:50:45 PST,mic,Blocks,415692,
2008-02-24 16:34:07 PST,mic,Blocks,,415692
2008-02-26 10:25:54 PST,tim.babych,Version,Trunk,unspecified
2008-02-26 10:25:54 PST,tim.babych,OS,All,Linux
2008-02-26 12:45:42 PST,unghost,CC,unghost,
2008-02-26 14:51:28 PST,reed,QA Contact,build-config,build
2008-02-27 00:17:32 PST,marcoos+bmo,CC,marcoos+bmo,
2008-03-12 01:47:15 PDT,l10n,Status,RESOLVED,NEW
2008-03-12 01:47:15 PDT,l10n,Resolution,FIXED,---
2008-03-12 01:47:15 PDT,l10n,Last Resolved,2008-03-12 01:47:15,
2008-03-12 17:02:40 PDT,abillings,Keywords,verified1.8.1.12,fixed1.8.1.12
