When,Who,What,Added,Removed
2008-01-22 08:26:12 PST,raj,CC,raj,
2008-03-15 08:52:09 PDT,amigomr,Hardware,All,PC
2008-03-15 08:52:09 PDT,amigomr,OS,All,Windows XP
2008-03-15 08:52:09 PDT,amigomr,Component,General,Sidebar
2008-03-18 16:10:27 PDT,bugzilla,Ever confirmed,1,0
2008-03-18 16:10:27 PDT,bugzilla,Status,NEW,UNCONFIRMED
2008-03-18 16:10:27 PDT,bugzilla,Severity,enhancement,normal
2008-03-18 16:10:27 PDT,bugzilla,CC,matti,
2008-03-18 16:11:35 PDT,bugzilla,CC,dark_yux,
2008-03-19 09:20:01 PDT,bugzilla.lenochod,CC,lenochod,
2008-06-09 15:51:34 PDT,mail,Component,Sidebar,General
2008-06-09 15:51:34 PDT,mail,CC,bzmozilla,
2008-06-09 20:07:36 PDT,mozdiav,CC,mozdiav,
2008-06-09 23:38:00 PDT,mnyromyr,Whiteboard,[wanted-seamonkey2+],
2008-06-22 15:36:50 PDT,antoine.mechelynck,CC,antoine.mechelynck,
2008-06-22 16:36:11 PDT,stevew,CC,stevew,
2008-07-23 06:44:03 PDT,bugzilla,CC,williamsca,
2008-07-23 06:47:34 PDT,gavin.sharp,CC,gavin.sharp,
2008-09-14 04:57:49 PDT,philip.chee,Component,Search,Sidebar
2008-09-14 04:57:49 PDT,philip.chee,QA Contact,search,sidebar
2008-09-14 04:57:49 PDT,philip.chee,CC,philip.chee,
2008-09-14 06:57:19 PDT,williamsca,CC,,williamsca
2008-09-28 02:19:59 PDT,bugzilla.spam2,CC,bugzilla.spam2,
2008-10-08 06:35:49 PDT,kairo,Whiteboard,,[wanted-seamonkey2+]
2008-10-08 06:35:49 PDT,kairo,CC,kairo,
2008-10-08 06:35:49 PDT,kairo,Flags,wanted-seamonkey2+,
2008-10-29 07:48:10 PDT,philip.chee,Blocks,66363,
2008-11-03 14:04:10 PST,pcvrcek,CC,bugs,
2008-11-26 06:51:03 PST,bugzillamozillaorg_serge_20140323,Depends on,444735,
2008-11-26 08:37:19 PST,bugzillamozillaorg_serge_20140323,Status,ASSIGNED,NEW
2008-11-26 08:37:19 PST,bugzillamozillaorg_serge_20140323,Assignee,sgautherie.bz,nobody
2008-11-26 08:37:19 PST,bugzillamozillaorg_serge_20140323,Attachment #350166                Flags,review?(neil), superreview?(neil),
2008-11-26 08:42:03 PST,bugzillamozillaorg_serge_20140323,Attachment #350169                Flags,review?(neil),
2008-11-26 08:55:11 PST,bugzillamozillaorg_serge_20140323,CC,sgautherie.bz,
2008-11-26 08:55:11 PST,bugzillamozillaorg_serge_20140323,Target Milestone,seamonkey2.0a3,---
2008-11-26 08:55:11 PST,bugzillamozillaorg_serge_20140323,Version,Trunk,unspecified
2009-01-28 02:32:36 PST,akalla,CC,akalla,
2009-02-10 05:53:05 PST,iann_bugzilla,CC,iann_bugzilla,
2009-02-17 14:41:01 PST,vvduma,CC,vvduma,
2009-02-18 09:36:30 PST,kairo,Keywords,helpwanted,
2009-02-18 12:16:59 PST,mnyromyr,CC,mnyromyr,
2009-02-18 17:21:08 PST,bugzillamozillaorg_serge_20140323,Status,NEW,ASSIGNED
2009-02-18 17:21:08 PST,bugzillamozillaorg_serge_20140323,Assignee,nobody,sgautherie.bz
2009-02-18 17:21:08 PST,bugzillamozillaorg_serge_20140323,Target Milestone,---,seamonkey2.0a3
2009-07-29 18:54:06 PDT,jonathanr.pritchard+bugzilla,CC,jonathanr.pritchard+mozilla,
2009-08-11 07:57:31 PDT,kairo,Flags,wanted-seamonkey2-,wanted-seamonkey2+
2009-08-22 12:50:24 PDT,kairo,Flags,wanted-seamonkey2.1+,
2009-10-19 18:15:08 PDT,LpSolit,CC,LpSolit,
2009-11-26 20:22:32 PST,bugzilla,CC,sbock,
2009-12-02 22:16:47 PST,arigayas+bmo,CC,arigayas+bmo,
2010-04-06 06:03:41 PDT,kairo,Depends on,551503,
2010-04-27 05:58:51 PDT,kairo,Flags,,wanted-seamonkey2.1+
2010-04-27 05:58:51 PDT,kairo,status-seamonkey2.1,wanted,---
2010-04-27 07:53:04 PDT,kairo,Blocks,401417,
2010-04-27 08:12:36 PDT,kairo,Depends on,,551503
2010-04-27 19:13:59 PDT,bugspam.Callek,CC,bugspam.Callek,
2010-05-18 14:03:01 PDT,iann_bugzilla,Blocks,232837,
2010-05-19 04:33:06 PDT,tymerkaev,CC,tymerkaev,
2010-05-24 12:00:02 PDT,philip.chee,Blocks,519073,
2010-07-13 06:02:12 PDT,jh,CC,jh,
2010-08-24 08:13:54 PDT,ohnobinki,CC,ohnobinki,
2010-09-04 18:07:50 PDT,kairo,Status,ASSIGNED,NEW
2010-09-04 18:07:50 PDT,kairo,Assignee,kairo,nobody
2010-09-04 18:07:50 PDT,kairo,Attachment #350166                Attachment is obsolete,1,0
2010-09-04 18:07:50 PDT,kairo,Attachment #472217                Flags,feedback?,
2010-09-04 18:07:50 PDT,kairo,Attachment #350166                Flags,,review?(neil), superreview?(neil)
2010-09-05 18:27:31 PDT,kairo,Attachment #472315                Flags,feedback?(neil),
2010-09-05 18:27:31 PDT,kairo,Attachment #472217                Flags,,feedback?
2010-09-05 18:27:31 PDT,kairo,Attachment #350169                Flags,,review?(neil)
2010-09-05 18:27:31 PDT,kairo,Attachment #350169                Attachment is obsolete,1,0
2010-09-05 18:27:31 PDT,kairo,Attachment #472217                Attachment is obsolete,1,0
2010-09-06 07:56:08 PDT,dominique,CC,dominique,
2010-09-10 10:19:16 PDT,kairo,Blocks,595235,
2010-09-10 10:41:29 PDT,kairo,Blocks,595246,
2010-09-10 10:55:23 PDT,kairo,Attachment #472315                Attachment is obsolete,1,0
2010-09-10 10:55:23 PDT,kairo,Attachment #474126                Flags,review?(mnyromyr), superreview?(neil),
2010-09-10 10:55:23 PDT,kairo,Attachment #472315                Flags,,feedback?(neil)
2010-09-10 16:26:10 PDT,mnyromyr,Attachment #474126                Flags,review-,review?(mnyromyr)
2010-09-23 03:53:47 PDT,YohanPRC,CC,YohanPRC,
2010-09-23 14:40:58 PDT,kairo,Attachment #474126                Flags,,superreview?(neil)
2010-09-23 14:40:58 PDT,kairo,Attachment #474126                Attachment is obsolete,1,0
2010-09-23 14:40:58 PDT,kairo,Attachment #478071                Flags,review?(mnyromyr), superreview?(neil),
2010-09-26 12:59:55 PDT,mnyromyr,Attachment #478071                Flags,review+,review?(mnyromyr)
2010-09-28 10:12:08 PDT,kairo,Keywords,,helpwanted
2010-09-28 10:12:08 PDT,kairo,Target Milestone,seamonkey2.1b1,---
2010-09-28 10:16:32 PDT,kairo,Blocks,600243,
2010-09-28 10:18:34 PDT,kairo,Blocks,600244,
2010-09-28 10:30:26 PDT,kairo,Attachment #478071                Attachment is obsolete,1,0
2010-09-28 10:30:26 PDT,kairo,Attachment #479086                Flags,review+, superreview?(neil),
2010-09-28 10:30:26 PDT,kairo,Attachment #478071                Flags,,superreview?(neil)
2010-09-28 15:51:00 PDT,neil,Blocks,,600243, 600244
2010-09-28 15:51:00 PDT,neil,Target Milestone,---,seamonkey2.1b1
2010-09-28 15:54:42 PDT,neil,Blocks,600243, 600244,
2010-09-28 15:54:42 PDT,neil,Target Milestone,seamonkey2.1b1,---
2010-09-29 04:56:22 PDT,neil,Attachment #479086                Flags,superreview+,superreview?(neil)
2010-09-30 03:09:36 PDT,kairo,Status,RESOLVED,ASSIGNED
2010-09-30 03:09:36 PDT,kairo,Resolution,FIXED,---
2010-09-30 03:09:36 PDT,kairo,Last Resolved,2010-09-30 03:09:36,
2010-09-30 06:55:46 PDT,kairo,Attachment #479767                Flags,review?(neil),
2010-09-30 09:24:37 PDT,neil,Attachment #479767                Flags,review+,review?(neil)
2010-10-02 21:27:12 PDT,philip.chee,Depends on,601435,
2010-10-03 06:09:52 PDT,iann_bugzilla,Blocks,601466,
2010-10-24 16:15:53 PDT,bugzilla,Depends on,606858,
2010-10-25 10:44:48 PDT,bugzillamozillaorg_serge_20140323,Blocks,368478,
2011-02-15 08:31:53 PST,dao,Blocks,459564,
2011-04-27 09:36:32 PDT,philip.chee,Blocks,401867,
2011-05-15 07:30:07 PDT,neil,Depends on,657215,
2013-03-18 03:34:24 PDT,philip.chee,Blocks,453980,
2014-01-23 08:12:14 PST,philip.chee,Blocks,963132,
2014-06-03 11:53:46 PDT,philip.chee,Blocks,1019833,
2014-07-16 14:35:43 PDT,iann_bugzilla,Blocks,1039794,
