When,Who,What,Added,Removed
2008-01-03 03:07:45 PST,asac,Attachment #295212                Flags,review?(benjamin),
2008-01-03 03:10:19 PST,reed,Version,Trunk,unspecified
2008-01-03 03:10:19 PST,reed,Assignee,asac,nobody
2008-01-03 03:10:19 PST,reed,CC,reed,
2008-01-03 03:10:34 PST,reed,Status,ASSIGNED,NEW
2008-01-03 07:18:17 PST,benjamin,Attachment #295212                Flags,review+,review?(benjamin)
2008-01-03 12:12:09 PST,gavin.sharp,CC,gavin.sharp,
2008-01-04 19:13:50 PST,reed,Attachment #295212                Flags,approval1.9?,
2008-01-05 12:20:24 PST,mtschrep,Attachment #295212                Flags,approval1.9+,approval1.9?
2008-01-05 13:54:56 PST,reed,Keywords,checkin-needed,
2008-01-05 19:56:48 PST,reed,Keywords,,checkin-needed
2008-01-05 19:56:48 PST,reed,Status,RESOLVED,ASSIGNED
2008-01-05 19:56:48 PST,reed,Resolution,FIXED,---
2008-01-05 19:56:48 PST,reed,Target Milestone,mozilla1.9 M11,---
2008-01-05 19:56:48 PST,reed,Last Resolved,2008-01-05 19:56:48,
