When,Who,What,Added,Removed
2008-01-03 18:25:47 PST,bugzilla-graveyard,CC,cl-bugs,
2008-01-03 20:06:30 PST,alqahira,Attachment #295327                Flags,review?(samuel.sidler),
2008-01-03 20:25:15 PST,samuel.sidler+old,Attachment #295327                Flags,review+,review?(samuel.sidler)
2008-01-03 20:30:04 PST,alqahira,Status,RESOLVED,NEW
2008-01-03 20:30:04 PST,alqahira,Resolution,FIXED,---
2008-01-03 20:30:04 PST,alqahira,Last Resolved,2008-01-03 20:30:04,
2008-01-03 20:57:07 PST,samuel.sidler+old,Status,VERIFIED,RESOLVED
2008-01-03 20:57:07 PST,samuel.sidler+old,CC,samuel.sidler,
