When,Who,What,Added,Removed
2008-01-03 10:37:13 PST,ehsan,Attachment #295248                Flags,review?(mano),
2008-01-03 12:34:41 PST,gavin.sharp,Attachment #295248                Flags,review+,review?(mano)
2008-01-03 12:34:48 PST,gavin.sharp,CC,gavin.sharp,
2008-01-03 14:01:27 PST,ehsan,Attachment #295248                Flags,approval1.9?,
2008-01-03 15:59:12 PST,mtschrep,Attachment #295248                Flags,approval1.9+,approval1.9?
2008-01-03 22:37:10 PST,reed,Keywords,checkin-needed,
2008-01-03 22:37:10 PST,reed,CC,reed,
2008-01-04 23:42:41 PST,reed,Keywords,,checkin-needed
2008-01-04 23:42:41 PST,reed,Status,RESOLVED,ASSIGNED
2008-01-04 23:42:41 PST,reed,Resolution,FIXED,---
2008-01-04 23:42:41 PST,reed,Last Resolved,2008-01-04 23:42:41,
2008-01-07 15:05:42 PST,ehsan,CC,ehsan.akhgari,
