When,Who,What,Added,Removed
2008-01-03 00:28:44 PST,shailen.n.jain,Version,Trunk,unspecified
2008-01-03 00:28:44 PST,shailen.n.jain,OS,AIX,Other
2008-01-03 00:28:44 PST,shailen.n.jain,CC,shailen.n.jain,
2008-01-03 00:30:40 PST,reed,CC,reed,
2008-01-03 00:39:45 PST,shailen.n.jain,Attachment #295201                Flags,review?(jorendorff),
2008-01-03 00:41:48 PST,reed,Product,Core,Firefox
2008-01-03 00:41:48 PST,reed,Component,JavaScript Engine,Build Config
2008-01-03 00:41:48 PST,reed,Assignee,shailen.n.jain,nobody
2008-01-03 00:41:48 PST,reed,QA Contact,general,build.config
2008-01-03 00:44:40 PST,reed,Attachment #295201                Flags,review?(mrbkap),review?(jorendorff)
2008-01-03 00:45:20 PST,reed,CC,mrbkap,
2008-01-03 05:52:53 PST,benjamin,CC,benjamin,
2008-05-05 01:21:17 PDT,shailen.n.jain,Attachment #295201                Flags,superreview?(mrbkap),
2008-05-06 04:26:42 PDT,shailen.n.jain,Attachment #295201                Attachment is obsolete,1,0
2008-05-06 04:26:42 PDT,shailen.n.jain,Attachment #319544                Flags,review?(mrbkap), superreview?(mrbkap),
2008-05-06 04:26:42 PDT,shailen.n.jain,Attachment #295201                Flags,,review?(mrbkap), superreview?(mrbkap)
2008-05-06 08:38:36 PDT,mrbkap,Attachment #319544                Flags,review+, superreview+,review?(mrbkap), superreview?(mrbkap)
2008-05-06 10:07:27 PDT,reed,Status,ASSIGNED,UNCONFIRMED
2008-05-06 10:07:27 PDT,reed,Ever confirmed,1,0
2008-05-06 10:07:42 PDT,reed,Attachment #319544                Flags,approval1.9?,
2008-05-06 21:21:30 PDT,mbeltzner,Attachment #319544                Flags,approval1.9+,approval1.9?
2008-05-06 21:24:53 PDT,reed,Keywords,checkin-needed,
2008-05-07 03:27:03 PDT,reed,Keywords,,checkin-needed
2008-05-07 03:27:03 PDT,reed,Status,RESOLVED,ASSIGNED
2008-05-07 03:27:03 PDT,reed,Resolution,FIXED,---
2008-05-07 03:27:03 PDT,reed,Target Milestone,mozilla1.9,---
2008-05-07 03:27:03 PDT,reed,Last Resolved,2008-05-07 03:27:03,
2008-07-27 19:52:04 PDT,bob,CC,bclary,
2008-07-27 19:52:04 PDT,bob,Flags,in-litmus-, in-testsuite-,
