When,Who,What,Added,Removed
2008-01-03 13:11:55 PST,florian,Attachment #295277                Flags,review?(mano),
2008-01-04 15:08:45 PST,gavin.sharp,CC,gavin.sharp, jminta,
2008-01-23 15:22:33 PST,asaf,Attachment #295277                Flags,review+,review?(mano)
2008-01-23 15:23:52 PST,florian,Attachment #295277                Flags,approval1.9?,
2008-01-24 12:45:10 PST,mbeltzner,Attachment #295277                Flags,approval1.9+,approval1.9?
2008-01-24 23:01:44 PST,florian,Status,RESOLVED,ASSIGNED
2008-01-24 23:01:44 PST,florian,Resolution,FIXED,---
2008-01-24 23:01:44 PST,florian,Last Resolved,2008-01-24 23:01:44,
2008-01-25 09:58:11 PST,mozillamarcia.knous,CC,marcia,
2008-01-25 13:06:51 PST,mozillamarcia.knous,Status,VERIFIED,RESOLVED
2008-01-28 16:49:12 PST,jruderman,Keywords,privacy,
2008-01-28 16:49:12 PST,jruderman,CC,jruderman,
