When,Who,What,Added,Removed
2008-01-03 05:42:43 PST,mzehe,Assignee,marco.zehe,aaronleventhal
2008-01-03 05:42:43 PST,mzehe,Status,ASSIGNED,NEW
2008-01-03 05:45:36 PST,mzehe,CC,aaronleventhal,
2008-01-03 15:35:04 PST,aaronlev,Attachment #295221                Flags,review+,
2008-01-03 22:59:31 PST,mzehe,Attachment #295221                Flags,approval1.9?,
2008-01-05 12:13:25 PST,mtschrep,Attachment #295221                Flags,approval1.9+,approval1.9?
2008-01-05 12:28:30 PST,mzehe,Keywords,checkin-needed,
2008-01-05 20:00:37 PST,reed,Keywords,,checkin-needed
2008-01-05 20:00:37 PST,reed,Summary,IAccessible2::Get_UniqueID does not return negative IDs, as specified by IAccessible2 IDL,IAccessible2::Get_UniqueID does not return negative IDs, as specified by IAccessible2 IDL.
2008-01-05 20:00:37 PST,reed,Hardware,All,PC
2008-01-05 20:00:37 PST,reed,OS,All,Windows Vista
2008-01-05 20:00:37 PST,reed,Status,RESOLVED,ASSIGNED
2008-01-05 20:00:37 PST,reed,Resolution,FIXED,---
2008-01-05 20:00:37 PST,reed,CC,reed,
2008-01-05 20:00:37 PST,reed,Last Resolved,2008-01-05 20:00:37,
2008-01-06 06:25:24 PST,mzehe,Status,VERIFIED,RESOLVED
