When,Who,What,Added,Removed
2008-01-03 09:03:44 PST,igor,Flags,blocking1.9?,
2008-01-03 09:13:38 PST,igor,Attachment #295237                Flags,review?(brendan),
2008-01-03 09:32:38 PST,brendan,Attachment #295237                Flags,review+, approval1.9+,review?(brendan)
2008-01-03 10:19:52 PST,igor,Status,RESOLVED,NEW
2008-01-03 10:19:52 PST,igor,Resolution,FIXED,---
2008-01-03 10:19:52 PST,igor,Last Resolved,2008-01-03 10:19:52,
2008-01-07 08:09:46 PST,bob,CC,bclary,
2008-01-07 08:09:46 PST,bob,Flags,in-litmus-, in-testsuite-,blocking1.9?
