When,Who,What,Added,Removed
2008-01-03 01:38:05 PST,reed,QA Contact,justin,default-qa
2008-01-03 01:38:05 PST,reed,CC,reed,
2008-01-03 01:38:05 PST,reed,Product,mozilla.org,Bugzilla
2008-01-03 01:38:05 PST,reed,Version,other,unspecified
2008-01-03 01:38:05 PST,reed,Hardware,All,PC
2008-01-03 01:38:05 PST,reed,OS,All,Linux
2008-01-03 01:38:05 PST,reed,Component,Server Operations,Whining
2008-01-03 01:38:05 PST,reed,Assignee,server-ops,whining
2008-01-03 01:54:34 PST,justdave,Status,RESOLVED,NEW
2008-01-03 01:54:34 PST,justdave,Resolution,INVALID,---
2008-01-03 01:54:34 PST,justdave,Last Resolved,2008-01-03 01:54:34,
2008-01-03 02:48:15 PST,bugzilla,CC,bugzilla,
2008-01-05 01:54:35 PST,joro,CC,joro,
2008-01-06 10:56:52 PST,justdave,Status,REOPENED,RESOLVED
2008-01-06 10:56:52 PST,justdave,Resolution,---,INVALID
2008-01-06 10:57:41 PST,justdave,Status,RESOLVED,REOPENED
2008-01-06 10:57:41 PST,justdave,Resolution,FIXED,---
2008-01-06 10:57:41 PST,justdave,Last Resolved,2008-01-06 10:57:41,2008-01-03 01:54:34
2015-03-12 08:17:16 PDT,nobody,Product,mozilla.org Graveyard,mozilla.org
