When,Who,What,Added,Removed
2008-01-03 09:45:58 PST,stephen.donner,Component,www.mozilla.com,www.mozilla.org.cn
2008-01-03 10:09:34 PST,stephen.donner,CC,marco.zehe,
2008-01-03 11:02:39 PST,jslater,Status,RESOLVED,NEW
2008-01-03 11:02:39 PST,jslater,Resolution,FIXED,---
2008-01-03 11:02:39 PST,jslater,Last Resolved,2008-01-03 11:02:39,
2008-01-03 11:08:49 PST,jslater,Status,REOPENED,RESOLVED
2008-01-03 11:08:49 PST,jslater,Resolution,---,FIXED
2008-01-03 11:08:49 PST,jslater,CC,steven,
2008-01-03 12:35:10 PST,gavin.sharp,CC,gavin.sharp,
2008-01-03 13:26:27 PST,jslater,Resolution,FIXED,---
2008-01-03 13:26:27 PST,jslater,Last Resolved,2008-01-03 13:26:27,2008-01-03 11:02:39
2008-01-03 13:26:27 PST,jslater,Status,RESOLVED,REOPENED
2008-01-03 13:37:17 PST,reed,QA Contact,www-mozilla-com,www-mozilla-org-cn
2008-01-03 13:37:17 PST,reed,CC,reed,
2008-01-03 14:19:01 PST,pascalc,CC,pascalc,
2008-01-04 10:21:09 PST,jslater,Status,REOPENED,RESOLVED
2008-01-04 10:21:09 PST,jslater,Resolution,---,FIXED
2008-01-07 13:02:06 PST,jslater,Status,RESOLVED,REOPENED
2008-01-07 13:02:06 PST,jslater,Resolution,FIXED,---
2008-01-07 13:02:06 PST,jslater,Last Resolved,2008-01-07 13:02:06,2008-01-03 13:26:27
2008-01-07 14:55:43 PST,stephen.donner,Status,VERIFIED,RESOLVED
2012-04-23 08:15:30 PDT,nobody,Product,Websites,Websites
2012-04-23 08:15:30 PDT,nobody,Component,www.mozilla.org,www.mozilla.org/firefox
2012-08-23 00:16:07 PDT,nobody,Product,www.mozilla.org,Websites
2012-08-23 00:16:07 PDT,nobody,Component,General,www.mozilla.org
