When,Who,What,Added,Removed
2008-01-03 01:48:40 PST,shailen.n.jain,OS,AIX,Other
2008-01-03 01:48:40 PST,shailen.n.jain,CC,shailen.n.jain,
2008-01-03 01:57:23 PST,shailen.n.jain,Attachment #295208                Flags,review?(pavlov),
2008-01-17 00:00:48 PST,reed,Product,Core,Firefox
2008-01-17 00:00:48 PST,reed,Version,Trunk,unspecified
2008-01-17 00:00:48 PST,reed,Component,GFX: Thebes,Build Config
2008-01-17 00:00:48 PST,reed,QA Contact,thebes,build.config
2008-01-17 00:00:48 PST,reed,CC,reed,
2008-01-17 00:01:27 PST,reed,Assignee,shailen.n.jain,nobody
2008-01-18 12:53:48 PST,pavlov,Attachment #295208                Flags,review+, review?(vladimir),review?(pavlov)
2008-02-25 13:32:33 PST,vladimir,CC,vladimir,
2008-02-25 13:33:43 PST,vladimir,Status,RESOLVED,UNCONFIRMED
2008-02-25 13:33:43 PST,vladimir,Resolution,FIXED,---
2008-02-25 13:33:43 PST,vladimir,Last Resolved,2008-02-25 13:33:43,
2008-03-05 00:14:51 PST,vladimir,Attachment #295208                Flags,,review?(vladimir)
