When,Who,What,Added,Removed
2008-01-03 11:33:38 PST,aravind,Assignee,aravind,server-ops
2008-01-03 11:33:38 PST,aravind,CC,morgamic, aravind,
2008-01-03 11:38:08 PST,bugzilla,URL,http://crash-stats.mozilla.com/?do_query=1&product=Firefox&query_search=signature&query_type=contains&query=_cairo_surface_acquire_dest_image&date=&range_value=1&range_unit=weeks,http://crash-stats.mozilla.com/?do_query=1&product=SeaMonkey&query_search=signature&query_type=contains&query=_cairo_surface_acquire_dest_image&date=&range_value=1&range_unit=weeks
2008-01-03 11:42:24 PST,ted,CC,ted.mielczarek,
2008-01-03 15:58:44 PST,aravind,Status,RESOLVED,NEW
2008-01-03 15:58:44 PST,aravind,Resolution,FIXED,---
2008-01-03 15:58:44 PST,aravind,Last Resolved,2008-01-03 15:58:44,
2015-03-12 08:17:16 PDT,nobody,Product,mozilla.org Graveyard,mozilla.org
