When,Who,What,Added,Removed
2008-01-03 10:00:46 PST,tor,Attachment #295244                Flags,review?(longsonr), superreview?(roc),
2008-01-03 10:09:41 PST,longsonr,Attachment #295244                Flags,review+,review?(longsonr)
2008-01-03 12:34:44 PST,jruderman,CC,jruderman,
2008-01-03 12:34:44 PST,jruderman,Blocks,390379,
2008-01-03 12:34:44 PST,jruderman,Keywords,mlk, testcase,
2008-01-03 12:35:13 PST,gavin.sharp,CC,gavin.sharp,
2008-01-03 13:55:11 PST,reed,Assignee,tor,nobody
2008-01-03 13:55:11 PST,reed,CC,reed,
2008-01-03 16:38:40 PST,ryanvm,Version,Trunk,unspecified
2008-01-03 16:38:40 PST,ryanvm,CC,ryanvm,
2008-01-03 16:55:34 PST,roc,Attachment #295244                Flags,superreview+,superreview?(roc)
2008-01-03 17:31:25 PST,tor,Attachment #295244                Flags,approval1.9?,
2008-01-03 17:50:45 PST,andrewm715+bugzilla,CC,andrewm715+bugzilla,
2008-01-03 18:06:23 PST,reed,Flags,blocking1.9?,
2008-01-05 12:18:40 PST,mtschrep,Attachment #295244                Flags,approval1.9+,approval1.9?
2008-01-07 09:43:08 PST,tor,Status,RESOLVED,NEW
2008-01-07 09:43:08 PST,tor,Resolution,FIXED,---
2008-01-07 09:43:08 PST,tor,Last Resolved,2008-01-07 09:43:08,
2008-01-07 21:20:40 PST,jruderman,Flags,in-testsuite+,
2008-01-10 04:56:43 PST,jwatt,CC,jwatt,
