When,Who,What,Added,Removed
2008-01-03 13:50:42 PST,mitchell,CC,mitchell,
2008-01-04 11:26:54 PST,mkmelin+mozilla,CC,mkmelin+mozilla,
2008-01-04 11:26:54 PST,mkmelin+mozilla,Summary,Bulk Move and Delete operations result in duplicate messages when connection longer than 60s,Bulk Move and Delete operations result in duplicate messages
2008-01-04 11:26:54 PST,mkmelin+mozilla,Product,Core,Thunderbird
2008-01-04 11:26:54 PST,mkmelin+mozilla,Component,Networking: IMAP,Mail Window Front End
2008-01-04 11:26:54 PST,mkmelin+mozilla,Assignee,bienvenu,nobody
2008-01-04 11:26:54 PST,mkmelin+mozilla,QA Contact,networking.imap,front-end
2008-01-07 12:08:28 PST,vseerror,CC,vseerror,
2008-01-07 12:08:28 PST,vseerror,Ever confirmed,1,0
2008-01-07 12:08:28 PST,vseerror,Status,NEW,UNCONFIRMED
2008-02-20 13:24:25 PST,dennis,CC,dennis,
2008-08-21 14:26:38 PDT,mkmelin+mozilla,Attachment #295422                Attachment mime type,text/plain,application/octet-stream
2008-08-21 14:28:44 PDT,mkmelin+mozilla,Attachment #295422                Attachment mime type,application/octet-stream,text/plain
2009-01-22 10:17:27 PST,nobody,Product,MailNews Core,Core
2009-02-07 18:09:26 PST,baffoni,CC,baffoni,
2009-02-08 01:15:10 PST,m-wada,CC,m-wada,
2009-02-08 11:28:19 PST,baffoni,Flags,blocking-thunderbird3?,
2009-02-08 16:24:02 PST,m-wada,Blocks,476338,
2009-03-03 09:34:05 PST,mozilla,Status,ASSIGNED,NEW
2009-03-03 09:34:05 PST,mozilla,Target Milestone,Thunderbird 3.0b3,---
2009-03-18 14:33:24 PDT,vseerror,Blocks,403603,
2009-03-27 12:54:12 PDT,ian_dunn,CC,ian_dunn,
2009-04-28 04:07:00 PDT,bugzilla.mozilla.org.sites,CC,bugzilla.mozilla.org.sites,
2009-04-28 06:19:15 PDT,mozilla,Status,RESOLVED,ASSIGNED
2009-04-28 06:19:15 PDT,mozilla,Resolution,FIXED,---
2009-04-28 06:19:15 PDT,mozilla,Last Resolved,2009-04-28 06:19:15,
2009-05-10 12:42:45 PDT,standard8,Flags,,blocking-thunderbird3?
2009-05-11 02:03:14 PDT,m-wada,Whiteboard,fixed-by-patch-for-bug409259,
