When,Who,What,Added,Removed
2008-01-03 10:22:42 PST,igor,Blocks,410400,
2008-01-03 10:46:54 PST,igor,Attachment #295251                Flags,review?(brendan),
2008-01-03 14:25:14 PST,brendan,CC,mrbkap, brendan, crowder,
2008-01-04 04:37:58 PST,igor,Attachment #295251                Attachment is obsolete,1,0
2008-01-04 04:37:58 PST,igor,Attachment #295354                Flags,review?(brendan),
2008-01-04 04:37:58 PST,igor,Attachment #295251                Flags,,review?(brendan)
2008-01-04 04:50:14 PST,igor,Attachment #295354                Attachment is obsolete,1,0
2008-01-04 04:50:14 PST,igor,Attachment #295356                Flags,review?,
2008-01-04 04:50:14 PST,igor,Attachment #295354                Flags,,review?(brendan)
2008-01-06 09:11:12 PST,igor,Attachment #295356                Flags,review?(brendan),review?
2008-01-07 01:20:56 PST,brendan,Attachment #295356                Flags,review+, approval1.9+,review?(brendan)
2008-01-07 08:03:48 PST,igor,Attachment #295356                Attachment is obsolete,1,0
2008-01-07 08:03:48 PST,igor,Attachment #295357                Attachment is obsolete,1,0
2008-01-07 08:03:48 PST,igor,Attachment #295776                Flags,review?(brendan),
2008-01-14 12:11:06 PST,igor,Attachment #295776                Attachment is obsolete,1,0
2008-01-14 12:11:06 PST,igor,Attachment #297028                Flags,review?(brendan),
2008-01-14 12:11:06 PST,igor,Attachment #295776                Flags,,review?(brendan)
2008-01-19 15:26:34 PST,brendan,Attachment #297028                Flags,review+, approval1.9+,review?(brendan)
2008-01-19 16:59:09 PST,igor,Attachment #297028                Attachment is obsolete,1,0
2008-01-19 16:59:09 PST,igor,Attachment #297136                Attachment is obsolete,1,0
2008-01-19 16:59:40 PST,igor,Attachment #298042                Flags,review+, approval1.9+,
2008-01-20 03:21:43 PST,igor,Resolution,FIXED,---
2008-01-20 03:21:43 PST,igor,Last Resolved,2008-01-20 03:21:43,
2008-01-20 03:21:43 PST,igor,Status,RESOLVED,NEW
2008-01-20 12:06:30 PST,igor,Depends on,413241,
2008-02-26 10:05:43 PST,igor,Blocks,419662,
2008-02-26 10:06:39 PST,igor,Depends on,419662,
2008-02-26 10:06:39 PST,igor,Blocks,,419662
2008-02-26 10:42:34 PST,bob,Flags,in-litmus-, in-testsuite+,
2008-02-26 10:42:34 PST,bob,CC,bclary,
2008-04-11 03:01:13 PDT,igor,Depends on,428424,
2008-04-17 13:55:16 PDT,bob,Status,VERIFIED,RESOLVED
2009-01-31 21:05:04 PST,brendan,Depends on,416737,
