When,Who,What,Added,Removed
2008-01-03 08:31:11 PST,coop,CC,ccooper,
2008-01-03 09:28:53 PST,coop,CC,benjamin,
2008-01-03 13:53:02 PST,dtownsend,CC,dtownsend,
2008-01-03 16:20:44 PST,gavin.sharp,CC,gavin.sharp,
2008-02-15 09:20:54 PST,matthew.gertner,Assignee,matthew,nobody
2008-02-22 03:18:39 PST,matthew.gertner,Attachment #304951                Flags,review?(benjamin),
2008-02-22 10:44:06 PST,benjamin,Attachment #304951                Attachment mime type,text/plain,application/octet-stream
2008-02-22 10:44:06 PST,benjamin,Attachment #304951                Attachment is patch,1,0
2008-02-22 10:44:55 PST,benjamin,Attachment #304951                Flags,review+,review?(benjamin)
2008-03-05 05:25:39 PST,matthew.gertner,Attachment #304951                Flags,approval1.9?,
2008-03-05 08:36:59 PST,mbeltzner,Attachment #304951                Flags,approval1.9+,approval1.9?
2008-03-05 08:40:15 PST,matthew.gertner,Keywords,checkin-needed,
2008-03-05 13:30:49 PST,dtownsend,Target Milestone,mozilla1.9beta5,---
2008-03-05 13:30:49 PST,dtownsend,Last Resolved,2008-03-05 13:30:49,
2008-03-05 13:30:49 PST,dtownsend,Keywords,,checkin-needed
2008-03-05 13:30:49 PST,dtownsend,Status,RESOLVED,NEW
2008-03-05 13:30:49 PST,dtownsend,Resolution,FIXED,---
2008-03-17 16:49:07 PDT,dtownsend,Status,REOPENED,RESOLVED
2008-03-17 16:49:07 PDT,dtownsend,Resolution,---,FIXED
2008-03-17 17:23:24 PDT,adil,CC,adil,
2008-04-02 14:01:46 PDT,stuart.morgan+bugzilla,CC,stuart.morgan,
2008-04-02 14:34:04 PDT,mark.finkle,CC,mark.finkle,
2008-04-04 01:07:38 PDT,matthew.gertner,Status,NEW,REOPENED
2008-04-04 01:07:38 PDT,matthew.gertner,Assignee,dtownsend,matthew
2008-04-08 08:11:56 PDT,dtownsend,Attachment #313498                Attachment is obsolete,1,0
2008-04-08 08:11:56 PDT,dtownsend,Attachment #314347                Flags,review?(benjamin),
2008-04-09 13:50:34 PDT,benjamin,Attachment #314347                Flags,review+,review?(benjamin)
2008-04-09 15:13:18 PDT,dtownsend,Attachment #314348                Flags,review?(nrthomas),
2008-04-10 05:26:29 PDT,nthomas,Attachment #314348                Flags,review+,review?(nrthomas)
2008-04-10 05:42:26 PDT,dtownsend,Attachment #314347                Flags,approval1.9?,
2008-04-10 07:17:30 PDT,mbeltzner,Attachment #314347                Flags,approval1.9+,approval1.9?
2008-04-10 08:00:22 PDT,dtownsend,Status,RESOLVED,NEW
2008-04-10 08:00:22 PDT,dtownsend,Resolution,FIXED,---
2008-04-10 08:00:22 PDT,dtownsend,Last Resolved,2008-04-10 08:00:22,2008-03-05 13:30:49
