When,Who,What,Added,Removed
2008-01-03 10:41:19 PST,philipp,Attachment #295250                Flags,review?(mvl),
2008-01-03 10:42:10 PST,philipp,Version,unspecified,Trunk
2008-01-03 10:42:34 PST,mvl,Attachment #295250                Flags,review+,review?(mvl)
2008-01-03 10:45:41 PST,philipp,Resolution,FIXED,---
2008-01-03 10:45:41 PST,philipp,Last Resolved,2008-01-03 10:45:41,
2008-01-03 10:45:41 PST,philipp,Status,RESOLVED,ASSIGNED
2008-01-09 04:12:34 PST,andreas.treumann,Status,VERIFIED,RESOLVED
2008-01-09 04:12:34 PST,andreas.treumann,CC,andreas.treumann,
