When,Who,What,Added,Removed
2008-01-03 05:30:47 PST,masa141421356,Version,Trunk,unspecified
2008-01-03 05:30:47 PST,masa141421356,Depends on,407468,
2008-09-25 03:45:30 PDT,mak77,Last Resolved,2008-09-25 03:45:30,
2008-09-25 03:45:30 PDT,mak77,Status,RESOLVED,UNCONFIRMED
2008-09-25 03:45:30 PDT,mak77,Resolution,FIXED,---
2008-09-25 03:45:30 PDT,mak77,Assignee,mak77,nobody
2008-09-25 03:45:30 PDT,mak77,CC,mak77,
2008-09-25 03:45:30 PDT,mak77,Target Milestone,Firefox 3.1b1,---
2008-09-26 08:26:54 PDT,masa141421356,Status,VERIFIED,RESOLVED
2009-11-26 06:30:46 PST,gerv,Component,Bookmarks & History,Places
2009-11-26 06:30:46 PST,gerv,QA Contact,bookmarks,places
