When,Who,What,Added,Removed
2008-01-03 08:58:37 PST,bob,Status,RESOLVED,NEW
2008-01-03 08:58:37 PST,bob,Resolution,INVALID,---
2008-01-03 08:58:37 PST,bob,CC,bclary,
2008-01-03 08:58:37 PST,bob,Last Resolved,2008-01-03 08:58:37,
2008-01-03 09:35:27 PST,brendan,Status,VERIFIED,RESOLVED
2008-01-03 09:35:27 PST,brendan,CC,brendan,
2008-01-03 09:48:52 PST,brendan,Status,REOPENED,VERIFIED
2008-01-03 09:48:52 PST,brendan,Resolution,---,INVALID
2008-01-03 09:54:37 PST,brendan,Status,ASSIGNED,REOPENED
2008-01-03 09:54:37 PST,brendan,Assignee,brendan,general
2008-01-03 09:54:37 PST,brendan,Attachment #295242                Flags,review?,
2008-01-03 09:56:14 PST,brendan,Summary,js_*Date* APIs need assertion and comment about Java 0-based month,js_NewDateObject produces invalid date
2008-01-03 17:18:31 PST,bob,Attachment #295242                Flags,review+,review?
2008-01-03 18:24:21 PST,brendan,Status,RESOLVED,ASSIGNED
2008-01-03 18:24:21 PST,brendan,Resolution,FIXED,---
2008-01-03 18:24:21 PST,brendan,Last Resolved,2008-01-03 18:24:21,2008-01-03 08:58:37
2008-01-07 08:10:27 PST,bob,Flags,in-litmus-, in-testsuite-,
2008-01-14 06:42:36 PST,jorendorff,CC,jorendorff,
