When,Who,What,Added,Removed
2008-01-03 18:26:06 PST,bugzilla-graveyard,CC,cl-bugs,
2008-01-24 23:14:28 PST,samuel.sidler+old,CC,samuel.sidler,
2008-01-31 21:14:01 PST,alqahira,Assignee,alqahira,samuel.sidler
2008-02-09 20:41:42 PST,alqahira,Attachment #302364                Flags,review?(samuel.sidler),
2008-02-09 20:59:09 PST,samuel.sidler+old,Attachment #302364                Flags,review+,review?(samuel.sidler)
2008-02-09 21:10:46 PST,alqahira,Status,RESOLVED,NEW
2008-02-09 21:10:46 PST,alqahira,Resolution,FIXED,---
2008-02-09 21:10:46 PST,alqahira,Last Resolved,2008-02-09 21:10:46,
