When,Who,What,Added,Removed
2008-01-02 23:09:54 PST,friedel,Flags,blocking-thunderbird3?,
2008-01-02 23:09:54 PST,friedel,Attachment #295196                Flags,review?,
2008-01-02 23:11:01 PST,friedel,CC,dwayne,
2008-01-02 23:12:00 PST,reed,Assignee,friedel,nobody
2008-01-02 23:12:00 PST,reed,CC,reed,
2008-01-02 23:12:20 PST,reed,Attachment #295196                Flags,review?(philringnalda),review?
2008-01-02 23:12:52 PST,reed,Summary,Mismatched accesskeys in mail/base/content/mailWindowOverlay.xul,Mismatched acceskeys in mail/base/content/mailWindowOverlay.xul
2008-01-02 23:27:01 PST,philringnalda,CC,philringnalda,
2008-01-03 00:11:22 PST,philringnalda,CC,mnyromyr,
2008-01-03 10:11:16 PST,mkmelin+mozilla,CC,mkmelin+mozilla,
2008-01-04 22:56:17 PST,philringnalda,Attachment #295196                Attachment is obsolete,1,0
2008-01-04 22:56:17 PST,philringnalda,Attachment #295471                Flags,review+,
2008-01-04 22:56:17 PST,philringnalda,Attachment #295196                Flags,,review?(philringnalda)
2008-01-04 22:57:51 PST,philringnalda,Attachment #295472                Flags,review?(mnyromyr),
2008-01-04 23:00:50 PST,philringnalda,Whiteboard,checkin-needed for attachment 295471,
2008-01-04 23:00:50 PST,philringnalda,Version,Trunk,unspecified
2008-01-04 23:00:50 PST,philringnalda,Flags,,blocking-thunderbird3?
2008-01-04 23:00:50 PST,philringnalda,Keywords,checkin-needed,
2008-01-05 01:27:07 PST,reed,Keywords,,checkin-needed
2008-01-05 01:27:07 PST,reed,Whiteboard,,checkin-needed for attachment 295471
2008-01-05 01:27:07 PST,reed,Status,ASSIGNED,NEW
2008-01-05 07:39:45 PST,philringnalda,Attachment #295472                Flags,review?(neil), superreview?(neil),review?(mnyromyr)
2008-01-05 09:52:34 PST,neil,Attachment #295472                Flags,review+, superreview+,review?(neil), superreview?(neil)
2008-01-05 20:25:10 PST,philringnalda,Status,RESOLVED,ASSIGNED
2008-01-05 20:25:10 PST,philringnalda,Resolution,FIXED,---
2008-01-05 20:25:10 PST,philringnalda,Last Resolved,2008-01-05 20:25:10,
