When,Who,What,Added,Removed
2008-01-03 06:09:03 PST,ted,CC,ted.mielczarek,
2008-01-03 06:45:41 PST,benjamin,Target Milestone,mozilla1.9 M11,---
2008-01-03 06:45:41 PST,benjamin,Ever confirmed,1,0
2008-01-03 06:45:41 PST,benjamin,Product,Toolkit,Firefox
2008-01-03 06:45:41 PST,benjamin,Version,Trunk,unspecified
2008-01-03 06:45:41 PST,benjamin,Status,NEW,UNCONFIRMED
2008-01-03 06:45:41 PST,benjamin,Component,XRE Startup,General
2008-01-03 06:45:41 PST,benjamin,QA Contact,xre.startup,general
2008-01-03 06:46:02 PST,benjamin,Assignee,benjamin,nobody
2008-01-03 08:10:27 PST,peter.vanderwoude,CC,peter.vanderwoude,
2008-01-03 12:12:05 PST,gavin.sharp,CC,gavin.sharp,
2008-01-04 08:38:20 PST,benjamin,Attachment #295381                Flags,review?(ted.mielczarek), review?(neil),
2008-01-06 04:48:09 PST,neil,Attachment #295381                Flags,review+,review?(neil)
2008-01-07 05:40:58 PST,ted,Attachment #295381                Flags,review+,review?(ted.mielczarek)
2008-01-07 09:34:50 PST,benjamin,Status,RESOLVED,NEW
2008-01-07 09:34:50 PST,benjamin,Resolution,FIXED,---
2008-01-07 09:34:50 PST,benjamin,Last Resolved,2008-01-07 09:34:50,
2008-01-07 09:35:19 PST,benjamin,Keywords,regression,
2008-01-07 09:35:19 PST,benjamin,Flags,blocking1.9+,
2008-01-07 12:03:02 PST,benjamin,CC,cal,
2008-01-08 06:37:43 PST,benjamin,Blocks,396052,
2008-01-08 11:56:22 PST,anthony.s.hughes,Status,VERIFIED,RESOLVED
2008-01-08 11:56:22 PST,anthony.s.hughes,CC,anthony.s.hughes,
2008-07-31 03:04:27 PDT,timeless,Component,Startup and Profile System,XRE Startup
2008-07-31 03:04:27 PDT,timeless,QA Contact,startup,xre.startup
