When,Who,What,Added,Removed
2008-02-05 14:03:44 PST,maxxmozilla,CC,firefox,
2008-02-06 00:58:06 PST,klint,CC,klint,
2008-02-06 02:16:18 PST,mschroeder,Version,unspecified,Trunk
2008-02-06 02:16:18 PST,mschroeder,Flags,wanted-calendar0.8?,
2008-02-06 06:53:50 PST,thetux.moz,CC,thetux.moz,
2008-02-07 13:21:01 PST,mozilla,CC,temp2000,
2008-02-08 01:08:10 PST,bugzilla,Flags,wanted-calendar0.8-,wanted-calendar0.8?
2008-02-18 14:48:20 PST,maxxmozilla,Status,ASSIGNED,NEW
2008-02-18 14:48:20 PST,maxxmozilla,Assignee,firefox,nobody
2008-02-18 14:48:20 PST,maxxmozilla,Attachment #304100                Flags,review?(philipp),
2008-02-19 06:42:31 PST,philipp,Attachment #304100                Flags,review-,review?(philipp)
2008-02-19 14:46:12 PST,maxxmozilla,Attachment #304100                Attachment is obsolete,1,0
2008-02-19 14:46:12 PST,maxxmozilla,Attachment #304329                Flags,review?(philipp),
2008-02-19 14:46:37 PST,maxxmozilla,Flags,wanted-calendar0.8?,wanted-calendar0.8-
2008-02-20 08:55:49 PST,philipp,Attachment #304329                Flags,review+,review?(philipp)
2008-02-20 12:15:23 PST,bugzilla,Flags,wanted-calendar0.8+,wanted-calendar0.8?
2008-02-20 12:21:39 PST,maxxmozilla,Attachment #304329                Attachment is obsolete,1,0
2008-02-20 12:21:39 PST,maxxmozilla,Attachment #304562                Flags,review+,
2008-02-21 04:30:27 PST,philipp,Target Milestone,0.8,---
2008-02-21 04:30:27 PST,philipp,Last Resolved,2008-02-21 04:30:27,
2008-02-21 04:30:27 PST,philipp,Status,RESOLVED,ASSIGNED
2008-02-21 04:30:27 PST,philipp,Resolution,FIXED,---
2008-02-22 12:14:26 PST,maxxmozilla,Status,VERIFIED,RESOLVED
