When,Who,What,Added,Removed
2008-01-03 11:49:43 PST,dao,Status,ASSIGNED,NEW
2008-01-03 11:49:43 PST,dao,Assignee,dao,nobody
2008-01-03 11:49:43 PST,dao,Attachment #295257                Flags,review?(mano),
2008-01-04 10:22:12 PST,gavin.sharp,CC,gavin.sharp,
2008-01-04 15:04:40 PST,asaf,Attachment #295257                Flags,review+,review?(mano)
2008-01-04 15:33:01 PST,dao,Blocks,363130,
2008-01-04 15:33:57 PST,dao,Attachment #295257                Flags,approval1.9?,
2008-01-05 12:17:40 PST,mtschrep,Attachment #295257                Flags,approval1.9+,approval1.9?
2008-01-05 13:45:00 PST,dao,Keywords,checkin-needed,
2008-01-05 19:58:30 PST,reed,CC,reed,
2008-01-05 19:58:30 PST,reed,Target Milestone,Firefox 3 M11,---
2008-01-05 19:58:30 PST,reed,Last Resolved,2008-01-05 19:58:30,
2008-01-05 19:58:30 PST,reed,Keywords,,checkin-needed
2008-01-05 19:58:30 PST,reed,Status,RESOLVED,ASSIGNED
2008-01-05 19:58:30 PST,reed,Resolution,FIXED,---
2008-01-07 03:18:22 PST,ria.klaassen,CC,BoxerBoi76,
