When,Who,What,Added,Removed
2008-01-03 03:59:42 PST,bugzilla,Version,2.0 Branch,unspecified
2008-02-08 02:19:11 PST,bugzilla,Severity,critical,normal
2008-03-22 07:00:02 PDT,crazy-daniel,Hardware,All,PC
2008-03-22 07:00:02 PDT,crazy-daniel,OS,All,Windows XP
2008-03-22 07:00:02 PDT,crazy-daniel,Status,NEW,UNCONFIRMED
2008-03-22 07:00:02 PDT,crazy-daniel,Severity,normal,critical
2008-03-22 07:00:02 PDT,crazy-daniel,Component,Layout: Tables,General
2008-03-22 07:00:02 PDT,crazy-daniel,QA Contact,layout.tables,general
2008-03-22 07:00:02 PDT,crazy-daniel,Ever confirmed,1,0
2008-03-22 07:00:02 PDT,crazy-daniel,Summary,[BC] borders touching edge of overflow area are cut when overflow isn't visible,Left Border not displayed in div with overflow, depending on DOCTYPE
2008-03-22 07:00:02 PDT,crazy-daniel,Product,Core,Firefox
2008-03-22 07:00:02 PDT,crazy-daniel,Version,Trunk,2.0 Branch
2008-03-22 07:00:26 PDT,crazy-daniel,Attachment #295216                Attachment is obsolete,1,0
2008-03-24 05:15:07 PDT,crazy-daniel,CC,greenie2600,
2008-08-21 10:47:01 PDT,crazy-daniel,CC,alex.netkachov,
2008-10-12 11:04:37 PDT,bzbarsky,CC,bernd_mozilla, bzbarsky, roc,
2008-10-18 03:12:12 PDT,bernd_mozilla,Keywords,testcase,
2009-02-13 07:37:12 PST,crazy-daniel,Status,RESOLVED,NEW
2009-02-13 07:37:12 PST,crazy-daniel,Resolution,FIXED,---
2009-02-13 07:37:12 PST,crazy-daniel,Depends on,155955,
2009-02-13 07:37:12 PST,crazy-daniel,Last Resolved,2009-02-13 07:37:12,
2009-02-13 07:43:15 PST,bzbarsky,Flags,in-testsuite?,
2009-02-13 07:59:58 PST,crazy-daniel,Attachment #362222                Flags,review?(bzbarsky), superreview?(bzbarsky),
2009-02-15 18:58:54 PST,bzbarsky,Attachment #362222                Flags,review+, superreview+,review?(bzbarsky), superreview?(bzbarsky)
2009-02-15 19:00:13 PST,bzbarsky,Flags,in-testsuite+,in-testsuite?
2009-04-30 10:20:54 PDT,crazy-daniel,CC,malendariel,
