When,Who,What,Added,Removed
2008-01-02 23:35:29 PST,jruderman,Flags,blocking1.9?,
2008-01-02 23:35:29 PST,jruderman,Attachment #295197                Flags,review?,
2008-01-02 23:36:33 PST,jruderman,Attachment #295197                Flags,review?(tor), superreview?(tor),review?
2008-01-02 23:37:12 PST,reed,Assignee,jruderman,nobody
2008-01-02 23:37:12 PST,reed,CC,reed,
2008-01-02 23:38:06 PST,reed,Hardware,All,PC
2008-01-02 23:38:06 PST,reed,OS,All,Mac OS X
2008-01-03 00:05:33 PST,jruderman,Status,RESOLVED,NEW
2008-01-03 00:05:33 PST,jruderman,Resolution,FIXED,---
2008-01-03 00:05:33 PST,jruderman,Last Resolved,2008-01-03 00:05:33,
2008-01-03 00:06:30 PST,jruderman,Attachment #295197                Flags,,review?(tor), superreview?(tor)
2008-01-03 00:19:10 PST,jruderman,Flags,in-testsuite-,
2008-01-03 12:36:05 PST,gavin.sharp,CC,gavin.sharp,
2008-01-10 04:56:34 PST,jwatt,CC,jwatt,
