When,Who,What,Added,Removed
2008-01-10 03:16:26 PST,jcea,CC,jcea,
2008-01-10 18:20:14 PST,kairo,Status,ASSIGNED,NEW
2008-01-10 18:20:14 PST,kairo,Assignee,kairo,nobody
2008-01-10 18:20:14 PST,kairo,Attachment #296462                Flags,review?(rhelmer),
2008-01-10 18:39:06 PST,kairo,Attachment #296462                Flags,review?(benjamin),review?(rhelmer)
2008-01-18 08:44:21 PST,benjamin,CC,benjamin,
2008-01-25 08:31:40 PST,mozilla_bugs,CC,mozilla_bugs,
2008-02-25 14:01:31 PST,bugzilla,CC,bugzilla,
2008-03-11 19:23:14 PDT,benjamin,Attachment #296462                Flags,review+,review?(benjamin)
2008-03-13 11:24:21 PDT,rhelmer,CC,rhelmer, nrthomas,
2008-03-13 11:46:05 PDT,kairo,Status,RESOLVED,ASSIGNED
2008-03-13 11:46:05 PDT,kairo,Resolution,FIXED,---
2008-03-13 11:46:05 PDT,kairo,Last Resolved,2008-03-13 11:46:05,
