When,Who,What,Added,Removed
2008-01-03 00:02:48 PST,reed,Flags,blocking-firefox3?,
2008-01-03 00:03:56 PST,reed,CC,jruderman, bugzilla, mconnor,
2008-01-03 00:04:12 PST,reed,CC,ventnor.bugzilla,
2008-01-03 00:23:02 PST,reed,URL,http://forums.mozillazine.org/viewtopic.php?t=617386,
2008-01-03 02:29:07 PST,ehsan,Status,ASSIGNED,NEW
2008-01-03 02:29:07 PST,ehsan,Assignee,ehsan.akhgari,nobody
2008-01-03 02:29:07 PST,ehsan,Attachment #295210                Flags,review?(gavin.sharp), ui-review?(beltzner),
2008-01-03 02:31:09 PST,ehsan,Attachment #295210                Attachment description,Patch to change the engine on accel+scroll,Patch to change the engine on ctrl+scroll
2008-01-03 17:37:47 PST,ryanvm,CC,ryanvm,
2008-01-07 15:05:32 PST,ehsan,CC,ehsan.akhgari,
2008-01-22 09:36:05 PST,mbeltzner,Attachment #295210                Flags,ui-review+,ui-review?(beltzner)
2008-01-22 13:03:44 PST,kemayo,CC,kemayo,
2008-01-22 21:00:12 PST,gavin.sharp,Attachment #295210                Flags,review+,review?(gavin.sharp)
2008-01-22 21:19:16 PST,reed,Attachment #295210                Flags,approval1.9?,
2008-01-23 08:29:08 PST,mtschrep,Attachment #295210                Flags,approval1.9+,approval1.9?
2008-01-23 09:05:45 PST,ehsan,Keywords,checkin-needed,
2008-01-23 09:05:45 PST,ehsan,Flags,,blocking-firefox3?
2008-01-23 12:22:36 PST,ehsan,Flags,blocking-firefox3?,
2008-01-23 23:18:24 PST,reed,Keywords,,checkin-needed
2008-01-23 23:18:24 PST,reed,Status,RESOLVED,ASSIGNED
2008-01-23 23:18:24 PST,reed,Resolution,FIXED,---
2008-01-23 23:18:24 PST,reed,Target Milestone,Firefox 3 M11,---
2008-01-23 23:18:24 PST,reed,Last Resolved,2008-01-23 23:18:24,
2008-02-05 23:12:04 PST,mconnor,Flags,blocking-firefox3+,blocking-firefox3?
2008-02-06 02:49:42 PST,stephen.donner,Status,VERIFIED,RESOLVED
2008-02-06 02:53:17 PST,stephen.donner,Resolution,---,FIXED
2008-02-06 02:53:17 PST,stephen.donner,Status,REOPENED,VERIFIED
2008-02-06 02:53:28 PST,stephen.donner,Status,RESOLVED,REOPENED
2008-02-06 02:53:28 PST,stephen.donner,Resolution,FIXED,---
2008-02-06 02:53:28 PST,stephen.donner,Last Resolved,2008-02-06 02:53:28,2008-01-23 23:18:24
2008-02-06 02:55:02 PST,rflint,CC,,rflint
2008-02-06 12:56:47 PST,stephen.donner,Status,VERIFIED,RESOLVED
2008-02-14 02:22:06 PST,hugo,CC,hugo87theone,
2008-02-19 11:16:18 PST,ehsan,Depends on,417413,
2009-01-20 07:53:38 PST,hskupin,CC,hskupin,
2009-01-20 07:53:38 PST,hskupin,Flags,in-litmus+,
2011-08-13 14:55:07 PDT,b1437400,Depends on,675186,
