When,Who,What,Added,Removed
2008-01-03 08:47:51 PST,mschroeder,Flags,wanted-calendar0.8?,
2008-01-03 08:49:33 PST,mschroeder,Attachment #295231                Flags,review?(philipp),
2008-01-03 09:07:55 PST,bugzilla,Flags,wanted-calendar0.8-,wanted-calendar0.8?
2008-01-03 11:03:33 PST,philipp,Attachment #295231                Flags,review+,review?(philipp)
2008-01-03 12:32:59 PST,mschroeder,Resolution,FIXED,---
2008-01-03 12:32:59 PST,mschroeder,Last Resolved,2008-01-03 12:32:59,
2008-01-03 12:32:59 PST,mschroeder,Status,RESOLVED,ASSIGNED
2008-04-01 03:58:59 PDT,bugzilla,Status,VERIFIED,RESOLVED
2008-04-01 03:58:59 PDT,bugzilla,Flags,,wanted-calendar0.8-
