When,Who,What,Added,Removed
2008-01-03 10:08:33 PST,romaia,Attachment #295246                Flags,review?(LpSolit),
2008-01-03 10:42:13 PST,LpSolit,Attachment #295246                Flags,review+,review?(LpSolit)
2008-01-03 10:43:08 PST,LpSolit,Keywords,regression,
2008-01-03 10:43:08 PST,LpSolit,Version,3.1.2,unspecified
2008-01-03 10:43:08 PST,LpSolit,Status,ASSIGNED,NEW
2008-01-03 10:43:08 PST,LpSolit,Severity,major,normal
2008-01-03 10:43:08 PST,LpSolit,Depends on,388147,
2008-01-03 10:43:08 PST,LpSolit,Target Milestone,Bugzilla 3.2,---
2008-01-03 10:43:08 PST,LpSolit,Flags,approval+, blocking3.1.3+,
2008-01-03 10:48:33 PST,LpSolit,Status,RESOLVED,ASSIGNED
2008-01-03 10:48:33 PST,LpSolit,Resolution,FIXED,---
2008-01-03 10:48:33 PST,LpSolit,Last Resolved,2008-01-03 10:48:33,
2008-08-08 23:40:59 PDT,LpSolit,Keywords,selenium,
2008-08-08 23:40:59 PDT,LpSolit,Flags,testcase+,
