When,Who,What,Added,Removed
2008-01-03 18:29:27 PST,norrisboyd,CC,bclary,
2008-01-04 06:11:03 PST,bob,CC,igor,
2008-01-04 06:20:16 PST,bob,Attachment #295359                Attachment is obsolete,1,0
2008-01-04 06:20:16 PST,bob,Attachment #295372                Flags,review?(igor),
2008-01-05 06:17:18 PST,bob,Status,RESOLVED,NEW
2008-01-05 06:17:18 PST,bob,Resolution,FIXED,---
2008-01-05 06:17:18 PST,bob,Flags,in-testsuite+,
2008-01-05 06:17:18 PST,bob,Last Resolved,2008-01-05 06:17:18,
2008-01-06 09:10:25 PST,igor,Attachment #295372                Flags,,review?(igor)
