When,Who,What,Added,Removed
2008-01-04 01:22:27 PST,samuel.sidler+old,Assignee,samuel.sidler,nobody
2008-01-04 01:26:38 PST,samuel.sidler+old,CC,samuel.sidler, beltzner,
2008-01-04 08:06:57 PST,wclouser,CC,clouserw,
2008-01-04 14:48:57 PST,samuel.sidler+old,CC,jay,
2008-01-04 14:48:57 PST,samuel.sidler+old,Last Resolved,2008-01-04 14:48:57,
2008-01-04 14:48:57 PST,samuel.sidler+old,Status,RESOLVED,NEW
2008-01-04 14:48:57 PST,samuel.sidler+old,Resolution,FIXED,---
2008-01-05 04:25:57 PST,gary,Status,VERIFIED,RESOLVED
2012-04-23 08:15:30 PDT,nobody,Product,Websites,Websites
2012-04-23 08:15:30 PDT,nobody,Component,www.mozilla.org,www.mozilla.org/firefox
2012-08-23 00:16:07 PDT,nobody,Product,www.mozilla.org,Websites
2012-08-23 00:16:07 PDT,nobody,Component,General,www.mozilla.org
