When,Who,What,Added,Removed
2008-01-06 06:13:14 PST,dyhan81,CC,dyhan81,
2008-01-06 17:41:14 PST,channy,Attachment #295617                Attachment is obsolete,1,0
2008-01-06 17:42:03 PST,channy,Attachment #295618                Flags,review+,
2008-01-06 19:07:18 PST,sushizang,CC,sushizang,
2008-01-07 08:53:03 PST,channy,Attachment #295735                Flags,review+,
2008-01-07 09:00:50 PST,channy,Attachment #295782                Flags,review+,
2008-01-07 09:01:09 PST,channy,Attachment #295782                Flags,review+,
2008-01-07 09:05:19 PST,channy,Attachment #295734                Flags,review+,
2008-01-07 09:07:39 PST,channy,Attachment #295730                Flags,review+,
2008-01-07 09:11:28 PST,channy,Attachment #295713                Flags,review+,
2008-01-07 20:25:31 PST,dyhan81,Attachment #295886                Attachment is obsolete,1,0
2011-07-03 21:07:31 PDT,channy,Status,RESOLVED,NEW
2011-07-03 21:07:31 PDT,channy,Resolution,FIXED,---
2011-07-03 21:07:31 PDT,channy,Last Resolved,2011-07-03 21:07:31,
