When,Who,What,Added,Removed
2008-01-04 02:12:24 PST,samuel.sidler+old,Assignee,samuel.sidler,nobody
2008-01-04 02:12:24 PST,samuel.sidler+old,CC,samuel.sidler,
2008-01-04 11:11:31 PST,bmo2010,CC,bmo2008,
2008-01-04 12:12:25 PST,bugzilla,CC,bugzilla,
2008-01-04 15:15:24 PST,gavin.sharp,CC,gavin.sharp,
2008-01-08 20:28:45 PST,samuel.sidler+old,CC,beltzner,
2008-02-24 14:11:41 PST,samuel.sidler+old,Status,ASSIGNED,NEW
2008-02-24 17:48:05 PST,kohei.yoshino,CC,kohei.yoshino.bugs,
2008-02-26 23:20:06 PST,samuel.sidler+old,Status,RESOLVED,ASSIGNED
2008-02-26 23:20:06 PST,samuel.sidler+old,Resolution,FIXED,---
2008-02-26 23:20:06 PST,samuel.sidler+old,Last Resolved,2008-02-26 23:20:06,
2008-02-27 00:38:35 PST,gary,Status,VERIFIED,RESOLVED
2012-04-23 08:15:30 PDT,nobody,Component,www.mozilla.org,www.mozilla.org/firefox
2012-04-23 08:15:30 PDT,nobody,Product,Websites,Websites
2012-08-23 00:16:07 PDT,nobody,Product,www.mozilla.org,Websites
2012-08-23 00:16:07 PDT,nobody,Component,General,www.mozilla.org
