When,Who,What,Added,Removed
2008-01-04 04:36:34 PST,emmanuel,Flags,blocking3.0.3?,
2008-01-04 04:46:47 PST,LpSolit,Flags,,blocking3.0.3?
2008-01-07 05:44:30 PST,cedric.corazza,Attachment #295757                Flags,review?(mkanat),
2008-01-07 19:26:01 PST,mkanat,Attachment #295757                Flags,review+,review?(mkanat)
2008-01-08 11:47:53 PST,LpSolit,Assignee,cedric.corazza,general
2008-01-08 23:04:57 PST,mkanat,Component,bugzilla.org,Bugzilla-General
2008-01-09 00:05:55 PST,mkanat,Status,RESOLVED,NEW
2008-01-09 00:05:55 PST,mkanat,Resolution,FIXED,---
2008-01-09 00:05:55 PST,mkanat,Last Resolved,2008-01-09 00:05:55,
