When,Who,What,Added,Removed
2008-01-04 05:34:06 PST,mvl,Attachment #295363                Flags,review?(philipp),
2008-01-04 15:51:47 PST,philipp,Attachment #295363                Flags,review+,review?(philipp)
2008-01-05 03:28:49 PST,mvl,Status,RESOLVED,NEW
2008-01-05 03:28:49 PST,mvl,Resolution,FIXED,---
2008-01-05 03:28:49 PST,mvl,Last Resolved,2008-01-05 03:28:49,
2008-01-05 04:37:45 PST,mschroeder,Target Milestone,0.8,---
2008-01-24 09:10:55 PST,aryx.bugmail,Status,VERIFIED,RESOLVED
2008-01-24 09:10:55 PST,aryx.bugmail,CC,archaeopteryx,
