When,Who,What,Added,Removed
2008-01-03 15:51:04 PST,ryanvm,URL,http://mxr.mozilla.org/mozilla/source/xpcom/string/public/nsUTF8Utils.h#702,
2008-01-03 17:08:21 PST,dwitte,CC,dwitte,
2008-01-04 15:09:45 PST,gavin.sharp,CC,gavin.sharp,
2008-07-28 22:07:44 PDT,bugzillamozillaorg_serge_20140323,URL,http://bonsai.mozilla.org/cvsblame.cgi?file=mozilla/xpcom/string/public/nsUTF8Utils.h&rev=1.19&mark=659-661,686-688,697-699#625,http://mxr.mozilla.org/mozilla/source/xpcom/string/public/nsUTF8Utils.h#702
2008-07-28 22:07:44 PDT,bugzillamozillaorg_serge_20140323,CC,sgautherie.bz,
2008-07-29 07:02:26 PDT,bugzillamozillaorg_serge_20140323,Product,Core,Toolkit
2008-07-29 07:02:26 PDT,bugzillamozillaorg_serge_20140323,Component,XPCOM,XRE Startup
2008-07-29 07:02:26 PDT,bugzillamozillaorg_serge_20140323,QA Contact,xpcom,xre.startup
2008-07-29 07:02:26 PDT,bugzillamozillaorg_serge_20140323,Target Milestone,mozilla1.9.1a2,---
2008-07-29 07:02:26 PDT,bugzillamozillaorg_serge_20140323,Flags,in-testsuite-,
2008-07-29 07:12:36 PDT,bugzillamozillaorg_serge_20140323,Assignee,sgautherie.bz,nobody
2008-07-29 07:12:36 PDT,bugzillamozillaorg_serge_20140323,Attachment #331624                Flags,review?, superreview?,
2008-07-29 07:12:36 PDT,bugzillamozillaorg_serge_20140323,Status,ASSIGNED,NEW
2008-07-29 07:13:01 PDT,bugzillamozillaorg_serge_20140323,Attachment #331624                Flags,review?(dbaron), superreview?(dbaron),review?, superreview?
2008-08-08 17:48:11 PDT,dbaron,Attachment #331624                Flags,review-, superreview-,review?(dbaron), superreview?(dbaron)
2008-08-08 19:41:45 PDT,bugzillamozillaorg_serge_20140323,Attachment #331624                Attachment is obsolete,1,0
2008-08-08 19:41:45 PDT,bugzillamozillaorg_serge_20140323,Attachment #333051                Flags,review?(dbaron), superreview?(dbaron),
2008-08-08 19:43:02 PDT,dbaron,Attachment #333051                Flags,review+, superreview+,review?(dbaron), superreview?(dbaron)
2008-08-08 19:45:44 PDT,bugzillamozillaorg_serge_20140323,Keywords,checkin-needed,
2008-08-18 16:56:02 PDT,tellrob,Status,RESOLVED,ASSIGNED
2008-08-18 16:56:02 PDT,tellrob,Resolution,FIXED,---
2008-08-18 16:56:02 PDT,tellrob,CC,tellrob,
2008-08-18 16:56:02 PDT,tellrob,Last Resolved,2008-08-18 16:56:02,
2008-08-18 17:11:54 PDT,bugzillamozillaorg_serge_20140323,Attachment #333051                Attachment description,(Av2) Use char notation[Checkin: Comment 7],(Av2) Use char notation
2008-08-18 17:13:23 PDT,tellrob,Keywords,,checkin-needed
2008-08-18 17:19:32 PDT,bugzillamozillaorg_serge_20140323,CC,,sgautherie.bz
