When,Who,What,Added,Removed
2008-01-03 19:04:13 PST,karlt,Flags,blocking1.9?,
2008-01-03 19:13:09 PST,karlt,Whiteboard,[sg:critical],
2008-01-03 20:03:20 PST,jwalden+bmo,CC,jwalden+bmo,
2008-01-03 20:16:15 PST,jruderman,Keywords,assertion, crash, testcase,
2008-01-03 20:16:15 PST,jruderman,CC,jruderman,
2008-01-10 15:34:26 PST,dveditz,Whiteboard,[sg:critical?],[sg:critical]
2008-01-10 15:34:26 PST,dveditz,CC,pavlov, dveditz,
2008-01-10 16:22:30 PST,roc,Assignee,roc,nobody
2008-01-19 04:04:30 PST,karlt,CC,smontagu,
2008-01-20 21:07:52 PST,roc,Attachment #298208                Flags,review?(vladimir),
2008-01-20 23:22:15 PST,vladimir,Attachment #298208                Flags,review+,review?(vladimir)
2008-01-21 17:22:34 PST,roc,Whiteboard,[sg:critical?][needs landing],[sg:critical?]
2008-01-22 15:59:39 PST,mtschrep,CC,mtschrep,
2008-01-22 15:59:39 PST,mtschrep,Flags,blocking1.9+,blocking1.9?
2008-01-22 15:59:39 PST,mtschrep,Priority,P3,--
2008-01-26 14:59:43 PST,roc,Status,RESOLVED,NEW
2008-01-26 14:59:43 PST,roc,Resolution,FIXED,---
2008-01-26 14:59:43 PST,roc,Flags,in-testsuite+,
2008-01-26 14:59:43 PST,roc,Last Resolved,2008-01-26 14:59:43,
2008-01-26 16:46:37 PST,roc,Status,REOPENED,RESOLVED
2008-01-26 16:46:37 PST,roc,Resolution,---,FIXED
2008-01-27 22:23:22 PST,roc,Attachment #299689                Flags,review?(pavlov),
2008-01-27 22:33:01 PST,roc,Whiteboard,[sg:critical?][needs review],[sg:critical?][needs landing]
2008-01-28 00:50:25 PST,pavlov,Attachment #299689                Flags,review+,review?(pavlov)
2008-01-28 09:37:04 PST,roc,Last Resolved,2008-01-28 09:37:04,2008-01-26 14:59:43
2008-01-28 09:37:04 PST,roc,Status,RESOLVED,REOPENED
2008-01-28 09:37:04 PST,roc,Resolution,FIXED,---
2009-01-23 10:07:30 PST,samuel.sidler+old,Whiteboard,[sg:critical?],[sg:critical?][needs review]
2009-01-23 10:07:30 PST,samuel.sidler+old,CC,samuel.sidler,
2009-01-23 10:07:30 PST,samuel.sidler+old,Flags,wanted1.8.1.x-,
2009-01-23 14:24:55 PST,jruderman,Group,,core-security
