When,Who,What,Added,Removed
2008-01-04 04:32:33 PST,emmanuel,Flags,blocking3.0.3?,
2008-01-04 04:38:15 PST,emmanuel,Depends on,,286275
2008-01-04 04:38:15 PST,emmanuel,Blocks,410717,
2008-01-04 04:46:31 PST,LpSolit,Flags,,blocking3.0.3?
2008-01-08 09:08:59 PST,emmanuel,Status,ASSIGNED,NEW
2008-01-08 09:08:59 PST,emmanuel,Assignee,eseyman,general
2008-01-08 09:08:59 PST,emmanuel,Attachment #295957                Flags,review?(mkanat),
2008-01-08 21:28:14 PST,mkanat,Summary,Status Update for 3.1.3,Status Update for 3.0.3
2008-01-08 21:28:14 PST,mkanat,Blocks,,410717
2008-01-08 21:28:30 PST,mkanat,Status,NEW,ASSIGNED
2008-01-08 21:28:30 PST,mkanat,Component,bugzilla.org,Bugzilla-General
2008-01-08 21:28:30 PST,mkanat,Assignee,website,eseyman
2008-01-15 12:32:25 PST,emmanuel,Blocks,412487,
2008-01-29 15:04:21 PST,LpSolit,Attachment #295957                Attachment is obsolete,1,0
2008-01-29 15:04:21 PST,LpSolit,Attachment #295957                Flags,,review?(mkanat)
2008-01-31 10:59:42 PST,cedric.corazza,Status,ASSIGNED,NEW
2008-01-31 10:59:42 PST,cedric.corazza,Assignee,cedric.corazza,website
2008-01-31 10:59:42 PST,cedric.corazza,Attachment #300684                Flags,review?(LpSolit),
2008-01-31 12:34:12 PST,cedric.corazza,CC,cedric.corazza,
2008-01-31 13:02:31 PST,LpSolit,Attachment #300684                Flags,review+,review?(LpSolit)
2008-01-31 13:27:42 PST,cedric.corazza,Attachment #300684                Attachment is obsolete,1,0
2008-01-31 13:27:42 PST,cedric.corazza,Attachment #300724                Flags,review?(mkanat),
2008-02-01 13:45:32 PST,mkanat,Attachment #300724                Attachment is obsolete,1,0
2008-02-01 13:45:32 PST,mkanat,Attachment #300925                Flags,review?,
2008-02-01 13:45:32 PST,mkanat,Attachment #300724                Flags,,review?(mkanat)
2008-02-01 16:56:24 PST,mkanat,Resolution,FIXED,---
2008-02-01 16:56:24 PST,mkanat,Last Resolved,2008-02-01 16:56:24,
2008-02-01 16:56:24 PST,mkanat,Status,RESOLVED,ASSIGNED
2008-02-02 05:05:01 PST,LpSolit,Attachment #300925                Flags,review+,review?
