When,Who,What,Added,Removed
2008-02-14 19:15:23 PST,karlt,Flags,blocking1.9?,
2008-02-14 19:15:23 PST,karlt,Priority,P3,--
2008-02-15 19:41:59 PST,pavlov,Priority,P4,P3
2008-02-15 19:41:59 PST,pavlov,Flags,blocking1.9+,blocking1.9?
2008-02-16 01:07:11 PST,VYV03354,CC,VYV03354,
2008-02-17 05:17:25 PST,ajohnson,CC,ajohnson,
2008-02-28 10:20:47 PST,vladimir,CC,vladimir,
2008-02-28 10:20:47 PST,vladimir,Flags,blocking1.9-, wanted-next+,
2008-02-28 16:21:34 PST,pavlov,Flags,blocking1.9+,blocking1.9-, wanted-next+
2008-02-28 16:21:34 PST,pavlov,Priority,P2,P4
2008-02-28 16:21:34 PST,pavlov,Assignee,pavlov,nobody
2008-02-28 16:21:55 PST,jdaggett,CC,jdaggett,
2008-02-28 16:24:10 PST,vladimir,Flags,,tracking1.9+
2008-03-12 21:17:16 PDT,pavlov,Status,RESOLVED,NEW
2008-03-12 21:17:16 PDT,pavlov,Resolution,FIXED,---
2008-03-12 21:17:16 PDT,pavlov,Last Resolved,2008-03-12 21:17:16,
2008-03-16 16:00:42 PDT,karlt,Blocks,324857,
2008-04-01 08:19:30 PDT,jcea,CC,jcea,
