When,Who,What,Added,Removed
2008-01-04 05:59:51 PST,zeniko,Flags,blocking-firefox3?,
2008-01-04 06:02:36 PST,zeniko,Summary,temporary downloads no longer cleaned up at shutdown (read-only),temporary downloads no longer clean up at shutdown
2008-01-04 09:54:28 PST,mkmelin+mozilla,Hardware,All,PC
2008-01-04 09:54:28 PST,mkmelin+mozilla,OS,All,Windows XP
2008-01-04 09:54:28 PST,mkmelin+mozilla,Assignee,mkmelin+mozilla,nobody
2008-01-04 09:54:28 PST,mkmelin+mozilla,CC,mkmelin+mozilla,
2008-01-04 11:20:16 PST,mkmelin+mozilla,Attachment #295405                Flags,review?(cbiesinger), superreview?(cbiesinger),
2008-01-04 11:20:48 PST,mkmelin+mozilla,Status,ASSIGNED,NEW
2008-01-04 16:15:16 PST,gavin.sharp,Product,Core,Firefox
2008-01-04 16:15:16 PST,gavin.sharp,Status,NEW,ASSIGNED
2008-01-04 16:15:16 PST,gavin.sharp,Component,File Handling,Download Manager
2008-01-04 16:15:16 PST,gavin.sharp,Assignee,nobody,mkmelin+mozilla
2008-01-04 16:15:16 PST,gavin.sharp,QA Contact,file-handling,download.manager
2008-01-04 16:15:16 PST,gavin.sharp,CC,gavin.sharp,
2008-01-04 16:15:16 PST,gavin.sharp,Flags,,blocking-firefox3?
2008-01-04 16:15:42 PST,gavin.sharp,Flags,blocking1.9?,
2008-01-05 16:04:53 PST,cbiesinger,Attachment #295405                Flags,review+, superreview+,review?(cbiesinger), superreview?(cbiesinger)
2008-01-06 10:07:59 PST,mkmelin+mozilla,Assignee,mkmelin+mozilla,nobody
2008-01-06 10:08:17 PST,mkmelin+mozilla,Status,ASSIGNED,NEW
2008-01-06 10:08:52 PST,mkmelin+mozilla,Attachment #295405                Flags,approval1.9?,
2008-01-06 10:31:06 PST,mtschrep,Attachment #295405                Flags,approval1.9+,approval1.9?
2008-01-07 09:12:15 PST,mkmelin+mozilla,Resolution,FIXED,---
2008-01-07 09:12:15 PST,mkmelin+mozilla,Target Milestone,mozilla1.9 M11,---
2008-01-07 09:12:15 PST,mkmelin+mozilla,Flags,,blocking1.9?
2008-01-07 09:12:15 PST,mkmelin+mozilla,Last Resolved,2008-01-07 09:12:15,
2008-01-07 09:12:15 PST,mkmelin+mozilla,Status,RESOLVED,ASSIGNED
2008-01-07 09:43:44 PST,reed,CC,reed,
2008-01-07 09:44:02 PST,reed,Flags,blocking1.9?,
2008-01-11 17:11:46 PST,zeniko,Status,VERIFIED,RESOLVED
