When,Who,What,Added,Removed
2008-01-04 01:28:56 PST,chris.j.bugzilla,Flags,blocking-calendar0.8?,
2008-01-04 03:33:02 PST,ssitter,Keywords,regression,
2008-01-04 05:47:50 PST,philipp,Attachment #295364                Flags,review+,
2008-01-04 05:50:20 PST,sebo.moz,Keywords,checkin-needed,
2008-01-04 05:50:20 PST,sebo.moz,CC,sebo.moz,
2008-01-04 06:02:42 PST,bugzilla,Hardware,All,PC
2008-01-04 06:02:42 PST,bugzilla,OS,All,Windows XP
2008-01-04 06:02:42 PST,bugzilla,Assignee,sebo.moz,nobody
2008-01-04 06:02:42 PST,bugzilla,Flags,blocking-calendar0.8+,blocking-calendar0.8?
2008-01-04 06:03:06 PST,bugzilla,Status,ASSIGNED,NEW
2008-01-04 07:52:37 PST,mschroeder,Keywords,,checkin-needed
2008-01-04 07:52:37 PST,mschroeder,Status,RESOLVED,ASSIGNED
2008-01-04 07:52:37 PST,mschroeder,Resolution,FIXED,---
2008-01-04 07:52:37 PST,mschroeder,Target Milestone,0.8,---
2008-01-04 07:52:37 PST,mschroeder,Last Resolved,2008-01-04 07:52:37,
2008-01-05 01:42:45 PST,bugzilla.spam2,CC,bugzilla.spam2,
2008-01-05 11:02:46 PST,mozilla,CC,temp2000,
2008-01-05 13:43:48 PST,sebo.moz,Version,Trunk,unspecified
2008-01-05 13:43:48 PST,sebo.moz,Status,REOPENED,RESOLVED
2008-01-05 13:43:48 PST,sebo.moz,Resolution,---,FIXED
2008-01-06 11:47:49 PST,sebo.moz,Status,NEW,REOPENED
2008-01-06 11:47:49 PST,sebo.moz,Assignee,nobody,sebo.moz
2008-01-12 16:35:54 PST,bugzilla,Flags,,blocking-calendar0.8+
2008-01-27 11:12:07 PST,ssitter,Summary,[Trunk] It is not possible to resize and reorder the columns of the task list,It is not possible to resize and reorder the columns of the task list
2008-01-27 11:12:32 PST,ssitter,Attachment #295364                Attachment description,[checked in] patch,patch
2008-03-07 14:15:13 PST,ssitter,Status,ASSIGNED,NEW
2008-03-07 14:15:13 PST,ssitter,Assignee,ssitter,nobody
2008-03-07 14:15:13 PST,ssitter,Attachment #308029                Flags,review?(philipp),
2008-03-07 22:14:30 PST,prasad,CC,prasad,
2008-03-07 22:26:38 PST,prasad,Attachment #308110                Flags,review?(philipp),
2008-03-08 08:35:28 PST,mkmelin+mozilla,CC,mkmelin+mozilla,
2008-03-11 06:28:32 PDT,ssitter,Status,NEW,ASSIGNED
2008-03-11 06:28:32 PDT,ssitter,Assignee,prasad,ssitter
2008-03-11 06:28:58 PDT,ssitter,Attachment #308029                Attachment is obsolete,1,0
2008-03-11 06:28:58 PDT,ssitter,Attachment #308029                Flags,,review?(philipp)
2008-03-11 06:29:15 PDT,ssitter,Status,ASSIGNED,NEW
2008-03-11 06:47:53 PDT,prasad,Attachment #308110                Attachment is obsolete,1,0
2008-03-11 06:47:53 PDT,prasad,Attachment #308110                Flags,,review?(philipp)
2008-03-13 05:39:28 PDT,prasad,Attachment #309093                Flags,review?(philipp),
2008-03-14 11:22:26 PDT,philipp,Attachment #309093                Flags,review+,review?(philipp)
2008-04-09 10:59:25 PDT,prasad,Attachment #309093                Attachment is obsolete,1,0
2008-04-09 11:02:21 PDT,ssitter,Keywords,checkin-needed,
2008-04-11 07:55:04 PDT,philipp,Target Milestone,0.9,0.8
2008-04-11 07:55:04 PDT,philipp,Last Resolved,2008-04-11 07:55:04,2008-01-04 07:52:37
2008-04-11 07:55:04 PDT,philipp,Keywords,,checkin-needed
2008-04-11 07:55:04 PDT,philipp,Status,RESOLVED,ASSIGNED
2008-04-11 07:55:04 PDT,philipp,Resolution,FIXED,---
2008-05-03 10:24:55 PDT,ssitter,Depends on,432018,
2008-07-03 04:45:39 PDT,andreas.treumann,Status,VERIFIED,RESOLVED
2008-07-03 04:45:39 PDT,andreas.treumann,CC,andreas.treumann,
