When,Who,What,Added,Removed
2008-01-22 05:48:52 PST,mzehe,CC,marco.zehe,
2008-01-23 00:36:30 PST,surkov.alexander,CC,surkov.alexander,
2008-01-23 07:51:27 PST,surkov.alexander,Status,NEW,UNCONFIRMED
2008-01-23 07:51:27 PST,surkov.alexander,Ever confirmed,1,0
2008-02-01 00:38:35 PST,surkov.alexander,Attachment #300650                Attachment is obsolete,1,0
2008-02-01 00:49:39 PST,surkov.alexander,CC,roc, neil, Olli.Pettay,
2008-02-02 02:01:52 PST,surkov.alexander,Status,ASSIGNED,NEW
2008-02-02 02:01:52 PST,surkov.alexander,Assignee,surkov.alexander,aaronleventhal
2008-02-02 02:01:52 PST,surkov.alexander,Attachment #300840                Attachment is obsolete,1,0
2008-02-02 02:01:52 PST,surkov.alexander,Attachment #300997                Flags,review?(aaronleventhal),
2008-02-02 06:44:10 PST,aaronlev,CC,aaronleventhal,
2008-02-04 07:21:18 PST,surkov.alexander,Attachment #300997                Attachment is obsolete,1,0
2008-02-04 07:21:18 PST,surkov.alexander,Attachment #301276                Flags,review?(aaronleventhal),
2008-02-04 07:21:18 PST,surkov.alexander,Attachment #300997                Flags,,review?(aaronleventhal)
2008-07-25 02:13:13 PDT,aaronlev,Attachment #301276                Flags,,review?(aaronleventhal)
2008-07-25 02:49:05 PDT,surkov.alexander,Attachment #301276                Flags,review?(Olli.Pettay), superreview?(roc),
2008-07-25 03:01:06 PDT,bugs,Attachment #301276                Flags,review-,review?(Olli.Pettay)
2008-07-25 03:29:02 PDT,surkov.alexander,Attachment #301276                Flags,,superreview?(roc)
2008-07-25 03:29:02 PDT,surkov.alexander,Attachment #301276                Attachment is obsolete,1,0
2008-07-25 03:29:02 PDT,surkov.alexander,Attachment #331287                Flags,review?(Olli.Pettay), superreview?(roc),
2008-07-25 06:41:39 PDT,surkov.alexander,Attachment #331287                Attachment is obsolete,1,0
2008-07-25 06:41:39 PDT,surkov.alexander,Attachment #331302                Flags,review?(Olli.Pettay), superreview?(roc),
2008-07-25 06:41:39 PDT,surkov.alexander,Attachment #331287                Flags,,review?(Olli.Pettay), superreview?(roc)
2008-07-25 06:42:49 PDT,surkov.alexander,Attachment #331302                Flags,review?(aaronleventhal),
2008-07-25 06:44:26 PDT,surkov.alexander,Attachment #331302                Flags,review?(marco.zehe),
2008-07-25 07:20:54 PDT,mzehe,Attachment #331302                Flags,review+,review?(marco.zehe)
2008-07-28 13:36:56 PDT,surkov.alexander,Attachment #331302                Attachment is obsolete,1,0
2008-07-28 13:36:56 PDT,surkov.alexander,Attachment #331591                Flags,review?(Olli.Pettay), superreview?(roc),
2008-07-28 13:36:56 PDT,surkov.alexander,Attachment #331302                Flags,,review?(Olli.Pettay), superreview?(roc), review?(aaronleventhal)
2008-07-28 13:38:02 PDT,surkov.alexander,Attachment #331591                Flags,review?(aaronleventhal),
2008-07-29 11:15:47 PDT,surkov.alexander,Attachment #331633                Flags,review?(Olli.Pettay), superreview?(roc),
2008-07-29 11:15:47 PDT,surkov.alexander,Attachment #331591                Flags,,review?(Olli.Pettay), superreview?(roc), review?(aaronleventhal)
2008-07-29 11:15:47 PDT,surkov.alexander,Attachment #331591                Attachment is obsolete,1,0
2008-07-29 11:16:17 PDT,surkov.alexander,Attachment #331633                Flags,review?(aaronleventhal),
2008-07-30 13:53:58 PDT,surkov.alexander,Attachment #331633                Attachment is obsolete,1,0
2008-07-30 13:53:58 PDT,surkov.alexander,Attachment #331776                Flags,review?(Olli.Pettay), superreview?(roc),
2008-07-30 13:53:58 PDT,surkov.alexander,Attachment #331633                Flags,,review?(Olli.Pettay), superreview?(roc), review?(aaronleventhal)
2008-07-30 22:53:57 PDT,roc,Attachment #331776                Flags,superreview+,superreview?(roc)
2008-07-31 06:55:00 PDT,bugs,Attachment #331776                Flags,review+,review?(Olli.Pettay)
2008-07-31 11:17:23 PDT,surkov.alexander,Attachment #331776                Attachment is obsolete,1,0
2008-07-31 11:17:23 PDT,surkov.alexander,Attachment #331851                Flags,review?(aaronleventhal),
2008-07-31 14:36:08 PDT,aaronlev,Attachment #331851                Flags,review+,review?(aaronleventhal)
2008-08-06 04:22:09 PDT,surkov.alexander,Last Resolved,2008-08-06 04:22:09,
2008-08-06 04:22:09 PDT,surkov.alexander,Status,RESOLVED,ASSIGNED
2008-08-06 04:22:09 PDT,surkov.alexander,Resolution,FIXED,---
2008-08-06 04:38:55 PDT,dao,Target Milestone,mozilla1.9.1a2,---
2008-08-20 18:22:12 PDT,surkov.alexander,Attachment #331851                Flags,approval1.9.0.2?,
2008-08-21 11:45:23 PDT,samuel.sidler+old,CC,samuel.sidler,
2008-08-21 11:45:23 PDT,samuel.sidler+old,Flags,wanted1.9.0.x+, in-testsuite+,
2008-08-21 11:46:10 PDT,samuel.sidler+old,Attachment #331851                Flags,approval1.9.0.2+,approval1.9.0.2?
2008-08-21 18:52:42 PDT,surkov.alexander,Keywords,fixed1.9.0.2,
