When,Who,What,Added,Removed
2008-01-04 15:16:05 PST,mozillamarcia.knous,Status,ASSIGNED,NEW
2008-02-08 16:33:10 PST,reed,Status,NEW,ASSIGNED
2008-02-08 16:33:10 PST,reed,Assignee,reed,marcia
2008-02-08 19:24:06 PST,reed,Status,RESOLVED,NEW
2008-02-08 19:24:06 PST,reed,Resolution,FIXED,---
2008-02-08 19:24:06 PST,reed,Last Resolved,2008-02-08 19:24:06,
2008-02-10 02:01:30 PST,timeless,Status,VERIFIED,RESOLVED
2011-06-26 22:54:48 PDT,nobody,Product,bugzilla.mozilla.org,mozilla.org
2011-06-26 22:54:48 PDT,nobody,Component,Administration,Bugzilla: Keywords & Components
