When,Who,What,Added,Removed
2008-01-03 22:36:28 PST,channy,Attachment #295337                Flags,review?(l10n),
2008-01-03 22:37:24 PST,channy,Status,ASSIGNED,NEW
2008-01-04 04:27:19 PST,channy,Attachment #295337                Flags,approval1.8.1.12?,review?(l10n)
2008-01-04 04:28:28 PST,channy,CC,l10n,
2008-01-04 05:23:14 PST,l10n,Attachment #295337                Flags,approval1.8.1.12+,approval1.8.1.12?
2008-01-11 08:40:55 PST,channy,Keywords,fixed1.8.1.12,
2008-01-11 08:41:29 PST,channy,Keywords,verified1.8.1.12,fixed1.8.1.12
2008-01-11 08:41:29 PST,channy,Status,RESOLVED,ASSIGNED
2008-01-11 08:41:29 PST,channy,Resolution,FIXED,---
2008-01-11 08:41:29 PST,channy,Last Resolved,2008-01-11 08:41:29,
