When,Who,What,Added,Removed
2008-01-03 22:58:44 PST,bzbarsky,Flags,blocking1.9?,
2008-01-03 23:05:10 PST,jruderman,CC,jruderman,
2008-01-05 12:22:03 PST,mtschrep,Flags,blocking1.9+,blocking1.9?
2008-01-05 12:22:03 PST,mtschrep,Priority,P2,--
2008-01-05 12:22:03 PST,mtschrep,CC,mtschrep,
2008-01-06 14:08:45 PST,bzbarsky,Status,ASSIGNED,NEW
2008-01-06 14:08:45 PST,bzbarsky,Assignee,bzbarsky,nobody
2008-01-06 14:08:45 PST,bzbarsky,Attachment #295667                Flags,review?(benjamin), superreview?(benjamin),
2008-01-06 14:18:27 PST,bzbarsky,Summary,[FIX]NS_IMPL_AGGREGATED produces non-threadsafe addref/release that don't assert,NS_IMPL_AGGREGATED produces non-threadsafe addref/release that don't assert
2008-01-09 07:45:09 PST,benjamin,Attachment #295667                Flags,review+, superreview+,review?(benjamin), superreview?(benjamin)
2008-01-09 13:14:11 PST,bzbarsky,Status,RESOLVED,ASSIGNED
2008-01-09 13:14:11 PST,bzbarsky,Resolution,FIXED,---
2008-01-09 13:14:11 PST,bzbarsky,Last Resolved,2008-01-09 13:14:11,
