When,Who,What,Added,Removed
2008-01-03 23:38:59 PST,ehsan,Flags,blocking1.9?,
2008-01-04 14:51:02 PST,ria.klaassen,CC,ria.klaassen,
2008-01-04 15:16:18 PST,gavin.sharp,CC,gavin.sharp, masayuki,
2008-01-04 15:16:18 PST,gavin.sharp,Blocks,394109,
2008-01-04 15:17:45 PST,gavin.sharp,CC,roc,
2008-01-05 21:03:20 PST,worcester12345,CC,worcester12345,
2008-01-05 23:59:39 PST,masayuki,Status,ASSIGNED,NEW
2008-01-05 23:59:39 PST,masayuki,Assignee,masayuki,nobody
2008-01-05 23:59:39 PST,masayuki,Attachment #295598                Flags,review?(roc),
2008-01-06 03:07:40 PST,masayuki,CC,vladimir, sharparrow1,
2008-01-06 14:26:27 PST,roc,Attachment #295598                Flags,review+, superreview+,review?(roc)
2008-01-06 22:33:45 PST,masayuki,Attachment #295598                Flags,approval1.9?,
2008-01-06 22:56:28 PST,mtschrep,Attachment #295598                Flags,approval1.9+,approval1.9?
2008-01-06 23:03:14 PST,masayuki,Status,NEW,ASSIGNED
2008-01-06 23:03:14 PST,masayuki,Assignee,nobody,masayuki
2008-01-07 15:05:47 PST,ehsan,CC,ehsan.akhgari,
2008-01-08 09:56:59 PST,dao,Depends on,411296,
2008-01-10 00:18:28 PST,masayuki,Attachment #296303                Flags,review?(roc), superreview?(roc),
2008-01-10 07:54:27 PST,masayuki,Component,Layout: View Rendering,GFX
2008-01-10 07:54:27 PST,masayuki,Assignee,roc,nobody
2008-01-10 07:54:27 PST,masayuki,QA Contact,ian,general
2008-01-10 07:55:50 PST,masayuki,Blocks,380438,
2008-01-10 16:16:27 PST,gavin.sharp,Depends on,411706,
2008-01-10 22:20:45 PST,masayuki,Attachment #296303                Attachment is obsolete,1,0
2008-01-10 22:20:45 PST,masayuki,Attachment #296484                Flags,review?(roc), superreview?(roc),
2008-01-10 22:20:45 PST,masayuki,Attachment #296303                Flags,,review?(roc), superreview?(roc)
2008-01-10 22:20:45 PST,masayuki,Status,ASSIGNED,NEW
2008-01-10 22:20:45 PST,masayuki,Assignee,masayuki,roc
2008-01-10 22:20:45 PST,masayuki,Attachment #295598                Attachment is obsolete,1,0
2008-01-10 22:22:52 PST,masayuki,Status,NEW,ASSIGNED
2008-01-10 22:22:52 PST,masayuki,Component,GFX: Thebes,Layout: View Rendering
2008-01-10 22:22:52 PST,masayuki,Assignee,nobody,masayuki
2008-01-10 22:22:52 PST,masayuki,QA Contact,thebes,ian
2008-01-10 22:23:16 PST,masayuki,Assignee,masayuki,nobody
2008-01-10 22:23:38 PST,masayuki,Status,ASSIGNED,NEW
2008-01-11 18:19:57 PST,dolske,CC,dolske,
2008-01-12 02:38:24 PST,roc,Attachment #296484                Flags,review+, superreview+, approval1.9+,review?(roc), superreview?(roc)
2008-01-12 05:47:32 PST,jwalden+bmo,CC,jwalden+bmo,
2008-01-12 10:06:43 PST,masayuki,Resolution,FIXED,---
2008-01-12 10:06:43 PST,masayuki,Last Resolved,2008-01-12 10:06:43,
2008-01-12 10:06:43 PST,masayuki,Status,RESOLVED,ASSIGNED
2008-01-12 13:22:57 PST,jwalden+bmo,Flags,in-testsuite?,
2008-11-20 01:20:35 PST,ehsan,Flags,,blocking1.9?
