When,Who,What,Added,Removed
2008-01-03 20:49:37 PST,phiw2,CC,phiw,
2008-01-04 12:27:46 PST,bugzilla-graveyard,CC,cl-bugs,
2008-01-07 18:22:48 PST,dougt,Attachment #295879                Flags,review?,
2008-01-07 18:23:25 PST,dougt,Attachment #295879                Flags,review?(stuart.morgan),review?
2008-01-14 20:59:08 PST,stuart.morgan+bugzilla,Attachment #295879                Flags,review-,review?(stuart.morgan)
2008-01-15 09:09:43 PST,dougt,Attachment #295879                Attachment is obsolete,1,0
2008-01-15 09:09:43 PST,dougt,Status,ASSIGNED,NEW
2008-01-15 09:09:43 PST,dougt,Assignee,dougt,nobody
2008-01-15 09:11:05 PST,dougt,Attachment #297184                Attachment is obsolete,1,0
2008-01-15 12:41:27 PST,krmathis,CC,krmathis,
2008-01-16 14:05:35 PST,dougt,Attachment #297185                Attachment is obsolete,1,0
2008-01-16 14:05:57 PST,dougt,Attachment #297420                Attachment mime type,text/plain,application/octet-stream
2008-01-16 14:05:57 PST,dougt,Attachment #297420                Attachment is patch,1,0
2008-04-18 09:12:20 PDT,stuart.morgan+bugzilla,Attachment #297420                Flags,review?(stuart.morgan),
2008-04-21 13:02:06 PDT,dougt,Status,NEW,ASSIGNED
2008-04-21 13:02:06 PDT,dougt,Assignee,nobody,doug.turner
2008-07-03 06:56:30 PDT,stuart.morgan+bugzilla,Attachment #297420                Flags,review+, superreview?(mikepinkerton),review?(stuart.morgan)
2008-07-03 06:56:54 PDT,stuart.morgan+bugzilla,Flags,camino1.6.3?,
2008-07-06 10:19:10 PDT,mikepinkerton,Attachment #297420                Flags,superreview+,superreview?(mikepinkerton)
2008-07-30 16:25:42 PDT,alqahira,Attachment #297420                Attachment is obsolete,1,0
2008-07-30 16:26:10 PDT,alqahira,Assignee,doug.turner,nobody
2008-07-30 16:26:51 PDT,alqahira,Resolution,FIXED,---
2008-07-30 16:26:51 PDT,alqahira,Last Resolved,2008-07-30 16:26:51,
2008-07-30 16:26:51 PDT,alqahira,Status,RESOLVED,NEW
2008-08-25 10:37:03 PDT,alqahira,Keywords,fixed1.8.1.17,
2008-08-25 10:37:03 PDT,alqahira,Flags,camino1.6.4+,camino1.6.4?
2011-06-09 14:58:47 PDT,nobody,Crash Signature,[@ nssTrustDomain_LockCertCache],
