When,Who,What,Added,Removed
2008-01-04 00:00:15 PST,philip.chee,Attachment #295342                Flags,review?(mano),
2008-01-04 00:51:41 PST,florian,Attachment #295342                Flags,review+,
2008-01-04 01:02:42 PST,philip.chee,CC,bugspam.Callek,
2008-01-04 15:06:54 PST,asaf,Attachment #295342                Flags,review+,review?(mano)
2008-01-04 15:08:23 PST,florian,Attachment #295342                Flags,approval1.9?,
2008-01-04 15:15:53 PST,gavin.sharp,CC,gavin.sharp,
2008-01-05 12:16:27 PST,mtschrep,Attachment #295342                Flags,approval1.9+,approval1.9?
2008-01-05 14:00:35 PST,reed,Keywords,checkin-needed,
2008-01-05 14:00:35 PST,reed,Version,Trunk,unspecified
2008-01-05 14:00:35 PST,reed,CC,reed,
2008-01-05 19:50:48 PST,reed,Target Milestone,Firefox 3 M11,---
2008-01-05 19:50:48 PST,reed,Last Resolved,2008-01-05 19:50:48,
2008-01-05 19:50:48 PST,reed,Keywords,,checkin-needed
2008-01-05 19:50:48 PST,reed,Status,RESOLVED,NEW
2008-01-05 19:50:48 PST,reed,Resolution,FIXED,---
