When,Who,What,Added,Removed
2008-01-04 05:48:36 PST,longsonr,Attachment #295367                Flags,review?(tor), superreview?(tor),
2008-01-04 08:46:08 PST,tor,Attachment #295367                Flags,review+, superreview+,review?(tor), superreview?(tor)
2008-01-04 08:47:07 PST,longsonr,Attachment #295367                Flags,approval1.9?,
2008-01-04 15:13:31 PST,gavin.sharp,CC,gavin.sharp,
2008-01-05 12:18:21 PST,mtschrep,Attachment #295367                Flags,approval1.9+,approval1.9?
2008-01-07 04:58:31 PST,longsonr,Status,RESOLVED,NEW
2008-01-07 04:58:31 PST,longsonr,Resolution,FIXED,---
2008-01-07 04:58:31 PST,longsonr,Last Resolved,2008-01-07 04:58:31,
2008-01-07 05:47:09 PST,longsonr,Flags,in-testsuite-,
2008-01-10 04:56:50 PST,jwatt,CC,jwatt,
