When,Who,What,Added,Removed
2008-01-07 06:42:47 PST,emmanuel,Assignee,eseyman,general
2008-01-07 06:42:47 PST,emmanuel,Attachment #295765                Flags,review?(mkanat),
2008-01-07 06:42:47 PST,emmanuel,Status,ASSIGNED,NEW
2008-01-07 06:45:30 PST,emmanuel,Attachment #295765                Attachment is obsolete,1,0
2008-01-07 06:45:30 PST,emmanuel,Attachment #295765                Flags,,review?(mkanat)
2008-01-08 09:11:00 PST,emmanuel,Attachment #295767                Flags,review?(mkanat),
2008-01-08 22:19:48 PST,mkanat,Attachment #295767                Flags,review-,review?(mkanat)
2008-01-08 23:05:01 PST,mkanat,Component,bugzilla.org,Bugzilla-General
2008-01-09 00:06:04 PST,mkanat,Status,RESOLVED,ASSIGNED
2008-01-09 00:06:04 PST,mkanat,Resolution,FIXED,---
2008-01-09 00:06:04 PST,mkanat,Last Resolved,2008-01-09 00:06:04,
