When,Who,What,Added,Removed
2008-01-03 20:14:07 PST,jruderman,Summary,address bar eats escaped newlines,address bar eats newlines
2008-01-03 20:14:07 PST,jruderman,CC,jruderman,
2008-01-04 01:56:18 PST,dao,CC,dao,
2008-01-04 15:10:42 PST,gavin.sharp,CC,gavin.sharp,
2008-01-10 15:01:18 PST,dao,Assignee,dao,nobody
2008-01-10 15:01:59 PST,dao,Blocks,366797,
2008-01-10 15:49:06 PST,asrail,CC,asrail,
2008-01-10 23:59:58 PST,fullmetaljacket.xp+bugmail,CC,fullmetaljacket.xp+bugmail,
2008-01-12 14:33:30 PST,dao,Resolution,FIXED,---
2008-01-12 14:33:30 PST,dao,Target Milestone,Firefox 3 M11,---
2008-01-12 14:33:30 PST,dao,Last Resolved,2008-01-12 14:33:30,
2008-01-12 14:33:30 PST,dao,Status,RESOLVED,NEW
2008-01-12 14:34:14 PST,dao,Status,REOPENED,RESOLVED
2008-01-12 14:34:14 PST,dao,Resolution,---,FIXED
2008-01-12 14:53:27 PST,zeniko,Status,ASSIGNED,REOPENED
2008-01-12 14:53:27 PST,zeniko,Assignee,zeniko,dao
2008-01-12 14:53:27 PST,zeniko,Attachment #296754                Flags,review?(mano),
2008-01-13 10:54:43 PST,andrewm715+bugzilla,CC,andrewm715+bugzilla,
2008-01-19 05:46:56 PST,asaf,Attachment #296754                Flags,review+,review?(mano)
2008-01-19 05:51:02 PST,zeniko,Attachment #296754                Flags,approval1.9?,
2008-01-19 14:59:21 PST,mtschrep,Attachment #296754                Flags,approval1.9+,approval1.9?
2008-01-19 15:11:29 PST,zeniko,Keywords,checkin-needed,
2008-01-19 18:58:45 PST,reed,Keywords,,checkin-needed
2008-01-19 18:58:45 PST,reed,Status,RESOLVED,ASSIGNED
2008-01-19 18:58:45 PST,reed,Resolution,FIXED,---
2008-01-19 18:58:45 PST,reed,CC,reed,
2008-01-19 18:58:45 PST,reed,Last Resolved,2008-01-19 18:58:45,2008-01-12 14:33:30
