When,Who,What,Added,Removed
2008-01-04 04:54:08 PST,LpSolit,Severity,blocker,normal
2008-01-07 07:46:00 PST,emmanuel,Status,ASSIGNED,NEW
2008-01-07 07:46:00 PST,emmanuel,Assignee,eseyman,general
2008-01-07 07:46:00 PST,emmanuel,Attachment #295775                Flags,review?(mkanat),
2008-01-08 22:29:59 PST,mkanat,Attachment #295775                Flags,review+,review?(mkanat)
2008-01-08 22:30:43 PST,mkanat,Component,bugzilla.org,Bugzilla-General
2008-01-09 00:06:12 PST,mkanat,Last Resolved,2008-01-09 00:06:12,
2008-01-09 00:06:12 PST,mkanat,Status,RESOLVED,ASSIGNED
2008-01-09 00:06:12 PST,mkanat,Resolution,FIXED,---
