When,Who,What,Added,Removed
2008-01-03 18:59:24 PST,jminta,Attachment #295317                Flags,review?(bienvenu), superreview?(bienvenu),
2008-01-03 20:22:09 PST,mozilla,Attachment #295317                Flags,review+, superreview+,review?(bienvenu), superreview?(bienvenu)
2008-01-04 13:45:58 PST,pcvrcek,CC,bugs,
2008-01-04 18:17:49 PST,richwklein,Blocks,381190,
2008-01-05 03:18:32 PST,mkmelin+mozilla,Hardware,All,PC
2008-01-05 03:18:32 PST,mkmelin+mozilla,OS,All,Mac OS X
2008-01-05 03:18:32 PST,mkmelin+mozilla,CC,mkmelin+mozilla,
2008-01-24 11:55:48 PST,jminta,Status,RESOLVED,ASSIGNED
2008-01-24 11:55:48 PST,jminta,Resolution,FIXED,---
2008-01-24 11:55:48 PST,jminta,Last Resolved,2008-01-24 11:55:48,
