When,Who,What,Added,Removed
2008-02-16 18:54:41 PST,bielawski1,Keywords,polish,
2008-02-16 18:54:41 PST,bielawski1,CC,bielawski1,
2008-04-24 06:22:19 PDT,from.bmo.18,CC,mernen+bugzilla,
2008-06-01 08:23:09 PDT,kliu,Status,RESOLVED,UNCONFIRMED
2008-06-01 08:23:09 PDT,kliu,Resolution,DUPLICATE,---
2008-06-01 08:23:09 PDT,kliu,Last Resolved,2008-06-01 08:23:09,
2008-06-01 08:23:17 PDT,kliu,CC,kliu,
2009-02-27 07:27:35 PST,dao,Whiteboard,[polish-easy][polish-interactive][polish-high-visibility],
2009-02-27 07:27:35 PST,dao,Status,UNCONFIRMED,RESOLVED
2009-02-27 07:27:35 PST,dao,Resolution,---,DUPLICATE
2009-02-27 07:27:35 PST,dao,Assignee,dao,nobody
2009-02-27 07:27:35 PST,dao,CC,dao,
2009-02-27 07:27:35 PST,dao,Depends on,437009,
2009-02-27 07:28:58 PST,dao,Status,ASSIGNED,UNCONFIRMED
2009-02-27 07:28:58 PST,dao,Ever confirmed,1,0
2009-02-28 06:50:29 PST,dao,Blocks,288082,
2009-02-28 12:06:26 PST,dao,Attachment #364705                Flags,review?(vladimir),
2009-02-28 12:06:43 PST,dao,Attachment #364705                Flags,review?(neil),
2009-02-28 12:20:01 PST,vladimir,Attachment #364705                Flags,review+,review?(vladimir)
2009-03-08 15:25:04 PDT,neil,Attachment #364705                Flags,review+,review?(neil)
2009-03-09 16:34:30 PDT,dao,Attachment #366429                Flags,review?(neil),
2009-03-09 16:34:59 PDT,dao,Whiteboard,[polish-hard][polish-interactive][polish-high-visibility],[polish-easy][polish-interactive][polish-high-visibility]
2009-03-13 05:15:21 PDT,neil,Attachment #366429                Flags,review+,review?(neil)
2009-03-13 05:27:49 PDT,dao,Summary,Menu buttons, menulists, autocomplete dropdown buttons and toolbarbuttons with menupopups should appear pressed when the menupopup is open,Menubuttons, menulists, and toolbarbuttons with menupopups should appear pressed when the menupopup is visible
2009-03-13 05:27:49 PDT,dao,Status,RESOLVED,ASSIGNED
2009-03-13 05:27:49 PDT,dao,Resolution,FIXED,---
2009-03-13 05:27:49 PDT,dao,Target Milestone,mozilla1.9.2a1,---
2009-03-13 05:27:49 PDT,dao,Last Resolved,2009-03-13 05:27:49,2008-06-01 08:23:09
2009-03-13 05:28:32 PDT,dao,Attachment #364705                Attachment is obsolete,1,0
2009-03-13 05:28:37 PDT,dao,Attachment #366429                Flags,approval1.9.1?,
2009-03-13 05:29:23 PDT,dao,OS,Windows XP,Windows Vista
2009-03-14 01:54:13 PDT,vladimir,CC,vladimir,
2009-03-14 08:18:53 PDT,dao,Attachment #367382                Flags,approval1.9.1?,
2009-03-14 08:19:53 PDT,dao,Attachment #366429                Flags,,approval1.9.1?
2009-03-31 14:58:58 PDT,faaborg,CC,faaborg,
2009-03-31 14:58:58 PDT,faaborg,Flags,wanted1.9.1?,
2009-04-09 07:52:33 PDT,mbeltzner,Attachment #367382                Flags,approval1.9.1+,approval1.9.1?
2009-04-09 08:53:23 PDT,dao,Keywords,checkin-needed,
2009-04-09 16:19:04 PDT,dao,Keywords,fixed1.9.1,checkin-needed
2009-04-22 13:36:32 PDT,mozaakash,Keywords,verified1.9.1,fixed1.9.1
2009-04-22 13:36:32 PDT,mozaakash,Status,VERIFIED,RESOLVED
2009-04-22 13:36:32 PDT,mozaakash,CC,adesai,
2009-06-23 00:29:56 PDT,faaborg,Whiteboard,[polish-hard][polish-interactive][polish-p1],[polish-hard][polish-interactive][polish-high-visibility]
2011-07-28 17:20:26 PDT,faaborg,Flags,,wanted1.9.1?
