When,Who,What,Added,Removed
2008-01-03 17:07:46 PST,LpSolit,Flags,blocking3.0.3+,
2008-01-03 17:08:52 PST,LpSolit,Version,3.0.2,3.1.2
2008-01-04 01:07:00 PST,emmanuel,CC,eseyman,
2008-01-04 02:48:25 PST,bigstijn,CC,bigstijn,
2008-01-04 04:36:34 PST,emmanuel,Depends on,410770,
2008-01-04 04:38:15 PST,emmanuel,Depends on,410769,
2008-01-04 04:39:58 PST,emmanuel,Depends on,410773,
2008-01-04 04:41:51 PST,emmanuel,Depends on,410775,
2008-01-04 04:43:46 PST,emmanuel,Depends on,410776,
2008-01-04 04:50:11 PST,emmanuel,Depends on,410779,
2008-01-04 20:51:05 PST,shimono,CC,shimono,
2008-01-07 05:17:55 PST,cedric.corazza,Attachment #295754                Flags,review?(mkanat),
2008-01-07 05:40:04 PST,cedric.corazza,Attachment #295754                Attachment is patch,0,1
2008-01-07 05:40:04 PST,cedric.corazza,Attachment #295754                Attachment is obsolete,1,0
2008-01-07 05:40:04 PST,cedric.corazza,Attachment #295754                Flags,,review?(mkanat)
2008-01-08 21:28:14 PST,mkanat,Depends on,,410769
2008-01-08 23:06:46 PST,mkanat,Assignee,mkanat,general
2008-01-08 23:14:55 PST,mkanat,Status,ASSIGNED,NEW
2008-01-09 01:07:23 PST,mkanat,CC,LpSolit,
2008-01-09 01:07:33 PST,mkanat,Resolution,FIXED,---
2008-01-09 01:07:33 PST,mkanat,Last Resolved,2008-01-09 01:07:33,
2008-01-09 01:07:33 PST,mkanat,Status,RESOLVED,ASSIGNED
2008-01-09 05:00:07 PST,LpSolit,Status,VERIFIED,RESOLVED
