When,Who,What,Added,Removed
2008-01-03 15:39:10 PST,jason.barnabe,CC,bbayles,
2008-01-03 16:17:16 PST,jason.barnabe,Assignee,bbayles,nobody
2008-01-03 17:40:05 PST,bbayles,URL,http://support.mozilla.com/tiki-index.php?page=Opening+PDF+files+within+Firefox,
2008-01-03 17:40:05 PST,bbayles,Status,ASSIGNED,NEW
2008-01-03 20:25:08 PST,jason.barnabe,Status,RESOLVED,ASSIGNED
2008-01-03 20:25:08 PST,jason.barnabe,Resolution,FIXED,---
2008-01-03 20:25:08 PST,jason.barnabe,Last Resolved,2008-01-03 20:25:08,
2008-01-03 20:25:17 PST,jason.barnabe,Status,VERIFIED,RESOLVED
2009-10-05 14:48:41 PDT,bmo2010,CC,tanner.sumo.bugs,
