When,Who,What,Added,Removed
2008-01-21 19:13:30 PST,jason.barnabe,Status,ASSIGNED,NEW
2008-01-21 19:13:30 PST,jason.barnabe,Assignee,jason_barnabe,nobody
2008-01-21 19:13:30 PST,jason.barnabe,Attachment #298397                Flags,review?(nelson),
2008-01-25 13:49:39 PST,nelson,CC,nelson,
2008-01-25 13:52:25 PST,nelson,Attachment #298397                Flags,review+,review?(nelson)
2008-01-25 13:52:39 PST,nelson,Status,RESOLVED,ASSIGNED
2008-01-25 13:52:39 PST,nelson,Resolution,FIXED,---
2008-01-25 13:52:39 PST,nelson,Last Resolved,2008-01-25 13:52:39,
2008-01-25 14:27:01 PST,jason.barnabe,CC,jason_barnabe,
2008-02-07 17:41:45 PST,jason.barnabe,Status,VERIFIED,RESOLVED
2009-03-03 08:50:30 PST,jason.barnabe,CC,,jason.barnabe
2009-10-29 08:36:25 PDT,djst,Whiteboard,tiki_triage,
2009-10-29 08:36:25 PDT,djst,CC,djst,
2010-01-12 00:55:30 PST,marclaporte,Whiteboard,tiki_test,tiki_triage
2010-01-12 00:55:30 PST,marclaporte,CC,marclaporte,
