When,Who,What,Added,Removed
2008-01-04 09:54:51 PST,mozillamarcia.knous,Status,ASSIGNED,NEW
2008-01-04 10:01:09 PST,reed,Whiteboard,ssh-key, form,
2008-01-04 10:01:09 PST,reed,Summary,SVN Account Request - Matthew Gertner <matthew@allpeers.com>,CVS Account Request - Matthew Gertner <matthew@allpeers.com>
2008-01-04 10:01:09 PST,reed,Status,NEW,ASSIGNED
2008-01-04 10:01:09 PST,reed,Component,Server Operations: Account Requests,CVS Account Request
2008-01-04 10:01:09 PST,reed,Assignee,server-ops,marcia
2008-01-04 10:01:09 PST,reed,QA Contact,justin,justdave
2008-01-04 10:01:09 PST,reed,CC,reed, marcia,
2008-01-06 06:33:19 PST,justdave,Assignee,justdave,server-ops
2008-01-06 06:34:46 PST,justdave,Status,RESOLVED,NEW
2008-01-06 06:34:46 PST,justdave,Resolution,FIXED,---
2008-01-06 06:34:46 PST,justdave,Last Resolved,2008-01-06 06:34:46,
2008-06-25 12:14:21 PDT,reed,Component,Account Request: SVN,Server Operations: Account Requests
2008-06-25 12:14:21 PDT,reed,QA Contact,svn-acct-req,justin
2010-05-09 14:52:42 PDT,timeless,Component,Repository Account Requests,Account Request: SVN
2010-05-09 14:52:42 PDT,timeless,QA Contact,repo-acct-req,svn-acct-req
