When,Who,What,Added,Removed
2008-01-04 06:37:04 PST,LpSolit,CC,mkanat, LpSolit,
2008-01-07 05:54:56 PST,cedric.corazza,Attachment #295759                Flags,review?(mkanat),
2008-01-07 06:58:44 PST,LpSolit,Attachment #295759                Flags,review-,review?(mkanat)
2008-01-07 07:17:58 PST,cedric.corazza,Attachment #295759                Attachment is obsolete,1,0
2008-01-07 07:17:58 PST,cedric.corazza,Attachment #295773                Flags,review?(LpSolit),
2008-01-07 08:42:57 PST,LpSolit,Attachment #295773                Flags,review-,review?(LpSolit)
2008-01-08 11:24:19 PST,cedric.corazza,Attachment #295773                Attachment is obsolete,1,0
2008-01-08 11:24:19 PST,cedric.corazza,Attachment #295977                Flags,review?(LpSolit),
2008-01-08 11:46:13 PST,LpSolit,Attachment #295977                Flags,review+,review?(LpSolit)
2008-01-08 11:46:46 PST,LpSolit,Assignee,cedric.corazza,general
2008-01-08 21:53:34 PST,mkanat,Attachment #295977                Attachment is obsolete,1,0
2008-01-08 21:53:34 PST,mkanat,Attachment #296095                Flags,review+,
2008-01-08 21:57:28 PST,mkanat,Status,RESOLVED,NEW
2008-01-08 21:57:28 PST,mkanat,Resolution,FIXED,---
2008-01-08 21:57:28 PST,mkanat,Target Milestone,Bugzilla 3.0,---
2008-01-08 21:57:28 PST,mkanat,Last Resolved,2008-01-08 21:57:28,
