When,Who,What,Added,Removed
2008-01-04 09:50:31 PST,mozillamarcia.knous,Status,ASSIGNED,NEW
2008-02-14 23:18:46 PST,reed,Assignee,reed,marcia
2008-02-14 23:18:46 PST,reed,Status,NEW,ASSIGNED
2008-02-14 23:20:04 PST,reed,Status,RESOLVED,NEW
2008-02-14 23:20:04 PST,reed,Resolution,FIXED,---
2008-02-14 23:20:04 PST,reed,Last Resolved,2008-02-14 23:20:04,
2008-03-11 15:28:59 PDT,l10n,Status,VERIFIED,RESOLVED
2011-06-26 22:54:48 PDT,nobody,Product,bugzilla.mozilla.org,mozilla.org
2011-06-26 22:54:48 PDT,nobody,Component,Administration,Bugzilla: Keywords & Components
