When,Who,What,Added,Removed
2008-01-04 05:09:23 PST,k.meetme,CC,l10n,
2008-01-04 05:09:48 PST,k.meetme,CC,k.meetme,
2008-01-04 05:10:32 PST,k.meetme,Hardware,PC,All
2008-01-04 05:13:16 PST,k.meetme,Depends on,301816,
2008-01-04 05:17:59 PST,l10n,Status,NEW,UNCONFIRMED
2008-01-04 05:17:59 PST,l10n,Ever confirmed,1,0
2008-01-04 09:53:48 PST,mozillamarcia.knous,Status,ASSIGNED,NEW
2008-01-04 12:25:12 PST,bugzilla,CC,bugzilla,
2008-01-07 01:21:33 PST,l10n,Whiteboard,voucher, ssh-key, form,
2008-01-09 17:23:19 PST,mozillamarcia.knous,Status,NEW,ASSIGNED
2008-01-09 17:23:19 PST,mozillamarcia.knous,Assignee,server-ops,marcia
2008-01-09 19:03:05 PST,chizu,Attachment #295361                Attachment mime type,text/plain,application/octet-stream
2008-01-09 19:03:39 PST,chizu,Assignee,thardcastle,server-ops
2008-01-09 19:03:39 PST,chizu,CC,thardcastle,
2008-01-09 19:05:17 PST,chizu,Status,RESOLVED,NEW
2008-01-09 19:05:17 PST,chizu,Resolution,FIXED,---
2008-01-09 19:05:17 PST,chizu,Last Resolved,2008-01-09 19:05:17,
2008-01-11 01:57:55 PST,l10n,Status,VERIFIED,RESOLVED
