When,Who,What,Added,Removed
2008-01-07 05:41:58 PST,cedric.corazza,Attachment #295756                Flags,review?(mkanat),
2008-01-07 19:25:35 PST,mkanat,Attachment #295756                Flags,review+,review?(mkanat)
2008-01-08 08:32:35 PST,cedric.corazza,Attachment #295756                Attachment is obsolete,1,0
2008-01-08 08:32:35 PST,cedric.corazza,Attachment #295953                Flags,review+,
2008-01-08 11:48:07 PST,LpSolit,Assignee,cedric.corazza,general
2008-01-08 22:17:11 PST,mkanat,Attachment #296096                Flags,review?,
2008-01-08 23:05:05 PST,mkanat,Component,bugzilla.org,Bugzilla-General
2008-01-09 00:51:08 PST,mkanat,Status,RESOLVED,NEW
2008-01-09 00:51:08 PST,mkanat,Resolution,FIXED,---
2008-01-09 00:51:08 PST,mkanat,Last Resolved,2008-01-09 00:51:08,
2008-01-09 04:46:47 PST,LpSolit,Attachment #296096                Flags,review+,review?
