When,Who,What,Added,Removed
2008-01-03 23:24:03 PST,bzbarsky,Flags,blocking1.9?,
2008-01-03 23:26:14 PST,reed,CC,reed,
2008-01-04 10:52:56 PST,bugzilla,CC,bugzilla,
2008-01-04 12:39:24 PST,mkmelin+mozilla,CC,mkmelin+mozilla,
2008-01-04 15:11:10 PST,gavin.sharp,CC,gavin.sharp,
2008-01-21 13:01:24 PST,dolske,CC,dolske,
2008-01-22 16:33:19 PST,mtschrep,Priority,P4,--
2008-01-22 16:33:19 PST,mtschrep,CC,mtschrep,
2008-01-22 16:33:19 PST,mtschrep,Flags,blocking1.9-, wanted1.9+,blocking1.9?
2008-01-22 16:36:12 PST,davida,CC,david.ascher,
2008-01-22 17:11:56 PST,bzbarsky,CC,neil,
2008-01-22 17:11:56 PST,bzbarsky,Flags,blocking-thunderbird3?,
2008-03-11 14:24:38 PDT,bzbarsky,Depends on,330273,
2008-03-11 14:24:38 PDT,bzbarsky,Blocks,422178,
2008-03-11 14:36:18 PDT,vseerror,Severity,critical,normal
2008-03-11 14:36:18 PDT,vseerror,CC,vseerror,
2008-03-11 15:58:13 PDT,dmose,CC,dmose,
2008-03-11 16:00:29 PDT,davida,Flags,blocking-thunderbird3+, wanted-thunderbird3.0a1?,blocking-thunderbird3?
2008-03-11 16:05:20 PDT,dolske,Keywords,dogfood,
2008-03-12 00:10:48 PDT,hhschwab,CC,hhschwab,
2008-03-17 00:56:52 PDT,jag-mozilla,CC,jag,
2008-03-17 13:04:49 PDT,dolske,Flags,blocking-thunderbird3.0a1?,
2008-03-25 14:24:05 PDT,bugmil.ebirol,CC,ebirol,
2008-03-27 08:22:25 PDT,mnyromyr,CC,mnyromyr,
2008-03-27 09:20:27 PDT,dmose,Flags,blocking-thunderbird3.0a1+,blocking-thunderbird3.0a1?
2008-03-27 11:05:15 PDT,dmose,Flags,,wanted-thunderbird3.0a1?
2008-03-29 16:22:27 PDT,ezh,CC,ezh,
2008-03-29 21:39:56 PDT,asrail,CC,asrail,
2008-03-30 13:30:38 PDT,steffen.wilberg,CC,steffen.wilberg,
2008-04-14 16:01:27 PDT,bugmil.ebirol,Attachment #315658                Flags,review?(bienvenu), superreview?(dmose),
2008-04-17 12:23:19 PDT,shopik,CC,shopik,
2008-04-20 09:16:06 PDT,dmose,Assignee,ebirol,bienvenu
2008-04-21 09:06:22 PDT,dmose,Whiteboard,[needs updated patch],
2008-04-21 23:23:27 PDT,bugmil.ebirol,Attachment #316961                Flags,review?(bienvenu), superreview?(dmose),
2008-04-22 04:44:35 PDT,dmose,Attachment #315658                Attachment is obsolete,1,0
2008-04-22 04:44:35 PDT,dmose,Attachment #315658                Flags,,review?(bienvenu), superreview?(dmose)
2008-04-22 05:16:12 PDT,dmose,Attachment #316961                Flags,,superreview?(dmose)
2008-04-22 05:17:05 PDT,dmose,Whiteboard,[needs review bienvenu],[needs updated patch]
2008-04-22 05:48:29 PDT,mozilla,CC,mozilla,
2008-04-25 11:31:15 PDT,davida,Whiteboard,[needs new patch],[needs review bienvenu]
2008-04-28 13:40:13 PDT,bugmil.ebirol,Attachment #315861                Attachment is obsolete,1,0
2008-04-28 13:40:13 PDT,bugmil.ebirol,Attachment #316961                Attachment is obsolete,1,0
2008-04-28 13:40:13 PDT,bugmil.ebirol,Attachment #318230                Flags,review?(bienvenu),
2008-04-28 13:40:13 PDT,bugmil.ebirol,Attachment #316961                Flags,,review?(bienvenu)
2008-04-28 22:08:28 PDT,bugmil.ebirol,Attachment #318230                Attachment is obsolete,1,0
2008-04-28 22:08:28 PDT,bugmil.ebirol,Attachment #318318                Flags,review?(bienvenu),
2008-04-28 22:08:28 PDT,bugmil.ebirol,Attachment #318230                Flags,,review?(bienvenu)
2008-04-28 22:37:09 PDT,davida,Whiteboard,[needs final review bienvenu],[needs new patch]
2008-04-29 08:20:35 PDT,mozilla,Attachment #318318                Flags,review+,review?(bienvenu)
2008-04-29 09:28:12 PDT,dmose,Whiteboard,[needs sr dmose],[needs final review bienvenu]
2008-04-29 09:28:39 PDT,dmose,Attachment #318318                Flags,superreview?(dmose),
2008-04-29 15:39:46 PDT,dmose,Attachment #318318                Flags,superreview-,superreview?(dmose)
2008-04-29 15:52:08 PDT,dmose,Assignee,bienvenu,bugmil.ebirol
2008-04-29 16:56:29 PDT,dmose,Assignee,bugmil.ebirol,bienvenu
2008-04-29 16:57:07 PDT,dmose,Attachment #318318                Flags,superreview+,superreview-
2008-04-29 17:06:04 PDT,dmose,Whiteboard,[needs updated patch],[needs sr dmose]
2008-04-29 17:27:41 PDT,bugmil.ebirol,Attachment #318318                Attachment is obsolete,1,0
2008-04-29 17:27:41 PDT,bugmil.ebirol,Attachment #318514                Flags,review+, superreview+,
2008-04-29 17:29:50 PDT,bugmil.ebirol,Keywords,checkin-needed,
2008-04-29 17:29:50 PDT,bugmil.ebirol,Whiteboard,[check-in needed],[needs updated patch]
2008-04-29 18:26:00 PDT,dmose,Attachment #318514                Attachment description,Patch for proxying CloseStreams() over UI thread rev5 (checked in),Patch for proxying CloseStreams() over UI thread rev5
2008-04-29 18:26:49 PDT,dmose,Last Resolved,2008-04-29 18:26:49,
2008-04-29 18:26:49 PDT,dmose,Keywords,,checkin-needed
2008-04-29 18:26:49 PDT,dmose,Whiteboard,,[check-in needed]
2008-04-29 18:26:49 PDT,dmose,Status,RESOLVED,NEW
2008-04-29 18:26:49 PDT,dmose,Resolution,FIXED,---
2008-04-29 21:11:57 PDT,stephen.donner,Summary,IMAP code deadlocks when it can't reach the network,Imap code deadlocks when it can't reach the network
2008-04-29 21:11:57 PDT,stephen.donner,CC,ctalbert, stephen.donner,
2009-01-22 10:17:27 PST,nobody,Product,MailNews Core,Core
