When,Who,What,Added,Removed
2008-01-04 12:24:13 PST,bugzilla,CC,bugzilla,
2008-01-04 12:24:13 PST,bugzilla,Product,mozilla.org,Websites
2008-01-04 12:24:13 PST,bugzilla,Version,other,unspecified
2008-01-04 12:24:13 PST,bugzilla,Component,www.mozilla.org,*.mozilla.org
2008-01-04 12:24:13 PST,bugzilla,QA Contact,www-mozilla-org,other-mozilla-org
2008-02-26 15:14:02 PST,sring,Status,RESOLVED,UNCONFIRMED
2008-02-26 15:14:02 PST,sring,Resolution,FIXED,---
2008-02-26 15:14:02 PST,sring,Last Resolved,2008-02-26 15:14:02,
2008-02-26 20:35:35 PST,bugzilla,Status,VERIFIED,RESOLVED
2008-07-31 04:30:00 PDT,nobody,Product,Websites,mozilla.org
2012-08-23 00:16:07 PDT,nobody,Product,www.mozilla.org,Websites
2012-08-23 00:16:07 PDT,nobody,Component,General,www.mozilla.org
