When,Who,What,Added,Removed
2008-01-03 15:20:47 PST,anodelman,Attachment #295291                Flags,review?(rcampbell),
2008-01-04 07:13:11 PST,rcampbell,Attachment #295291                Flags,review+,review?(rcampbell)
2008-01-04 15:28:16 PST,anodelman,Status,RESOLVED,NEW
2008-01-04 15:28:16 PST,anodelman,Resolution,FIXED,---
2008-01-04 15:28:16 PST,anodelman,Last Resolved,2008-01-04 15:28:16,
2008-12-20 07:29:23 PST,ted,Product,mozilla.org,Core
2008-12-20 07:29:23 PST,ted,Version,other,unspecified
2008-12-20 07:29:23 PST,ted,Component,Release Engineering: Talos,Testing
2008-12-20 07:29:23 PST,ted,QA Contact,release,testing
2009-05-18 10:42:14 PDT,timeless,Component,Release Engineering,Release Engineering: Talos
2013-08-12 21:54:08 PDT,nobody,Product,Release Engineering,mozilla.org
