When,Who,What,Added,Removed
2008-01-07 20:57:02 PST,twanno,Status,ASSIGNED,UNCONFIRMED
2008-01-07 20:57:02 PST,twanno,Assignee,twanno,nobody
2008-01-07 20:57:02 PST,twanno,Ever confirmed,1,0
2008-01-07 20:57:02 PST,twanno,Attachment #295898                Flags,review?(mano),
2008-01-07 21:00:33 PST,reed,Version,Trunk,unspecified
2008-01-07 21:00:33 PST,reed,CC,reed,
2008-01-07 23:58:05 PST,gavin.sharp,CC,gavin.sharp,
2008-01-17 05:50:53 PST,reed,Flags,blocking-firefox3?,
2008-01-17 05:52:34 PST,reed,CC,rflint,
2008-01-17 05:55:21 PST,michael.monreal+moz,CC,michael.monreal,
2008-01-17 05:59:54 PST,elmar.ludwig,CC,elmar.ludwig,
2008-01-23 17:30:42 PST,asaf,Attachment #295898                Flags,,review?(mano)
2008-01-23 20:51:36 PST,reed,CC,frnchfrgg-mozbugs, roc, ventnor.bugzilla, twanno, ispence,
2008-01-24 01:15:18 PST,myk,Attachment #295898                Flags,review+,
2008-01-24 01:15:47 PST,myk,CC,myk,
2008-01-24 01:20:07 PST,reed,Attachment #295898                Flags,approval1.9?,
2008-01-24 01:36:27 PST,pavlov,Attachment #295898                Flags,approval1.9+,approval1.9?
2008-01-24 01:51:25 PST,reed,Status,RESOLVED,ASSIGNED
2008-01-24 01:51:25 PST,reed,Resolution,FIXED,---
2008-01-24 01:51:25 PST,reed,Target Milestone,Firefox 3 M11,---
2008-01-24 01:51:25 PST,reed,Last Resolved,2008-01-24 01:51:25,
2008-01-24 12:08:21 PST,elmar.ludwig,Blocks,404617,
2008-02-05 23:12:59 PST,mconnor,CC,mconnor,
2008-02-05 23:12:59 PST,mconnor,Flags,blocking-firefox3+,blocking-firefox3?
2008-06-06 15:19:33 PDT,paul+moz,Status,VERIFIED,RESOLVED
2008-06-07 00:19:47 PDT,kontakt,Status,REOPENED,VERIFIED
2008-06-07 00:19:47 PDT,kontakt,Resolution,---,FIXED
2008-06-07 01:08:39 PDT,rflint,CC,,rflint
2008-06-07 02:34:43 PDT,chris.blore,CC,chris.blore,
2008-06-07 23:52:26 PDT,mconnor,Status,RESOLVED,REOPENED
2008-06-07 23:52:26 PDT,mconnor,Resolution,FIXED,---
2008-06-07 23:52:26 PDT,mconnor,Last Resolved,2008-06-07 23:52:26,2008-01-24 01:51:25
