When,Who,What,Added,Removed
2008-01-08 15:46:17 PST,mak77,CC,mak77,
2008-01-08 16:38:13 PST,mak77,Status,ASSIGNED,NEW
2008-01-08 16:38:13 PST,mak77,Assignee,mak77,nobody
2008-01-08 16:38:13 PST,mak77,Attachment #296055                Flags,review?(mano),
2008-01-08 16:40:52 PST,mak77,Flags,blocking-firefox3?,
2008-01-08 16:49:41 PST,mak77,Attachment #296055                Flags,approval1.9?,
2008-01-08 17:24:46 PST,asaf,Attachment #296055                Flags,review+,review?(mano)
2008-01-08 19:23:44 PST,mconnor,Attachment #296055                Flags,approval1.9+,approval1.9?
2008-01-08 21:44:04 PST,reed,Keywords,checkin-needed,
2008-01-08 21:44:04 PST,reed,CC,reed,
2008-01-08 22:19:44 PST,asaf,CC,mano,
2008-01-08 22:19:44 PST,asaf,Target Milestone,Firefox 3 M11,---
2008-01-08 22:19:44 PST,asaf,Last Resolved,2008-01-08 22:19:44,
2008-01-08 22:19:44 PST,asaf,Keywords,,checkin-needed
2008-01-08 22:19:44 PST,asaf,Status,RESOLVED,ASSIGNED
2008-01-08 22:19:44 PST,asaf,Resolution,FIXED,---
2008-01-09 02:23:16 PST,mak77,Flags,,blocking-firefox3?
2008-02-08 14:46:46 PST,abillings,Status,VERIFIED,RESOLVED
2009-11-26 05:58:57 PST,gerv,Component,Bookmarks & History,Places
2009-11-26 05:58:57 PST,gerv,QA Contact,bookmarks,places
