When,Who,What,Added,Removed
2008-01-03 16:00:16 PST,anodelman,Attachment #295299                Flags,review?(rcampbell),
2008-01-04 07:14:20 PST,rcampbell,Attachment #295299                Flags,review+,review?(rcampbell)
2008-01-04 15:28:33 PST,anodelman,Status,RESOLVED,NEW
2008-01-04 15:28:33 PST,anodelman,Resolution,FIXED,---
2008-01-04 15:28:33 PST,anodelman,Last Resolved,2008-01-04 15:28:33,
2008-12-20 07:29:27 PST,ted,Product,mozilla.org,Core
2008-12-20 07:29:27 PST,ted,Version,other,unspecified
2008-12-20 07:29:27 PST,ted,Component,Release Engineering: Talos,Testing
2008-12-20 07:29:27 PST,ted,QA Contact,release,testing
2009-05-18 10:42:27 PDT,timeless,Component,Release Engineering,Release Engineering: Talos
2013-08-12 21:54:08 PDT,nobody,Product,Release Engineering,mozilla.org
