When,Who,What,Added,Removed
2008-01-04 16:02:18 PST,jason.barnabe,CC,jason_barnabe,
2008-01-04 16:18:26 PST,bmo2010,URL,http://support.mozilla.com/kb/Cannot+uninstall+an+add-on,
2008-01-04 16:18:26 PST,bmo2010,Status,NEW,UNCONFIRMED
2008-01-04 16:18:26 PST,bmo2010,Assignee,bugzilla.cww,nobody
2008-01-04 16:18:26 PST,bmo2010,CC,bmo2008,
2008-01-04 16:18:26 PST,bmo2010,Ever confirmed,1,0
2008-01-04 16:19:28 PST,bmo2010,Summary,KB article: Cannot uninstall an add-on,Advanced uninstalling techniques
2008-01-04 17:02:09 PST,cww,Status,ASSIGNED,NEW
2008-01-04 17:08:29 PST,cww,Status,RESOLVED,ASSIGNED
2008-01-04 17:08:29 PST,cww,Resolution,FIXED,---
2008-01-04 17:08:29 PST,cww,Last Resolved,2008-01-04 17:08:29,
2008-01-08 22:43:54 PST,bmo2010,Status,VERIFIED,RESOLVED
2009-03-03 08:50:35 PST,jason.barnabe,CC,,jason.barnabe
