When,Who,What,Added,Removed
2008-01-04 07:40:03 PST,sdwilsh,Keywords,mlk,
2008-01-04 07:40:03 PST,sdwilsh,Version,Trunk,unspecified
2008-01-04 07:40:03 PST,sdwilsh,Assignee,comrade693+bmo,nobody
2008-01-04 07:40:03 PST,sdwilsh,Target Milestone,mozilla1.9 M11,---
2008-01-04 10:59:14 PST,sdwilsh,Attachment #295400                Flags,review?(cbiesinger), superreview?(cbiesinger),
2008-01-04 10:59:51 PST,sdwilsh,Whiteboard,[has patch][needs r biesi][needs sr biesi],
2008-01-04 12:46:14 PST,cbiesinger,Attachment #295400                Flags,review+, superreview+,review?(cbiesinger), superreview?(cbiesinger)
2008-01-04 15:18:20 PST,gavin.sharp,CC,gavin.sharp,
2008-01-04 15:35:30 PST,ryanvm,Whiteboard,[has patch],[has patch][needs r biesi][needs sr biesi]
2008-01-04 15:35:30 PST,ryanvm,CC,ryanvm,
2008-01-06 10:26:26 PST,sdwilsh,Attachment #295400                Flags,approval1.9?,
2008-01-06 10:26:50 PST,sdwilsh,Whiteboard,[has patch][has review][has sr][needs approval],[has patch]
2008-01-06 10:30:09 PST,mtschrep,Attachment #295400                Flags,approval1.9+,approval1.9?
2008-01-06 15:29:09 PST,sdwilsh,Whiteboard,[has patch][has review][has sr][has approval][can land],[has patch][has review][has sr][needs approval]
2008-01-06 16:19:52 PST,sdwilsh,Attachment #295400                Attachment is obsolete,1,0
2008-01-06 16:24:29 PST,sdwilsh,Whiteboard,,[has patch][has review][has sr][has approval][can land]
2008-01-06 16:24:29 PST,sdwilsh,Status,RESOLVED,NEW
2008-01-06 16:24:29 PST,sdwilsh,Resolution,FIXED,---
2008-01-06 16:24:29 PST,sdwilsh,Flags,in-litmus-, in-testsuite-,
2008-01-06 16:24:29 PST,sdwilsh,Last Resolved,2008-01-06 16:24:29,
