When,Who,What,Added,Removed
2008-01-04 10:32:15 PST,romaia,Attachment #295398                Flags,review?(LpSolit),
2008-01-04 10:52:11 PST,LpSolit,Attachment #295398                Flags,review+,review?(LpSolit)
2008-01-04 10:53:23 PST,LpSolit,CC,LpSolit,
2008-01-04 10:53:23 PST,LpSolit,Flags,blocking3.1.3+,
2008-01-04 10:53:23 PST,LpSolit,Summary,Bugzilla fails when editing or deleting a multi-select field value,Multi-select fields values are not editable.
2008-01-04 10:58:55 PST,LpSolit,Depends on,287330,
2008-01-04 11:01:57 PST,LpSolit,Flags,testcase?,
2008-01-04 11:07:12 PST,romaia,Attachment #295398                Attachment is obsolete,1,0
2008-01-04 11:07:12 PST,romaia,Attachment #295404                Flags,review?(LpSolit),
2008-01-04 11:30:14 PST,LpSolit,Attachment #295404                Flags,review+,review?(LpSolit)
2008-01-04 11:30:34 PST,LpSolit,Flags,approval+,
2008-01-04 12:16:09 PST,LpSolit,Status,RESOLVED,ASSIGNED
2008-01-04 12:16:09 PST,LpSolit,Resolution,FIXED,---
2008-01-04 12:16:09 PST,LpSolit,Last Resolved,2008-01-04 12:16:09,
