When,Who,What,Added,Removed
2008-01-04 11:51:26 PST,anodelman,Attachment #295408                Flags,review?(rcampbell),
2008-01-04 12:00:24 PST,rcampbell,Attachment #295408                Flags,review+,review?(rcampbell)
2008-01-04 15:21:09 PST,anodelman,Status,RESOLVED,NEW
2008-01-04 15:21:09 PST,anodelman,Resolution,FIXED,---
2008-01-04 15:21:09 PST,anodelman,Last Resolved,2008-01-04 15:21:09,
2008-01-04 16:54:06 PST,reed,CC,reed,
2008-12-20 06:48:01 PST,ted,Product,mozilla.org,Core
2008-12-20 06:48:01 PST,ted,Version,other,unspecified
2008-12-20 06:48:01 PST,ted,Component,Release Engineering,Testing
2008-12-20 06:48:01 PST,ted,QA Contact,release,testing
2013-08-12 21:54:08 PDT,nobody,Product,Release Engineering,mozilla.org
