When,Who,What,Added,Removed
2008-01-04 12:48:38 PST,jorendorff,Status,ASSIGNED,NEW
2008-01-04 12:48:38 PST,jorendorff,Assignee,jorendorff,nobody
2008-01-04 12:48:38 PST,jorendorff,Attachment #295418                Flags,review?(treilly),
2008-01-07 11:53:18 PST,treilly,Attachment #295418                Flags,review+,review?(treilly)
2008-01-07 22:43:39 PST,jorendorff,Status,RESOLVED,ASSIGNED
2008-01-07 22:43:39 PST,jorendorff,Resolution,FIXED,---
2008-01-07 22:43:39 PST,jorendorff,Last Resolved,2008-01-07 22:43:39,
2008-01-09 14:25:47 PST,jorendorff,Blocks,395962,
2009-10-13 16:27:17 PDT,cpeyer,Status,VERIFIED,RESOLVED
2009-10-13 16:27:17 PDT,cpeyer,CC,cpeyer,
