When,Who,What,Added,Removed
2008-01-04 11:48:08 PST,paul,CC,paul,
2008-01-04 15:18:30 PST,gavin.sharp,CC,gavin.sharp,
2008-01-07 09:34:56 PST,dmose,CC,dmose,
2008-01-10 08:01:32 PST,enndeakin,Status,ASSIGNED,NEW
2008-01-10 08:01:32 PST,enndeakin,Assignee,enndeakin,nobody
2008-01-10 08:01:32 PST,enndeakin,Attachment #296334                Flags,review?(peterv), superreview?(peterv),
2008-02-05 05:45:05 PST,enndeakin,Flags,blocking1.9?,
2008-02-05 18:47:06 PST,mtschrep,CC,mtschrep,
2008-02-06 06:06:51 PST,enndeakin,Blocks,415772,
2008-02-06 09:58:48 PST,mtschrep,Flags,blocking1.9-,blocking1.9?
2008-02-06 13:47:51 PST,enndeakin,Attachment #296334                Flags,,review?(peterv), superreview?(peterv)
2008-02-20 12:18:14 PST,enndeakin,Status,RESOLVED,ASSIGNED
2008-02-20 12:18:14 PST,enndeakin,Resolution,FIXED,---
2008-02-20 12:18:14 PST,enndeakin,Last Resolved,2008-02-20 12:18:14,
2008-07-31 03:26:17 PDT,timeless,Component,XUL,XP Toolkit/Widgets: XUL
2008-07-31 03:26:17 PDT,timeless,QA Contact,xptoolkit.widgets,xptoolkit.xul
