When,Who,What,Added,Removed
2008-01-04 14:35:55 PST,bugzilla-mozilla-20000923,CC,silver,
2008-01-05 01:41:20 PST,eturfboer,CC,eturfboer,
2008-01-05 02:53:14 PST,mkmelin+mozilla,Hardware,All,PC
2008-01-05 02:53:14 PST,mkmelin+mozilla,OS,All,Linux
2008-01-05 02:53:14 PST,mkmelin+mozilla,CC,mkmelin+mozilla,
2008-01-10 03:20:40 PST,jcea,CC,jcea,
2008-10-22 00:18:25 PDT,philringnalda,CC,philringnalda,
2008-10-22 00:18:25 PDT,philringnalda,Blocks,258465,
2008-10-22 00:19:58 PDT,fullmetaljacket.xp+bugmail,CC,fullmetaljacket.xp+bugmail,
2009-04-16 09:55:10 PDT,rebecca.menessec,CC,aloishammer,
2009-04-16 09:55:10 PDT,rebecca.menessec,Flags,blocking-thunderbird3?,
2009-05-05 00:14:08 PDT,timeless,Product,MailNews Core,Thunderbird
2009-05-05 00:14:08 PDT,timeless,Component,Feed Reader,RSS
2009-05-10 12:05:35 PDT,standard8,CC,myk,
2009-05-11 19:18:20 PDT,dmose,CC,dmose,
2009-05-11 19:18:20 PDT,dmose,Flags,blocking-thunderbird3-, wanted-thunderbird3+,blocking-thunderbird3?
2009-05-31 11:27:50 PDT,31415-bz,Attachment #380724                Flags,review?,
2009-05-31 11:55:57 PDT,standard8,Attachment #380724                Flags,review?(myk),review?
2009-05-31 14:48:26 PDT,31415-bz,Attachment #380724                Attachment is obsolete,1,0
2009-05-31 14:48:26 PDT,31415-bz,Attachment #380742                Flags,review?,
2009-05-31 14:48:26 PDT,31415-bz,Attachment #380724                Flags,,review?(myk)
2009-05-31 14:51:13 PDT,standard8,Attachment #380742                Flags,review?(myk),review?
2009-05-31 14:52:17 PDT,standard8,Assignee,31415-bz,nobody
2009-06-01 01:19:16 PDT,myk,Attachment #380742                Flags,review-,review?(myk)
2009-06-02 14:32:49 PDT,31415-bz,Attachment #380742                Attachment is obsolete,1,0
2009-06-02 14:32:49 PDT,31415-bz,Attachment #381152                Flags,review+,
2009-06-02 20:10:58 PDT,31415-bz,Attachment #381152                Flags,review?(myk),review+
2009-06-03 00:54:03 PDT,ludovic,Blocks,461109,
2009-06-04 15:46:14 PDT,myk,Attachment #381152                Flags,review-,review?(myk)
2009-06-07 09:59:38 PDT,31415-bz,Attachment #381152                Attachment is obsolete,1,0
2009-06-07 09:59:38 PDT,31415-bz,Attachment #382039                Flags,review?(myk),
2009-06-10 21:16:07 PDT,31415-bz,Attachment #382654                Flags,review?(myk),
2009-06-11 01:40:52 PDT,myk,Attachment #382654                Flags,review+, superreview?(bienvenu),review?(myk)
2009-06-11 01:55:27 PDT,ludovic,Flags,in-testsuite?,
2009-06-11 01:55:27 PDT,ludovic,CC,ludovic,
2009-06-11 07:44:39 PDT,mozilla,CC,bienvenu,
2009-06-11 07:48:45 PDT,mozilla,Attachment #382654                Flags,superreview+,superreview?(bienvenu)
2009-07-05 07:38:08 PDT,31415-bz,Attachment #386878                Flags,review?(myk),
2009-07-07 12:34:59 PDT,myk,Attachment #386878                Flags,review+, superreview?(bienvenu),review?(myk)
2009-07-09 07:03:08 PDT,mozilla,Attachment #386878                Flags,superreview+,superreview?(bienvenu)
2009-07-11 08:33:52 PDT,31415-bz,Attachment #382039                Flags,,review?(myk)
2009-07-11 08:33:52 PDT,31415-bz,Attachment #382039                Attachment is obsolete,1,0
2009-07-11 08:34:18 PDT,31415-bz,Attachment #382654                Attachment is obsolete,1,0
2009-07-11 17:03:17 PDT,31415-bz,Attachment #386878                Attachment is obsolete,1,0
2009-07-11 17:03:17 PDT,31415-bz,Attachment #388111                Flags,review+, superreview?(bienvenu),
2009-07-11 17:30:34 PDT,mozilla,Attachment #388111                Flags,superreview+,superreview?(bienvenu)
2009-07-13 12:10:21 PDT,31415-bz,Attachment #388111                Attachment is obsolete,1,0
2009-07-13 12:10:21 PDT,31415-bz,Attachment #388266                Flags,review+, superreview?(bienvenu),
2009-07-14 08:54:09 PDT,mozilla,Attachment #388266                Flags,superreview+,superreview?(bienvenu)
2009-07-15 10:03:30 PDT,31415-bz,Keywords,checkin-needed,
2009-07-19 07:55:06 PDT,standard8,Last Resolved,2009-07-19 07:55:06,
2009-07-19 07:55:06 PDT,standard8,Keywords,,checkin-needed
2009-07-19 07:55:06 PDT,standard8,Status,RESOLVED,NEW
2009-07-19 07:55:06 PDT,standard8,Resolution,FIXED,---
2009-07-19 08:10:20 PDT,standard8,Target Milestone,Thunderbird 3.0b4,---
2011-01-31 10:28:06 PST,sspitzer,CC,seth,
