When,Who,What,Added,Removed
2008-01-04 15:33:28 PST,ryanvm,Version,Trunk,unspecified
2008-01-04 15:33:28 PST,ryanvm,CC,ryanvm,
2008-01-04 16:12:28 PST,mrbkap,Status,ASSIGNED,NEW
2008-01-04 16:12:28 PST,mrbkap,Assignee,mrbkap,general
2008-01-04 16:12:28 PST,mrbkap,Attachment #295451                Flags,review?(brendan),
2008-01-04 16:53:07 PST,brendan,CC,brendan,
2008-01-04 17:20:35 PST,mrbkap,Attachment #295451                Attachment is obsolete,1,0
2008-01-04 17:20:35 PST,mrbkap,Attachment #295454                Flags,review?(brendan),
2008-01-04 17:20:35 PST,mrbkap,Attachment #295451                Flags,,review?(brendan)
2008-01-04 17:42:04 PST,mrbkap,Attachment #295456                Flags,review?(brendan),
2008-01-04 17:42:34 PST,mrbkap,Attachment #295454                Flags,,review?(brendan)
2008-01-14 08:34:26 PST,igor,CC,romaxa,
2008-01-14 10:01:47 PST,brendan,Flags,blocking1.9+,
2008-01-15 14:26:17 PST,mrbkap,Status,RESOLVED,ASSIGNED
2008-01-15 14:26:17 PST,mrbkap,Resolution,FIXED,---
2008-01-15 14:26:17 PST,mrbkap,Last Resolved,2008-01-15 14:26:17,
2008-01-20 13:29:56 PST,reed,CC,reed,
2008-01-20 13:29:56 PST,reed,Keywords,valgrind,
2008-04-04 23:56:39 PDT,bob,CC,bclary, shaver,
2008-08-06 01:48:07 PDT,bob,Flags,in-litmus-, in-testsuite+,
2008-09-13 15:13:05 PDT,bob,Flags,wanted1.8.1.x?,
2012-02-26 19:36:59 PST,jaas,CC,guninski,
