When,Who,What,Added,Removed
2008-01-04 15:11:24 PST,jst,Attachment #295435                Flags,review?(mrbkap), superreview?(mrbkap),
2008-01-04 15:11:24 PST,jst,Flags,blocking1.9+,
2008-01-04 15:27:21 PST,ryanvm,Version,Trunk,unspecified
2008-01-04 15:27:21 PST,ryanvm,CC,ryanvm,
2008-01-04 15:34:41 PST,mrbkap,Attachment #295435                Flags,review+, superreview+,review?(mrbkap), superreview?(mrbkap)
2008-01-04 16:00:01 PST,jst,Status,RESOLVED,NEW
2008-01-04 16:00:01 PST,jst,Resolution,FIXED,---
2008-01-04 16:00:01 PST,jst,Last Resolved,2008-01-04 16:00:01,
2008-02-15 17:41:31 PST,jruderman,Depends on,417852,
2008-02-29 22:21:09 PST,bzbarsky,Blocks,293973,
