When,Who,What,Added,Removed
2008-01-04 10:29:53 PST,stuart.morgan+bugzilla,Status,ASSIGNED,NEW
2008-01-04 10:29:53 PST,stuart.morgan+bugzilla,Assignee,stuart.morgan,nobody
2008-01-04 10:29:53 PST,stuart.morgan+bugzilla,Attachment #295397                Flags,superreview?(mark),
2008-01-04 10:30:46 PST,stuart.morgan+bugzilla,Flags,camino1.5.5?,
2008-01-04 13:57:03 PST,mark,Attachment #295397                Flags,superreview+,superreview?(mark)
2008-01-04 14:51:15 PST,stuart.morgan+bugzilla,Keywords,fixed1.8.1.12,crash
2008-01-04 14:51:15 PST,stuart.morgan+bugzilla,Status,RESOLVED,ASSIGNED
2008-01-04 14:51:15 PST,stuart.morgan+bugzilla,Resolution,FIXED,---
2008-01-04 14:51:15 PST,stuart.morgan+bugzilla,Target Milestone,Camino1.6,---
2008-01-04 14:51:15 PST,stuart.morgan+bugzilla,Last Resolved,2008-01-04 14:51:15,
2008-01-15 00:37:03 PST,samuel.sidler+old,Status,VERIFIED,RESOLVED
2008-01-15 00:37:03 PST,samuel.sidler+old,CC,samuel.sidler,
2008-01-28 21:28:17 PST,alqahira,Whiteboard,[camino-1.5.5],
2008-01-28 21:28:17 PST,alqahira,Flags,camino1.5.5+,camino1.5.5?
