When,Who,What,Added,Removed
2008-01-04 12:45:35 PST,smichaud,Product,Core,Firefox
2008-01-04 12:45:35 PST,smichaud,Version,Trunk,unspecified
2008-01-04 12:45:35 PST,smichaud,Hardware,All,Macintosh
2008-01-04 12:45:35 PST,smichaud,OS,All,Mac OS X
2008-01-04 12:45:35 PST,smichaud,Component,SVG,General
2008-01-04 12:45:35 PST,smichaud,QA Contact,general,general
2008-01-04 12:45:35 PST,smichaud,CC,smichaud,
2008-01-10 04:56:57 PST,jwatt,CC,jwatt,
2008-02-04 20:07:33 PST,codedread,CC,codedread,
2008-02-20 14:43:31 PST,jwatt,Summary,<svg> elements respond to mouse events when they should not,SVG elements consume mouse events
2008-02-20 14:44:55 PST,jwatt,Assignee,jwatt,nobody
2008-02-20 14:44:55 PST,jwatt,Ever confirmed,1,0
2008-02-20 14:44:55 PST,jwatt,Attachment #304607                Flags,review?(longsonr), superreview?(roc),
2008-02-20 14:44:55 PST,jwatt,Status,ASSIGNED,UNCONFIRMED
2008-02-20 16:03:16 PST,roc,CC,roc,
2008-02-20 18:05:57 PST,longsonr,CC,longsonr,
2008-02-21 15:18:36 PST,martijn.martijn,CC,martijn.martijn,
2008-07-21 14:56:25 PDT,roc,Attachment #304607                Flags,superreview+,superreview?(roc)
2008-07-22 04:20:42 PDT,longsonr,Attachment #304607                Flags,review+,review?(longsonr)
2009-01-19 14:44:44 PST,jhawkes,CC,jhawkes,
2009-04-21 11:25:12 PDT,jwatt,Attachment #304607                Attachment is obsolete,1,0
2009-04-21 11:25:45 PDT,jwatt,Attachment #373884                Flags,review?(roc),
2009-04-24 13:12:18 PDT,jwatt,Attachment #373884                Flags,,review?(roc)
2009-05-02 15:47:19 PDT,jwatt,Depends on,380573,
2009-05-03 16:59:26 PDT,fullmetaljacket.xp+bugmail,CC,fullmetaljacket.xp+bugmail,
2009-08-05 14:12:02 PDT,xtc4uall,CC,xtc4uall,
2009-08-07 00:51:03 PDT,jwalden+bmo,CC,jwalden+bmo,
2009-11-16 13:44:42 PST,scott,CC,scott,
2010-08-16 18:46:02 PDT,kevinar18,CC,kevinar18,
2011-01-26 14:33:35 PST,jwatt,Status,RESOLVED,ASSIGNED
2011-01-26 14:33:35 PST,jwatt,Resolution,FIXED,---
2011-01-26 14:33:35 PST,jwatt,Last Resolved,2011-01-26 14:33:35,
