When,Who,What,Added,Removed
2008-01-04 12:25:43 PST,bhearsum,Priority,P3,--
2008-02-26 20:09:17 PST,rhelmer,CC,rhelmer,
2008-02-28 04:57:29 PST,bhearsum,Summary,clean up ref platform doc wiki pages,clean up linux ref platform doc wiki pages
2008-02-28 04:57:29 PST,bhearsum,CC,anodelman, joduinn, ccooper, rcampbell, mozpreed, mrogers, nrthomas,
2008-03-04 08:02:28 PST,bhearsum,Assignee,bhearsum,nobody
2008-03-04 08:02:32 PST,bhearsum,Status,ASSIGNED,NEW
2008-03-11 06:57:48 PDT,bhearsum,Status,RESOLVED,ASSIGNED
2008-03-11 06:57:48 PDT,bhearsum,Resolution,FIXED,---
2008-03-11 06:57:48 PDT,bhearsum,Last Resolved,2008-03-11 06:57:48,
2013-08-12 21:54:08 PDT,nobody,Product,Release Engineering,mozilla.org
