When,Who,What,Added,Removed
2008-01-04 15:18:24 PST,kbrussel,Flags,blocking1.9?,
2008-01-04 15:19:05 PST,kbrussel,Priority,P2,--
2008-01-04 15:19:18 PST,kbrussel,CC,kenneth.russell,
2008-01-04 15:19:43 PST,kbrussel,CC,jst,
2008-01-04 15:57:14 PST,jst,Assignee,jst,nobody
2008-01-05 22:49:16 PST,gavin.sharp,CC,gavin.sharp,
2008-01-07 02:28:36 PST,admin,CC,bora.ertung,
2008-01-09 16:44:16 PST,jst,Attachment #296249                Flags,review?(jonas), superreview?(jonas),
2008-01-10 15:05:02 PST,jst,Attachment #296249                Attachment is obsolete,1,0
2008-01-10 15:05:02 PST,jst,Attachment #296425                Flags,review?(jonas), superreview?(bzbarsky),
2008-01-10 15:05:02 PST,jst,Attachment #296249                Flags,,review?(jonas), superreview?(jonas)
2008-01-10 16:54:01 PST,bzbarsky,Attachment #296425                Flags,superreview+,superreview?(bzbarsky)
2008-01-11 23:36:01 PST,jonas,Attachment #296425                Flags,review+,review?(jonas)
2008-01-14 16:48:02 PST,jst,Status,ASSIGNED,NEW
2008-01-14 16:48:02 PST,jst,Flags,blocking1.9+,blocking1.9?
2008-01-14 16:51:40 PST,jst,Status,RESOLVED,ASSIGNED
2008-01-14 16:51:40 PST,jst,Resolution,FIXED,---
2008-01-14 16:51:40 PST,jst,Last Resolved,2008-01-14 16:51:40,
2008-01-15 14:08:47 PST,kbrussel,Status,VERIFIED,RESOLVED
