When,Who,What,Added,Removed
2008-01-04 08:41:40 PST,longsonr,Attachment #295382                Flags,review?(tor),
2008-01-04 12:46:09 PST,longsonr,Attachment #295382                Attachment is obsolete,1,0
2008-01-04 12:46:09 PST,longsonr,Attachment #295382                Flags,,review?(tor)
2008-01-04 12:51:36 PST,longsonr,Attachment #295420                Flags,review?(tor),
2008-01-07 23:58:10 PST,gavin.sharp,CC,gavin.sharp,
2008-01-08 17:00:38 PST,tor,Attachment #295420                Flags,review+,review?(tor)
2008-01-08 19:59:41 PST,longsonr,Attachment #295420                Flags,superreview?(roc),
2008-01-08 20:10:28 PST,roc,CC,roc,
2008-01-09 16:10:38 PST,longsonr,Attachment #295420                Attachment is obsolete,1,0
2008-01-09 16:10:38 PST,longsonr,Attachment #296246                Flags,superreview?(roc),
2008-01-09 16:10:38 PST,longsonr,Attachment #295420                Flags,,superreview?(roc)
2008-01-09 17:09:00 PST,roc,Attachment #296246                Flags,superreview+,superreview?(roc)
2008-01-09 17:21:44 PST,longsonr,Attachment #296246                Flags,approval1.9?,
2008-01-09 20:03:01 PST,mbeltzner,Attachment #296246                Flags,approval1.9+,approval1.9?
2008-01-10 04:52:59 PST,longsonr,Resolution,FIXED,---
2008-01-10 04:52:59 PST,longsonr,Last Resolved,2008-01-10 04:52:59,
2008-01-10 04:52:59 PST,longsonr,Status,RESOLVED,NEW
2008-01-10 04:56:53 PST,jwatt,CC,jwatt,
2009-03-21 09:58:26 PDT,longsonr,Flags,in-testsuite+,
