When, Who, What, Added, Removed
2009-09-11 16:15:43 EDT,david_williams@us.ibm.com,Component,wst.xsd,Web Standard Tools
2009-09-11 16:15:43 EDT,david_williams@us.ibm.com,Assignee,wst.xsd-inbox@eclipse.org,wst-inbox@eclipse.org
2009-09-11 16:15:43 EDT,david_williams@us.ibm.com,Product,WTP Source Editing,Web Tools
2009-09-11 16:15:43 EDT,david_williams@us.ibm.com,QA Contact,vbaciu@ca.ibm.com,david_williams@us.ibm.com
2009-09-14 10:31:12 EDT,nsandona@us.ibm.com,Component,wst.sse,wst.xsd
2009-09-14 10:31:12 EDT,nsandona@us.ibm.com,Assignee,wst.sse-inbox@eclipse.org,wst.xsd-inbox@eclipse.org
2009-09-14 10:31:12 EDT,nsandona@us.ibm.com,QA Contact,nitind@us.ibm.com,vbaciu@ca.ibm.com
2010-02-17 13:51:45 EST,itewksbu@us.ibm.com,CC,itewksbu@us.ibm.com,
2010-04-28 16:27:43 EDT,nsandona@us.ibm.com,CC,nsandona@us.ibm.com,
2010-04-28 16:27:43 EDT,nsandona@us.ibm.com,Component,wst.xml,wst.sse
2010-04-28 16:27:43 EDT,nsandona@us.ibm.com,Assignee,wst.xml-inbox@eclipse.org,wst.sse-inbox@eclipse.org
2010-04-28 16:27:43 EDT,nsandona@us.ibm.com,Summary,[editor] XML Schama Editor becomes dirty for readonly files,XML Schama Editor becomes dirty for readonly files
2010-04-28 16:28:16 EDT,nsandona@us.ibm.com,Depends on,86520,
2010-04-28 16:28:16 EDT,nsandona@us.ibm.com,Assignee,nsandona@us.ibm.com,wst.xml-inbox@eclipse.org
2010-05-28 11:50:20 EDT,nsandona@us.ibm.com,Assignee,rakes123@in.ibm.com,nsandona@us.ibm.com
2010-06-02 08:56:01 EDT,rakes123@in.ibm.com,Flags,review?(nsandona@us.ibm.com),
2010-06-09 14:14:08 EDT,nsandona@us.ibm.com,Status,ASSIGNED,NEW
2010-06-09 14:14:08 EDT,nsandona@us.ibm.com,Target Milestone,3.2.1,---
2010-06-09 14:14:08 EDT,nsandona@us.ibm.com,Flags,review+,review?(nsandona@us.ibm.com)
2010-06-21 10:35:09 EDT,nsandona@us.ibm.com,Target Milestone,3.2.2,3.2.1
2010-08-23 17:14:40 EDT,nsandona@us.ibm.com,Status,RESOLVED,ASSIGNED
2010-08-23 17:14:40 EDT,nsandona@us.ibm.com,Depends on,,86520
2010-08-23 17:14:40 EDT,nsandona@us.ibm.com,Resolution,FIXED,---
2010-08-23 17:14:48 EDT,nsandona@us.ibm.com,Attachment #170790                Flags,iplog+,
