When, Who, What, Added, Removed
2009-09-11 16:26:09 EDT,elias@eclipsesource.com,Status,ASSIGNED,NEW
2009-09-11 16:26:09 EDT,elias@eclipsesource.com,Assignee,elias@eclipsesource.com,riena.ui-inbox@eclipse.org
2009-09-11 16:26:09 EDT,elias@eclipsesource.com,Target Milestone,1.2.0.M2,---
2009-09-15 18:46:07 EDT,elias@eclipsesource.com,Status,RESOLVED,ASSIGNED
2009-09-15 18:46:07 EDT,elias@eclipsesource.com,Resolution,FIXED,---
2009-09-15 18:46:43 EDT,elias@eclipsesource.com,Attachment #146939                Flags,iplog+,
