When, Who, What, Added, Removed
2009-10-21 04:52:19 EDT,zqian@actuate.com,CC,zqian@actuate.com,
2009-10-21 04:52:19 EDT,zqian@actuate.com,Component,Report Engine,Report Designer
2009-10-21 04:52:19 EDT,zqian@actuate.com,Assignee,Birt-ReportEngine-inbox@eclipse.org,Birt-ReportDesigner-inbox@eclipse.org
2009-10-23 04:00:36 EDT,hustlg@msn.com,CC,gliu@actuate.com,
2009-10-23 04:00:36 EDT,hustlg@msn.com,Assignee,jingwen.shen@actuate.com,Birt-ReportEngine-inbox@eclipse.org
2009-10-23 04:00:36 EDT,hustlg@msn.com,Target Milestone,2.5.2 RC1,---
2009-10-26 01:06:34 EDT,jingwen.shen@actuate.com,Status,RESOLVED,NEW
2009-10-26 01:06:34 EDT,jingwen.shen@actuate.com,CC,jingwen.shen@actuate.com,
2009-10-26 01:06:34 EDT,jingwen.shen@actuate.com,Resolution,FIXED,---
2009-10-26 23:13:17 EDT,bluesoldier@gmail.com,QA Contact,xwang@actuate.com,
2009-10-27 02:21:05 EDT,xwang@actuate.com,Status,VERIFIED,RESOLVED
2009-10-27 02:21:05 EDT,xwang@actuate.com,Whiteboard,Need-Auto,
2009-12-25 02:11:04 EST,bluesoldier@gmail.com,CC,xgu@actuate.com,
2009-12-25 02:11:04 EST,bluesoldier@gmail.com,Whiteboard,Autoed,Need-Auto
