When, Who, What, Added, Removed
2009-09-11 07:55:59 EDT,wds057@motorola.com,Status,ASSIGNED,NEW
2009-09-11 07:55:59 EDT,wds057@motorola.com,CC,dsdp.mtj-inbox@eclipse.org,
2009-09-11 07:55:59 EDT,wds057@motorola.com,Assignee,wds057@motorola.com,dsdp.mtj-inbox@eclipse.org
2009-09-11 07:55:59 EDT,wds057@motorola.com,Target Milestone,1.0.1,---
2009-09-11 07:55:59 EDT,wds057@motorola.com,Summary,[fiximprove]: user defined symbol sets not exported during antenna export for MTJ 1.0.1RC3,user defined symbol sets not exported during antenna export for MTJ 1.0.1RC3
2009-09-11 07:58:02 EDT,wds057@motorola.com,Keywords,core,
2009-09-11 07:58:02 EDT,wds057@motorola.com,Component,MTJ projects,General
2009-09-11 07:58:02 EDT,wds057@motorola.com,Summary,[fiximprove]: User defined symbol sets not exported during antenna export for MTJ 1.0.1RC3,[fiximprove]: user defined symbol sets not exported during antenna export for MTJ 1.0.1RC3
2009-09-11 09:15:55 EDT,wds057@motorola.com,Status,RESOLVED,ASSIGNED
2009-09-11 09:15:55 EDT,wds057@motorola.com,Resolution,FIXED,---
2009-10-28 08:46:37 EDT,diegosandin@gmail.com,Status,CLOSED,RESOLVED
