When, Who, What, Added, Removed
2009-09-13 23:07:06 EDT,wyan@actuate.com,CC,wyan@actuate.com,
2009-09-13 23:07:06 EDT,wyan@actuate.com,Assignee,jianchao.li@actuate.com,Birt-ReportEngine-inbox@eclipse.org
2009-09-13 23:07:06 EDT,wyan@actuate.com,Target Milestone,2.5.2,---
2009-10-19 03:06:29 EDT,jianchao.li@actuate.com,Status,RESOLVED,NEW
2009-10-19 03:06:29 EDT,jianchao.li@actuate.com,CC,jianchao.li@actuate.com,
2009-10-19 03:06:29 EDT,jianchao.li@actuate.com,Resolution,FIXED,---
2009-10-23 05:13:56 EDT,bluesoldier@gmail.com,QA Contact,lchen@actuate.com,
2009-10-25 23:31:39 EDT,lchen@actuate.com,Status,CLOSED,RESOLVED
2009-10-25 23:31:39 EDT,lchen@actuate.com,Whiteboard,Autoed,
