When, Who, What, Added, Removed
2009-09-11 02:45:07 EDT,me@grprakash.com,Assignee,platform-ui-triaged@eclipse.org,Platform-UI-Inbox@eclipse.org
2009-09-11 02:45:07 EDT,me@grprakash.com,Summary,[KeyBindings] Wrong keybinding for Redo in Mac,Wrong keybinding for Redo in Mac
2009-09-11 02:45:07 EDT,me@grprakash.com,QA Contact,pwebster@ca.ibm.com,
2009-09-11 09:31:50 EDT,pwebster@ca.ibm.com,CC,pwebster@ca.ibm.com,
2009-09-11 09:31:50 EDT,pwebster@ca.ibm.com,Assignee,grprakash@in.ibm.com,platform-ui-triaged@eclipse.org
2009-09-11 09:31:50 EDT,pwebster@ca.ibm.com,QA Contact,,pwebster@ca.ibm.com
2009-09-17 02:00:11 EDT,me@grprakash.com,Target Milestone,3.6 M3,---
2009-10-26 01:05:36 EDT,me@grprakash.com,Target Milestone,3.5 M4,3.6 M3
2009-12-03 02:00:58 EST,me@grprakash.com,Target Milestone,3.6 M4,3.5 M4
2009-12-04 03:18:42 EST,me@grprakash.com,Attachment #147398                Attachment is obsolete,1,0
2009-12-04 03:19:37 EST,me@grprakash.com,Status,RESOLVED,NEW
2009-12-04 03:19:37 EST,me@grprakash.com,Resolution,FIXED,---
2009-12-04 11:29:43 EST,markus_keller@ch.ibm.com,Status,REOPENED,RESOLVED
2009-12-04 11:29:43 EST,markus_keller@ch.ibm.com,CC,markus_keller@ch.ibm.com,
2009-12-04 11:29:43 EST,markus_keller@ch.ibm.com,Resolution,---,FIXED
2009-12-07 01:27:05 EST,me@grprakash.com,Status,RESOLVED,REOPENED
2009-12-07 01:27:05 EST,me@grprakash.com,Resolution,FIXED,---
2009-12-08 02:09:29 EST,me@grprakash.com,Status,VERIFIED,RESOLVED
