When, Who, What, Added, Removed
2009-09-11 08:01:44 EDT,jacek.pospychala@gmail.com,Component,UI,Browser Tooling
2009-09-11 08:01:44 EDT,jacek.pospychala@gmail.com,Blocks,289193,
2009-09-11 08:02:53 EDT,jacek.pospychala@gmail.com,Status,RESOLVED,NEW
2009-09-11 08:02:53 EDT,jacek.pospychala@gmail.com,Resolution,FIXED,---
2009-09-11 08:02:53 EDT,jacek.pospychala@gmail.com,Assignee,jacek.p@zend.com,atf.core-inbox@eclipse.org
2010-04-09 08:41:15 EDT,jacek.pospychala@gmail.com,Target Milestone,0.3.0R,---
