When, Who, What, Added, Removed
2009-10-21 13:41:03 EDT,john_arthorne@ca.ibm.com,Keywords,Documentation,
2009-10-21 13:41:03 EDT,john_arthorne@ca.ibm.com,Assignee,john_arthorne@ca.ibm.com,platform-runtime-inbox@eclipse.org
2009-10-21 13:41:03 EDT,john_arthorne@ca.ibm.com,Target Milestone,3.6,---
2009-10-21 13:41:03 EDT,john_arthorne@ca.ibm.com,Summary,[Jobs] Document need to cancel/job jobs during bundle shutdown,[Jobs] The jobs plug-in may cause NoClassDefFoundError on shutdown
2010-06-02 21:43:59 EDT,john_arthorne@ca.ibm.com,Status,RESOLVED,NEW
2010-06-02 21:43:59 EDT,john_arthorne@ca.ibm.com,Resolution,FIXED,---
2010-06-02 21:43:59 EDT,john_arthorne@ca.ibm.com,Target Milestone,3.6 RC4,3.6
