When, Who, What, Added, Removed
2009-09-11 05:38:34 EDT,me@grprakash.com,Assignee,platform-ui-triaged@eclipse.org,Platform-UI-Inbox@eclipse.org
2009-09-11 05:38:34 EDT,me@grprakash.com,Summary,[JFace] initial size & location of Window is newer set if a menu bar is displayed,initial size & location of Window is newer set if a menu bar is displayed
2009-09-11 05:38:34 EDT,me@grprakash.com,QA Contact,susan_franklin@us.ibm.com,
2009-09-11 19:22:53 EDT,remy.suen@gmail.com,CC,remysuen@ca.ibm.com,
2009-09-21 14:07:25 EDT,susan@rapicorp.com,Summary,[JFace] initial size & location of Window is never set if a menu bar is displayed,[JFace] initial size & location of Window is newer set if a menu bar is displayed
2009-09-22 12:53:20 EDT,susan@rapicorp.com,Target Milestone,4.0,---
2009-09-22 13:05:14 EDT,markus_keller@ch.ibm.com,CC,markus_keller@ch.ibm.com,
2010-09-03 09:39:15 EDT,tanmatra@gmail.com,CC,tanmatra@gmail.com,
2010-09-08 16:01:17 EDT,susan@rapicorp.com,Target Milestone,---,4.0
2013-02-01 19:20:17 EST,mhakman@dkab.net,CC,mhakman@dkab.net,
2013-02-06 14:11:40 EST,pwebster@ca.ibm.com,CC,pwebster@ca.ibm.com,
2013-02-06 14:11:40 EST,pwebster@ca.ibm.com,Target Milestone,4.3 M6,---
2013-02-06 14:11:40 EST,pwebster@ca.ibm.com,QA Contact,,susan_franklin@us.ibm.com
2013-02-11 13:09:26 EST,pwebster@ca.ibm.com,Status,RESOLVED,NEW
2013-02-11 13:09:26 EST,pwebster@ca.ibm.com,Resolution,FIXED,---
2013-02-11 13:09:26 EST,pwebster@ca.ibm.com,Assignee,pwebster@ca.ibm.com,platform-ui-triaged@eclipse.org
2013-03-12 13:45:20 EDT,pwebster@ca.ibm.com,Status,VERIFIED,RESOLVED
