When, Who, What, Added, Removed
2009-09-11 09:25:33 EDT,henrik.lindberg@cloudsmith.com,Status,ASSIGNED,NEW
2009-09-11 09:25:33 EDT,henrik.lindberg@cloudsmith.com,Assignee,henrik.lindberg@cloudsmith.com,buckminster.core-inbox@eclipse.org
2009-12-05 07:49:45 EST,thomas@tada.se,CC,thomas@tada.se,
2009-12-05 07:49:45 EST,thomas@tada.se,Summary,[documentation] Product/Attribute Dialog screenshot too old,Product/Attribute Dialog screenshot too old
2010-04-13 19:49:34 EDT,henrik.lindberg@cloudsmith.com,Status,RESOLVED,ASSIGNED
2010-04-13 19:49:34 EDT,henrik.lindberg@cloudsmith.com,Resolution,FIXED,---
