When, Who, What, Added, Removed
2009-09-11 11:39:58 EDT,ryan.d.brooks@boeing.com,Status,ASSIGNED,NEW
2009-09-11 11:39:58 EDT,ryan.d.brooks@boeing.com,CC,ryan.d.brooks@boeing.com, ryan.schmitt@boeing.com,
2009-09-11 11:39:58 EDT,ryan.d.brooks@boeing.com,Target Milestone,0.8.2,---
2009-09-11 11:40:35 EDT,ryan.d.brooks@boeing.com,Assignee,ryan.schmitt@boeing.com,osee.website-inbox@eclipse.org
2009-09-11 14:37:45 EDT,ryan.schmitt@boeing.com,Status,RESOLVED,ASSIGNED
2009-09-11 14:37:45 EDT,ryan.schmitt@boeing.com,Resolution,FIXED,---
2010-03-04 14:24:39 EST,ryan.d.brooks@boeing.com,Status,CLOSED,RESOLVED
2010-04-28 07:50:45 EDT,ssubbotin@gmail.com,CC,ssubbotin@gmail.com,
