When, Who, What, Added, Removed
2009-09-13 23:04:12 EDT,janb@webtide.com,Status,CLOSED,NEW
2009-09-13 23:04:12 EDT,janb@webtide.com,CC,janb@webtide.com,
2009-09-13 23:04:12 EDT,janb@webtide.com,Resolution,WONTFIX,---
2009-09-14 03:40:00 EDT,janb@webtide.com,Status,REOPENED,CLOSED
2009-09-14 03:40:00 EDT,janb@webtide.com,Resolution,---,WONTFIX
2009-09-14 04:37:26 EDT,janb@webtide.com,Assignee,janb@webtide.com,jesse.mcconnell@gmail.com
2009-10-05 11:03:27 EDT,hmalphettes@gmail.com,Status,RESOLVED,REOPENED
2009-10-05 11:03:27 EDT,hmalphettes@gmail.com,Resolution,FIXED,---
2009-10-05 11:03:27 EDT,hmalphettes@gmail.com,Target Milestone,7.0.0 RC6,7.0.0 M3
