When, Who, What, Added, Removed
2009-09-11 16:40:23 EDT,donald.g.dunne@boeing.com,Status,CLOSED,NEW
2009-09-11 16:40:23 EDT,donald.g.dunne@boeing.com,CC,donald.g.dunne@boeing.com,
2009-09-11 16:40:23 EDT,donald.g.dunne@boeing.com,Resolution,FIXED,---
2011-03-28 15:42:05 EDT,ryan.d.brooks@boeing.com,Assignee,andy.jury@boeing.com,osee.ote-inbox@eclipse.org
2011-03-29 12:31:12 EDT,ryan.d.brooks@boeing.com,CC,ryan.d.brooks@boeing.com,
2011-03-29 12:31:12 EDT,ryan.d.brooks@boeing.com,Target Milestone,0.8.2,---
2011-03-29 12:33:17 EDT,ryan.d.brooks@boeing.com,Attachment #146989                Flags,iplog+,
