When, Who, What, Added, Removed
2009-09-17 02:19:48 EDT,takatsu@jp.ibm.com,Attachment #146966                Attachment is obsolete,1,0
2009-09-29 11:17:04 EDT,dmcknigh@ca.ibm.com,CC,dmcknigh@ca.ibm.com,
2009-09-29 11:17:04 EDT,dmcknigh@ca.ibm.com,Assignee,dmcknigh@ca.ibm.com,dsdp.tm.rse-inbox@eclipse.org
2010-12-15 11:58:06 EST,dmcknigh@ca.ibm.com,Status,RESOLVED,NEW
2010-12-15 11:58:06 EST,dmcknigh@ca.ibm.com,Resolution,FIXED,---
2010-12-15 11:58:06 EST,dmcknigh@ca.ibm.com,Target Milestone,3.3 M4,---
2010-12-15 12:06:14 EST,martin.oberhuber@windriver.com,Target Milestone,3.3 M5,3.3 M4
2010-12-15 12:07:49 EST,martin.oberhuber@windriver.com,Keywords,api,
2010-12-15 12:07:49 EST,martin.oberhuber@windriver.com,Status,REOPENED,RESOLVED
2010-12-15 12:07:49 EST,martin.oberhuber@windriver.com,Resolution,---,FIXED
2010-12-15 12:45:33 EST,dmcknigh@ca.ibm.com,Attachment #147401                Flags,iplog+,
2010-12-16 09:30:46 EST,dmcknigh@ca.ibm.com,Attachment #185249                Attachment is obsolete,1,0
2010-12-16 09:32:45 EST,dmcknigh@ca.ibm.com,Status,RESOLVED,REOPENED
2010-12-16 09:32:45 EST,dmcknigh@ca.ibm.com,Resolution,FIXED,---
