When, Who, What, Added, Removed
2009-09-11 13:34:14 EDT,markus_keller@ch.ibm.com,Status,ASSIGNED,NEW
2009-09-11 13:34:14 EDT,markus_keller@ch.ibm.com,CC,markus_keller@ch.ibm.com,
2009-09-11 13:34:14 EDT,markus_keller@ch.ibm.com,Summary,[build path] Setting Classpath Variables Hangs,Setting Classpath Variables Hangs
2009-09-14 04:53:29 EDT,daniel_megert@ch.ibm.com,CC,daniel_megert@ch.ibm.com,
2009-09-14 04:53:29 EDT,daniel_megert@ch.ibm.com,Hardware,All,PC
2009-09-14 04:53:29 EDT,daniel_megert@ch.ibm.com,OS,All,Windows Vista
2009-09-14 04:53:29 EDT,daniel_megert@ch.ibm.com,Severity,major,normal
2009-09-14 06:56:19 EDT,markus_keller@ch.ibm.com,Assignee,markus_keller@ch.ibm.com,jdt-ui-inbox@eclipse.org
2009-09-14 06:56:19 EDT,markus_keller@ch.ibm.com,Target Milestone,3.6 M3,---
2009-10-12 09:41:32 EDT,markus_keller@ch.ibm.com,Status,RESOLVED,ASSIGNED
2009-10-12 09:41:32 EDT,markus_keller@ch.ibm.com,Resolution,FIXED,---
2009-10-27 04:59:45 EDT,raksha.vasisht@in.ibm.com,CC,raksha.vasisht@in.ibm.com,
2009-10-27 05:46:12 EDT,raksha.vasisht@in.ibm.com,Status,VERIFIED,RESOLVED
