When, Who, What, Added, Removed
2009-09-12 05:38:11 EDT,thomas@tada.se,QA Contact,thomas@tada.se,
2009-09-12 05:38:48 EDT,thomas@tada.se,Assignee,thomas@tada.se,buckminster.core-inbox@eclipse.org
2009-09-12 05:38:48 EDT,thomas@tada.se,QA Contact,,thomas@tada.se
2009-09-16 07:13:59 EDT,thomas@tada.se,Status,RESOLVED,NEW
2009-09-16 07:13:59 EDT,thomas@tada.se,Resolution,FIXED,---
2009-09-16 11:43:45 EDT,thomas@tada.se,Assignee,buckminster.core-inbox@eclipse.org,thomas@tada.se
2009-09-16 11:43:45 EDT,thomas@tada.se,Target Milestone,Galileo SR1,---
2009-09-16 11:44:24 EDT,thomas@tada.se,Blocks,289626,
