When, Who, What, Added, Removed
2010-03-15 12:15:32 EDT,Szymon.Brandys@pl.ibm.com,Blocks,,284148
2010-03-15 12:15:32 EDT,Szymon.Brandys@pl.ibm.com,Assignee,serge@freescale.com,platform-resources-inbox@eclipse.org
2010-03-15 12:15:32 EDT,Szymon.Brandys@pl.ibm.com,Target Milestone,3.6 M7,---
2010-03-15 12:15:32 EDT,Szymon.Brandys@pl.ibm.com,Summary,[Path Variables] ProjectPathVariableManager cleanup,ProjectPathVariableManager cleanup
2010-03-16 06:45:57 EDT,serge@freescale.com,CC,Szymon.Brandys@pl.ibm.com,
2010-03-16 06:46:28 EDT,serge@freescale.com,Status,RESOLVED,NEW
2010-03-16 06:46:28 EDT,serge@freescale.com,Resolution,FIXED,---
2010-03-16 06:46:28 EDT,serge@freescale.com,Target Milestone,3.6 M6,3.6 M7
2010-03-16 06:46:40 EDT,serge@freescale.com,Status,VERIFIED,RESOLVED
