When, Who, What, Added, Removed
2009-09-30 20:33:05 EDT,d-russo@ti.com,Priority,P1,P3
2009-09-30 20:33:05 EDT,d-russo@ti.com,Assignee,jcusano@ti.com,d-russo@ti.com
2009-09-30 20:33:05 EDT,d-russo@ti.com,Severity,major,normal
2009-09-30 20:39:52 EDT,d-russo@ti.com,Status,ASSIGNED,NEW
2009-09-30 20:39:52 EDT,d-russo@ti.com,CC,d-russo@ti.com,
2009-11-20 11:54:08 EST,d-russo@ti.com,Whiteboard,target:3.20,
2010-02-16 12:38:07 EST,jcusano@ti.com,Status,RESOLVED,ASSIGNED
2010-02-16 12:38:07 EST,jcusano@ti.com,Resolution,FIXED,---
2010-03-31 13:14:25 EDT,jcusano@ti.com,Status,VERIFIED,RESOLVED
2010-06-01 11:20:45 EDT,d-russo@ti.com,Status,CLOSED,VERIFIED
