When, Who, What, Added, Removed
2009-09-11 18:05:47 EDT,sven.efftinge@itemis.de,Target Milestone,M2,---
2009-09-15 08:07:31 EDT,Heiko.Behrens@itemis.de,CC,Heiko.Behrens@itemis.de,
2009-09-15 08:15:47 EDT,Sebastian.Zarnekow@itemis.de,Attachment #147187                Attachment is patch,1,0
2009-10-01 07:35:03 EDT,Sebastian.Zarnekow@itemis.de,CC,Sebastian.Zarnekow@itemis.de,
2009-10-01 07:35:03 EDT,Sebastian.Zarnekow@itemis.de,Target Milestone,M3,M2
2009-10-01 07:35:03 EDT,Sebastian.Zarnekow@itemis.de,Flags,helios+,
2009-11-10 04:15:25 EST,sven.efftinge@itemis.de,Target Milestone,M4,M3
2009-11-30 17:53:40 EST,karsten.thoms@itemis.de,Status,ASSIGNED,NEW
2009-11-30 17:53:40 EST,karsten.thoms@itemis.de,Assignee,karsten.thoms@itemis.de,m2t.xpand-inbox@eclipse.org
2009-12-08 01:26:33 EST,karsten.thoms@itemis.de,Status,RESOLVED,ASSIGNED
2009-12-08 01:26:33 EST,karsten.thoms@itemis.de,Resolution,FIXED,---
2009-12-11 05:19:52 EST,karsten.thoms@itemis.de,CC,jan.koehnlein@itemis.de,
2009-12-17 03:24:03 EST,sven.efftinge@itemis.de,Status,REOPENED,RESOLVED
2009-12-17 03:24:03 EST,sven.efftinge@itemis.de,Resolution,---,FIXED
2010-01-28 14:46:00 EST,sven.efftinge@itemis.de,Target Milestone,M6,M4
2010-02-11 09:36:03 EST,sven.efftinge@itemis.de,Status,RESOLVED,REOPENED
2010-02-11 09:36:03 EST,sven.efftinge@itemis.de,Resolution,FIXED,---
2012-05-23 08:19:54 EDT,sven.efftinge@itemis.de,Attachment #147187                Attachment is obsolete,1,0
2013-02-21 08:09:34 EST,karsten.thoms@itemis.de,Status,CLOSED,RESOLVED
2013-08-07 07:47:14 EDT,karsten.thoms@itemis.de,Blocks,356692,
