When, Who, What, Added, Removed
2009-09-14 09:27:48 EDT,itewksbu@us.ibm.com,Attachment #146992                Attachment is obsolete,1,0
2009-09-14 09:28:04 EDT,itewksbu@us.ibm.com,Flags,review?(nsandona@us.ibm.com),
2009-09-14 13:38:13 EDT,nsandona@us.ibm.com,Assignee,itewksbu@us.ibm.com,jst.jsp-inbox@eclipse.org
2009-09-14 13:38:13 EDT,nsandona@us.ibm.com,Target Milestone,3.2 M2,---
2009-09-14 13:43:56 EDT,itewksbu@us.ibm.com,Status,ASSIGNED,NEW
2009-09-16 14:56:55 EDT,itewksbu@us.ibm.com,Attachment #147099                Attachment is obsolete,1,0
2009-09-17 13:58:23 EDT,nitind@us.ibm.com,Target Milestone,3.2 M3,3.2 M2
2009-09-18 08:19:10 EDT,itewksbu@us.ibm.com,Summary,JSPTranslator should handle assignment in JSP expressions,JSPTranslator should wrap JSP expressions with parentheses
2009-09-28 14:05:23 EDT,itewksbu@us.ibm.com,Attachment #147366                Attachment is patch,1,0
2009-09-28 14:06:25 EDT,itewksbu@us.ibm.com,Blocks,238385,
2009-09-28 14:50:11 EDT,nsandona@us.ibm.com,Status,RESOLVED,ASSIGNED
2009-09-28 14:50:11 EDT,nsandona@us.ibm.com,CC,nsandona@us.ibm.com,
2009-09-28 14:50:11 EDT,nsandona@us.ibm.com,Resolution,FIXED,---
2009-09-28 14:50:11 EDT,nsandona@us.ibm.com,Flags,review+,review?(nsandona@us.ibm.com)
2009-09-28 14:50:24 EDT,nsandona@us.ibm.com,Attachment #147366                Flags,iplog+,
2009-10-19 13:46:17 EDT,itewksbu@us.ibm.com,Status,CLOSED,RESOLVED
