When, Who, What, Added, Removed
2009-09-11 10:52:01 EDT,darin.eclipse@gmail.com,Status,ASSIGNED,NEW
2009-09-11 10:52:01 EDT,darin.eclipse@gmail.com,Target Milestone,3.6 M3,---
2009-09-25 10:15:14 EDT,darin.eclipse@gmail.com,Status,RESOLVED,ASSIGNED
2009-09-25 10:15:14 EDT,darin.eclipse@gmail.com,Resolution,FIXED,---
2009-09-25 10:15:14 EDT,darin.eclipse@gmail.com,Assignee,Darin_Wright@ca.ibm.com,platform-debug-inbox@eclipse.org
2009-09-25 10:15:14 EDT,darin.eclipse@gmail.com,Flags,review?(pawel.piech@windriver.com),
2009-09-25 18:58:19 EDT,pawel.1.piech@gmail.com,Status,VERIFIED,RESOLVED
2009-09-25 18:58:19 EDT,pawel.1.piech@gmail.com,CC,pawel.piech@windriver.com,
2009-09-25 18:58:19 EDT,pawel.1.piech@gmail.com,Flags,review+,review?(pawel.piech@windriver.com)
2010-02-02 10:36:44 EST,darin.eclipse@gmail.com,CC,d_a_carver@yahoo.com,
2010-02-02 10:38:03 EST,remy.suen@gmail.com,CC,remysuen@ca.ibm.com,
