When, Who, What, Added, Removed
2011-04-28 00:14:34 EDT,eugene.tarassov@xilinx.com,CC,doug.schaefer@windriver.com,
2011-04-28 00:14:34 EDT,eugene.tarassov@xilinx.com,Component,Core,TCF
2011-04-28 00:14:34 EDT,eugene.tarassov@xilinx.com,Version,unspecified,3.1
2011-04-28 00:14:34 EDT,eugene.tarassov@xilinx.com,Product,TCF,Target Management
2011-06-03 11:27:28 EDT,eugene.tarassov@xilinx.com,Status,RESOLVED,NEW
2011-06-03 11:27:28 EDT,eugene.tarassov@xilinx.com,CC,eugene.tarassov@windriver.com,
2011-06-03 11:27:28 EDT,eugene.tarassov@xilinx.com,Resolution,FIXED,---
2013-06-05 05:54:04 EDT,martin.oberhuber@windriver.com,Target Milestone,0.4.0,---
