When, Who, What, Added, Removed
2009-09-11 14:15:58 EDT,eclipse.felipe@gmail.com,CC,felipe_heidrich@ca.ibm.com,
2009-09-14 12:11:03 EDT,gheorghe@ca.ibm.com,Assignee,swt-triaged@eclipse.org,platform-swt-inbox@eclipse.org
2009-09-14 12:11:03 EDT,gheorghe@ca.ibm.com,Summary,[Graphics] GDI+ drawText is not consistent with GDI,GDI+ drawText is not consistent with GDI
2009-09-14 12:11:03 EDT,gheorghe@ca.ibm.com,QA Contact,Silenio_Quarti@ca.ibm.com,
2009-09-21 10:26:22 EDT,anthonyh@ca.ibm.com,CC,anthonyh@ca.ibm.com,
2009-09-21 14:47:33 EDT,Silenio_Quarti@ca.ibm.com,Assignee,Silenio_Quarti@ca.ibm.com,swt-triaged@eclipse.org
2009-09-21 14:55:42 EDT,Silenio_Quarti@ca.ibm.com,Target Milestone,3.6 M3,---
2009-09-21 15:02:28 EDT,Silenio_Quarti@ca.ibm.com,Status,RESOLVED,NEW
2009-09-21 15:02:28 EDT,Silenio_Quarti@ca.ibm.com,Resolution,FIXED,---
2009-09-23 14:11:52 EDT,anthonyh@ca.ibm.com,Blocks,117689,
