When, Who, What, Added, Removed
2011-04-04 10:00:43 EDT,daniel_megert@ch.ibm.com,CC,eclipse-bugs@ginguppin.de,
2011-04-04 10:00:58 EDT,daniel_megert@ch.ibm.com,CC,daniel_megert@ch.ibm.com,
2011-04-12 15:01:00 EDT,remy.suen@gmail.com,CC,remysuen@ca.ibm.com,
2011-05-11 12:35:48 EDT,Michael_Rennie@ca.ibm.com,CC,Michael_Rennie@ca.ibm.com,
2011-05-11 12:35:48 EDT,Michael_Rennie@ca.ibm.com,Target Milestone,3.8,---
2011-07-18 14:25:12 EDT,Michael_Rennie@ca.ibm.com,CC,satyam.kandula@in.ibm.com,
2011-07-21 13:18:10 EDT,Michael_Rennie@ca.ibm.com,Status,ASSIGNED,NEW
2011-07-21 13:18:10 EDT,Michael_Rennie@ca.ibm.com,Assignee,satyam.kandula@in.ibm.com,platform-ant-inbox@eclipse.org
2011-09-05 02:28:18 EDT,satyam.kandula@in.ibm.com,Flags,review?(Michael_Rennie@ca.ibm.com),
2011-09-20 10:08:55 EDT,Michael_Rennie@ca.ibm.com,Status,RESOLVED,ASSIGNED
2011-09-20 10:08:55 EDT,Michael_Rennie@ca.ibm.com,Resolution,FIXED,---
2011-09-20 10:08:55 EDT,Michael_Rennie@ca.ibm.com,Flags,review+,review?(Michael_Rennie@ca.ibm.com)
2011-09-20 10:09:08 EDT,Michael_Rennie@ca.ibm.com,Component,Debug,Ant
2011-09-20 10:09:08 EDT,Michael_Rennie@ca.ibm.com,Assignee,platform-debug-inbox@eclipse.org,satyam.kandula@in.ibm.com
2011-09-20 10:09:08 EDT,Michael_Rennie@ca.ibm.com,Target Milestone,3.8 M3,3.8
2011-10-28 11:43:00 EDT,Michael_Rennie@ca.ibm.com,Status,VERIFIED,RESOLVED
