When, Who, What, Added, Removed
2009-09-13 22:53:46 EDT,janb@webtide.com,CC,janb@webtide.com,
2009-09-13 22:53:46 EDT,janb@webtide.com,Assignee,janb@webtide.com,jesse.mcconnell@gmail.com
2009-09-14 10:46:06 EDT,hmalphettes@gmail.com,Status,RESOLVED,NEW
2009-09-14 10:46:06 EDT,hmalphettes@gmail.com,Resolution,FIXED,---
2009-09-14 23:07:10 EDT,janb@webtide.com,Status,REOPENED,RESOLVED
2009-09-14 23:07:10 EDT,janb@webtide.com,Resolution,---,FIXED
2010-04-14 20:19:24 EDT,hmalphettes@gmail.com,Status,RESOLVED,REOPENED
2010-04-14 20:19:24 EDT,hmalphettes@gmail.com,Resolution,FIXED,---
2010-04-14 20:19:24 EDT,hmalphettes@gmail.com,Target Milestone,7.0.2,7.0.0 M3
2011-09-20 15:52:13 EDT,jesse.mcconnell@gmail.com,Status,CLOSED,RESOLVED
