When, Who, What, Added, Removed
2009-09-14 09:30:46 EDT,itewksbu@us.ibm.com,Flags,review?(nsandona@us.ibm.com),
2009-09-14 13:37:48 EDT,nsandona@us.ibm.com,Assignee,itewksbu@us.ibm.com,jst.jsp-inbox@eclipse.org
2009-09-14 13:37:48 EDT,nsandona@us.ibm.com,Target Milestone,3.0.5 P,---
2009-09-14 13:43:35 EDT,itewksbu@us.ibm.com,Status,ASSIGNED,NEW
2009-09-15 15:43:20 EDT,nsandona@us.ibm.com,CC,nsandona@us.ibm.com,
2009-09-15 15:43:20 EDT,nsandona@us.ibm.com,Flags,review-,review?(nsandona@us.ibm.com)
2009-09-16 10:43:40 EDT,itewksbu@us.ibm.com,Attachment #146991                Attachment is patch,1,0
2009-09-16 13:51:10 EDT,itewksbu@us.ibm.com,Attachment #146991                Attachment is obsolete,1,0
2009-09-16 13:51:33 EDT,itewksbu@us.ibm.com,Flags,review?(nsandona@us.ibm.com),
2009-09-18 08:19:35 EDT,itewksbu@us.ibm.com,Summary,JSPTranslator should handle assignment in JSP expressions,JSPTranslator should wrap JSP expressions with parentheses
2009-09-21 16:08:17 EDT,nsandona@us.ibm.com,Flags,review+,review?(nsandona@us.ibm.com)
2009-10-02 15:07:45 EDT,itewksbu@us.ibm.com,Summary,[translation] JSPTranslator should handle assignment in JSP expressions,JSPTranslator should handle assignment in JSP expressions
2009-10-05 17:20:40 EDT,ccc@us.ibm.com,Attachment #147346                Flags,iplog+,
2009-10-05 17:24:24 EDT,nsandona@us.ibm.com,Flags,,review-
2009-10-06 07:37:37 EDT,ccc@us.ibm.com,Status,RESOLVED,ASSIGNED
2009-10-06 07:37:37 EDT,ccc@us.ibm.com,CC,ccc@us.ibm.com,
2009-10-06 07:37:37 EDT,ccc@us.ibm.com,Resolution,FIXED,---
2009-10-09 15:11:23 EDT,itewksbu@us.ibm.com,Status,CLOSED,RESOLVED
