When, Who, What, Added, Removed
2009-09-11 13:35:52 EDT,shawn.minto@tasktop.com,CC,steffen.pingel@tasktop.com,
2009-09-11 13:35:52 EDT,shawn.minto@tasktop.com,Summary,[backport] [team] reassigning to a changeset will add the file to the active one,[team] reassigning to a changeset will add the file to the active one
2009-09-11 13:39:55 EDT,steffen.pingel@tasktop.com,Status,RESOLVED,NEW
2009-09-11 13:39:55 EDT,steffen.pingel@tasktop.com,Resolution,FIXED,---
2009-09-11 13:39:55 EDT,steffen.pingel@tasktop.com,Summary,[team] reassigning to a changeset will add the file to the active one,[backport] [team] reassigning to a changeset will add the file to the active one
