When, Who, What, Added, Removed
2009-09-15 02:03:05 EDT,me@grprakash.com,Assignee,platform-ui-triaged@eclipse.org,Platform-UI-Inbox@eclipse.org
2009-09-15 02:03:05 EDT,me@grprakash.com,Summary,[Progress] Show a generic icon when Job has no image,Show a generic icon when Job has no image
2009-09-15 02:03:05 EDT,me@grprakash.com,QA Contact,grprakash@in.ibm.com,
2009-10-07 00:17:33 EDT,me@grprakash.com,CC,susan_franklin@us.ibm.com,
2009-10-09 01:12:42 EDT,me@grprakash.com,Target Milestone,3.6,---
2009-10-12 03:33:47 EDT,me@grprakash.com,Status,RESOLVED,NEW
2009-10-12 03:33:47 EDT,me@grprakash.com,Resolution,FIXED,---
2009-10-12 03:33:47 EDT,me@grprakash.com,Assignee,grprakash@in.ibm.com,platform-ui-triaged@eclipse.org
2009-10-12 03:33:47 EDT,me@grprakash.com,Target Milestone,3.6 M3,3.6
2009-10-27 12:58:18 EDT,me@grprakash.com,Status,VERIFIED,RESOLVED
