When, Who, What, Added, Removed
2009-09-17 10:02:19 EDT,thsoft@vipmail.hu,CC,thsoft@vipmail.hu,
2009-09-17 10:44:16 EDT,sven.efftinge@itemis.de,CC,sven.efftinge@itemis.de,
2009-10-30 07:25:25 EDT,daniel.weber.dev@googlemail.com,CC,DaWeber@harmanbecker.com,
2009-10-31 13:41:56 EDT,sgandon@talend.com,CC,sgandon@nds.com,
2009-11-03 18:17:27 EST,mbr-eclipse@p2r.se,CC,mbr-eclipse@p2r.se,
2009-12-15 09:09:27 EST,cps@decisionsoft.co.uk,CC,cps@decisionsoft.co.uk,
2010-02-11 10:50:06 EST,sven.efftinge@itemis.de,Severity,enhancement,normal
2010-02-28 00:17:22 EST,eclipse@scharf.gr,CC,Michael.Scharf@windriver.com,
2010-03-01 03:19:46 EST,sven.efftinge@itemis.de,See Also,https://bugs.eclipse.org/bugs/show_bug.cgi?id=301606,
2010-07-12 06:39:57 EDT,jerome.benois@obeo.fr,CC,jerome.benois@obeo.fr,
2010-07-25 15:18:18 EDT,info@guite.de,CC,info@guite.de,
2010-08-21 05:53:41 EDT,marco@smartpm.com,CC,marco@smartpm.com,
2010-09-23 04:38:39 EDT,jschoedt@3dfacto.com,CC,jschoedt@3dfacto.com,
2010-09-24 12:48:23 EDT,chanskw@ca.ibm.com,CC,chanskw@ca.ibm.com,
2010-10-05 07:26:18 EDT,Sebastian.Zarnekow@itemis.de,CC,Sebastian.Zarnekow@itemis.de,
2010-10-05 07:26:18 EDT,Sebastian.Zarnekow@itemis.de,Depends on,326961,
2010-10-05 07:26:18 EDT,Sebastian.Zarnekow@itemis.de,Flags,indigo+,
2010-10-10 23:01:12 EDT,Shangab@gmail.com,CC,Shangab@gmail.com,
2011-06-02 15:47:49 EDT,mkomor@ca.ibm.com,CC,mkomor@ca.ibm.com,
2011-07-07 23:41:54 EDT,marc@mouries.net,CC,marc@mouries.net,
2011-11-30 02:52:31 EST,johan.wannheden@paranor.ch,CC,johan.wannheden@paranor.ch,
2012-04-02 11:11:25 EDT,Sebastian.Zarnekow@itemis.de,Target Milestone,M7,---
2012-04-02 11:11:25 EDT,Sebastian.Zarnekow@itemis.de,Flags,juno+,indigo+
2012-05-09 09:00:09 EDT,jan.koehnlein@itemis.de,Target Milestone,RC1,M7
2012-05-29 03:33:40 EDT,sven.efftinge@itemis.de,Status,RESOLVED,NEW
2012-05-29 03:33:40 EDT,sven.efftinge@itemis.de,Resolution,FIXED,---
2012-05-29 03:33:40 EDT,sven.efftinge@itemis.de,Target Milestone,M7,RC1
