When, Who, What, Added, Removed
2009-09-11 09:34:00 EDT,kim.moir@gmail.com,Assignee,kmoir@ca.ibm.com,platform-releng-inbox@eclipse.org
2009-09-11 12:23:16 EDT,dj_houghton@ca.ibm.com,CC,dj_houghton@ca.ibm.com,
2009-09-14 13:07:00 EDT,kim.moir@gmail.com,CC,pascal_rapicault@ca.ibm.com,
2009-09-15 11:20:08 EDT,kim.moir@gmail.com,Attachment #146976                Attachment is obsolete,1,0
2009-09-17 09:15:05 EDT,kim.moir@gmail.com,Status,RESOLVED,NEW
2009-09-17 09:15:05 EDT,kim.moir@gmail.com,Resolution,FIXED,---
2009-09-17 09:15:05 EDT,kim.moir@gmail.com,Target Milestone,3.6 M2,---
