When, Who, What, Added, Removed
2009-09-12 15:01:23 EDT,alexander.nyssen@itemis.de,Blocks,289288,
2009-11-09 04:29:14 EST,sven.efftinge@itemis.de,CC,sven.efftinge@itemis.de,
2009-11-09 04:29:14 EST,sven.efftinge@itemis.de,Target Milestone,M3,---
2009-11-09 04:29:14 EST,sven.efftinge@itemis.de,Flags,galileo+,
2009-11-10 04:18:43 EST,sven.efftinge@itemis.de,Target Milestone,M4,M3
2010-01-28 14:45:18 EST,sven.efftinge@itemis.de,Target Milestone,M6,M4
2010-05-06 08:16:30 EDT,Sebastian.Zarnekow@itemis.de,CC,any@informatik.rwth-aachen.de,
2010-09-24 08:48:46 EDT,sven.efftinge@itemis.de,Status,ASSIGNED,NEW
2010-09-24 08:48:46 EDT,sven.efftinge@itemis.de,Target Milestone,M2,M6
2010-09-24 08:48:46 EDT,sven.efftinge@itemis.de,Flags,indigo+,galileo+
2010-09-24 08:50:26 EDT,sven.efftinge@itemis.de,Status,RESOLVED,ASSIGNED
2010-09-24 08:50:26 EDT,sven.efftinge@itemis.de,Resolution,FIXED,---
2010-09-24 08:50:46 EDT,sven.efftinge@itemis.de,Attachment #147048                Flags,iplog+,
