When, Who, What, Added, Removed
2009-09-11 14:32:17 EDT,kent_johnson@ca.ibm.com,Status,RESOLVED,NEW
2009-09-11 14:32:17 EDT,kent_johnson@ca.ibm.com,Resolution,FIXED,---
2009-09-11 14:32:17 EDT,kent_johnson@ca.ibm.com,Assignee,kent_johnson@ca.ibm.com,jdt-core-inbox@eclipse.org
2009-09-11 14:32:17 EDT,kent_johnson@ca.ibm.com,Target Milestone,3.6 M2,---
2009-09-11 14:32:35 EDT,kent_johnson@ca.ibm.com,CC,alex.blewitt@gmail.com,
2009-09-11 14:33:00 EDT,kent_johnson@ca.ibm.com,CC,Olivier_Thomann@ca.ibm.com,
2009-09-14 06:01:41 EDT,markus_keller@ch.ibm.com,CC,markus_keller@ch.ibm.com,
2009-09-15 02:35:27 EDT,srikanth_sankaran@in.ibm.com,Status,VERIFIED,RESOLVED
2009-09-15 02:35:27 EDT,srikanth_sankaran@in.ibm.com,CC,srikanth_sankaran@in.ibm.com,
2010-06-08 02:29:34 EDT,srikanth_sankaran@in.ibm.com,CC,alienisty@gmail.com,
2010-06-16 05:28:22 EDT,srikanth_sankaran@in.ibm.com,CC,victor.kirst@gmail.com,
2010-06-24 04:34:14 EDT,mauromol@tiscali.it,CC,mauromol@tiscali.it,
2010-06-24 07:49:21 EDT,srikanth_sankaran@in.ibm.com,CC,satyam.kandula@in.ibm.com,
