When, Who, What, Added, Removed
2009-09-11 13:13:22 EDT,vroldan@opencanarias.com,CC,stefan.winkler-et@fernuni-hagen.de,
2009-09-11 13:13:22 EDT,vroldan@opencanarias.com,Assignee,vroldan@opencanarias.com,emf.cdo-inbox@eclipse.org
2009-09-11 13:14:46 EDT,vroldan@opencanarias.com,Status,ASSIGNED,NEW
2009-09-11 13:14:46 EDT,vroldan@opencanarias.com,CC,stepper@esc-net.de,
2009-09-11 14:14:35 EDT,vroldan@opencanarias.com,Flags,review?(stepper@esc-net.de),
2009-09-14 10:44:42 EDT,vroldan@opencanarias.com,Blocks,289358,
2009-09-15 07:10:40 EDT,stefan@winklerweb.net,Attachment #146975                Attachment is obsolete,1,0
2009-09-15 07:13:16 EDT,stefan@winklerweb.net,Attachment #147184                Attachment is obsolete,1,0
2009-09-19 09:09:36 EDT,stepper@esc-net.de,Summary,[DB] Support external references [maintenance],[DB] [maintenance] Support external references
2009-09-19 09:16:03 EDT,stepper@esc-net.de,Flags,review+,review?(stepper@esc-net.de)
2009-09-21 09:13:21 EDT,vroldan@opencanarias.com,Status,RESOLVED,ASSIGNED
2009-09-21 09:13:21 EDT,vroldan@opencanarias.com,Resolution,FIXED,---
2009-09-28 15:56:58 EDT,stepper@esc-net.de,Target Milestone,SR1,---
2009-09-28 15:56:58 EDT,stepper@esc-net.de,Summary,[DB] Support external references,[DB] Support external references [maintenance]
2009-09-28 15:56:58 EDT,stepper@esc-net.de,Flags,galileo+,
2009-09-28 16:26:04 EDT,stepper@esc-net.de,Whiteboard,Appealing to a Broader Community,
2010-06-29 04:19:20 EDT,stepper@esc-net.de,Component,cdo.db,CDO
2010-06-29 04:33:11 EDT,stepper@esc-net.de,Status,CLOSED,RESOLVED
