When, Who, What, Added, Removed
2009-09-15 02:02:43 EDT,me@grprakash.com,Assignee,platform-ui-triaged@eclipse.org,Platform-UI-Inbox@eclipse.org
2009-09-15 02:02:43 EDT,me@grprakash.com,Summary,[JFace] jface snippet title Snippet052DouleClickCellEditor has typo,jface snippet title Snippet052DouleClickCellEditor has typo
2009-09-15 02:02:43 EDT,me@grprakash.com,QA Contact,susan_franklin@us.ibm.com,
2015-04-18 22:14:02 EDT,tomasz.zarna@tasktop.com,CC,tomasz.zarna@tasktop.com,
2015-04-18 22:14:02 EDT,tomasz.zarna@tasktop.com,Assignee,tomasz.zarna@tasktop.com,platform-ui-triaged@eclipse.org
2015-04-18 22:14:12 EDT,genie@eclipse.org,See Also,https://git.eclipse.org/r/46025,
2015-04-20 04:09:25 EDT,lars.vogel@vogella.com,CC,lars.vogel@vogella.com,
2015-04-20 04:09:25 EDT,lars.vogel@vogella.com,Target Milestone,4.5 M7,---
2015-04-21 04:18:21 EDT,genie@eclipse.org,See Also,https://git.eclipse.org/c/platform/eclipse.platform.ui.git/commit/?id=a5a1450a54abbc9aa2faec3a03dede23d228a5ab,
2015-04-21 09:56:47 EDT,lars.vogel@vogella.com,Status,RESOLVED,NEW
2015-04-21 09:56:47 EDT,lars.vogel@vogella.com,Resolution,FIXED,---
2015-04-28 05:59:11 EDT,lars.vogel@vogella.com,Status,VERIFIED,RESOLVED
