When, Who, What, Added, Removed
2009-09-14 09:30:22 EDT,itewksbu@us.ibm.com,Flags,review?(nsandona@us.ibm.com),
2009-09-14 13:37:27 EDT,nsandona@us.ibm.com,Assignee,itewksbu@us.ibm.com,jst.jsp-inbox@eclipse.org
2009-09-14 13:37:27 EDT,nsandona@us.ibm.com,Target Milestone,1.5.5 P,---
2009-09-14 13:43:22 EDT,itewksbu@us.ibm.com,Status,ASSIGNED,NEW
2009-09-16 13:52:15 EDT,itewksbu@us.ibm.com,Attachment #146990                Attachment is patch,1,0
2009-09-16 13:55:23 EDT,itewksbu@us.ibm.com,Attachment #146990                Attachment is obsolete,1,0
2009-09-17 10:34:45 EDT,nsandona@us.ibm.com,CC,nsandona@us.ibm.com,
2009-09-17 10:34:45 EDT,nsandona@us.ibm.com,Flags,review+,review?(nsandona@us.ibm.com)
2009-09-18 02:12:07 EDT,ccc@us.ibm.com,Attachment #147349                Flags,iplog+,
2009-09-18 02:12:24 EDT,ccc@us.ibm.com,Status,RESOLVED,ASSIGNED
2009-09-18 02:12:24 EDT,ccc@us.ibm.com,CC,ccc@us.ibm.com,
2009-09-18 02:12:24 EDT,ccc@us.ibm.com,Resolution,FIXED,---
2009-09-18 08:19:49 EDT,itewksbu@us.ibm.com,Summary,JSPTranslator should handle assignment in JSP expressions,JSPTranslator should wrap JSP expressions with parentheses
2009-09-30 11:54:44 EDT,itewksbu@us.ibm.com,Status,CLOSED,RESOLVED
