When, Who, What, Added, Removed
2009-09-11 08:28:00 EDT,felix.velasco@gmail.com,CC,felix.velasco@gmail.com,
2009-09-24 06:03:07 EDT,krzysztof.daniel@gmail.com,CC,krzysztof.daniel@gmail.com,
2009-09-25 18:09:56 EDT,davidms@ca.ibm.com,Status,ASSIGNED,NEW
2009-09-25 18:09:56 EDT,davidms@ca.ibm.com,CC,Ed.Merks@gmail.com,
2009-09-25 18:10:59 EDT,davidms@ca.ibm.com,Attachment #146940                Attachment is obsolete,1,0
2009-09-29 09:41:39 EDT,davidms@ca.ibm.com,Status,RESOLVED,ASSIGNED
2009-09-29 09:41:39 EDT,davidms@ca.ibm.com,Resolution,FIXED,---
2009-10-11 21:27:16 EDT,davidms@ca.ibm.com,Blocks,292004,
2009-10-26 09:17:29 EDT,davidms@ca.ibm.com,Status,VERIFIED,RESOLVED
