When, Who, What, Added, Removed
2009-09-12 07:49:00 EDT,remy.suen@gmail.com,Component,UI,UI
2009-09-12 07:49:00 EDT,remy.suen@gmail.com,Version,3.5,4.0
2009-09-12 07:49:00 EDT,remy.suen@gmail.com,Assignee,jdt-ui-inbox@eclipse.org,Platform-UI-Inbox@eclipse.org
2009-09-12 07:49:00 EDT,remy.suen@gmail.com,Product,JDT,Platform
2009-09-14 11:29:04 EDT,markus_keller@ch.ibm.com,Status,RESOLVED,NEW
2009-09-14 11:29:04 EDT,markus_keller@ch.ibm.com,CC,markus_keller@ch.ibm.com,
2009-09-14 11:29:04 EDT,markus_keller@ch.ibm.com,Resolution,FIXED,---
2009-09-14 11:29:04 EDT,markus_keller@ch.ibm.com,Target Milestone,3.6 M2,---
2009-09-14 11:29:04 EDT,markus_keller@ch.ibm.com,Summary,[introduce indirection] wizard uses wrong path for inner classes as target,"Introduce Indirection" assistant uses wrong path for inner classes as target
