When, Who, What, Added, Removed
2009-09-11 12:51:51 EDT,Michael_Rennie@ca.ibm.com,Assignee,Michael_Rennie@ca.ibm.com,e4.languages-inbox@eclipse.org
2009-09-11 12:53:23 EDT,Michael_Rennie@ca.ibm.com,Status,RESOLVED,NEW
2009-09-11 12:53:23 EDT,Michael_Rennie@ca.ibm.com,Resolution,FIXED,---
2009-09-11 12:53:23 EDT,Michael_Rennie@ca.ibm.com,Target Milestone,0.9 M1,---
2009-09-11 12:53:23 EDT,Michael_Rennie@ca.ibm.com,Flags,review?(simon_kaegi@ca.ibm.com),
2009-09-17 18:03:30 EDT,simon_kaegi@ca.ibm.com,Status,VERIFIED,RESOLVED
2009-09-17 18:03:30 EDT,simon_kaegi@ca.ibm.com,Flags,review+,review?(simon_kaegi@ca.ibm.com)
