When, Who, What, Added, Removed
2009-09-12 09:54:08 EDT,mmbossoni@gmail.com,Attachment #147044                Attachment is obsolete,1,0
2009-09-12 11:03:58 EDT,frp743@motorola.com,Status,ASSIGNED,NEW
2009-09-12 11:03:58 EDT,frp743@motorola.com,CC,frp743@motorola.com,
2009-09-12 11:03:58 EDT,frp743@motorola.com,Assignee,frp743@motorola.com,api.tml-inbox@eclipse.org
2009-09-12 11:04:47 EDT,frp743@motorola.com,Status,RESOLVED,ASSIGNED
2009-09-12 11:04:47 EDT,frp743@motorola.com,Resolution,FIXED,---
2009-11-17 13:34:06 EST,kpqb38@motorola.com,CC,kpqb38@motorola.com,
2009-11-17 13:34:06 EST,kpqb38@motorola.com,Target Milestone,0.4,---
2010-08-11 17:20:41 EDT,kpqb38@motorola.com,Attachment #147045                Flags,iplog+,
