When, Who, What, Added, Removed
2009-10-29 16:59:28 EDT,rgrunber@redhat.com,Status,ASSIGNED,NEW
2009-10-29 17:00:12 EDT,rgrunber@redhat.com,Assignee,rgrunber@redhat.com,ebaron@fedoraproject.org
2009-11-03 08:27:35 EST,overholt@gmail.com,CC,overholt@redhat.com,
2009-11-03 09:27:41 EST,rgrunber@redhat.com,Status,RESOLVED,ASSIGNED
2009-11-03 09:27:41 EST,rgrunber@redhat.com,Resolution,FIXED,---
2009-11-04 10:27:33 EST,overholt@gmail.com,Target Milestone,0.4,---
2009-11-04 16:15:45 EST,ebaron@fedoraproject.org,Keywords,noteworthy,
