When, Who, What, Added, Removed
2009-09-11 13:35:58 EDT,frp743@motorola.com,Status,ASSIGNED,NEW
2009-09-11 13:35:58 EDT,frp743@motorola.com,CC,frp743@motorola.com,
2009-09-11 13:36:37 EDT,frp743@motorola.com,Assignee,frp743@motorola.com,api.tml-inbox@eclipse.org
2009-09-11 13:48:18 EDT,frp743@motorola.com,Status,RESOLVED,ASSIGNED
2009-09-11 13:48:18 EDT,frp743@motorola.com,Resolution,FIXED,---
2009-11-17 13:36:12 EST,kpqb38@motorola.com,CC,kpqb38@motorola.com,
2009-11-17 13:36:12 EST,kpqb38@motorola.com,Target Milestone,0.4,---
2010-08-11 16:55:19 EDT,kpqb38@motorola.com,Attachment #146971                Flags,iplog+,
