When, Who, What, Added, Removed
2009-09-11 10:50:17 EDT,vroldan@opencanarias.com,CC,smcduff@hotmail.com,
2009-09-11 10:50:17 EDT,vroldan@opencanarias.com,Assignee,vroldan@opencanarias.com,emf.cdo-inbox@eclipse.org
2009-09-11 10:50:25 EDT,vroldan@opencanarias.com,Status,ASSIGNED,NEW
2009-09-11 10:51:55 EDT,vroldan@opencanarias.com,Flags,review?(stepper@esc-net.de),
2009-09-19 08:17:15 EDT,stepper@esc-net.de,CC,stepper@esc-net.de,
2009-09-19 08:49:08 EDT,stepper@esc-net.de,Summary,java.lang.IllegalArgumentException: id instanceof CDOIDTemp [maintenance],[maintenance] java.lang.IllegalArgumentException: id instanceof CDOIDTemp
2009-09-19 08:58:31 EDT,stepper@esc-net.de,Status,RESOLVED,ASSIGNED
2009-09-19 08:58:31 EDT,stepper@esc-net.de,Resolution,FIXED,---
2009-09-19 08:58:31 EDT,stepper@esc-net.de,Flags,review+,review?(stepper@esc-net.de)
2009-09-28 15:56:35 EDT,stepper@esc-net.de,Target Milestone,SR1,---
2009-09-28 15:56:35 EDT,stepper@esc-net.de,Summary,java.lang.IllegalArgumentException: id instanceof CDOIDTemp,java.lang.IllegalArgumentException: id instanceof CDOIDTemp [maintenance]
2009-09-28 15:56:35 EDT,stepper@esc-net.de,Flags,galileo+,
2010-06-29 04:32:40 EDT,stepper@esc-net.de,Status,CLOSED,RESOLVED
2010-06-29 09:22:54 EDT,webmaster@eclipse.org,Component,cdo.core,CDO
