When, Who, What, Added, Removed
2009-09-15 05:35:54 EDT,ivan@eclipsesource.com,Summary,[Combo] Combobox list at the bottom of the browser window is not visible,Combobox list at the bottom of the browser window is not visible
2009-09-16 04:07:21 EDT,ruediger.herrmann@gmx.de,Target Milestone,1.3 M2,---
2009-09-16 05:35:10 EDT,ruediger.herrmann@gmx.de,Status,RESOLVED,NEW
2009-09-16 05:35:10 EDT,ruediger.herrmann@gmx.de,Resolution,FIXED,---
2009-09-16 05:37:55 EDT,ruediger.herrmann@gmx.de,Attachment #147278                Flags,iplog+,
