When, Who, What, Added, Removed
2009-09-14 14:36:30 EDT,Olivier_Thomann@ca.ibm.com,Assignee,satyam.kandula@in.ibm.com,jdt-core-inbox@eclipse.org
2009-09-14 14:36:30 EDT,Olivier_Thomann@ca.ibm.com,Target Milestone,3.6 M3,---
2009-09-14 14:36:42 EDT,Olivier_Thomann@ca.ibm.com,CC,frederic_fusier@fr.ibm.com,
2009-10-22 08:28:00 EDT,satyam.kandula@in.ibm.com,Attachment #150229                Flags,review?,
2009-10-22 08:51:41 EDT,frederic_fusier@fr.ibm.com,Attachment #150229                Flags,review+, iplog+,review?
2009-10-22 08:57:52 EDT,frederic_fusier@fr.ibm.com,Status,RESOLVED,NEW
2009-10-22 08:57:52 EDT,frederic_fusier@fr.ibm.com,Resolution,FIXED,---
2009-10-26 11:19:25 EDT,frederic_fusier@fr.ibm.com,Status,VERIFIED,RESOLVED
