When, Who, What, Added, Removed
2010-05-05 10:40:02 EDT,martin.oberhuber@windriver.com,Keywords,polish,
2010-05-05 14:59:34 EDT,john_arthorne@ca.ibm.com,Assignee,john_arthorne@ca.ibm.com,equinox.p2-inbox@eclipse.org
2010-05-05 15:35:11 EDT,john_arthorne@ca.ibm.com,CC,dj_houghton@ca.ibm.com,
2010-05-05 15:35:11 EDT,john_arthorne@ca.ibm.com,Component,Update  (deprecated - use RT>Equinox>p2),p2
2010-05-05 15:35:11 EDT,john_arthorne@ca.ibm.com,Assignee,platform-update-inbox@eclipse.org,john_arthorne@ca.ibm.com
2010-05-05 15:35:11 EDT,john_arthorne@ca.ibm.com,Product,Platform,Equinox
2010-05-05 15:35:11 EDT,john_arthorne@ca.ibm.com,Target Milestone,3.6 RC1,---
2010-05-05 15:35:24 EDT,john_arthorne@ca.ibm.com,Assignee,john_arthorne@ca.ibm.com,platform-update-inbox@eclipse.org
2010-05-05 15:39:38 EDT,dj_houghton@ca.ibm.com,Flags,review+,
2010-05-05 16:17:53 EDT,john_arthorne@ca.ibm.com,Status,RESOLVED,NEW
2010-05-05 16:17:53 EDT,john_arthorne@ca.ibm.com,Resolution,FIXED,---
