When, Who, What, Added, Removed
2009-09-15 02:10:49 EDT,me@grprakash.com,Component,User Assistance,UI
2009-09-15 02:10:49 EDT,me@grprakash.com,Assignee,platform-ua-inbox@eclipse.org,Platform-UI-Inbox@eclipse.org
2009-09-15 05:39:47 EDT,pwebster@ca.ibm.com,Component,UI,User Assistance
2009-09-15 05:39:47 EDT,pwebster@ca.ibm.com,Version,3.5,4.0
2009-09-15 05:39:47 EDT,pwebster@ca.ibm.com,Assignee,Platform-UI-Inbox@eclipse.org,platform-ua-inbox@eclipse.org
2009-09-15 05:40:31 EDT,pwebster@ca.ibm.com,Assignee,platform-ui-triaged@eclipse.org,Platform-UI-Inbox@eclipse.org
2009-09-15 05:40:31 EDT,pwebster@ca.ibm.com,Summary,[Intro] Restoring WorkBench perspective out of Welcome page shows CheatSheet maximized,Restoring WorkBench perspective out of Welcome page shows CheatSheet maximized
2009-09-15 05:40:31 EDT,pwebster@ca.ibm.com,QA Contact,emoffatt@ca.ibm.com,
2009-09-15 13:38:30 EDT,emoffatt@ca.ibm.com,Keywords,helpwanted,
2009-09-15 13:38:30 EDT,emoffatt@ca.ibm.com,Priority,P5,P3
2011-11-24 11:24:44 EST,helmut.haigermoser@windriver.com,CC,helmut.haigermoser@windriver.com,
2011-11-25 10:42:42 EST,emoffatt@ca.ibm.com,CC,cisco@ca.ibm.com,
2011-11-25 10:42:42 EST,emoffatt@ca.ibm.com,Component,User Assistance,UI
2011-11-25 10:42:42 EST,emoffatt@ca.ibm.com,Assignee,platform-ua-inbox@eclipse.org,platform-ui-triaged@eclipse.org
2011-11-25 10:42:42 EST,emoffatt@ca.ibm.com,QA Contact,,emoffatt@ca.ibm.com
2011-11-29 12:53:20 EST,ChrisAustin@us.ibm.com,Status,RESOLVED,NEW
2011-11-29 12:53:20 EST,ChrisAustin@us.ibm.com,CC,ChrisAustin@us.ibm.com,
2011-11-29 12:53:20 EST,ChrisAustin@us.ibm.com,Resolution,FIXED,---
2011-11-29 12:53:20 EST,ChrisAustin@us.ibm.com,Assignee,ChrisAustin@us.ibm.com,platform-ua-inbox@eclipse.org
2011-11-29 12:53:20 EST,ChrisAustin@us.ibm.com,Target Milestone,3.8 M4,---
