When, Who, What, Added, Removed
2009-09-14 22:44:45 EDT,lzhu@actuate.com,CC,lzhu@actuate.com,
2009-09-14 22:44:45 EDT,lzhu@actuate.com,Assignee,xwu@actuate.com,Birt-Data-inbox@eclipse.org
2009-09-14 22:44:45 EDT,lzhu@actuate.com,Target Milestone,2.5.2 RC1,---
2009-10-25 23:45:49 EDT,xwu@actuate.com,Status,RESOLVED,NEW
2009-10-25 23:45:49 EDT,xwu@actuate.com,Resolution,FIXED,---
2009-10-26 23:12:27 EDT,bluesoldier@gmail.com,QA Contact,mindan.xu@actuate.com,
2009-10-29 03:00:22 EDT,tzhang@actuate.com,Status,CLOSED,RESOLVED
2009-10-29 03:00:22 EDT,tzhang@actuate.com,Whiteboard,Non-Auto,
