When, Who, What, Added, Removed
2009-09-14 14:58:21 EDT,samuelwu@ca.ibm.com,Depends on,289387,
2009-09-14 15:55:11 EDT,dmcknigh@ca.ibm.com,CC,dmcknigh@ca.ibm.com,
2009-09-14 15:55:11 EDT,dmcknigh@ca.ibm.com,Assignee,dmcknigh@ca.ibm.com,dsdp.tm.rse-inbox@eclipse.org
2009-09-14 15:55:11 EDT,dmcknigh@ca.ibm.com,Target Milestone,3.0.3+,---
2009-09-14 15:55:11 EDT,dmcknigh@ca.ibm.com,Summary,Backport Remote Search does not return line nodes in result tree,Port 289387 back to 3.0.3
2009-09-14 16:01:36 EDT,dmcknigh@ca.ibm.com,Flags,review?(kjdoyle@ca.ibm.com),
2009-09-14 22:45:01 EDT,kjdoyle@ca.ibm.com,CC,kjdoyle@ca.ibm.com,
2009-09-14 22:45:01 EDT,kjdoyle@ca.ibm.com,Flags,review+,review?(kjdoyle@ca.ibm.com)
2009-09-15 06:48:14 EDT,dmcknigh@ca.ibm.com,Status,RESOLVED,NEW
2009-09-15 06:48:14 EDT,dmcknigh@ca.ibm.com,Resolution,FIXED,---
