When, Who, What, Added, Removed
2009-09-14 09:12:00 EDT,aniefer@ca.ibm.com,CC,aniefer@ca.ibm.com,
2009-09-14 09:12:00 EDT,aniefer@ca.ibm.com,Component,p2,Build
2009-09-14 09:12:00 EDT,aniefer@ca.ibm.com,Assignee,equinox.p2-inbox@eclipse.org,pde-build-inbox@eclipse.org
2009-09-14 09:12:00 EDT,aniefer@ca.ibm.com,Product,Equinox,PDE
2009-09-14 10:38:54 EDT,david_williams@us.ibm.com,CC,david_williams@us.ibm.com,
2009-09-18 09:35:37 EDT,pwebster@ca.ibm.com,Blocks,289851,
2009-09-21 10:59:31 EDT,pascal@rapicorp.com,CC,pascal_rapicault@ca.ibm.com,
2009-09-21 10:59:31 EDT,pascal@rapicorp.com,Assignee,aniefer@ca.ibm.com,equinox.p2-inbox@eclipse.org
2009-09-21 10:59:31 EDT,pascal@rapicorp.com,Target Milestone,3.6 M3,---
2009-09-23 15:54:54 EDT,aniefer@ca.ibm.com,Status,RESOLVED,NEW
2009-09-23 15:54:54 EDT,aniefer@ca.ibm.com,Resolution,FIXED,---
