When, Who, What, Added, Removed
2009-09-14 14:27:57 EDT,arvera@ca.ibm.com,Assignee,arvera@ca.ibm.com,wst.server-inbox@eclipse.org
2009-10-29 12:39:27 EDT,arvera@ca.ibm.com,Priority,P2,P3
2009-10-29 12:39:27 EDT,arvera@ca.ibm.com,Severity,normal,major
2009-11-09 14:49:08 EST,arvera@ca.ibm.com,Whiteboard,ServersView2,
2010-07-06 09:52:39 EDT,tjbishop@ca.ibm.com,CC,tjbishop@ca.ibm.com,
2010-11-02 13:39:13 EDT,arvera@ca.ibm.com,CC,peterka.jiri@gmail.com,
2010-11-02 13:40:04 EDT,arvera@ca.ibm.com,Severity,enhancement,normal
2011-04-21 14:04:31 EDT,arvera@ca.ibm.com,Status,CLOSED,NEW
2011-04-21 14:04:31 EDT,arvera@ca.ibm.com,Resolution,FIXED,---
