When, Who, What, Added, Removed
2009-09-17 00:48:42 EDT,elias@eclipsesource.com,Status,ASSIGNED,NEW
2009-09-17 00:48:42 EDT,elias@eclipsesource.com,Assignee,elias@eclipsesource.com,riena.ui-inbox@eclipse.org
2009-09-18 03:05:20 EDT,elias@eclipsesource.com,Attachment #147107                Flags,iplog+,
2009-09-18 03:08:27 EDT,elias@eclipsesource.com,Status,RESOLVED,ASSIGNED
2009-09-18 03:08:27 EDT,elias@eclipsesource.com,Resolution,FIXED,---
2009-09-18 03:08:27 EDT,elias@eclipsesource.com,Target Milestone,1.2.0.M2,---
