When, Who, What, Added, Removed
2009-10-10 04:23:46 EDT,tom.schindl@bestsolution.at,Attachment #147123                Flags,iplog+, review+,
2009-10-10 04:24:45 EDT,tom.schindl@bestsolution.at,Status,RESOLVED,NEW
2009-10-10 04:24:45 EDT,tom.schindl@bestsolution.at,Resolution,FIXED,---
2009-10-10 04:24:45 EDT,tom.schindl@bestsolution.at,Assignee,tom.schindl@bestsolution.at,cgross@elementriver.com
2009-10-10 04:24:45 EDT,tom.schindl@bestsolution.at,Flags,iplog+,
2012-09-05 10:49:35 EDT,wayne@eclipse.org,CC,wayne@eclipse.org,
2012-09-05 10:49:35 EDT,wayne@eclipse.org,Flags,,iplog+
