When, Who, What, Added, Removed
2009-09-15 10:05:55 EDT,lgrahek@ca.ibm.com,Blocks,289465,
2009-09-17 14:39:51 EDT,anthonyh@ca.ibm.com,Whiteboard,3.4.3 Patch,
2009-11-05 11:48:52 EST,anthonyh@ca.ibm.com,Target Milestone,3.6 M3,---
2009-11-05 11:48:52 EST,anthonyh@ca.ibm.com,Whiteboard,,3.4.3 Patch
2009-11-26 17:19:30 EST,anthonyh@ca.ibm.com,Target Milestone,3.6 M4,3.6 M3
2009-11-26 17:21:35 EST,anthonyh@ca.ibm.com,Status,RESOLVED,NEW
2009-11-26 17:21:35 EST,anthonyh@ca.ibm.com,Resolution,FIXED,---
2009-11-26 17:21:57 EST,anthonyh@ca.ibm.com,Attachment #147133                Flags,iplog+,
2009-12-17 06:42:08 EST,azmi.ahmad@in.ibm.com,CC,eclipse@azmiahmad.com,
2009-12-17 09:50:11 EST,hudsonr@us.ibm.com,CC,hudsonr@us.ibm.com,
