When, Who, What, Added, Removed
2009-09-14 17:59:59 EDT,ewchan@ca.ibm.com,Priority,P1,P3
2009-09-14 17:59:59 EDT,ewchan@ca.ibm.com,Target Milestone,4.5.2.1,---
2009-09-14 17:59:59 EDT,ewchan@ca.ibm.com,Whiteboard,Milestone4 adopter,
2009-09-15 01:15:42 EDT,chengrui.deng@intel.com,CC,chengrui.deng@intel.com,
2009-09-15 11:59:36 EDT,slamers@ca.ibm.com,CC,slamers@ca.ibm.com,
2009-09-18 15:10:01 EDT,ewchan@ca.ibm.com,Status,RESOLVED,NEW
2009-09-18 15:10:01 EDT,ewchan@ca.ibm.com,Resolution,FIXED,---
2009-09-18 15:10:01 EDT,ewchan@ca.ibm.com,Whiteboard,Milestone3 adopter,Milestone4 adopter
2009-10-16 16:55:27 EDT,kathy@ca.ibm.com,Status,CLOSED,RESOLVED
