When, Who, What, Added, Removed
2009-09-14 07:49:38 EDT,remy.suen@gmail.com,CC,remysuen@ca.ibm.com,
2009-09-14 13:09:32 EDT,qualidafial@gmail.com,CC,Boris_Bokowski@ca.ibm.com, matthall@woodcraftmill.com,
2009-09-15 02:05:55 EDT,me@grprakash.com,Assignee,platform-ui-triaged@eclipse.org,Platform-UI-Inbox@eclipse.org
2009-09-15 02:05:55 EDT,me@grprakash.com,QA Contact,matthall@woodcraftmill.com,
2009-11-09 18:10:23 EST,qualidafial@gmail.com,Assignee,matthall@woodcraftmill.com,platform-ui-triaged@eclipse.org
2010-12-10 18:56:04 EST,qualidafial@gmail.com,Assignee,platform-ui-triaged@eclipse.org,matthall@woodcraftmill.com
2013-07-24 10:27:51 EDT,nigelipse@miegel.org,Status,RESOLVED,NEW
2013-07-24 10:27:51 EDT,nigelipse@miegel.org,CC,nigelipse@miegel.org,
2013-07-24 10:27:51 EDT,nigelipse@miegel.org,Resolution,FIXED,---
