When, Who, What, Added, Removed
2009-09-14 13:32:17 EDT,itewksbu@us.ibm.com,Flags,review?(nsandona@us.ibm.com),
2009-09-14 13:39:41 EDT,nsandona@us.ibm.com,Priority,P2,P3
2009-09-14 13:39:41 EDT,nsandona@us.ibm.com,Assignee,itewksbu@us.ibm.com,wst.css-inbox@eclipse.org
2009-09-14 13:39:41 EDT,nsandona@us.ibm.com,Target Milestone,3.2 M2,---
2009-09-14 13:42:02 EDT,itewksbu@us.ibm.com,Status,ASSIGNED,NEW
2009-09-17 13:58:15 EDT,nitind@us.ibm.com,Target Milestone,3.2 M3,3.2 M2
2009-09-28 17:44:56 EDT,nsandona@us.ibm.com,CC,nsandona@us.ibm.com,
2009-09-28 17:44:56 EDT,nsandona@us.ibm.com,Flags,review-,review?(nsandona@us.ibm.com)
2009-10-02 11:45:17 EDT,itewksbu@us.ibm.com,Attachment #147122                Attachment is patch,1,0
2009-10-02 14:28:25 EDT,itewksbu@us.ibm.com,Summary,[language] CSSTokenizer should allow asterisk preceding property,CSSTokenizer should allow asterisk preceding property
2009-10-02 14:34:35 EDT,itewksbu@us.ibm.com,Attachment #147122                Attachment is obsolete,1,0
2009-10-02 14:34:47 EDT,itewksbu@us.ibm.com,Flags,review?(nsandona@us.ibm.com),
2009-10-02 14:38:31 EDT,itewksbu@us.ibm.com,Summary,[parser] CSSTokenizer should allow asterisk preceding property,[language] CSSTokenizer should allow asterisk preceding property
2009-10-05 11:24:13 EDT,nsandona@us.ibm.com,Status,RESOLVED,ASSIGNED
2009-10-05 11:24:13 EDT,nsandona@us.ibm.com,Resolution,FIXED,---
2009-10-05 11:24:13 EDT,nsandona@us.ibm.com,Flags,review+,review?(nsandona@us.ibm.com)
2009-10-08 16:47:45 EDT,nsandona@us.ibm.com,Flags,,review-
2009-10-19 11:49:41 EDT,itewksbu@us.ibm.com,Status,CLOSED,RESOLVED
