When, Who, What, Added, Removed
2009-09-14 03:53:31 EDT,yulin.wang@actuate.com,Blocks,288795,
2009-09-14 03:53:31 EDT,yulin.wang@actuate.com,Assignee,yulin.wang@actuate.com,Birt-Chart-inbox@eclipse.org
2009-09-14 03:53:31 EDT,yulin.wang@actuate.com,Target Milestone,2.5.2,---
2009-09-21 23:06:33 EDT,yulin.wang@actuate.com,Status,RESOLVED,NEW
2009-09-21 23:06:33 EDT,yulin.wang@actuate.com,Resolution,FIXED,---
2009-10-08 23:07:16 EDT,bluesoldier@gmail.com,CC,xgu@actuate.com,
2009-10-08 23:07:16 EDT,bluesoldier@gmail.com,QA Contact,lshen@actuate.com,
2009-10-26 05:12:38 EDT,lshen@actuate.com,Status,VERIFIED,RESOLVED
2009-10-26 05:12:38 EDT,lshen@actuate.com,Whiteboard,Need-Auto,
2009-12-21 21:35:35 EST,bluesoldier@gmail.com,Whiteboard,Autoed,Need-Auto
2010-03-25 05:37:21 EDT,bluesoldier@gmail.com,Whiteboard,Autoed,G,Autoed
