When, Who, What, Added, Removed
2009-09-14 22:44:28 EDT,zqian@actuate.com,CC,zqian@actuate.com,
2009-09-14 22:44:28 EDT,zqian@actuate.com,Component,Report Engine,Report Designer
2009-09-14 22:44:28 EDT,zqian@actuate.com,Assignee,Birt-ReportEngine-inbox@eclipse.org,Birt-ReportDesigner-inbox@eclipse.org
2009-09-15 02:14:19 EDT,hustlg@msn.com,CC,gliu@actuate.com,
2009-09-15 02:14:19 EDT,hustlg@msn.com,Assignee,gliu@actuate.com,Birt-ReportEngine-inbox@eclipse.org
2009-09-15 02:14:19 EDT,hustlg@msn.com,Target Milestone,2.5.1 RC4,---
2009-09-15 02:23:27 EDT,hustlg@msn.com,Status,RESOLVED,NEW
2009-09-15 02:23:27 EDT,hustlg@msn.com,Resolution,FIXED,---
2009-09-15 23:17:03 EDT,bluesoldier@gmail.com,QA Contact,xwang@actuate.com,
2009-09-16 02:04:27 EDT,xwang@actuate.com,Status,VERIFIED,RESOLVED
2009-09-16 02:04:27 EDT,xwang@actuate.com,Whiteboard,Need-Auto,
2009-12-25 02:18:58 EST,bluesoldier@gmail.com,CC,xgu@actuate.com,
2009-12-25 02:18:58 EST,bluesoldier@gmail.com,Whiteboard,Autoed,Need-Auto
2010-03-25 05:37:35 EDT,bluesoldier@gmail.com,Whiteboard,Autoed,G,Autoed
