When, Who, What, Added, Removed
2009-09-14 12:36:53 EDT,markus_keller@ch.ibm.com,Status,ASSIGNED,NEW
2009-09-14 12:36:53 EDT,markus_keller@ch.ibm.com,CC,markus_keller@ch.ibm.com,
2009-09-14 12:36:53 EDT,markus_keller@ch.ibm.com,Hardware,All,PC
2009-09-14 12:36:53 EDT,markus_keller@ch.ibm.com,Summary,[JUnit] Opening a JUnit result from a URL,Opening a Junit result from a URL
2009-09-14 12:36:53 EDT,markus_keller@ch.ibm.com,OS,All,Mac OS X
2009-09-15 02:34:32 EDT,daniel_megert@ch.ibm.com,CC,daniel_megert@ch.ibm.com,
2009-09-28 12:14:27 EDT,markus_keller@ch.ibm.com,Target Milestone,3.6 M3,---
2009-09-28 12:14:43 EDT,markus_keller@ch.ibm.com,Status,RESOLVED,ASSIGNED
2009-09-28 12:14:43 EDT,markus_keller@ch.ibm.com,Resolution,FIXED,---
2009-10-14 14:50:44 EDT,markus_keller@ch.ibm.com,Assignee,markus_keller@ch.ibm.com,jdt-ui-inbox@eclipse.org
