When, Who, What, Added, Removed
2009-09-14 10:23:50 EDT,stefan@winklerweb.net,CC,vroldan@opencanarias.com,
2009-09-14 10:23:50 EDT,stefan@winklerweb.net,See Also,https://bugs.eclipse.org/bugs/show_bug.cgi?id=284111,
2009-09-14 10:23:50 EDT,stefan@winklerweb.net,Assignee,stefan.winkler-et@fernuni-hagen.de,emf.cdo-inbox@eclipse.org
2009-09-14 10:24:03 EDT,stefan@winklerweb.net,CC,stepper@esc-net.de,
2009-09-14 10:41:51 EDT,stefan@winklerweb.net,Status,RESOLVED,NEW
2009-09-14 10:41:51 EDT,stefan@winklerweb.net,Resolution,FIXED,---
2009-09-14 10:46:29 EDT,stefan@winklerweb.net,Blocks,289358,
2009-09-28 15:57:52 EDT,stepper@esc-net.de,Target Milestone,SR1,---
2009-09-28 15:57:52 EDT,stepper@esc-net.de,Summary,[DB] Disable failing DBStore tests,[DB] [maintenance] disable failing DBStore tests
2009-09-28 15:57:52 EDT,stepper@esc-net.de,Flags,galileo+,
2010-06-29 04:19:01 EDT,stepper@esc-net.de,Component,cdo.db,CDO
2010-06-29 04:32:55 EDT,stepper@esc-net.de,Status,CLOSED,RESOLVED
