When, Who, What, Added, Removed
2009-09-14 07:16:29 EDT,jarno@elovirta.com,CC,jarno@elovirta.com,
2009-09-14 07:16:29 EDT,jarno@elovirta.com,Summary,DitaTopicDocumentBuilder doesn't allow unformatted XML output,DitaTopicDocumentBuilder doesn't allow non-formatter XML output
2009-09-14 11:56:48 EDT,david.green@tasktop.com,Status,RESOLVED,NEW
2009-09-14 11:56:48 EDT,david.green@tasktop.com,Resolution,FIXED,---
2009-09-14 11:56:48 EDT,david.green@tasktop.com,Target Milestone,3.3,---
2011-01-06 10:01:39 EST,webmaster@eclipse.org,Component,Wikitext,WikiText
2011-01-06 10:01:39 EST,webmaster@eclipse.org,Product,Mylyn Docs,Mylyn
2011-01-06 10:01:39 EST,webmaster@eclipse.org,Target Milestone,1.2.0,3.3
