When, Who, What, Added, Removed
2009-09-14 12:41:15 EDT,vroldan@opencanarias.com,Summary,Provide Dynamic content prefetching mechanism upon CDOResource load,Provide Dynamic content prefetching mechanism for CDOResource load
2009-09-14 13:03:09 EDT,vroldan@opencanarias.com,CC,stepper@esc-net.de,
2009-09-14 13:03:09 EDT,vroldan@opencanarias.com,Assignee,vroldan@opencanarias.com,emf.cdo-inbox@eclipse.org
2009-09-14 13:04:19 EDT,vroldan@opencanarias.com,CC,ekke@ekkes-corner.org, florian.pirchner@gmail.com,
2009-09-14 17:19:49 EDT,andre.dietisheim@gmail.com,CC,dietisheim@puzzle.ch,
2009-09-15 01:42:49 EDT,saulius.tvarijonas@nomagic.com,CC,saulius.tvarijonas@nomagic.com,
2009-09-23 05:36:46 EDT,stepper@esc-net.de,CC,vroldan@opencanarias.com,
2009-09-23 05:36:46 EDT,stepper@esc-net.de,Assignee,stepper@esc-net.de,vroldan@opencanarias.com
2009-09-23 13:16:13 EDT,stepper@esc-net.de,Status,RESOLVED,NEW
2009-09-23 13:16:13 EDT,stepper@esc-net.de,Resolution,FIXED,---
2009-09-23 13:16:13 EDT,stepper@esc-net.de,Summary,Provide dynamic content prefetching mechanism via CDOObject.cdoPrefetch(int depth),Provide Dynamic content prefetching mechanism upon CDOResource load
2009-09-28 16:02:03 EDT,stepper@esc-net.de,Target Milestone,M1,---
2009-09-28 16:20:20 EDT,stepper@esc-net.de,Flags,helios+,
2010-06-29 04:35:36 EDT,stepper@esc-net.de,Status,CLOSED,RESOLVED
2010-06-29 09:22:37 EDT,webmaster@eclipse.org,Component,cdo.core,CDO
