When, Who, What, Added, Removed
2009-09-14 11:32:05 EDT,darin.eclipse@gmail.com,Flags,pmc_approved?(Mike_Wilson@ca.ibm.com),
2009-09-14 11:39:04 EDT,darin.eclipse@gmail.com,Summary,new CVS modules for headless external tool build support,new CVS module for headless external tool build support
2009-09-15 10:29:48 EDT,darin.eclipse@gmail.com,CC,natalia.bartol@gmail.com,
2009-09-15 10:35:03 EDT,darin.eclipse@gmail.com,Severity,major,normal
2009-09-15 10:40:38 EDT,kim.moir@gmail.com,CC,kmoir@ca.ibm.com,
2009-09-15 10:41:54 EDT,denis.roy@eclipse.org,CC,Mike_Wilson@ca.ibm.com,
2009-09-15 11:42:25 EDT,Mike_Wilson@ca.ibm.com,Flags,pmc_approved+,pmc_approved?(Mike_Wilson@ca.ibm.com)
2009-09-15 11:48:43 EDT,denis.roy@eclipse.org,Status,RESOLVED,NEW
2009-09-15 11:48:43 EDT,denis.roy@eclipse.org,Resolution,FIXED,---
