When, Who, What, Added, Removed
2009-09-16 05:48:11 EDT,anton.leherbauer@windriver.com,Status,ASSIGNED,NEW
2009-09-16 05:48:11 EDT,anton.leherbauer@windriver.com,Version,6.0,DD 1.1
2009-10-22 05:48:07 EDT,anton.leherbauer@windriver.com,Assignee,anton.leherbauer@windriver.com,cdt-editor-inbox@eclipse.org
2009-10-22 05:48:07 EDT,anton.leherbauer@windriver.com,Target Milestone,6.1,---
2009-10-26 04:14:31 EDT,anton.leherbauer@windriver.com,Attachment #150471                Flags,iplog+,
2009-10-26 04:14:43 EDT,anton.leherbauer@windriver.com,Attachment #150033                Attachment is obsolete,1,0
2009-10-26 04:17:03 EDT,anton.leherbauer@windriver.com,Status,RESOLVED,ASSIGNED
2009-10-26 04:17:03 EDT,anton.leherbauer@windriver.com,Resolution,FIXED,---
2010-01-07 03:29:23 EST,anton.leherbauer@windriver.com,CC,gopyan@rambler.ru,
