When, Who, What, Added, Removed
2009-09-15 13:47:52 EDT,raghunathan.srinivasan@oracle.com,CC,raghunathan.srinivasan@oracle.com,
2009-09-15 13:47:52 EDT,raghunathan.srinivasan@oracle.com,QA Contact,cameron.bateman@oracle.com,
2009-09-22 19:52:49 EDT,raghunathan.srinivasan@oracle.com,Keywords,plan,
2009-09-22 19:52:49 EDT,raghunathan.srinivasan@oracle.com,Target Milestone,3.2,---
2009-09-22 19:52:49 EDT,raghunathan.srinivasan@oracle.com,Whiteboard,Robustness,
2010-01-27 20:24:46 EST,raghunathan.srinivasan@oracle.com,Assignee,ian.trimble@oracle.com,jsf-inbox@eclipse.org
2010-02-22 14:50:57 EST,cameron.bateman@oracle.com,Summary,[WPE] NPE in WebrootUtil.getWebContentPath() method,NPE in WebrootUtil.getWebContentPath() method
2010-03-29 17:39:34 EDT,raghunathan.srinivasan@oracle.com,Target Milestone,3.2 M7,3.2
2010-03-29 22:17:38 EDT,ian.trimble@oracle.com,Status,RESOLVED,NEW
2010-03-29 22:17:38 EDT,ian.trimble@oracle.com,Resolution,FIXED,---
2010-05-04 09:39:07 EDT,xiaonan_jiang@us.ibm.com,Status,CLOSED,RESOLVED
