When, Who, What, Added, Removed
2009-09-13 19:43:35 EDT,d_a_carver@yahoo.com,CC,mukul.gandhi@in.ibm.com,
2009-09-13 19:43:35 EDT,d_a_carver@yahoo.com,Blocks,262765,
2009-09-13 19:43:35 EDT,d_a_carver@yahoo.com,Target Milestone,3.2 M3,---
2009-09-25 17:33:19 EDT,d_a_carver@yahoo.com,Priority,P2,P3
2009-09-25 17:33:19 EDT,d_a_carver@yahoo.com,CC,jesper@selskabet.org,
2009-09-25 17:33:19 EDT,d_a_carver@yahoo.com,Assignee,d_a_carver@yahoo.com,wst.xsl-inbox@eclipse.org
2009-10-15 16:12:29 EDT,d_a_carver@yahoo.com,Status,RESOLVED,NEW
2009-10-15 16:12:29 EDT,d_a_carver@yahoo.com,Resolution,FIXED,---
2010-08-11 17:08:09 EDT,d_a_carver@yahoo.com,Component,wst.xpath,wst.xsl
2010-08-23 20:24:54 EDT,jesper@selskabet.org,Status,CLOSED,RESOLVED
