When, Who, What, Added, Removed
2009-09-15 02:05:08 EDT,me@grprakash.com,Version,3.5,4.0
2009-09-15 02:05:08 EDT,me@grprakash.com,Assignee,platform-ui-triaged@eclipse.org,Platform-UI-Inbox@eclipse.org
2009-09-15 02:05:08 EDT,me@grprakash.com,QA Contact,matthall@woodcraftmill.com,
2009-11-09 17:28:50 EST,qualidafial@gmail.com,Assignee,matthall@woodcraftmill.com,platform-ui-triaged@eclipse.org
2009-11-09 17:28:50 EST,qualidafial@gmail.com,Target Milestone,3.6 M4,---
2009-12-09 11:48:47 EST,john_arthorne@ca.ibm.com,Target Milestone,3.6,3.6 M4
2010-06-09 08:17:20 EDT,pwebster@ca.ibm.com,Target Milestone,---,3.6
2010-08-12 01:09:34 EDT,qualidafial@gmail.com,Target Milestone,3.7 M1,---
2010-08-12 01:09:34 EDT,qualidafial@gmail.com,Flags,indigo+,
2010-08-12 01:10:53 EDT,qualidafial@gmail.com,Status,RESOLVED,NEW
2010-08-12 01:10:53 EDT,qualidafial@gmail.com,Resolution,FIXED,---
