When, Who, What, Added, Removed
2009-09-14 10:50:44 EDT,vroldan@opencanarias.com,Blocks,289358,
2009-09-19 08:17:17 EDT,stepper@esc-net.de,CC,stepper@esc-net.de,
2009-09-23 06:35:34 EDT,vroldan@opencanarias.com,Status,ASSIGNED,NEW
2009-09-23 06:35:34 EDT,vroldan@opencanarias.com,Assignee,vroldan@opencanarias.com,emf.cdo-inbox@eclipse.org
2009-09-23 06:35:54 EDT,vroldan@opencanarias.com,CC,stefan.winkler-et@fernuni-hagen.de,
2009-09-23 06:36:44 EDT,vroldan@opencanarias.com,Flags,review?(stepper@esc-net.de),
2009-09-23 06:36:59 EDT,vroldan@opencanarias.com,CC,smcduff@hotmail.com,
2009-09-24 09:22:29 EDT,stepper@esc-net.de,Version,2.0,unspecified
2009-09-24 09:22:29 EDT,stepper@esc-net.de,Summary,[DB] Support FeatureMaps [maintenance],[DB] [maintenance] Support FeatureMaps
2009-09-24 11:14:29 EDT,stepper@esc-net.de,Attachment #147880                Attachment is obsolete,1,0
2009-09-24 11:16:13 EDT,stepper@esc-net.de,Flags,review+,review?(stepper@esc-net.de)
2009-09-25 06:25:22 EDT,vroldan@opencanarias.com,Status,RESOLVED,ASSIGNED
2009-09-25 06:25:22 EDT,vroldan@opencanarias.com,Resolution,FIXED,---
2009-09-28 15:58:19 EDT,stepper@esc-net.de,Target Milestone,SR1,---
2009-09-28 15:58:19 EDT,stepper@esc-net.de,Summary,[DB] Support FeatureMaps,[DB] Support FeatureMaps [maintenance]
2009-09-28 15:58:19 EDT,stepper@esc-net.de,Flags,galileo+,
2009-11-01 16:41:30 EST,stepper@esc-net.de,Severity,enhancement,normal
2010-06-29 04:19:07 EDT,stepper@esc-net.de,Component,cdo.db,CDO
2010-06-29 04:33:10 EDT,stepper@esc-net.de,Status,CLOSED,RESOLVED
