When, Who, What, Added, Removed
2009-09-14 11:09:16 EDT,dkolovos@cs.york.ac.uk,Status,ASSIGNED,NEW
2009-09-14 11:09:16 EDT,dkolovos@cs.york.ac.uk,CC,louis@cs.york.ac.uk,
2009-10-28 11:17:28 EDT,dkolovos@cs.york.ac.uk,Status,RESOLVED,ASSIGNED
2009-10-28 11:17:28 EDT,dkolovos@cs.york.ac.uk,Resolution,FIXED,---
2010-05-30 15:08:29 EDT,dkolovos@cs.york.ac.uk,Status,CLOSED,RESOLVED
2012-02-06 10:59:39 EST,webmaster@eclipse.org,Component,Core,Epsilon
2012-02-06 10:59:39 EST,webmaster@eclipse.org,Product,EMFT.Epsilon,GMT
