When, Who, What, Added, Removed
2011-12-12 17:19:05 EST,wim.jongman@remainsoftware.com,Status,RESOLVED,NEW
2011-12-12 17:19:05 EST,wim.jongman@remainsoftware.com,Resolution,FIXED,---
2011-12-12 17:19:05 EST,wim.jongman@remainsoftware.com,Assignee,wim.jongman@remainsoftware.com,jeremyd@aspencloud.com
2011-12-12 17:19:05 EST,wim.jongman@remainsoftware.com,Summary,Translations for French and Dutch,French translation
2012-01-17 18:27:36 EST,wim.jongman@remainsoftware.com,Flags,iplog+,
2013-04-23 13:30:12 EDT,wim.jongman@remainsoftware.com,Attachment #147085                Flags,iplog+,
2013-04-23 13:30:17 EDT,wim.jongman@remainsoftware.com,Flags,,iplog+
