When, Who, What, Added, Removed
2009-09-14 10:07:27 EDT,tbuschto@eclipsesource.com,CC,tbuschto@eclipsesource.com,
2009-09-14 10:07:27 EDT,tbuschto@eclipsesource.com,Blocks,286217, 261723, 277118, 277898, 282148,
2009-09-15 11:15:19 EDT,tbuschto@eclipsesource.com,Attachment #147093                Attachment is obsolete,1,0
2009-09-16 03:20:32 EDT,ruediger.herrmann@gmx.de,Target Milestone,1.3 M2,---
2009-09-16 05:33:39 EDT,benjamin.muskalla@tasktop.com,Status,ASSIGNED,NEW
2009-09-18 12:03:07 EDT,ruediger.herrmann@gmx.de,Status,RESOLVED,ASSIGNED
2009-09-18 12:03:07 EDT,ruediger.herrmann@gmx.de,Resolution,FIXED,---
