When, Who, What, Added, Removed
2009-09-14 22:44:12 EDT,lzhu@actuate.com,CC,lzhu@actuate.com,
2009-09-14 22:44:12 EDT,lzhu@actuate.com,Assignee,mwu@actuate.com,Birt-Data-inbox@eclipse.org
2009-09-14 22:44:12 EDT,lzhu@actuate.com,Target Milestone,2.5.2 RC1,---
2010-01-06 04:00:41 EST,mwu@actuate.com,Status,RESOLVED,NEW
2010-01-06 04:00:41 EST,mwu@actuate.com,Resolution,FIXED,---
2010-01-06 20:48:38 EST,bluesoldier@gmail.com,QA Contact,mindan.xu@actuate.com,
2010-01-08 02:43:25 EST,mindan.xu@actuate.com,Status,VERIFIED,RESOLVED
2010-01-08 02:43:25 EST,mindan.xu@actuate.com,Whiteboard,Non-Auto,
