When, Who, What, Added, Removed
2009-09-14 13:53:32 EDT,linda.demichiel@sun.com,CC,linda.demichiel@sun.com,
2009-09-14 14:07:40 EDT,mitesh.meswani@oracle.com,CC,mitesh.meswani@sun.com,
2009-09-14 15:53:08 EDT,douglas.clarke@oracle.com,Priority,P2,P3
2009-09-14 15:53:08 EDT,douglas.clarke@oracle.com,Status,ASSIGNED,NEW
2009-09-14 15:53:08 EDT,douglas.clarke@oracle.com,Hardware,All,PC
2009-09-14 15:53:08 EDT,douglas.clarke@oracle.com,CC,douglas.clarke@oracle.com,
2009-09-14 15:53:08 EDT,douglas.clarke@oracle.com,Assignee,douglas.clarke@oracle.com,eclipselink.orm-inbox@eclipse.org
2009-09-14 15:53:08 EDT,douglas.clarke@oracle.com,Target Milestone,2.0,---
2009-09-14 15:53:08 EDT,douglas.clarke@oracle.com,Severity,critical,normal
2009-09-14 15:53:08 EDT,douglas.clarke@oracle.com,OS,All,Windows XP
2009-09-16 09:47:19 EDT,douglas.clarke@oracle.com,Flags,iplog+,
2009-09-16 11:26:34 EDT,douglas.clarke@oracle.com,Attachment #147334                Flags,iplog+, review+,
2009-09-17 12:10:59 EDT,douglas.clarke@oracle.com,Attachment #147334                Attachment is obsolete,1,0
2009-09-17 12:17:44 EDT,douglas.clarke@oracle.com,CC,gordon.yorke@oracle.com,
2009-09-17 12:17:59 EDT,douglas.clarke@oracle.com,CC,shaun.smith@oracle.com,
2009-09-17 12:18:12 EDT,douglas.clarke@oracle.com,CC,peter.krogh@oracle.com,
2009-09-17 12:18:20 EDT,douglas.clarke@oracle.com,CC,tom.ware@oracle.com,
2009-09-17 12:44:11 EDT,gordon.yorke@oracle.com,Attachment #147454                Attachment mime type,text/plain,application/octet-stream
2009-09-17 12:44:11 EDT,gordon.yorke@oracle.com,Attachment #147454                Attachment is patch,1,0
2009-10-09 08:14:35 EDT,peter.krogh@oracle.com,Status,CLOSED,ASSIGNED
2009-10-09 08:14:35 EDT,peter.krogh@oracle.com,Resolution,FIXED,---
2010-12-08 14:21:49 EST,peter.krogh@oracle.com,Flags,,iplog+
2010-12-08 14:22:01 EST,peter.krogh@oracle.com,Attachment #147124                Flags,iplog+,
2010-12-08 14:22:11 EST,peter.krogh@oracle.com,Attachment #147125                Flags,iplog+,
2010-12-08 14:22:19 EST,peter.krogh@oracle.com,Attachment #147126                Flags,iplog+,
2010-12-08 14:22:29 EST,peter.krogh@oracle.com,Attachment #147454                Flags,iplog+,
