When, Who, What, Added, Removed
2009-09-17 00:19:28 EDT,elias@eclipsesource.com,Priority,P2,P3
2009-10-20 20:30:54 EDT,elias@eclipsesource.com,CC,elias@eclipsesource.com,
2009-10-21 04:10:50 EDT,Sabine.Achilles@compeople.de,CC,Sabine.Achilles@compeople.de,
2009-10-21 16:00:23 EDT,elias@eclipsesource.com,Attachment #150067                Flags,iplog+,
2009-10-21 16:00:23 EDT,elias@eclipsesource.com,Attachment #150067                Attachment is patch,1,0
2009-10-21 16:03:12 EDT,elias@eclipsesource.com,Status,RESOLVED,NEW
2009-10-21 16:03:12 EDT,elias@eclipsesource.com,Resolution,FIXED,---
2009-10-21 20:36:31 EDT,elias@eclipsesource.com,Target Milestone,1.2.0.M3,---
2009-11-10 13:29:43 EST,elias@eclipsesource.com,CC,ralf.stuckert@compeople.de,
