When, Who, What, Added, Removed
2009-09-15 08:50:01 EDT,angvoz.dev@gmail.com,Status,ASSIGNED,NEW
2009-09-15 08:50:01 EDT,angvoz.dev@gmail.com,Assignee,angvoz.dev@gmail.com,cdt-build-inbox@eclipse.org
2009-09-15 08:50:01 EDT,angvoz.dev@gmail.com,Target Milestone,6.0.1,---
2009-09-15 09:51:32 EDT,wieant@tasking.com,Attachment #147186                Attachment is obsolete,1,0
2009-09-15 10:33:30 EDT,angvoz.dev@gmail.com,Attachment #147194                Flags,iplog+,
2009-09-15 10:35:57 EDT,angvoz.dev@gmail.com,Status,RESOLVED,ASSIGNED
2009-09-15 10:35:57 EDT,angvoz.dev@gmail.com,Resolution,FIXED,---
2009-10-16 22:13:29 EDT,marc-andre.laperle@ericsson.com,CC,malaperle@omnialabs.net,
2009-10-17 01:05:00 EDT,angvoz.dev@gmail.com,Target Milestone,6.0.2,6.0.1
