When, Who, What, Added, Removed
2009-09-15 03:22:34 EDT,lzhu@actuate.com,CC,lzhu@actuate.com,
2009-09-15 03:22:34 EDT,lzhu@actuate.com,Assignee,mwu@actuate.com,Birt-Data-inbox@eclipse.org
2009-09-15 03:22:34 EDT,lzhu@actuate.com,Target Milestone,2.6.0,---
2009-10-19 02:15:14 EDT,mwu@actuate.com,Component,Connectivity,Data
2009-10-19 02:15:14 EDT,mwu@actuate.com,Version,unspecified,2.5.0
2009-10-19 02:15:14 EDT,mwu@actuate.com,Assignee,dtp.connectivity-inbox@eclipse.org,mwu@actuate.com
2009-10-19 02:15:14 EDT,mwu@actuate.com,Product,Data Tools,BIRT
2009-10-19 02:15:14 EDT,mwu@actuate.com,Target Milestone,---,2.6.0
2009-10-19 09:01:21 EDT,bfitzpat@redhat.com,CC,lchan@actuate.com,
2009-10-19 09:01:21 EDT,bfitzpat@redhat.com,Component,Open Data Access,Connectivity
2009-10-24 00:02:13 EDT,lchan@actuate.com,CC,,lchan@actuate.com
2009-10-24 00:02:13 EDT,lchan@actuate.com,Assignee,lchan@actuate.com,dtp.connectivity-inbox@eclipse.org
2009-10-24 00:02:13 EDT,lchan@actuate.com,Target Milestone,1.7.2,---
2009-10-26 16:37:44 EDT,lchan@actuate.com,Status,RESOLVED,NEW
2009-10-26 16:37:44 EDT,lchan@actuate.com,Version,1.7,unspecified
2009-10-26 16:37:44 EDT,lchan@actuate.com,Resolution,FIXED,---
2009-10-26 23:11:39 EDT,bluesoldier@gmail.com,QA Contact,lshen@actuate.com,
2010-01-18 05:50:29 EST,lshen@actuate.com,Status,VERIFIED,RESOLVED
