When, Who, What, Added, Removed
2009-09-15 03:24:30 EDT,daniel_megert@ch.ibm.com,Summary,2 compile warnings in official build,Compile warning in official build
2009-09-15 03:30:53 EDT,daniel_megert@ch.ibm.com,URL,http://download.eclipse.org/eclipse/downloads/drops/I20090914-1800/compilelogs/plugins/org.eclipse.equinox.weaving.hook_1.0.0.v20090911/@dot.html,
2009-09-15 03:30:53 EDT,daniel_megert@ch.ibm.com,Version,3.6,unspecified
2009-09-15 09:20:44 EDT,tjwatson@us.ibm.com,Attachment #147191                Attachment description,patch,path
2009-09-15 12:23:51 EDT,mlippert@gmail.com,Status,RESOLVED,NEW
2009-09-15 12:23:51 EDT,mlippert@gmail.com,CC,lippert@acm.org,
2009-09-15 12:23:51 EDT,mlippert@gmail.com,Resolution,FIXED,---
2009-09-15 12:33:52 EDT,mlippert@gmail.com,Target Milestone,3.6 M2,---
2009-09-17 02:20:26 EDT,daniel_megert@ch.ibm.com,Status,VERIFIED,RESOLVED
