When, Who, What, Added, Removed
2009-09-15 11:53:57 EDT,tom.ware@oracle.com,CC,eclipselink.foundation-inbox@eclipse.org, tom.ware@oracle.com,
2009-09-15 11:53:57 EDT,tom.ware@oracle.com,Assignee,tom.ware@oracle.com,eclipselink.foundation-inbox@eclipse.org
2009-09-15 11:54:06 EDT,tom.ware@oracle.com,Status,ASSIGNED,NEW
2009-09-15 14:09:40 EDT,tom.ware@oracle.com,Status,CLOSED,ASSIGNED
2009-09-15 14:09:40 EDT,tom.ware@oracle.com,Resolution,FIXED,---
2009-09-16 15:07:35 EDT,tom.ware@oracle.com,Target Milestone,2.0,---
2010-12-08 15:23:11 EST,peter.krogh@oracle.com,CC,peter.krogh@oracle.com,
2010-12-08 15:23:11 EST,peter.krogh@oracle.com,Flags,iplog+,
