When, Who, What, Added, Removed
2009-09-15 11:14:15 EDT,dmcknigh@ca.ibm.com,Depends on,283157,
2009-09-15 11:14:15 EDT,dmcknigh@ca.ibm.com,Assignee,dmcknigh@ca.ibm.com,dsdp.tm.rse-inbox@eclipse.org
2009-09-15 11:14:15 EDT,dmcknigh@ca.ibm.com,Target Milestone,3.0.3+,---
2009-09-15 11:21:51 EDT,dmcknigh@ca.ibm.com,Flags,review?(kjdoyle@ca.ibm.com),
2009-09-15 11:47:57 EDT,kjdoyle@ca.ibm.com,CC,kjdoyle@ca.ibm.com,
2009-09-15 11:47:57 EDT,kjdoyle@ca.ibm.com,Flags,review+,review?(kjdoyle@ca.ibm.com)
2009-09-15 11:49:46 EDT,dmcknigh@ca.ibm.com,Status,RESOLVED,NEW
2009-09-15 11:49:46 EDT,dmcknigh@ca.ibm.com,Resolution,FIXED,---
