When, Who, What, Added, Removed
2009-09-23 11:38:47 EDT,thomas@tada.se,CC,thomas@tada.se,
2009-09-23 11:38:47 EDT,thomas@tada.se,Hardware,All,PC
2009-09-23 11:38:47 EDT,thomas@tada.se,Assignee,thomas@tada.se,buckminster.core-inbox@eclipse.org
2009-09-23 11:38:47 EDT,thomas@tada.se,OS,All,Windows XP
2009-09-23 11:38:47 EDT,thomas@tada.se,Severity,enhancement,normal
2009-09-23 19:11:43 EDT,thomas@tada.se,Status,RESOLVED,NEW
2009-09-23 19:11:43 EDT,thomas@tada.se,Resolution,FIXED,---
2009-10-20 08:12:19 EDT,miles.daffin@morganstanley.com,Status,VERIFIED,RESOLVED
