When, Who, What, Added, Removed
2009-09-15 12:49:46 EDT,Stephane.Drapeau@obeo.fr,Attachment #147223                Attachment mime type,text/plain,application/octet-stream
2009-09-15 12:49:46 EDT,Stephane.Drapeau@obeo.fr,Attachment #147223                Attachment is patch,1,0
2009-09-15 12:51:42 EDT,Stephane.Drapeau@obeo.fr,Keywords,contributed,
2009-09-15 12:51:42 EDT,Stephane.Drapeau@obeo.fr,Status,RESOLVED,NEW
2009-09-15 12:51:42 EDT,Stephane.Drapeau@obeo.fr,CC,Stephane.Drapeau@obeo.fr,
2009-09-15 12:51:42 EDT,Stephane.Drapeau@obeo.fr,Resolution,FIXED,---
2009-09-15 12:51:42 EDT,Stephane.Drapeau@obeo.fr,Flags,iplog+,
