When, Who, What, Added, Removed
2009-09-14 21:43:01 EDT,Olivier_Thomann@ca.ibm.com,CC,Olivier_Thomann@ca.ibm.com,
2009-09-14 22:37:48 EDT,david_williams@us.ibm.com,CC,david_williams@us.ibm.com,
2009-09-15 02:10:12 EDT,daniel_megert@ch.ibm.com,CC,daniel_megert@ch.ibm.com,
2009-09-15 02:10:12 EDT,daniel_megert@ch.ibm.com,Severity,major,normal
2009-09-15 11:45:20 EDT,john_arthorne@ca.ibm.com,CC,john_arthorne@ca.ibm.com,
2009-09-15 13:17:20 EDT,denis.roy@eclipse.org,Priority,P1,P3
2009-09-15 13:17:20 EDT,denis.roy@eclipse.org,Severity,critical,major
2009-09-15 16:55:17 EDT,karl.matthias@eclipse.org,CC,karl.matthias@eclipse.org,
2009-09-28 12:20:31 EDT,karl.matthias@eclipse.org,Summary,intermittent CVS timeouts and consistent Rsync failures,intermittent CVS timeouts
2009-10-13 16:03:53 EDT,karl.matthias@eclipse.org,Status,RESOLVED,NEW
2009-10-13 16:03:53 EDT,karl.matthias@eclipse.org,Resolution,FIXED,---
