When, Who, What, Added, Removed
2009-09-15 11:26:42 EDT,ewchan@ca.ibm.com,Priority,P2,P3
2009-09-15 11:26:42 EDT,ewchan@ca.ibm.com,Target Milestone,4.6.2,---
2009-09-15 13:37:30 EDT,kathy@ca.ibm.com,Assignee,chengrui.deng@intel.com,tptp.platform-inbox@eclipse.org
2009-10-16 03:57:42 EDT,chengrui.deng@intel.com,Attachment #149721                Flags,review?,
2009-10-26 20:48:09 EDT,chengrui.deng@intel.com,Attachment #149722                Attachment is obsolete,1,0
2009-10-30 02:47:13 EDT,chengrui.deng@intel.com,Attachment #149721                Flags,,review?
2009-10-30 02:47:13 EDT,chengrui.deng@intel.com,Attachment #149721                Attachment is obsolete,1,0
2009-10-30 02:50:46 EDT,chengrui.deng@intel.com,Attachment #150902                Flags,review?,
2009-11-24 21:05:45 EST,chengrui.deng@intel.com,Status,RESOLVED,NEW
2009-11-24 21:05:45 EST,chengrui.deng@intel.com,Resolution,FIXED,---
2011-04-01 14:51:43 EDT,ewchan@ca.ibm.com,Status,CLOSED,RESOLVED
