When, Who, What, Added, Removed
2009-10-16 06:13:59 EDT,yann.tanguy@cea.fr,CC,thomas.szadel@atosorigin.com,
2009-11-04 11:01:51 EST,thibault.landre@atosorigin.com,Status,RESOLVED,NEW
2009-11-04 11:01:51 EST,thibault.landre@atosorigin.com,Resolution,FIXED,---
2009-11-04 11:01:51 EST,thibault.landre@atosorigin.com,Assignee,thibault.landre@atosorigin.com,cedric.dumoulin@lifl.fr
2009-11-04 11:01:51 EST,thibault.landre@atosorigin.com,Target Milestone,M3,---
2009-11-04 11:01:51 EST,thibault.landre@atosorigin.com,Whiteboard,UML 2.x Diagrams,
