When, Who, What, Added, Removed
2009-09-15 10:14:28 EDT,anton.leherbauer@windriver.com,Status,ASSIGNED,NEW
2009-09-15 10:14:28 EDT,anton.leherbauer@windriver.com,Hardware,All,PC
2009-09-15 10:14:28 EDT,anton.leherbauer@windriver.com,Version,6.0,DD 1.1
2009-09-15 10:14:28 EDT,anton.leherbauer@windriver.com,OS,All,Windows Vista
2010-06-10 03:40:24 EDT,anton.leherbauer@windriver.com,CC,joshkel@gmail.com,
2010-06-10 03:40:45 EDT,anton.leherbauer@windriver.com,Assignee,anton.leherbauer@windriver.com,cdt-editor-inbox@eclipse.org
2010-06-10 03:40:45 EDT,anton.leherbauer@windriver.com,Target Milestone,7.0.1,---
2010-08-13 05:37:39 EDT,anton.leherbauer@windriver.com,Status,RESOLVED,ASSIGNED
2010-08-13 05:37:39 EDT,anton.leherbauer@windriver.com,Resolution,FIXED,---
2010-08-13 07:00:24 EDT,anton.leherbauer@windriver.com,CC,reinhard.griech@solutions.endress.com,
