When, Who, What, Added, Removed
2009-09-15 12:54:22 EDT,simon_kaegi@ca.ibm.com,CC,simon_kaegi@ca.ibm.com,
2009-09-15 12:54:22 EDT,simon_kaegi@ca.ibm.com,Assignee,simon_kaegi@ca.ibm.com,equinox.p2-inbox@eclipse.org
2009-09-16 08:37:20 EDT,simon_kaegi@ca.ibm.com,Attachment #147282                Flags,iplog+,
2009-09-16 08:38:36 EDT,simon_kaegi@ca.ibm.com,Keywords,contributed,
2009-09-16 08:38:36 EDT,simon_kaegi@ca.ibm.com,Status,RESOLVED,NEW
2009-09-16 08:38:36 EDT,simon_kaegi@ca.ibm.com,Resolution,FIXED,---
2009-09-16 08:38:36 EDT,simon_kaegi@ca.ibm.com,Target Milestone,3.6 M3,---
2009-09-16 21:44:20 EDT,pascal@rapicorp.com,Blocks,289670,
