When, Who, What, Added, Removed
2009-09-15 05:09:14 EDT,thomas@tada.se,Status,RESOLVED,NEW
2009-09-15 05:09:14 EDT,thomas@tada.se,Resolution,FIXED,---
2009-09-16 06:57:51 EDT,achim.demelt@googlemail.com,Status,REOPENED,RESOLVED
2009-09-16 06:57:51 EDT,achim.demelt@googlemail.com,Resolution,---,FIXED
2009-09-16 08:16:38 EDT,achim.demelt@googlemail.com,CC,a.demelt@exxcellent.de,
2009-09-16 08:41:31 EDT,thomas@tada.se,Status,RESOLVED,REOPENED
2009-09-16 08:41:31 EDT,thomas@tada.se,Resolution,FIXED,---
2009-09-16 09:42:32 EDT,achim.demelt@googlemail.com,Status,REOPENED,RESOLVED
2009-09-16 09:42:32 EDT,achim.demelt@googlemail.com,Resolution,---,FIXED
2009-09-16 10:06:43 EDT,thomas@tada.se,Status,RESOLVED,REOPENED
2009-09-16 10:06:43 EDT,thomas@tada.se,Resolution,FIXED,---
2009-09-16 11:33:11 EDT,thomas@tada.se,Target Milestone,Galileo SR1,---
