When, Who, What, Added, Removed
2009-09-15 02:04:08 EDT,me@grprakash.com,Assignee,platform-ui-triaged@eclipse.org,Platform-UI-Inbox@eclipse.org
2009-09-15 02:04:08 EDT,me@grprakash.com,Summary,[Viewers] ILazyTreePathContentProvider documentation request,ILazyTreePathContentProvider documentation request
2009-09-15 02:04:08 EDT,me@grprakash.com,QA Contact,Boris_Bokowski@ca.ibm.com,
2009-11-11 11:56:53 EST,bokowski@google.com,Status,RESOLVED,NEW
2009-11-11 11:56:53 EST,bokowski@google.com,Resolution,FIXED,---
2009-11-11 11:56:53 EST,bokowski@google.com,Target Milestone,3.6 M4,---
2009-11-11 11:57:07 EST,bokowski@google.com,Attachment #149484                Flags,iplog+,
2009-12-07 20:02:07 EST,pwebster@ca.ibm.com,Assignee,Boris_Bokowski@ca.ibm.com,platform-ui-triaged@eclipse.org
2009-12-08 10:09:00 EST,remy.suen@gmail.com,CC,remysuen@ca.ibm.com,
2009-12-08 10:09:13 EST,remy.suen@gmail.com,Status,VERIFIED,RESOLVED
