When, Who, What, Added, Removed
2009-09-15 12:52:14 EDT,Stephane.Drapeau@obeo.fr,Attachment #147224                Attachment mime type,text/plain,application/octet-stream
2009-09-15 12:52:14 EDT,Stephane.Drapeau@obeo.fr,Attachment #147224                Attachment is patch,1,0
2009-09-15 12:57:31 EDT,Stephane.Drapeau@obeo.fr,Keywords,contributed,
2009-09-15 12:57:31 EDT,Stephane.Drapeau@obeo.fr,CC,Stephane.Drapeau@obeo.fr,
2009-09-15 12:57:31 EDT,Stephane.Drapeau@obeo.fr,Flags,iplog+,
2009-09-15 12:58:52 EDT,Stephane.Drapeau@obeo.fr,Status,CLOSED,NEW
2009-09-15 12:58:52 EDT,Stephane.Drapeau@obeo.fr,Resolution,FIXED,---
