When, Who, What, Added, Removed
2009-09-15 08:23:37 EDT,daniel_megert@ch.ibm.com,Target Milestone,3.6 M2,---
2009-09-16 09:03:10 EDT,markus_keller@ch.ibm.com,Status,ASSIGNED,NEW
2009-09-16 10:51:22 EDT,markus_keller@ch.ibm.com,Status,RESOLVED,ASSIGNED
2009-09-16 10:51:22 EDT,markus_keller@ch.ibm.com,Resolution,FIXED,---
2009-09-16 10:51:22 EDT,markus_keller@ch.ibm.com,Summary,[JUnit] JUnit view not active after test,[JUnit] Junit view not active after test
2009-09-17 03:49:40 EDT,daniel_megert@ch.ibm.com,Status,VERIFIED,RESOLVED
