When, Who, What, Added, Removed
2009-09-15 00:07:21 EDT,janb@webtide.com,CC,janb@webtide.com,
2009-09-15 00:07:21 EDT,janb@webtide.com,Assignee,janb@webtide.com,jesse.mcconnell@gmail.com
2010-01-01 12:15:06 EST,hmalphettes@gmail.com,Attachment #147403                Attachment is obsolete,1,0
2010-01-01 12:15:06 EST,hmalphettes@gmail.com,Attachment #147583                Attachment is obsolete,1,0
2010-01-01 12:15:06 EST,hmalphettes@gmail.com,Attachment #150305                Attachment is obsolete,1,0
2010-04-14 20:17:37 EDT,hmalphettes@gmail.com,Status,RESOLVED,NEW
2010-04-14 20:17:37 EDT,hmalphettes@gmail.com,Resolution,FIXED,---
2010-04-14 20:17:37 EDT,hmalphettes@gmail.com,Target Milestone,7.0.2,7.0.0 M3
