When, Who, What, Added, Removed
2009-09-15 10:03:31 EDT,nsandona@us.ibm.com,Target Milestone,3.0.5 P,---
2009-09-15 10:03:31 EDT,nsandona@us.ibm.com,Flags,review?(nitind@us.ibm.com),
2009-09-15 10:03:57 EDT,nsandona@us.ibm.com,CC,nsandona@us.ibm.com,
2009-09-15 10:03:57 EDT,nsandona@us.ibm.com,Assignee,nsandona@us.ibm.com,wst.sse-inbox@eclipse.org
2009-09-15 10:04:02 EDT,nsandona@us.ibm.com,Status,ASSIGNED,NEW
2009-09-17 04:54:32 EDT,nitind@us.ibm.com,Attachment #147196                Attachment mime type,text/plain,application/octet-stream
2009-09-17 04:54:32 EDT,nitind@us.ibm.com,Attachment #147196                Attachment is patch,1,0
2009-09-17 04:56:28 EDT,nitind@us.ibm.com,Flags,review+,review?(nitind@us.ibm.com)
2009-10-05 18:54:12 EDT,nitind@us.ibm.com,Attachment #147196                Attachment is obsolete,1,0
2009-10-05 18:54:38 EDT,nitind@us.ibm.com,Flags,review?(nsandona@us.ibm.com),
2009-10-05 19:13:21 EDT,nsandona@us.ibm.com,Flags,review+,review?(nsandona@us.ibm.com)
2009-10-06 07:36:57 EDT,ccc@us.ibm.com,Status,RESOLVED,ASSIGNED
2009-10-06 07:36:57 EDT,ccc@us.ibm.com,CC,ccc@us.ibm.com,
2009-10-06 07:36:57 EDT,ccc@us.ibm.com,Resolution,FIXED,---
