When, Who, What, Added, Removed
2009-09-16 16:03:05 EDT,eclipse.felipe@gmail.com,CC,skovatch@adobe.com,
2009-09-16 16:03:56 EDT,eclipse.felipe@gmail.com,CC,felipe_heidrich@ca.ibm.com, Silenio_Quarti@ca.ibm.com,
2009-09-16 16:03:56 EDT,eclipse.felipe@gmail.com,Assignee,krbarnes@ca.ibm.com,platform-swt-inbox@eclipse.org
2009-09-21 10:42:44 EDT,cocoakevin@gmail.com,Status,RESOLVED,NEW
2009-09-21 10:42:44 EDT,cocoakevin@gmail.com,Resolution,FIXED,---
2009-09-21 10:42:44 EDT,cocoakevin@gmail.com,Target Milestone,3.6 M3,---
