When, Who, What, Added, Removed
2009-09-15 15:50:40 EDT,d_a_carver@yahoo.com,Assignee,wst.xsl-triaged@eclipse.org,wst.xsl-inbox@eclipse.org
2009-09-15 15:50:40 EDT,d_a_carver@yahoo.com,Target Milestone,3.2 M3,---
2009-10-26 01:46:37 EDT,d_a_carver@yahoo.com,Target Milestone,3.2 M4,3.2 M3
2009-12-03 14:11:06 EST,d_a_carver@yahoo.com,Target Milestone,3.2 M5,3.2 M4
2010-01-18 05:46:33 EST,d_a_carver@yahoo.com,Assignee,d_a_carver@yahoo.com,wst.xsl-triaged@eclipse.org
2010-01-27 00:52:35 EST,nitind@us.ibm.com,Target Milestone,3.2 M6,3.2 M5
2010-02-15 20:16:30 EST,d_a_carver@yahoo.com,Blocks,264360,
2010-02-15 21:48:24 EST,d_a_carver@yahoo.com,Status,RESOLVED,NEW
2010-02-15 21:48:24 EST,d_a_carver@yahoo.com,Resolution,FIXED,---
