When, Who, What, Added, Removed
2009-09-15 14:13:42 EDT,markus_keller@ch.ibm.com,Blocks,289488,
2009-09-16 02:46:52 EDT,daniel_megert@ch.ibm.com,CC,daniel_megert@ch.ibm.com,
2009-10-13 13:57:10 EDT,gheorghe@ca.ibm.com,Assignee,swt-triaged@eclipse.org,platform-swt-inbox@eclipse.org
2009-10-13 13:57:10 EDT,gheorghe@ca.ibm.com,Summary,[Widgets] Table & Tree's  MouseUp and Selection events swapped,Table & Tree's  MouseUp and Selection events swapped
2009-10-13 13:57:10 EDT,gheorghe@ca.ibm.com,QA Contact,krbarnes@ca.ibm.com,
2009-10-15 13:41:15 EDT,h1055071@rppkn.com,CC,p.beauvoir@dadabeatnik.com,
2009-11-17 12:45:16 EST,Silenio_Quarti@ca.ibm.com,CC,Silenio_Quarti@ca.ibm.com,
2009-11-17 12:45:16 EST,Silenio_Quarti@ca.ibm.com,Assignee,Silenio_Quarti@ca.ibm.com,swt-triaged@eclipse.org
2009-11-17 13:33:39 EST,Silenio_Quarti@ca.ibm.com,Blocks,279103,
2009-11-17 13:34:42 EST,Silenio_Quarti@ca.ibm.com,Status,RESOLVED,NEW
2009-11-17 13:34:42 EST,Silenio_Quarti@ca.ibm.com,Resolution,FIXED,---
2009-12-10 15:52:41 EST,grant_gayed@ca.ibm.com,Target Milestone,3.6 M4,---
