When, Who, What, Added, Removed
2009-09-15 12:03:59 EDT,daniel_megert@ch.ibm.com,CC,daniel_megert@ch.ibm.com,
2009-09-15 12:07:59 EDT,daniel_megert@ch.ibm.com,Summary,[navigation] MultipleHyperlinkPresenter activates link twice (on MouseUp and on Selection) on Cocoa,MultipleHyperlinkPresenter activates link twice (on MouseUp and on Selection) on Cocoa
2009-09-15 14:13:42 EDT,markus_keller@ch.ibm.com,Component,SWT,Text
2009-09-15 14:13:42 EDT,markus_keller@ch.ibm.com,Depends on,279103, 289483,
2009-09-15 14:13:42 EDT,markus_keller@ch.ibm.com,Assignee,platform-swt-inbox@eclipse.org,platform-text-inbox@eclipse.org
2009-09-15 14:13:42 EDT,markus_keller@ch.ibm.com,Summary,Unexpected delayed Selection event after Table was hidden in MouseUp,[navigation] MultipleHyperlinkPresenter activates link twice (on MouseUp and on Selection) on Cocoa
2009-09-15 14:13:42 EDT,markus_keller@ch.ibm.com,Severity,major,normal
2009-09-15 15:29:10 EDT,Silenio_Quarti@ca.ibm.com,CC,krbarnes@ca.ibm.com, Silenio_Quarti@ca.ibm.com,
2009-09-15 15:29:10 EDT,Silenio_Quarti@ca.ibm.com,Assignee,Silenio_Quarti@ca.ibm.com,platform-swt-inbox@eclipse.org
2009-09-16 10:13:57 EDT,daniel_megert@ch.ibm.com,Version,3.5.1,3.6
2009-09-16 12:01:53 EDT,Silenio_Quarti@ca.ibm.com,Status,RESOLVED,NEW
2009-09-16 12:01:53 EDT,Silenio_Quarti@ca.ibm.com,Resolution,FIXED,---
2009-09-16 12:01:53 EDT,Silenio_Quarti@ca.ibm.com,Target Milestone,3.5.1,---
2009-09-16 12:06:38 EDT,daniel_megert@ch.ibm.com,Flags,pmc_approved+,
2009-09-16 13:15:43 EDT,john_arthorne@ca.ibm.com,CC,john_arthorne@ca.ibm.com,
2009-09-18 04:06:20 EDT,markus_keller@ch.ibm.com,Status,VERIFIED,RESOLVED
