When, Who, What, Added, Removed
2009-09-17 09:18:15 EDT,tom.ware@oracle.com,Priority,P2,P3
2009-09-17 09:18:15 EDT,tom.ware@oracle.com,CC,tom.ware@oracle.com,
2009-09-17 09:18:15 EDT,tom.ware@oracle.com,Target Milestone,2.0,---
2009-11-23 15:31:23 EST,tom.ware@oracle.com,Status,ASSIGNED,NEW
2009-11-23 15:31:23 EST,tom.ware@oracle.com,CC,eclipselink.orm-inbox@eclipse.org,
2009-11-23 15:31:23 EST,tom.ware@oracle.com,Assignee,tom.ware@oracle.com,eclipselink.orm-inbox@eclipse.org
2009-11-24 14:09:15 EST,tom.ware@oracle.com,Summary,Embedded many-to-many fails on persist, find and ddl generation,DDL gen for embedded many-to-many does not generate join table
2009-11-24 14:23:00 EST,tom.ware@oracle.com,Attachment #152966                Attachment is obsolete,1,0
2009-11-24 15:31:45 EST,tom.ware@oracle.com,Status,CLOSED,ASSIGNED
2009-11-24 15:31:45 EST,tom.ware@oracle.com,Resolution,FIXED,---
