When, Who, What, Added, Removed
2009-09-15 03:28:47 EDT,daniel_megert@ch.ibm.com,Version,3.6,unspecified
2009-09-15 03:30:12 EDT,daniel_megert@ch.ibm.com,URL,http://download.eclipse.org/eclipse/downloads/drops/I20090914-1800/compilelogs/plugins/org.eclipse.equinox.p2.tests.verifier_1.0.0.v20090911-1356/@dot.html,
2009-09-15 08:47:04 EDT,pascal@rapicorp.com,Status,RESOLVED,NEW
2009-09-15 08:47:04 EDT,pascal@rapicorp.com,CC,Olivier_Thomann@ca.ibm.com, pascal_rapicault@ca.ibm.com,
2009-09-15 08:47:04 EDT,pascal@rapicorp.com,Resolution,FIXED,---
2009-09-15 08:47:04 EDT,pascal@rapicorp.com,Target Milestone,3.6 M2,---
2009-09-17 02:20:52 EDT,daniel_megert@ch.ibm.com,Status,VERIFIED,RESOLVED
