When, Who, What, Added, Removed
2009-09-18 16:35:35 EDT,Michael_Rennie@ca.ibm.com,Assignee,Michael_Rennie@ca.ibm.com,e4.languages-inbox@eclipse.org
2009-12-15 09:36:44 EST,Michael_Rennie@ca.ibm.com,Attachment #147604                Attachment is obsolete,1,0
2009-12-15 09:37:41 EST,Michael_Rennie@ca.ibm.com,Status,RESOLVED,NEW
2009-12-15 09:37:41 EST,Michael_Rennie@ca.ibm.com,Resolution,FIXED,---
2009-12-15 09:37:41 EST,Michael_Rennie@ca.ibm.com,Target Milestone,1.0 M3,---
2009-12-15 09:37:41 EST,Michael_Rennie@ca.ibm.com,Flags,review?(simon_kaegi@ca.ibm.com),
2010-03-10 15:48:35 EST,simon_kaegi@ca.ibm.com,Flags,,review?(simon_kaegi@ca.ibm.com)
