When, Who, What, Added, Removed
2009-09-15 04:08:48 EDT,rlu@actuate.com,CC,rlu@actuate.com,
2009-09-15 04:08:48 EDT,rlu@actuate.com,Component,Report Designer,Report
2009-09-15 04:08:48 EDT,rlu@actuate.com,Assignee,Birt-ReportDesigner-inbox@eclipse.org,Birt-Report-inbox@eclipse.org
2009-09-15 04:30:22 EDT,zqian@actuate.com,CC,zqian@actuate.com,
2009-09-15 04:30:22 EDT,zqian@actuate.com,Assignee,dgao@actuate.com,Birt-ReportDesigner-inbox@eclipse.org
2009-09-15 04:30:22 EDT,zqian@actuate.com,Target Milestone,2.5.2,---
2009-10-20 22:22:29 EDT,gump_gao@sohu.com,Status,CLOSED,NEW
2009-10-20 22:22:29 EDT,gump_gao@sohu.com,Resolution,FIXED,---
2009-10-20 22:22:29 EDT,gump_gao@sohu.com,Assignee,lzhu@actuate.com,dgao@actuate.com
