When, Who, What, Added, Removed
2009-09-15 10:57:32 EDT,darin.eclipse@gmail.com,CC,Darin_Wright@ca.ibm.com, Olivier_Thomann@ca.ibm.com,
2009-09-15 11:09:11 EDT,darin.eclipse@gmail.com,Status,ASSIGNED,NEW
2009-09-15 11:09:11 EDT,darin.eclipse@gmail.com,Target Milestone,3.6 M3,---
2009-09-21 13:00:03 EDT,Michael_Rennie@ca.ibm.com,Assignee,Michael_Rennie@ca.ibm.com,jdt-debug-inbox@eclipse.org
2009-09-24 13:34:22 EDT,Michael_Rennie@ca.ibm.com,Status,RESOLVED,ASSIGNED
2009-09-24 13:34:22 EDT,Michael_Rennie@ca.ibm.com,Resolution,FIXED,---
2009-09-25 02:09:56 EDT,daniel_megert@ch.ibm.com,Status,VERIFIED,RESOLVED
