When, Who, What, Added, Removed
2009-09-15 16:05:20 EDT,cgold@us.ibm.com,CC,cgold@us.ibm.com,
2009-09-15 16:05:20 EDT,cgold@us.ibm.com,Component,UI,User Assistance
2009-09-15 16:05:20 EDT,cgold@us.ibm.com,Assignee,Platform-UI-Inbox@eclipse.org,platform-ua-inbox@eclipse.org
2009-09-28 06:32:18 EDT,francisu@ieee.org,CC,francisu@ieee.org,
2009-09-28 06:32:18 EDT,francisu@ieee.org,Component,Doc,UI
2009-09-28 06:42:10 EDT,francisu@ieee.org,Version,3.5.1,4.0
2009-09-28 06:42:10 EDT,francisu@ieee.org,Assignee,platform-ui-triaged@eclipse.org,Platform-UI-Inbox@eclipse.org
2009-09-28 06:42:10 EDT,francisu@ieee.org,Summary,[Import/Export] In Workbench help, basic tutorial on Exporting files refers to Filter Types button as Select Types button.,In Workbench help, basic tutorial on Exporting files refers to Filter Types button as Select Types button.
2009-09-28 06:42:10 EDT,francisu@ieee.org,QA Contact,grprakash@in.ibm.com,
2009-09-29 01:35:47 EDT,me@grprakash.com,CC,hsoliwal@in.ibm.com,
2009-09-29 02:28:58 EDT,francisu@ieee.org,CC,john_arthorne@ca.ibm.com,
2009-09-29 02:53:31 EDT,hsoliwal@in.ibm.com,Attachment #148298                Attachment is obsolete,1,0
2012-05-30 14:18:45 EDT,john_arthorne@ca.ibm.com,Keywords,Documentation,
2012-05-30 14:18:45 EDT,john_arthorne@ca.ibm.com,Assignee,john_arthorne@ca.ibm.com,platform-ui-triaged@eclipse.org
2012-05-30 14:18:45 EDT,john_arthorne@ca.ibm.com,Target Milestone,4.2 RC3,---
2012-05-30 14:28:53 EDT,john_arthorne@ca.ibm.com,Status,RESOLVED,NEW
2012-05-30 14:28:53 EDT,john_arthorne@ca.ibm.com,Resolution,FIXED,---
