When, Who, What, Added, Removed
2009-09-15 08:49:18 EDT,eclipse.felipe@gmail.com,CC,felipe_heidrich@ca.ibm.com,
2009-09-15 11:16:00 EDT,gheorghe@ca.ibm.com,CC,Silenio_Quarti@ca.ibm.com,
2009-09-15 11:16:00 EDT,gheorghe@ca.ibm.com,Assignee,swt-triaged@eclipse.org,platform-swt-inbox@eclipse.org
2009-09-15 11:16:00 EDT,gheorghe@ca.ibm.com,Summary,[Widgets] Black screen in windows 7 aero mode using Tracker,Black screen in windows 7 aero mode using Tracker
2009-09-15 11:16:00 EDT,gheorghe@ca.ibm.com,QA Contact,felipe_heidrich@ca.ibm.com,
2009-09-18 10:31:37 EDT,Silenio_Quarti@ca.ibm.com,CC,Mike_Wilson@ca.ibm.com,
2009-09-18 10:31:37 EDT,Silenio_Quarti@ca.ibm.com,Assignee,Silenio_Quarti@ca.ibm.com,swt-triaged@eclipse.org
2009-09-21 15:05:22 EDT,Silenio_Quarti@ca.ibm.com,Status,RESOLVED,NEW
2009-09-21 15:05:22 EDT,Silenio_Quarti@ca.ibm.com,Resolution,FIXED,---
2009-10-06 13:35:24 EDT,Silenio_Quarti@ca.ibm.com,Status,REOPENED,RESOLVED
2009-10-06 13:35:24 EDT,Silenio_Quarti@ca.ibm.com,Resolution,---,FIXED
2009-10-06 13:37:44 EDT,Silenio_Quarti@ca.ibm.com,Status,RESOLVED,REOPENED
2009-10-06 13:37:44 EDT,Silenio_Quarti@ca.ibm.com,Resolution,FIXED,---
2009-10-06 13:37:44 EDT,Silenio_Quarti@ca.ibm.com,Target Milestone,3.5.2,---
2012-07-03 16:03:09 EDT,eddie@tibco.com,CC,eddie@streambase.com,
