When, Who, What, Added, Removed
2009-09-15 13:35:01 EDT,philipp.konradi@siemens.com,CC,philipp.konradi@siemens.com,
2009-09-15 13:35:01 EDT,philipp.konradi@siemens.com,Summary,[remoteservices] Missing topic filtering in DistrubutedEventAdmin implementation,Missing topic filtering in DistrubutedEventAdmin implementation
2009-09-15 14:21:22 EDT,slewis@composent.com,CC,slewis@eclipsesource.com,
2009-09-15 17:02:25 EDT,slewis@composent.com,Status,RESOLVED,NEW
2009-09-15 17:02:25 EDT,slewis@composent.com,Resolution,FIXED,---
