When, Who, What, Added, Removed
2009-12-08 11:11:19 EST,nsandona@us.ibm.com,Assignee,sarika.sinha@in.ibm.com,wst.sse-inbox@eclipse.org
2009-12-11 01:44:40 EST,sarika.sinha@in.ibm.com,Flags,review?(nsandona@us.ibm.com),
2009-12-15 10:48:17 EST,nsandona@us.ibm.com,Status,RESOLVED,NEW
2009-12-15 10:48:17 EST,nsandona@us.ibm.com,CC,nsandona@us.ibm.com,
2009-12-15 10:48:17 EST,nsandona@us.ibm.com,Resolution,FIXED,---
2009-12-15 10:48:17 EST,nsandona@us.ibm.com,Target Milestone,3.2 M5,---
2009-12-15 10:48:17 EST,nsandona@us.ibm.com,Flags,review+,review?(nsandona@us.ibm.com)
2009-12-15 10:48:26 EST,nsandona@us.ibm.com,Attachment #154289                Flags,iplog+,
