When, Who, What, Added, Removed
2009-09-15 12:16:45 EDT,grpar@smile.fr,Version,2.2,unspecified
2009-09-16 07:29:56 EDT,spektom@gmail.com,CC,spektom@gmail.com,
2009-09-16 07:29:56 EDT,spektom@gmail.com,Component,Common,PHP Search
2009-09-16 07:29:56 EDT,spektom@gmail.com,Version,1.0,2.2
2009-09-16 07:29:56 EDT,spektom@gmail.com,Assignee,dltk.common-inbox@eclipse.org,php.ui-inbox@eclipse.org
2009-09-16 07:29:56 EDT,spektom@gmail.com,Product,DLTK,PDT
2009-10-12 04:15:55 EDT,alex.panchenko@gmail.com,Status,RESOLVED,NEW
2009-10-12 04:15:55 EDT,alex.panchenko@gmail.com,CC,alex@xored.com,
2009-10-12 04:15:55 EDT,alex.panchenko@gmail.com,Resolution,FIXED,---
