When, Who, What, Added, Removed
2009-09-15 06:40:12 EDT,vroldan@opencanarias.com,CC,stepper@esc-net.de, vroldan@opencanarias.com,
2009-09-15 06:40:12 EDT,vroldan@opencanarias.com,Assignee,stefan.winkler-et@fernuni-hagen.de,emf.cdo-inbox@eclipse.org
2009-12-23 12:13:29 EST,vroldan@opencanarias.com,Attachment #147980                Attachment is obsolete,1,0
2009-12-23 12:17:01 EST,vroldan@opencanarias.com,Flags,review?(stefan.winkler-et@fernuni-hagen.de),
2009-12-25 07:14:56 EST,stepper@esc-net.de,Status,ASSIGNED,NEW
2009-12-25 07:14:56 EST,stepper@esc-net.de,QA Contact,stepper@esc-net.de,
2009-12-25 07:40:00 EST,stepper@esc-net.de,Flags,review+,review?(stefan.winkler-et@fernuni-hagen.de)
2009-12-31 06:43:49 EST,vroldan@opencanarias.com,Status,RESOLVED,ASSIGNED
2009-12-31 06:43:49 EST,vroldan@opencanarias.com,Resolution,FIXED,---
2010-06-29 04:19:03 EDT,stepper@esc-net.de,Component,cdo.db,CDO
2010-06-29 04:35:48 EDT,stepper@esc-net.de,Status,CLOSED,RESOLVED
