When, Who, What, Added, Removed
2009-09-15 12:31:46 EDT,hargrave@us.ibm.com,CC,hargrave@us.ibm.com,
2009-09-15 13:01:00 EDT,simon_kaegi@ca.ibm.com,CC,simon_kaegi@ca.ibm.com,
2009-09-25 16:20:12 EDT,idzelis@us.ibm.com,CC,idzelis@us.ibm.com,
2009-10-19 11:13:45 EDT,karasiuk@ca.ibm.com,CC,karasiuk@ca.ibm.com,
2009-10-20 18:09:43 EDT,tjwatson@us.ibm.com,Attachment #147844                Attachment is obsolete,1,0
2009-10-20 18:09:43 EDT,tjwatson@us.ibm.com,Attachment #147845                Attachment is obsolete,1,0
2009-10-21 14:22:15 EDT,tjwatson@us.ibm.com,Assignee,tjwatson@us.ibm.com,equinox.compendium-inbox@eclipse.org
2009-10-21 14:22:15 EDT,tjwatson@us.ibm.com,Target Milestone,3.6 M3,---
2009-10-21 14:27:01 EDT,tjwatson@us.ibm.com,Depends on,292935,
2009-10-21 14:34:12 EDT,tjwatson@us.ibm.com,Status,RESOLVED,NEW
2009-10-21 14:34:12 EDT,tjwatson@us.ibm.com,CC,john_arthorne@ca.ibm.com,
2009-10-21 14:34:12 EDT,tjwatson@us.ibm.com,Depends on,292937,
2009-10-21 14:34:12 EDT,tjwatson@us.ibm.com,Resolution,FIXED,---
2009-10-22 10:16:16 EDT,dj_houghton@ca.ibm.com,CC,dj_houghton@ca.ibm.com,
2009-10-30 12:11:09 EDT,john_arthorne@ca.ibm.com,Blocks,293730,
2009-10-30 13:20:48 EDT,john_arthorne@ca.ibm.com,Status,VERIFIED,RESOLVED
