When, Who, What, Added, Removed
2009-09-15 02:19:21 EDT,lshen@actuate.com,Summary,[Compatibility] Percent number format in rptdocument is not parsed correctly.[0900],[Compatibility] Percent number format in rptdocument is not parsed correctly.
2009-09-15 03:22:13 EDT,lzhu@actuate.com,CC,lzhu@actuate.com,
2009-09-15 03:22:13 EDT,lzhu@actuate.com,Component,Report Engine,Data
2009-09-15 03:22:13 EDT,lzhu@actuate.com,Assignee,Birt-ReportEngine-inbox@eclipse.org,Birt-Data-inbox@eclipse.org
2009-09-15 22:42:06 EDT,hustlg@msn.com,CC,gliu@actuate.com,
2009-09-15 22:42:06 EDT,hustlg@msn.com,Assignee,gliu@actuate.com,Birt-ReportEngine-inbox@eclipse.org
2009-09-15 22:42:06 EDT,hustlg@msn.com,Target Milestone,2.5.1 RC4,---
2009-09-15 22:45:24 EDT,hustlg@msn.com,Status,RESOLVED,NEW
2009-09-15 22:45:24 EDT,hustlg@msn.com,Resolution,FIXED,---
2009-09-15 23:04:19 EDT,bluesoldier@gmail.com,QA Contact,lshen@actuate.com,
2009-09-16 02:26:07 EDT,lshen@actuate.com,Status,VERIFIED,RESOLVED
2009-09-16 02:26:07 EDT,lshen@actuate.com,Whiteboard,Need-Auto,
2009-09-16 03:26:05 EDT,lshen@actuate.com,Summary,[Compatibility] Percent number format in rptdocument is not parsed correctly.[0008],[Compatibility] Percent number format in rptdocument is not parsed correctly.[0900]
2009-09-16 03:26:23 EDT,lshen@actuate.com,Summary,[Compatibility] Percent number format in rptdocument is not parsed correctly.[0900],[Compatibility] Percent number format in rptdocument is not parsed correctly.[0008]
2010-01-15 03:54:01 EST,bluesoldier@gmail.com,CC,xgu@actuate.com,
2010-01-15 03:54:01 EST,bluesoldier@gmail.com,Whiteboard,Autoed,Need-Auto
2010-03-25 05:37:48 EDT,bluesoldier@gmail.com,Whiteboard,Autoed,G,Autoed
