When, Who, What, Added, Removed
2009-09-15 15:17:17 EDT,Stephane.Drapeau@obeo.fr,Keywords,contributed,
2009-09-15 15:17:17 EDT,Stephane.Drapeau@obeo.fr,Status,RESOLVED,NEW
2009-09-15 15:17:17 EDT,Stephane.Drapeau@obeo.fr,CC,Stephane.Drapeau@obeo.fr,
2009-09-15 15:17:17 EDT,Stephane.Drapeau@obeo.fr,Resolution,FIXED,---
2009-09-15 15:17:17 EDT,Stephane.Drapeau@obeo.fr,Flags,iplog+,
2011-03-25 08:24:26 EDT,vincent.zurczak@petalslink.com,Status,CLOSED,RESOLVED
2011-03-25 08:24:26 EDT,vincent.zurczak@petalslink.com,CC,vincent.zurczak@petalslink.com,
