When, Who, What, Added, Removed
2009-09-15 09:31:55 EDT,mikewse@gmail.com,Version,3.5,3.6
2009-09-15 09:41:16 EDT,Olivier_Thomann@ca.ibm.com,CC,Olivier_Thomann@ca.ibm.com,
2009-09-15 09:41:16 EDT,Olivier_Thomann@ca.ibm.com,Component,Core Framework,Core
2009-09-15 09:41:16 EDT,Olivier_Thomann@ca.ibm.com,Version,unspecified,3.5
2009-09-15 09:41:16 EDT,Olivier_Thomann@ca.ibm.com,Assignee,fproj-inbox@eclipse.org,jdt-core-inbox@eclipse.org
2009-09-15 09:41:16 EDT,Olivier_Thomann@ca.ibm.com,Product,Faceted Project Framework,JDT
2009-09-15 09:41:16 EDT,Olivier_Thomann@ca.ibm.com,QA Contact,konstantin.komissarchik@oracle.com,
2010-04-22 16:40:13 EDT,konstantin.komissarchik@oracle.com,Component,Faceted Project Framework,Core Framework
2010-04-22 16:40:13 EDT,konstantin.komissarchik@oracle.com,Version,3.1,unspecified
2010-04-22 16:40:13 EDT,konstantin.komissarchik@oracle.com,Assignee,konstantin.komissarchik@oracle.com,fproj-inbox@eclipse.org
2010-04-22 16:40:13 EDT,konstantin.komissarchik@oracle.com,Product,WTP Common Tools,Faceted Project Framework
2010-04-22 16:40:13 EDT,konstantin.komissarchik@oracle.com,Target Milestone,3.2 M7,---
2010-04-27 20:21:55 EDT,konstantin.komissarchik@oracle.com,Status,RESOLVED,NEW
2010-04-27 20:21:55 EDT,konstantin.komissarchik@oracle.com,Resolution,FIXED,---
2010-05-21 14:35:06 EDT,konstantin.komissarchik@oracle.com,CC,angelcervera@silyan.com,
