When, Who, What, Added, Removed
2009-10-16 13:13:45 EDT,Michael_Rennie@ca.ibm.com,Status,ASSIGNED,NEW
2009-10-16 13:13:45 EDT,Michael_Rennie@ca.ibm.com,Assignee,Michael_Rennie@ca.ibm.com,e4.languages-inbox@eclipse.org
2009-10-16 13:14:41 EDT,Michael_Rennie@ca.ibm.com,Status,RESOLVED,ASSIGNED
2009-10-16 13:14:41 EDT,Michael_Rennie@ca.ibm.com,Resolution,FIXED,---
2009-10-16 13:14:41 EDT,Michael_Rennie@ca.ibm.com,Target Milestone,1.0 M3,---
2009-10-16 13:14:41 EDT,Michael_Rennie@ca.ibm.com,Flags,review?(simon_kaegi@ca.ibm.com),
2009-10-16 14:14:19 EDT,simon_kaegi@ca.ibm.com,Status,REOPENED,RESOLVED
2009-10-16 14:14:19 EDT,simon_kaegi@ca.ibm.com,Resolution,---,FIXED
2009-10-16 14:14:19 EDT,simon_kaegi@ca.ibm.com,Flags,review-,review?(simon_kaegi@ca.ibm.com)
2009-10-19 12:39:57 EDT,Michael_Rennie@ca.ibm.com,Attachment #149779                Attachment is obsolete,1,0
2009-10-19 12:41:50 EDT,Michael_Rennie@ca.ibm.com,Status,RESOLVED,REOPENED
2009-10-19 12:41:50 EDT,Michael_Rennie@ca.ibm.com,Resolution,FIXED,---
2009-10-19 12:41:50 EDT,Michael_Rennie@ca.ibm.com,Flags,review?(simon_kaegi@ca.ibm.com),
2010-03-10 15:48:23 EST,simon_kaegi@ca.ibm.com,Flags,review+,review?(simon_kaegi@ca.ibm.com)
