When, Who, What, Added, Removed
2009-09-15 14:11:11 EDT,darin.eclipse@gmail.com,Assignee,ankur_sharma@in.ibm.com,pde-ui-inbox@eclipse.org
2009-09-15 14:11:11 EDT,darin.eclipse@gmail.com,Target Milestone,3.6,---
2009-09-15 14:11:18 EDT,darin.eclipse@gmail.com,Status,ASSIGNED,NEW
2009-09-15 14:16:13 EDT,cwindatt@ca.ibm.com,CC,cwindatt@ca.ibm.com,
2009-09-16 12:10:43 EDT,cwindatt@ca.ibm.com,Target Milestone,3.6 M2,3.6
2009-09-16 12:10:43 EDT,cwindatt@ca.ibm.com,Flags,review+,
2009-09-16 14:08:05 EDT,ankur_sharma@in.ibm.com,Status,RESOLVED,ASSIGNED
2009-09-16 14:08:05 EDT,ankur_sharma@in.ibm.com,Resolution,FIXED,---
2009-09-16 16:16:17 EDT,darin.eclipse@gmail.com,Status,VERIFIED,RESOLVED
