When, Who, What, Added, Removed
2009-12-09 12:40:43 EST,elias@eclipsesource.com,Status,ASSIGNED,NEW
2009-12-09 12:40:43 EST,elias@eclipsesource.com,Assignee,elias@eclipsesource.com,riena.ui-inbox@eclipse.org
2009-12-09 12:40:43 EST,elias@eclipsesource.com,Target Milestone,2.0.0,1.2.0
2009-12-17 16:09:13 EST,elias@eclipsesource.com,Status,RESOLVED,ASSIGNED
2009-12-17 16:09:13 EST,elias@eclipsesource.com,Resolution,FIXED,---
2010-01-07 14:43:06 EST,elias@eclipsesource.com,Target Milestone,2.0.0.M5,2.0.0
