When, Who, What, Added, Removed
2009-09-17 10:09:28 EDT,cwindatt@ca.ibm.com,Keywords,bugday,
2009-09-17 10:09:28 EDT,cwindatt@ca.ibm.com,Target Milestone,3.6,---
2010-02-04 13:08:12 EST,darin.eclipse@gmail.com,CC,Darin_Wright@ca.ibm.com,
2010-02-04 13:08:12 EST,darin.eclipse@gmail.com,Summary,[Breakpoints] Selection moves up when deleting breakpoints from group,Selection moves up when deleting breakpoints from group
2010-03-24 22:08:38 EDT,darin.eclipse@gmail.com,Assignee,Darin_Wright@ca.ibm.com,jdt-debug-inbox@eclipse.org
2010-03-24 22:08:38 EDT,darin.eclipse@gmail.com,Target Milestone,3.6 M7,3.6
2010-03-24 22:15:27 EDT,darin.eclipse@gmail.com,Status,RESOLVED,NEW
2010-03-24 22:15:27 EDT,darin.eclipse@gmail.com,Resolution,FIXED,---
2010-03-24 22:15:27 EDT,darin.eclipse@gmail.com,Flags,review?(markus_keller@ch.ibm.com),
2010-04-13 13:16:15 EDT,markus_keller@ch.ibm.com,Flags,review+,review?(markus_keller@ch.ibm.com)
2010-04-27 09:43:02 EDT,darin.eclipse@gmail.com,Status,VERIFIED,RESOLVED
