When, Who, What, Added, Removed
2009-09-15 15:50:56 EDT,Michael_Rennie@ca.ibm.com,CC,simon_kaegi@ca.ibm.com,
2009-09-15 17:56:21 EDT,nitind@us.ibm.com,Assignee,nitind@us.ibm.com,wst.javascript-inbox@eclipse.org
2009-09-15 17:56:21 EDT,nitind@us.ibm.com,Target Milestone,3.2 M3,---
2009-09-16 10:23:20 EDT,cmjaun@us.ibm.com,CC,cmjaun@us.ibm.com,
2009-09-16 10:23:20 EDT,cmjaun@us.ibm.com,Summary,[editor] [exceptions] NPE from JavadocHover,NPE from JavadocHover
2009-09-22 14:37:48 EDT,nitind@us.ibm.com,Component,wst.jsdt,wst.javascript
2009-10-28 23:18:56 EDT,nitind@us.ibm.com,Target Milestone,3.2 M4,3.2 M3
2009-10-28 23:18:56 EDT,nitind@us.ibm.com,Flags,review?(nitind@us.ibm.com),
2009-12-02 16:09:13 EST,cmjaun@us.ibm.com,Status,RESOLVED,NEW
2009-12-02 16:09:13 EST,cmjaun@us.ibm.com,Resolution,FIXED,---
2009-12-02 16:09:13 EST,cmjaun@us.ibm.com,Assignee,cmjaun@us.ibm.com,nitind@us.ibm.com
2009-12-02 16:09:13 EST,cmjaun@us.ibm.com,Flags,,review?(nitind@us.ibm.com)
2010-03-03 11:16:14 EST,webmaster@eclipse.org,Component,General,wst.jsdt
2010-03-03 11:16:14 EST,webmaster@eclipse.org,Version,3.0,unspecified
2010-03-03 11:16:14 EST,webmaster@eclipse.org,Product,JSDT,WTP Source Editing
2010-03-03 11:16:14 EST,webmaster@eclipse.org,Target Milestone,3.0 RC2,3.2 M4
2010-03-18 12:04:27 EDT,webmaster@eclipse.org,Target Milestone,3.2 M4,3.0 RC2
2010-03-18 12:04:27 EDT,webmaster@eclipse.org,Version,unspecified,3.0
