When, Who, What, Added, Removed
2009-09-16 07:16:32 EDT,pawel.pogorzelski1@gmail.com,CC,Pawel.Pogorzelski@pl.ibm.com,
2009-09-16 07:16:32 EDT,pawel.pogorzelski1@gmail.com,Assignee,Pawel.Pogorzelski@pl.ibm.com,platform-compare-inbox@eclipse.org
2009-09-16 09:11:26 EDT,pawel.pogorzelski1@gmail.com,Status,ASSIGNED,NEW
2009-09-16 09:11:26 EDT,pawel.pogorzelski1@gmail.com,Depends on,289599,
2009-09-16 09:40:12 EDT,pawel.pogorzelski1@gmail.com,Target Milestone,3.6 M3,---
2009-09-30 14:56:14 EDT,pawel.pogorzelski1@gmail.com,Status,RESOLVED,ASSIGNED
2009-09-30 14:56:14 EDT,pawel.pogorzelski1@gmail.com,Resolution,FIXED,---
2009-10-02 05:58:29 EDT,daniel_megert@ch.ibm.com,Status,VERIFIED,RESOLVED
