When, Who, What, Added, Removed
2009-09-15 14:47:44 EDT,edwin.tang@oracle.com,CC,gordon.yorke@oracle.com,
2009-09-17 09:16:45 EDT,tom.ware@oracle.com,Priority,P2,P3
2009-09-17 09:16:45 EDT,tom.ware@oracle.com,CC,tom.ware@oracle.com,
2009-09-17 09:16:45 EDT,tom.ware@oracle.com,Target Milestone,1.2.0,---
2009-10-01 12:59:03 EDT,gordon.yorke@oracle.com,Status,RESOLVED,NEW
2009-10-01 12:59:03 EDT,gordon.yorke@oracle.com,CC,eclipselink.orm-inbox@eclipse.org,
2009-10-01 12:59:03 EDT,gordon.yorke@oracle.com,Resolution,FIXED,---
