When, Who, What, Added, Removed
2009-09-16 11:03:20 EDT,mvaawl@gmail.com,Summary,[Properties] MDT Papyrus "Advanced" Tab in "Properties Sheet" show the property/value list twice,MDT Papyrus "Advanced" Tab in "Properties Sheet" show the property/value list twice
2009-09-16 15:46:25 EDT,sebastien.gerard@cea.fr,Assignee,Patrick.Tessier@cea.fr,mdt-papyrus-inbox@eclipse.org
2009-09-16 15:46:25 EDT,sebastien.gerard@cea.fr,Summary,[Properties editor] MDT Papyrus "Advanced" Tab in "Properties Sheet" show the property/value list twice,[Properties] MDT Papyrus "Advanced" Tab in "Properties Sheet" show the property/value list twice
2009-10-15 12:48:54 EDT,thibault.landre@atosorigin.com,Status,RESOLVED,NEW
2009-10-15 12:48:54 EDT,thibault.landre@atosorigin.com,Resolution,FIXED,---
2009-10-15 12:48:54 EDT,thibault.landre@atosorigin.com,Assignee,thibault.landre@atosorigin.com,Patrick.Tessier@cea.fr
2009-11-13 08:45:34 EST,thibault.landre@atosorigin.com,Version,0.7.0,unspecified
2009-11-13 08:45:34 EST,thibault.landre@atosorigin.com,Target Milestone,M3,---
