When, Who, What, Added, Removed
2009-09-25 19:37:33 EDT,jhkauf@us.ibm.com,Assignee,kaufman@almaden.ibm.com,stem.internal-inbox@eclipse.org
2009-09-25 19:37:33 EDT,jhkauf@us.ibm.com,Target Milestone,1.0.0,---
2009-09-25 19:38:19 EDT,jhkauf@us.ibm.com,Status,ASSIGNED,NEW
2009-09-25 19:39:20 EDT,jhkauf@us.ibm.com,Target Milestone,M1,1.0.0
2009-09-30 19:17:34 EDT,jhkauf@us.ibm.com,Status,RESOLVED,ASSIGNED
2009-09-30 19:17:34 EDT,jhkauf@us.ibm.com,Resolution,FIXED,---
2009-09-30 19:17:49 EDT,jhkauf@us.ibm.com,Status,CLOSED,RESOLVED
