When, Who, What, Added, Removed
2009-11-02 13:54:05 EST,Sebastian.Zarnekow@itemis.de,Status,ASSIGNED,NEW
2009-11-02 13:54:05 EST,Sebastian.Zarnekow@itemis.de,CC,Sebastian.Zarnekow@itemis.de,
2009-11-02 13:54:05 EST,Sebastian.Zarnekow@itemis.de,Target Milestone,M3,---
2009-11-02 17:11:34 EST,Sebastian.Zarnekow@itemis.de,Status,RESOLVED,ASSIGNED
2009-11-02 17:11:34 EST,Sebastian.Zarnekow@itemis.de,Resolution,FIXED,---
2009-11-03 03:00:06 EST,lorenzo.bettini@gmail.com,CC,bettini@dsi.unifi.it,
