When, Who, What, Added, Removed
2009-09-16 08:08:37 EDT,vroldan@opencanarias.com,CC,vroldan@opencanarias.com,
2009-09-16 08:22:44 EDT,saulius.tvarijonas@nomagic.com,CC,saulius.tvarijonas@nomagic.com,
2009-09-16 08:35:36 EDT,smcduff@hotmail.com,CC,smcduff@hotmail.com,
2009-09-16 20:23:58 EDT,smcduff@hotmail.com,Status,ASSIGNED,NEW
2009-09-16 20:25:38 EDT,smcduff@hotmail.com,Assignee,smcduff@hotmail.com,emf.cdo-inbox@eclipse.org
2009-09-16 20:48:16 EDT,smcduff@hotmail.com,Flags,review?(stepper@esc-net.de),
2009-09-19 08:17:15 EDT,stepper@esc-net.de,CC,stepper@esc-net.de,
2009-09-19 09:18:10 EDT,stepper@esc-net.de,Version,3.0,2.0
2009-09-24 08:40:42 EDT,stepper@esc-net.de,Flags,review+,review?(stepper@esc-net.de)
2009-09-24 20:09:02 EDT,smcduff@hotmail.com,Status,RESOLVED,ASSIGNED
2009-09-24 20:09:02 EDT,smcduff@hotmail.com,Resolution,FIXED,---
2009-09-24 20:09:15 EDT,smcduff@hotmail.com,Attachment #147392                Attachment is obsolete,1,0
2009-09-28 16:02:00 EDT,stepper@esc-net.de,Target Milestone,M1,---
2009-09-28 16:20:36 EDT,stepper@esc-net.de,Flags,helios+,
2010-06-29 04:36:14 EDT,stepper@esc-net.de,Status,CLOSED,RESOLVED
2010-06-29 09:20:52 EDT,webmaster@eclipse.org,Component,cdo.core,CDO
