When, Who, What, Added, Removed
2009-10-05 19:40:43 EDT,pawel.1.piech@gmail.com,Summary,[debug view] Migrate the Restart feature to the new one, as supported by the platform,Migrate the Restart feature to the new one, as supported by the platform
2010-04-07 16:35:06 EDT,nmehrega@cisco.com,CC,nmehregani@ti.com,
2010-04-15 12:05:50 EDT,nmehrega@cisco.com,CC,marcin.swiezawski@gmail.com,
2010-04-29 18:48:20 EDT,pawel.1.piech@gmail.com,Status,RESOLVED,NEW
2010-04-29 18:48:20 EDT,pawel.1.piech@gmail.com,Resolution,FIXED,---
2010-04-29 18:48:20 EDT,pawel.1.piech@gmail.com,Assignee,pawel.piech@windriver.com,cdt-debug-dsf-gdb-inbox@eclipse.org
2010-04-29 18:48:20 EDT,pawel.1.piech@gmail.com,Target Milestone,7.0,---
2010-04-29 18:48:20 EDT,pawel.1.piech@gmail.com,Flags,review?(marc.khouzam@ericsson.com),
2010-04-29 18:48:42 EDT,pawel.1.piech@gmail.com,Attachment #164919                Flags,iplog+,
2010-04-29 18:48:51 EDT,pawel.1.piech@gmail.com,Attachment #166581                Flags,iplog-,
2010-04-29 18:49:32 EDT,pawel.1.piech@gmail.com,Attachment #147253                Flags,iplog-,
2010-04-30 16:31:52 EDT,marc.khouzam@ericsson.com,Attachment #166679                Flags,iplog-,
2010-05-03 13:16:56 EDT,marc.khouzam@ericsson.com,CC,mikhailkhod@googlemail.com,
2010-05-04 00:19:38 EDT,pawel.1.piech@gmail.com,Depends on,311474,
2010-05-04 13:34:51 EDT,pawel.1.piech@gmail.com,Attachment #166807                Flags,iplog-,
2010-05-05 09:20:42 EDT,marc.khouzam@ericsson.com,Flags,review+,review?(marc.khouzam@ericsson.com)
