When, Who, What, Added, Removed
2009-09-16 11:03:13 EDT,mvaawl@gmail.com,Summary,[Class Diagram] Not possible to modify Operation's parameter,Not possible to modify Operation's parameter
2009-10-08 05:20:32 EDT,Patrick.Tessier@cea.fr,Status,ASSIGNED,NEW
2009-10-08 05:20:32 EDT,Patrick.Tessier@cea.fr,Assignee,remi.schnekenburger@cea.fr,mdt-papyrus-inbox@eclipse.org
2009-10-09 06:40:30 EDT,remi.schnekenburger@cea.fr,Status,RESOLVED,ASSIGNED
2009-10-09 06:40:30 EDT,remi.schnekenburger@cea.fr,Resolution,FIXED,---
2009-10-15 08:58:31 EDT,thibault.landre@atosorigin.com,Target Milestone,M2,---
2009-10-15 10:20:17 EDT,thibault.landre@atosorigin.com,Keywords,plan,
2009-10-15 10:20:17 EDT,thibault.landre@atosorigin.com,Whiteboard,UML 2.x Diagrams,
2009-10-15 10:48:58 EDT,thibault.landre@atosorigin.com,Version,0.7.0,unspecified
