When, Who, What, Added, Removed
2012-07-19 15:14:12 EDT,akurtakov@gmail.com,CC,akurtakov@gmail.com, dschaefer@qnx.com,
2012-07-19 15:14:12 EDT,akurtakov@gmail.com,Component,cdt-autotools,Autotools
2012-07-19 15:14:12 EDT,akurtakov@gmail.com,Version,8.1.0,1.0
2012-07-19 15:14:12 EDT,akurtakov@gmail.com,Product,CDT,Linux Tools
2012-07-19 15:14:12 EDT,akurtakov@gmail.com,QA Contact,jjohnstn@redhat.com,
2012-07-19 15:40:34 EDT,jjohnstn@redhat.com,Status,CLOSED,NEW
2012-07-19 15:40:34 EDT,jjohnstn@redhat.com,Resolution,FIXED,---
