When, Who, What, Added, Removed
2009-09-16 03:59:01 EDT,daniel_megert@ch.ibm.com,Version,3.5,3.6
2009-09-24 03:57:01 EDT,Szymon.Brandys@pl.ibm.com,Assignee,Pawel.Pogorzelski@pl.ibm.com,platform-compare-inbox@eclipse.org
2009-09-24 03:57:01 EDT,Szymon.Brandys@pl.ibm.com,Target Milestone,3.5 M3,---
2009-09-24 04:02:39 EDT,daniel_megert@ch.ibm.com,Target Milestone,3.5.2,3.5 M3
2009-09-24 04:42:07 EDT,pawel.pogorzelski1@gmail.com,Status,ASSIGNED,NEW
2009-09-25 09:54:01 EDT,pawel.pogorzelski1@gmail.com,Attachment #147291                Attachment is obsolete,1,0
2009-09-25 09:55:12 EDT,pawel.pogorzelski1@gmail.com,Status,RESOLVED,ASSIGNED
2009-09-25 09:55:12 EDT,pawel.pogorzelski1@gmail.com,Resolution,FIXED,---
2009-09-25 09:55:12 EDT,pawel.pogorzelski1@gmail.com,Target Milestone,3.6 M3,3.5.2
2009-10-28 04:29:38 EDT,daniel_megert@ch.ibm.com,Status,VERIFIED,RESOLVED
2010-05-14 10:22:00 EDT,vsanchez@opencanarias.es,CC,vsanchez@opencanarias.es,
