When, Who, What, Added, Removed
2009-09-15 15:04:03 EDT,Olivier_Thomann@ca.ibm.com,Assignee,Olivier_Thomann@ca.ibm.com,jdt-core-inbox@eclipse.org
2009-09-15 15:04:03 EDT,Olivier_Thomann@ca.ibm.com,Target Milestone,3.6 M3,---
2009-09-16 12:55:10 EDT,Olivier_Thomann@ca.ibm.com,Status,RESOLVED,NEW
2009-09-16 12:55:10 EDT,Olivier_Thomann@ca.ibm.com,Resolution,FIXED,---
2009-10-27 04:22:00 EDT,jarthana@in.ibm.com,CC,jarthana@in.ibm.com,
2009-10-27 07:27:30 EDT,frederic_fusier@fr.ibm.com,Status,VERIFIED,RESOLVED
