When, Who, What, Added, Removed
2009-09-15 15:46:52 EDT,darin.eclipse@gmail.com,Status,ASSIGNED,NEW
2009-09-15 15:46:52 EDT,darin.eclipse@gmail.com,Target Milestone,3.6 M2,---
2009-09-15 16:13:10 EDT,darin.eclipse@gmail.com,Status,RESOLVED,ASSIGNED
2009-09-15 16:13:10 EDT,darin.eclipse@gmail.com,Resolution,FIXED,---
2009-09-15 16:13:10 EDT,darin.eclipse@gmail.com,Flags,review?(Michael_Rennie@ca.ibm.com),
2009-09-16 11:58:10 EDT,Michael_Rennie@ca.ibm.com,Status,VERIFIED,RESOLVED
2009-09-16 11:58:10 EDT,Michael_Rennie@ca.ibm.com,CC,Michael_Rennie@ca.ibm.com,
2009-09-16 11:58:10 EDT,Michael_Rennie@ca.ibm.com,Flags,review+,review?(Michael_Rennie@ca.ibm.com)
