When, Who, What, Added, Removed
2009-09-16 09:11:26 EDT,pawel.pogorzelski1@gmail.com,Blocks,289556,
2009-09-16 10:06:25 EDT,daniel_megert@ch.ibm.com,CC,daniel_megert@ch.ibm.com,
2009-09-16 12:31:22 EDT,me@grprakash.com,Assignee,platform-ui-triaged@eclipse.org,Platform-UI-Inbox@eclipse.org
2009-09-16 12:31:22 EDT,me@grprakash.com,Summary,[Preferences] PreferenceStore.setToDefault fires redundant PropertyChangeEvents,PreferenceStore.setToDefault fires redundant PropertyChangeEvents
2009-09-16 12:31:22 EDT,me@grprakash.com,QA Contact,obesedin@ca.ibm.com,
2009-09-25 11:10:39 EDT,ob1.eclipse@gmail.com,CC,obesedin@ca.ibm.com,
2009-09-25 11:10:39 EDT,ob1.eclipse@gmail.com,Target Milestone,3.6 M3,---
2009-09-30 13:49:33 EDT,ob1.eclipse@gmail.com,Status,ASSIGNED,NEW
2009-09-30 13:49:33 EDT,ob1.eclipse@gmail.com,Assignee,obesedin@ca.ibm.com,platform-ui-triaged@eclipse.org
2009-09-30 13:49:59 EDT,ob1.eclipse@gmail.com,Attachment #147303                Flags,iplog+,
2009-09-30 13:50:21 EDT,ob1.eclipse@gmail.com,Attachment #148311                Flags,iplog+,
2009-09-30 13:51:20 EDT,ob1.eclipse@gmail.com,Status,RESOLVED,ASSIGNED
2009-09-30 13:51:20 EDT,ob1.eclipse@gmail.com,Resolution,FIXED,---
2009-10-27 14:11:48 EDT,ob1.eclipse@gmail.com,Status,VERIFIED,RESOLVED
