When, Who, What, Added, Removed
2009-09-16 07:20:26 EDT,vpiskarov@hotmail.com,Version,3.5,3.4.1
2009-09-16 09:13:31 EDT,Olivier_Thomann@ca.ibm.com,CC,Olivier_Thomann@ca.ibm.com,
2009-09-16 09:13:31 EDT,Olivier_Thomann@ca.ibm.com,Assignee,Olivier_Thomann@ca.ibm.com,jdt-core-inbox@eclipse.org
2009-09-16 09:13:31 EDT,Olivier_Thomann@ca.ibm.com,Summary,[1.5][compiler] Compiler changes 'private' modifier on methods with annotated parameter,Compiler changes 'private' modifier on methods with annotated parameter
2009-09-16 09:42:30 EDT,Olivier_Thomann@ca.ibm.com,Target Milestone,3.6 M3,---
2009-09-16 12:12:57 EDT,Olivier_Thomann@ca.ibm.com,Status,ASSIGNED,NEW
2009-09-16 12:44:41 EDT,Olivier_Thomann@ca.ibm.com,Status,RESOLVED,ASSIGNED
2009-09-16 12:44:41 EDT,Olivier_Thomann@ca.ibm.com,Resolution,FIXED,---
2009-09-18 02:50:35 EDT,vpiskarov@hotmail.com,Summary,Compiler changes 'private' modifier on methods with annotated parameter,[1.5][compiler] Compiler changes 'private' modifier on methods with annotated parameter
2009-09-18 06:45:27 EDT,Olivier_Thomann@ca.ibm.com,Status,REOPENED,RESOLVED
2009-09-18 06:45:27 EDT,Olivier_Thomann@ca.ibm.com,Resolution,---,FIXED
2009-09-18 11:05:20 EDT,Olivier_Thomann@ca.ibm.com,Status,RESOLVED,REOPENED
2009-09-18 11:05:20 EDT,Olivier_Thomann@ca.ibm.com,Resolution,FIXED,---
2009-10-27 04:54:39 EDT,jarthana@in.ibm.com,CC,jarthana@in.ibm.com,
2009-10-27 07:28:15 EDT,frederic_fusier@fr.ibm.com,Status,VERIFIED,RESOLVED
2010-04-07 09:36:26 EDT,Olivier_Thomann@ca.ibm.com,CC,fedora@barber-family.id.au,
2010-04-07 21:51:00 EDT,StevenGBrown@gmail.com,CC,StevenGBrown@gmail.com,
