When, Who, What, Added, Removed
2009-09-16 17:18:14 EDT,neil.hauge@oracle.com,CC,neil.hauge@oracle.com,
2009-09-16 17:18:14 EDT,neil.hauge@oracle.com,Depends on,285895,
2009-09-16 17:18:14 EDT,neil.hauge@oracle.com,Assignee,neil.hauge@oracle.com,dali.general-inbox@eclipse.org
2009-10-30 17:34:08 EDT,neil.hauge@oracle.com,Status,RESOLVED,NEW
2009-10-30 17:34:08 EDT,neil.hauge@oracle.com,Resolution,FIXED,---
2009-10-30 17:34:08 EDT,neil.hauge@oracle.com,Target Milestone,3.0 M3,---
2010-01-21 12:57:26 EST,neil.hauge@oracle.com,Target Milestone,2.3 M3,3.0 M3
