When, Who, What, Added, Removed
2009-09-16 08:11:56 EDT,ganoro@gmail.com,Severity,major,normal
2009-09-16 08:12:10 EDT,ganoro@gmail.com,Summary,[CSS] Editor freezes when deleting block of code,[CSS] Editor freeze when deleting block of code
2009-09-17 01:15:30 EDT,nitind@us.ibm.com,Component,wst.css,wst.sse
2009-09-17 01:15:30 EDT,nitind@us.ibm.com,Assignee,wst.css-inbox@eclipse.org,wst.sse-inbox@eclipse.org
2009-09-17 01:15:30 EDT,nitind@us.ibm.com,QA Contact,nsandona@us.ibm.com,nitind@us.ibm.com
2009-09-17 01:15:30 EDT,nitind@us.ibm.com,Flags,review?(nsandona@us.ibm.com),
2009-10-01 16:07:16 EDT,nsandona@us.ibm.com,Assignee,nsandona@us.ibm.com,wst.css-inbox@eclipse.org
2009-10-01 16:12:51 EDT,nsandona@us.ibm.com,Summary,[performance] [CSS] Editor freezes when deleting block of code,[CSS] Editor freezes when deleting block of code
2009-10-01 16:42:28 EDT,nsandona@us.ibm.com,CC,nsandona@us.ibm.com,
2009-10-15 14:08:06 EDT,nsandona@us.ibm.com,Target Milestone,3.2,---
2009-10-16 04:44:05 EDT,ganoro@gmail.com,CC,david_williams@us.ibm.com,
2009-10-16 08:01:00 EDT,nsandona@us.ibm.com,Target Milestone,3.1.2,3.2
2009-10-16 10:25:22 EDT,nitind@us.ibm.com,CC,nitind@us.ibm.com,
2009-10-16 10:33:46 EDT,nsandona@us.ibm.com,Status,RESOLVED,NEW
2009-10-16 10:33:46 EDT,nsandona@us.ibm.com,Resolution,FIXED,---
2009-10-16 10:33:46 EDT,nsandona@us.ibm.com,Flags,review+,review?(nsandona@us.ibm.com)
2009-10-16 10:34:02 EDT,nsandona@us.ibm.com,Attachment #149759                Flags,iplog+,
2009-10-16 10:34:02 EDT,nsandona@us.ibm.com,Attachment #149759                Attachment is patch,1,0
