When, Who, What, Added, Removed
2009-09-15 22:32:27 EDT,pascal@rapicorp.com,CC,pascal_rapicault@ca.ibm.com,
2009-09-15 22:33:31 EDT,pascal@rapicorp.com,Assignee,susan_franklin@us.ibm.com,equinox.p2-inbox@eclipse.org
2009-09-16 08:46:49 EDT,bvitale3002@yahoo.com,Version,3.5,3.4.2
2009-09-16 12:19:13 EDT,susan@rapicorp.com,CC,dj_houghton@ca.ibm.com,
2009-09-16 21:03:56 EDT,pascal@rapicorp.com,Target Milestone,3.6,---
2009-09-30 17:36:35 EDT,susan@rapicorp.com,Target Milestone,3.6 M4,3.6
2009-12-01 13:30:05 EST,susan@rapicorp.com,Target Milestone,3.6 M5,3.6 M4
2010-01-12 12:44:42 EST,susan@rapicorp.com,Target Milestone,3.6 M6,3.6 M5
2010-03-02 15:33:02 EST,susan@rapicorp.com,Target Milestone,3.6 M7,3.6 M6
2010-04-22 19:37:23 EDT,susan@rapicorp.com,Target Milestone,3.6 RC1,3.6 M7
2010-05-03 19:36:38 EDT,susan@rapicorp.com,Flags,review?(dj_houghton@ca.ibm.com),
2010-05-04 09:40:39 EDT,dj_houghton@ca.ibm.com,Status,RESOLVED,NEW
2010-05-04 09:40:39 EDT,dj_houghton@ca.ibm.com,Resolution,FIXED,---
2010-05-04 09:40:39 EDT,dj_houghton@ca.ibm.com,Flags,review+,review?(dj_houghton@ca.ibm.com)
