When, Who, What, Added, Removed
2009-09-16 05:01:45 EDT,benjamin.muskalla@tasktop.com,Status,ASSIGNED,NEW
2009-09-16 05:01:45 EDT,benjamin.muskalla@tasktop.com,CC,stefan.roeck@cas.de,
2009-10-07 03:54:19 EDT,ruediger.herrmann@gmx.de,Target Milestone,1.3 M3,---
2009-10-09 10:29:39 EDT,stefan.roeck@googlemail.com,Attachment #148966                Attachment is obsolete,1,0
2009-10-23 10:52:08 EDT,ruediger.herrmann@gmx.de,Keywords,needinfo,
2009-10-23 10:52:08 EDT,ruediger.herrmann@gmx.de,Target Milestone,---,1.3 M3
2009-12-03 09:05:33 EST,ruediger.herrmann@gmx.de,Summary,[upload] Add upload widget to incubator page,Add upload widget to incubator page
2010-02-08 10:41:15 EST,austin.riddle@tamu.edu,CC,austin.riddle@tamu.edu,
2010-02-08 10:42:42 EST,austin.riddle@tamu.edu,Attachment #158469                Attachment is obsolete,1,0
2010-02-16 14:08:14 EST,ruediger.herrmann@gmx.de,Status,RESOLVED,ASSIGNED
2010-02-16 14:08:14 EST,ruediger.herrmann@gmx.de,Resolution,FIXED,---
