When, Who, What, Added, Removed
2009-09-16 03:49:56 EDT,daniel_megert@ch.ibm.com,Version,3.3,3.6
2009-09-16 03:49:56 EDT,daniel_megert@ch.ibm.com,Summary,'Restore Defaults' on 'Compare/Patch' > 'Text Compare' broken,'Restore Defaults' on 'Compare/Patch' > 'Text Compare' broken and flickering
2009-09-16 07:02:18 EDT,pawel.pogorzelski1@gmail.com,Status,ASSIGNED,NEW
2009-09-16 07:02:18 EDT,pawel.pogorzelski1@gmail.com,Assignee,Pawel.Pogorzelski@pl.ibm.com,platform-compare-inbox@eclipse.org
2009-09-16 07:02:50 EDT,pawel.pogorzelski1@gmail.com,Target Milestone,3.6 M3,---
2009-09-16 07:02:50 EDT,pawel.pogorzelski1@gmail.com,Whiteboard,hasPatch,
2009-09-21 06:11:08 EDT,pawel.pogorzelski1@gmail.com,Status,RESOLVED,ASSIGNED
2009-09-21 06:11:08 EDT,pawel.pogorzelski1@gmail.com,Resolution,FIXED,---
2009-09-21 06:11:08 EDT,pawel.pogorzelski1@gmail.com,Whiteboard,,hasPatch
2009-10-28 04:26:44 EDT,daniel_megert@ch.ibm.com,Status,VERIFIED,RESOLVED
