When, Who, What, Added, Removed
2009-09-16 06:55:35 EDT,krzysztof.daniel@gmail.com,CC,krzysztof.daniel@gmail.com,
2009-09-16 12:01:14 EDT,nitind@us.ibm.com,CC,nitind@us.ibm.com,
2009-09-16 12:01:14 EDT,nitind@us.ibm.com,Component,wst.server,Web Standard Tools
2009-09-16 12:01:14 EDT,nitind@us.ibm.com,Assignee,wst.server-inbox@eclipse.org,wst-inbox@eclipse.org
2009-09-16 12:01:14 EDT,nitind@us.ibm.com,Product,WTP ServerTools,Web Tools
2009-09-16 12:01:14 EDT,nitind@us.ibm.com,QA Contact,arvera@ca.ibm.com,david_williams@us.ibm.com
2009-09-16 13:39:09 EDT,arvera@ca.ibm.com,Attachment #147297                Flags,iplog+,
2009-09-16 13:47:08 EDT,arvera@ca.ibm.com,Assignee,arvera@ca.ibm.com,wst.server-inbox@eclipse.org
2009-09-16 13:47:08 EDT,arvera@ca.ibm.com,Target Milestone,3.2 M3,---
2009-10-09 17:19:03 EDT,arvera@ca.ibm.com,Blocks,291960,
2009-11-09 14:51:51 EST,arvera@ca.ibm.com,Target Milestone,3.2 M4,3.2 M3
2009-12-17 16:26:32 EST,arvera@ca.ibm.com,Target Milestone,3.2 M7,3.2 M4
2010-06-11 11:01:17 EDT,arvera@ca.ibm.com,Target Milestone,Future,3.2 M7
2010-11-04 15:12:51 EDT,arvera@ca.ibm.com,Status,CLOSED,NEW
2010-11-04 15:12:51 EDT,arvera@ca.ibm.com,Resolution,FIXED,---
