When, Who, What, Added, Removed
2009-09-17 02:16:00 EDT,daniel.weber.dev@googlemail.com,Attachment #147304                Attachment is obsolete,1,0
2009-09-17 02:16:04 EDT,daniel.weber.dev@googlemail.com,Attachment #147305                Attachment is obsolete,1,0
2009-10-09 06:58:47 EDT,alan.staves@microfocus.com,CC,alan.staves@microfocus.com,
2009-11-09 10:41:10 EST,mariot.chauvin@gmail.com,CC,mariot.chauvin@obeo.fr,
2009-11-10 02:09:17 EST,KetanPadegaonkar@gmail.com,Status,RESOLVED,NEW
2009-11-10 02:09:17 EST,KetanPadegaonkar@gmail.com,Hardware,All,PC
2009-11-10 02:09:17 EST,KetanPadegaonkar@gmail.com,Version,2.0.0-dev,unspecified
2009-11-10 02:09:17 EST,KetanPadegaonkar@gmail.com,Resolution,FIXED,---
2009-11-10 02:09:17 EST,KetanPadegaonkar@gmail.com,Target Milestone,2.0.0,---
2009-11-10 02:09:17 EST,KetanPadegaonkar@gmail.com,OS,All,Windows XP
