When, Who, What, Added, Removed
2009-09-16 10:12:12 EDT,stephan.herrmann@berlin.de,CC,stephan@cs.tu-berlin.de,
2009-09-16 10:18:44 EDT,Olivier_Thomann@ca.ibm.com,CC,Olivier_Thomann@ca.ibm.com,
2009-09-16 10:18:44 EDT,Olivier_Thomann@ca.ibm.com,Assignee,kent_johnson@ca.ibm.com,jdt-core-inbox@eclipse.org
2009-09-16 10:18:44 EDT,Olivier_Thomann@ca.ibm.com,Summary,[1.5][compiler] compiler fails to generate correct code for private constructor in inner class,compiler fails to generate correct code for private constructor in inner class
2009-09-17 13:43:08 EDT,kent_johnson@ca.ibm.com,Status,RESOLVED,NEW
2009-09-17 13:43:08 EDT,kent_johnson@ca.ibm.com,Resolution,FIXED,---
2009-09-17 13:43:08 EDT,kent_johnson@ca.ibm.com,Target Milestone,3.6 M3,---
2009-10-27 02:40:02 EDT,srikanth_sankaran@in.ibm.com,Status,VERIFIED,RESOLVED
2009-10-27 02:40:02 EDT,srikanth_sankaran@in.ibm.com,CC,srikanth_sankaran@in.ibm.com,
