When, Who, What, Added, Removed
2009-09-16 09:21:17 EDT,Olivier_Thomann@ca.ibm.com,CC,Olivier_Thomann@ca.ibm.com,
2009-09-16 12:56:08 EDT,Olivier_Thomann@ca.ibm.com,Assignee,jarthana@in.ibm.com,jdt-core-inbox@eclipse.org
2009-09-27 14:55:47 EDT,mark.malon@t-online.de,CC,mark.malon@t-online.de,
2009-11-12 10:51:04 EST,jarthana@in.ibm.com,Attachment #152051                Flags,review?,
2009-11-12 11:35:29 EST,jarthana@in.ibm.com,CC,peter.jentsch@ee-consultants.de,
2009-11-18 12:27:26 EST,jarthana@in.ibm.com,Attachment #152051                Flags,,review?
2009-11-18 12:27:26 EST,jarthana@in.ibm.com,Attachment #152051                Attachment is obsolete,1,0
2009-11-23 09:13:56 EST,jarthana@in.ibm.com,Status,ASSIGNED,NEW
2009-11-23 09:13:56 EST,jarthana@in.ibm.com,Flags,review?(Olivier_Thomann@ca.ibm.com),
2009-11-23 12:35:29 EST,Olivier_Thomann@ca.ibm.com,CC,jerome_lanneluc@fr.ibm.com,
2009-11-23 12:35:29 EST,Olivier_Thomann@ca.ibm.com,Flags,review-,review?(Olivier_Thomann@ca.ibm.com)
2009-12-15 09:43:34 EST,Olivier_Thomann@ca.ibm.com,Target Milestone,3.6 M5,---
2009-12-18 02:14:29 EST,jarthana@in.ibm.com,Attachment #152490                Attachment is obsolete,1,0
2009-12-18 02:14:29 EST,jarthana@in.ibm.com,Attachment #152633                Attachment is obsolete,1,0
2010-01-12 12:51:40 EST,Olivier_Thomann@ca.ibm.com,Target Milestone,3.6 M6,3.6 M5
2010-01-28 11:38:14 EST,Olivier_Thomann@ca.ibm.com,CC,daniel_megert@ch.ibm.com,
2010-01-28 11:38:14 EST,Olivier_Thomann@ca.ibm.com,Flags,review+,review-
2010-02-04 02:31:57 EST,jarthana@in.ibm.com,Status,RESOLVED,ASSIGNED
2010-02-04 02:31:57 EST,jarthana@in.ibm.com,Resolution,FIXED,---
2010-03-09 08:28:13 EST,satyam.kandula@in.ibm.com,CC,satyam.kandula@in.ibm.com,
2010-03-09 09:30:32 EST,Olivier_Thomann@ca.ibm.com,Status,VERIFIED,RESOLVED
2010-04-19 03:27:10 EDT,jarthana@in.ibm.com,CC,gdtaylor@ca.ibm.com,
