When, Who, What, Added, Removed
2009-09-16 02:23:51 EDT,mindan.xu@actuate.com,Summary,Exception thrown out when preview attached report[0802],Exception thrown out when preview attached report
2009-09-18 01:42:50 EDT,lzhu@actuate.com,CC,lzhu@actuate.com,
2009-09-18 01:42:50 EDT,lzhu@actuate.com,Assignee,wtu@actuate.com,Birt-Data-inbox@eclipse.org
2009-09-18 01:42:50 EDT,lzhu@actuate.com,Target Milestone,2.6.0,---
2010-05-11 10:42:07 EDT,mwu@actuate.com,Status,ASSIGNED,NEW
2010-05-11 10:42:07 EDT,mwu@actuate.com,CC,mwu@actuate.com,
2010-05-11 10:42:07 EDT,mwu@actuate.com,Target Milestone,2.6.0 RC2,2.6.0
2010-05-17 05:00:36 EDT,wtu@actuate.com,Status,RESOLVED,ASSIGNED
2010-05-17 05:00:36 EDT,wtu@actuate.com,Resolution,FIXED,---
2010-05-17 21:00:56 EDT,bluesoldier@gmail.com,QA Contact,mindan.xu@actuate.com,
2010-05-20 22:24:58 EDT,mindan.xu@actuate.com,Status,CLOSED,RESOLVED
2010-05-20 22:24:58 EDT,mindan.xu@actuate.com,Whiteboard,Need-Auto,
2010-06-09 05:32:20 EDT,bluesoldier@gmail.com,CC,xgu@actuate.com,
2010-06-09 05:32:20 EDT,bluesoldier@gmail.com,Whiteboard,Obsolete,Need-Auto
2010-06-09 05:32:32 EDT,bluesoldier@gmail.com,Summary,[Automation]Exception thrown out when preview attached report[0802],Exception thrown out when preview attached report[0802]
