When, Who, What, Added, Removed
2009-09-24 04:05:44 EDT,markus.schorn@windriver.com,Component,cdt-parser,cdt-indexer
2009-09-24 04:05:44 EDT,markus.schorn@windriver.com,Assignee,cdt-parser-inbox@eclipse.org,cdt-indexer-inbox@eclipse.org
2009-09-24 04:05:44 EDT,markus.schorn@windriver.com,Summary,[C++0x] no support for type inference,Grammatical errors Indexer failure, how to cancel a syntax error?
2009-09-24 04:05:44 EDT,markus.schorn@windriver.com,QA Contact,mkucera@ca.ibm.com,markus.schorn@windriver.com
2009-09-24 09:04:30 EDT,recoskie@ca.ibm.com,CC,recoskie@ca.ibm.com,
2009-09-24 09:04:30 EDT,recoskie@ca.ibm.com,Severity,enhancement,normal
2010-02-09 13:24:22 EST,markus.schorn@windriver.com,Blocks,302282,
2010-02-10 12:10:20 EST,eclipse.sprigogin@gmail.com,CC,eclipse.sprigogin@gmail.com,
2010-02-10 12:10:20 EST,eclipse.sprigogin@gmail.com,Assignee,eclipse.sprigogin@gmail.com,cdt-parser-inbox@eclipse.org
2010-02-10 12:11:00 EST,eclipse.sprigogin@gmail.com,Target Milestone,7.0,---
2010-03-15 13:00:31 EDT,eclipse.sprigogin@gmail.com,Attachment #162079                Flags,iplog-,
2010-03-15 13:04:28 EDT,eclipse.sprigogin@gmail.com,Attachment #162079                Attachment is obsolete,1,0
2010-03-15 13:04:28 EDT,eclipse.sprigogin@gmail.com,Attachment #162081                Flags,iplog-,
2010-03-15 13:05:55 EDT,eclipse.sprigogin@gmail.com,Status,RESOLVED,NEW
2010-03-15 13:05:55 EDT,eclipse.sprigogin@gmail.com,Resolution,FIXED,---
