When, Who, What, Added, Removed
2009-09-16 05:14:22 EDT,thibault.landre@atosorigin.com,Status,ASSIGNED,NEW
2009-10-06 03:55:41 EDT,thibault.landre@atosorigin.com,Status,RESOLVED,ASSIGNED
2009-10-06 03:55:41 EDT,thibault.landre@atosorigin.com,Resolution,FIXED,---
2009-10-15 10:54:05 EDT,thibault.landre@atosorigin.com,Keywords,accessibility, plan,
2009-10-15 10:54:05 EDT,thibault.landre@atosorigin.com,Whiteboard,Scalability,
2009-10-23 10:21:35 EDT,thibault.landre@atosorigin.com,Severity,enhancement,normal
2009-10-23 10:21:35 EDT,thibault.landre@atosorigin.com,Flags,helios+,
