When, Who, What, Added, Removed
2010-04-08 09:54:57 EDT,mgorovoy@gmail.com,CC,michael@webtide.com,
2010-04-08 09:54:57 EDT,mgorovoy@gmail.com,Hardware,All,PC
2010-04-08 09:54:57 EDT,mgorovoy@gmail.com,OS,All,Linux
2010-04-28 18:36:42 EDT,joakim.erdfelt@gmail.com,CC,joakim.erdfelt@gmail.com,
2010-04-28 18:36:42 EDT,joakim.erdfelt@gmail.com,Assignee,joakim.erdfelt@gmail.com,jesse.mcconnell@gmail.com
2010-05-12 12:31:11 EDT,mgorovoy@gmail.com,Status,ASSIGNED,NEW
2010-10-04 11:32:42 EDT,jesse.mcconnell@gmail.com,Status,CLOSED,ASSIGNED
2010-10-04 11:32:42 EDT,jesse.mcconnell@gmail.com,Resolution,FIXED,---
