When, Who, What, Added, Removed
2009-09-16 09:26:22 EDT,david_williams@us.ibm.com,Priority,P2,P3
2009-09-16 09:26:22 EDT,david_williams@us.ibm.com,Assignee,david_williams@us.ibm.com,webtools.releng-inbox@eclipse.org
2011-06-21 15:35:36 EDT,david_williams@us.ibm.com,CC,ccc@us.ibm.com,
2011-06-21 15:35:44 EDT,david_williams@us.ibm.com,CC,tran.le@oracle.com,
2011-06-24 16:01:55 EDT,tran.le@oracle.com,CC,neil.hauge@oracle.com,
2011-06-24 17:47:14 EDT,david_williams@us.ibm.com,Status,RESOLVED,NEW
2011-06-24 17:47:14 EDT,david_williams@us.ibm.com,Resolution,FIXED,---
