When, Who, What, Added, Removed
2009-09-16 16:24:21 EDT,mgorovoy@gmail.com,CC,michael@webtide.com,
2009-09-16 18:23:25 EDT,janb@webtide.com,CC,janb@webtide.com,
2009-09-27 23:27:06 EDT,janb@webtide.com,Status,ASSIGNED,NEW
2009-09-27 23:27:06 EDT,janb@webtide.com,Assignee,michael@webtide.com,gregw@webtide.com
2010-03-22 14:14:25 EDT,mgorovoy@gmail.com,Status,RESOLVED,ASSIGNED
2010-03-22 14:14:25 EDT,mgorovoy@gmail.com,Resolution,FIXED,---
2010-03-22 14:14:25 EDT,mgorovoy@gmail.com,Target Milestone,7.0.0 RC6,7.0.0 M3
2010-03-22 14:15:17 EDT,mgorovoy@gmail.com,Status,CLOSED,RESOLVED
