When, Who, What, Added, Removed
2009-09-16 17:55:06 EDT,cmjaun@us.ibm.com,Assignee,cmjaun@us.ibm.com,wst.javascript-inbox@eclipse.org
2009-09-16 17:55:06 EDT,cmjaun@us.ibm.com,Target Milestone,3.2 M2,---
2009-09-16 18:14:54 EDT,cmjaun@us.ibm.com,Status,RESOLVED,NEW
2009-09-16 18:14:54 EDT,cmjaun@us.ibm.com,Resolution,FIXED,---
2009-09-16 18:15:23 EDT,cmjaun@us.ibm.com,Blocks,289665,
2010-03-03 11:15:51 EST,webmaster@eclipse.org,Component,General,wst.jsdt
2010-03-03 11:15:51 EST,webmaster@eclipse.org,Version,3.0,3.2
2010-03-03 11:15:51 EST,webmaster@eclipse.org,Product,JSDT,WTP Source Editing
2010-03-03 11:15:51 EST,webmaster@eclipse.org,Target Milestone,3.0 RC2,3.2 M2
2010-03-18 12:04:27 EDT,webmaster@eclipse.org,Target Milestone,3.2 M2,3.0 RC2
2010-03-18 12:04:27 EDT,webmaster@eclipse.org,Version,3.2,3.0
