When, Who, What, Added, Removed
2009-09-16 11:10:33 EDT,ruediger.herrmann@gmx.de,Severity,enhancement,normal
2009-09-16 11:10:47 EDT,ruediger.herrmann@gmx.de,Status,ASSIGNED,NEW
2009-09-16 12:00:54 EDT,hstaudacher@eclipsesource.com,CC,hstaudacher@eclipsesource.com,
2009-09-16 12:00:54 EDT,hstaudacher@eclipsesource.com,Blocks,285400,
2009-09-17 08:43:13 EDT,ivan@eclipsesource.com,Status,RESOLVED,ASSIGNED
2009-09-17 08:43:13 EDT,ivan@eclipsesource.com,Resolution,FIXED,---
2009-09-17 08:43:13 EDT,ivan@eclipsesource.com,Target Milestone,1.3 M2,---
