When, Who, What, Added, Removed
2009-10-09 07:53:24 EDT,karel.brezina@gmail.com,CC,karel.brezina@cloudsmith.com,
2009-10-09 08:15:47 EDT,thomas@tada.se,CC,thomas@tada.se,
2009-10-09 08:34:48 EDT,karel.brezina@gmail.com,Depends on,291897,
2009-10-14 05:02:08 EDT,karel.brezina@gmail.com,Status,ASSIGNED,NEW
2009-10-14 05:02:08 EDT,karel.brezina@gmail.com,Assignee,karel.brezina@cloudsmith.com,buckminster.core-inbox@eclipse.org
2009-10-14 05:02:35 EDT,karel.brezina@gmail.com,Status,RESOLVED,ASSIGNED
2009-10-14 05:02:35 EDT,karel.brezina@gmail.com,Resolution,FIXED,---
2009-10-23 06:59:37 EDT,miles.daffin@morganstanley.com,Status,VERIFIED,RESOLVED
