When, Who, What, Added, Removed
2009-09-16 13:40:07 EDT,nsandona@us.ibm.com,Status,ASSIGNED,NEW
2009-09-16 13:40:07 EDT,nsandona@us.ibm.com,Assignee,nsandona@us.ibm.com,wst.sse-inbox@eclipse.org
2009-09-16 13:40:07 EDT,nsandona@us.ibm.com,Target Milestone,1.5.5 P,---
2009-09-16 13:40:07 EDT,nsandona@us.ibm.com,Flags,review?(nitind@us.ibm.com),
2009-09-16 15:46:48 EDT,nsandona@us.ibm.com,Attachment #147344                Attachment is obsolete,1,0
2009-09-17 05:06:42 EDT,nitind@us.ibm.com,Flags,review+,review?(nitind@us.ibm.com)
2009-09-17 23:26:53 EDT,david_williams@us.ibm.com,CC,david_williams@us.ibm.com,
2009-09-17 23:56:56 EDT,nsandona@us.ibm.com,Attachment #147372                Attachment is obsolete,1,0
2009-09-18 02:11:01 EDT,ccc@us.ibm.com,Status,RESOLVED,ASSIGNED
2009-09-18 02:11:01 EDT,ccc@us.ibm.com,CC,ccc@us.ibm.com,
2009-09-18 02:11:01 EDT,ccc@us.ibm.com,Resolution,FIXED,---
2009-09-21 15:01:34 EDT,nsandona@us.ibm.com,Depends on,290059,
2009-09-21 15:02:27 EDT,nsandona@us.ibm.com,Depends on,,290059
