When, Who, What, Added, Removed
2009-09-16 11:16:09 EDT,fchouinard@gmail.com,Blocks,287560,
2009-09-16 11:21:44 EDT,fchouinard@gmail.com,Status,RESOLVED,NEW
2009-09-16 11:21:44 EDT,fchouinard@gmail.com,Resolution,FIXED,---
2009-09-22 13:17:28 EDT,fchouinard@gmail.com,Attachment #147331                Attachment is obsolete,1,0
2009-10-08 11:31:47 EDT,fchouinard@gmail.com,Attachment #147331                Flags,iplog-,
2009-10-08 11:31:47 EDT,fchouinard@gmail.com,Attachment #147331                Attachment is obsolete,0,1
2010-07-08 10:14:10 EDT,fchouinard@gmail.com,Status,CLOSED,RESOLVED
2013-05-24 14:59:00 EDT,patrick.tasse@gmail.com,CC,patrick.tasse@gmail.com,
2013-05-24 14:59:00 EDT,patrick.tasse@gmail.com,Target Milestone,0.5,---
