When, Who, What, Added, Removed
2009-09-17 09:17:25 EDT,tom.ware@oracle.com,Priority,P4,P3
2009-09-17 09:17:25 EDT,tom.ware@oracle.com,CC,tom.ware@oracle.com,
2009-09-17 09:17:25 EDT,tom.ware@oracle.com,Target Milestone,2.0,---
2009-11-27 13:41:40 EST,peter.krogh@oracle.com,Target Milestone,Future,2.0
2009-11-30 11:37:28 EST,peter.krogh@oracle.com,Priority,P2,P4
2010-08-05 16:22:57 EDT,michael.f.obrien@eclipselink.org,Status,RESOLVED,NEW
2010-08-05 16:22:57 EDT,michael.f.obrien@eclipselink.org,Resolution,FIXED,---
2010-08-05 16:22:57 EDT,michael.f.obrien@eclipselink.org,Target Milestone,2.1.1,Future
