When, Who, What, Added, Removed
2010-01-13 14:39:00 EST,Michael_Rennie@ca.ibm.com,Status,ASSIGNED,NEW
2010-01-13 14:39:00 EST,Michael_Rennie@ca.ibm.com,Assignee,Michael_Rennie@ca.ibm.com,pde-apitools-inbox@eclipse.org
2010-01-13 14:40:54 EST,Michael_Rennie@ca.ibm.com,Keywords,performance,
2010-01-13 14:40:54 EST,Michael_Rennie@ca.ibm.com,Target Milestone,3.6 M5,---
2010-01-13 14:41:25 EST,Michael_Rennie@ca.ibm.com,CC,Darin_Wright@ca.ibm.com, Olivier_Thomann@ca.ibm.com,
2010-01-13 14:41:25 EST,Michael_Rennie@ca.ibm.com,Hardware,All,PC
2010-01-13 14:41:25 EST,Michael_Rennie@ca.ibm.com,OS,All,Windows XP
2010-01-14 10:42:21 EST,Michael_Rennie@ca.ibm.com,Attachment #156035                Attachment is obsolete,1,0
2010-01-14 12:07:32 EST,Michael_Rennie@ca.ibm.com,Status,RESOLVED,ASSIGNED
2010-01-14 12:07:32 EST,Michael_Rennie@ca.ibm.com,Resolution,FIXED,---
2010-01-14 12:07:32 EST,Michael_Rennie@ca.ibm.com,Flags,review?(Olivier_Thomann@ca.ibm.com),
2010-01-19 11:33:40 EST,darin.eclipse@gmail.com,Status,VERIFIED,RESOLVED
2010-01-19 11:33:40 EST,darin.eclipse@gmail.com,Flags,review+,review?(Olivier_Thomann@ca.ibm.com)
