When, Who, What, Added, Removed
2009-09-16 16:30:10 EDT,elias@eclipsesource.com,Status,ASSIGNED,NEW
2009-09-16 16:30:10 EDT,elias@eclipsesource.com,Assignee,steffen.kriese@compeople.de,riena.navigation-inbox@eclipse.org
2009-09-17 00:24:14 EDT,elias@eclipsesource.com,Priority,P2,P3
2009-09-18 01:50:33 EDT,elias@eclipsesource.com,Attachment #147438                Flags,iplog+,
2009-09-18 01:52:35 EDT,elias@eclipsesource.com,Status,RESOLVED,ASSIGNED
2009-09-18 01:52:35 EDT,elias@eclipsesource.com,Resolution,FIXED,---
