When, Who, What, Added, Removed
2009-09-18 01:43:26 EDT,lzhu@actuate.com,CC,lzhu@actuate.com,
2009-09-18 01:43:26 EDT,lzhu@actuate.com,Assignee,wtu@actuate.com,Birt-Data-inbox@eclipse.org
2009-09-18 01:43:26 EDT,lzhu@actuate.com,Target Milestone,2.5.2,---
2010-01-06 02:59:47 EST,wtu@actuate.com,Status,RESOLVED,NEW
2010-01-06 02:59:47 EST,wtu@actuate.com,Resolution,FIXED,---
2010-01-06 20:49:44 EST,bluesoldier@gmail.com,QA Contact,tzhang@actuate.com,
2010-01-10 22:17:13 EST,tzhang@actuate.com,Status,CLOSED,RESOLVED
2010-01-10 22:17:13 EST,tzhang@actuate.com,Whiteboard,Non-Auto,
