When, Who, What, Added, Removed
2009-09-30 09:23:41 EDT,takatsu@jp.ibm.com,CC,takatsu@jp.ibm.com,
2009-09-30 11:45:41 EDT,dmcknigh@ca.ibm.com,CC,dmcknigh@ca.ibm.com,
2009-09-30 11:45:41 EDT,dmcknigh@ca.ibm.com,Assignee,dmcknigh@ca.ibm.com,dsdp.tm.rse-inbox@eclipse.org
2009-09-30 11:45:41 EDT,dmcknigh@ca.ibm.com,Summary,[dstore] ServerSocket creation in multiple IP addresses,ServerSocket creation in multiple IP addresses
2010-04-16 11:32:12 EDT,dmcknigh@ca.ibm.com,Attachment #147397                Flags,iplog+,
2010-04-16 11:32:38 EDT,dmcknigh@ca.ibm.com,Status,RESOLVED,NEW
2010-04-16 11:32:38 EDT,dmcknigh@ca.ibm.com,Resolution,FIXED,---
2010-04-16 11:32:38 EDT,dmcknigh@ca.ibm.com,Target Milestone,3.2,---
2010-05-03 15:24:52 EDT,martin.oberhuber@windriver.com,Status,REOPENED,RESOLVED
2010-05-03 15:24:52 EDT,martin.oberhuber@windriver.com,Resolution,---,FIXED
2010-05-03 17:37:48 EDT,martin.oberhuber@windriver.com,Status,RESOLVED,REOPENED
2010-05-03 17:37:48 EDT,martin.oberhuber@windriver.com,Resolution,FIXED,---
2010-05-03 17:37:48 EDT,martin.oberhuber@windriver.com,Target Milestone,3.2 M7,3.2
