When, Who, What, Added, Removed
2009-09-17 10:04:19 EDT,darin.eclipse@gmail.com,Status,ASSIGNED,NEW
2009-09-17 10:04:19 EDT,darin.eclipse@gmail.com,CC,Darin_Wright@ca.ibm.com,
2009-09-17 10:04:19 EDT,darin.eclipse@gmail.com,Target Milestone,3.6 M3,---
2009-09-17 10:04:49 EDT,darin.eclipse@gmail.com,Assignee,Darin_Wright@ca.ibm.com,platform-debug-inbox@eclipse.org
2009-09-21 14:32:46 EDT,darin.eclipse@gmail.com,Status,RESOLVED,ASSIGNED
2009-09-21 14:32:46 EDT,darin.eclipse@gmail.com,Resolution,FIXED,---
2009-09-21 14:32:46 EDT,darin.eclipse@gmail.com,Flags,review?(pawel.piech@windriver.com),
2009-09-21 18:49:09 EDT,pawel.1.piech@gmail.com,CC,pawel.piech@windriver.com,
2009-09-21 18:49:09 EDT,pawel.1.piech@gmail.com,Flags,review+,review?(pawel.piech@windriver.com)
2010-04-27 09:43:51 EDT,darin.eclipse@gmail.com,Status,VERIFIED,RESOLVED
