When, Who, What, Added, Removed
2009-09-23 16:29:17 EDT,darin.eclipse@gmail.com,CC,Darin_Wright@ca.ibm.com,
2009-09-24 10:50:00 EDT,darin.eclipse@gmail.com,Attachment #147923                Attachment is obsolete,1,0
2009-09-24 15:35:40 EDT,darin.eclipse@gmail.com,Depends on,290452,
2009-09-24 15:35:58 EDT,darin.eclipse@gmail.com,Assignee,Darin_Wright@ca.ibm.com,jdt-debug-inbox@eclipse.org
2009-09-24 15:35:58 EDT,darin.eclipse@gmail.com,Target Milestone,3.6 M3,---
2009-09-24 15:38:36 EDT,darin.eclipse@gmail.com,Attachment #148018                Attachment is obsolete,1,0
2009-09-24 15:41:16 EDT,darin.eclipse@gmail.com,Status,RESOLVED,NEW
2009-09-24 15:41:16 EDT,darin.eclipse@gmail.com,Resolution,FIXED,---
2009-09-24 15:41:16 EDT,darin.eclipse@gmail.com,Flags,review?(Michael_Rennie@ca.ibm.com),
2009-09-24 16:25:08 EDT,Michael_Rennie@ca.ibm.com,Status,VERIFIED,RESOLVED
2009-09-24 16:25:08 EDT,Michael_Rennie@ca.ibm.com,CC,Michael_Rennie@ca.ibm.com,
2009-09-24 16:25:08 EDT,Michael_Rennie@ca.ibm.com,Flags,review+,review?(Michael_Rennie@ca.ibm.com)
