When, Who, What, Added, Removed
2009-09-16 13:35:18 EDT,ryan.d.brooks@boeing.com,Status,ASSIGNED,NEW
2009-09-16 13:35:18 EDT,ryan.d.brooks@boeing.com,CC,ryan.d.brooks@boeing.com,
2009-09-16 13:35:18 EDT,ryan.d.brooks@boeing.com,Hardware,All,PC
2009-09-16 13:35:18 EDT,ryan.d.brooks@boeing.com,QA Contact,ryan.d.brooks@boeing.com,
2009-09-16 13:35:18 EDT,ryan.d.brooks@boeing.com,OS,All,Windows XP
2009-09-25 20:31:14 EDT,ryan.d.brooks@boeing.com,Assignee,ryan.d.brooks@boeing.com,osee.framework-inbox@eclipse.org
2009-10-05 13:02:13 EDT,ryan.schmitt@boeing.com,CC,ryan.schmitt@boeing.com,
2009-11-13 17:10:13 EST,ryan.d.brooks@boeing.com,Status,CLOSED,ASSIGNED
2009-11-13 17:10:13 EST,ryan.d.brooks@boeing.com,Resolution,FIXED,---
