When, Who, What, Added, Removed
2009-09-17 04:23:12 EDT,jacek.pospychala@gmail.com,Component,UI,core
2009-09-17 04:23:12 EDT,jacek.pospychala@gmail.com,Assignee,jacek.p@zend.com,atf.core-inbox@eclipse.org
2009-09-17 04:23:12 EDT,jacek.pospychala@gmail.com,Severity,enhancement,normal
2009-09-17 04:26:34 EDT,jacek.pospychala@gmail.com,Status,RESOLVED,NEW
2009-09-17 04:26:34 EDT,jacek.pospychala@gmail.com,Resolution,FIXED,---
2010-04-09 08:41:02 EDT,jacek.pospychala@gmail.com,Target Milestone,0.3.0R,---
