When, Who, What, Added, Removed
2009-11-03 08:30:19 EST,john_arthorne@ca.ibm.com,Target Milestone,3.6 M4,3.6 M3
2009-12-09 10:36:42 EST,Szymon.Brandys@pl.ibm.com,Target Milestone,3.6 M5,3.6 M4
2010-01-06 03:43:06 EST,Szymon.Brandys@pl.ibm.com,CC,frederic_fusier@fr.ibm.com,
2010-01-06 03:44:04 EST,Szymon.Brandys@pl.ibm.com,Status,ASSIGNED,NEW
2010-01-06 03:44:04 EST,Szymon.Brandys@pl.ibm.com,CC,daniel_megert@ch.ibm.com, john_arthorne@ca.ibm.com,
2010-01-06 06:39:24 EST,daniel_megert@ch.ibm.com,Blocks,298928,
2010-01-28 05:36:10 EST,Szymon.Brandys@pl.ibm.com,Target Milestone,3.6 M6,3.6 M5
2010-03-12 07:27:52 EST,Szymon.Brandys@pl.ibm.com,Target Milestone,3.6 M7,3.6 M6
2010-04-09 07:49:47 EDT,Szymon.Brandys@pl.ibm.com,Status,RESOLVED,ASSIGNED
2010-04-09 07:49:47 EDT,Szymon.Brandys@pl.ibm.com,Resolution,FIXED,---
