When, Who, What, Added, Removed
2009-09-16 23:29:44 EDT,bluesoldier@gmail.com,Component,Report Engine,Build
2009-09-16 23:29:44 EDT,bluesoldier@gmail.com,Assignee,Birt-ReportEngine-inbox@eclipse.org,Birt-Build-inbox@eclipse.org
2009-09-16 23:29:44 EDT,bluesoldier@gmail.com,Target Milestone,2.5.1,---
2009-09-16 23:34:17 EDT,bluesoldier@gmail.com,CC,lzhu@actuate.com,
2009-09-17 00:59:04 EDT,hustlg@msn.com,CC,gliu@actuate.com,
2009-09-17 00:59:04 EDT,hustlg@msn.com,Assignee,jingwen.shen@actuate.com,Birt-ReportEngine-inbox@eclipse.org
2009-09-17 01:23:42 EDT,jingwen.shen@actuate.com,CC,jingwen.shen@actuate.com,
2009-09-17 01:23:42 EDT,jingwen.shen@actuate.com,Component,Data,Report Engine
2009-09-17 01:23:42 EDT,jingwen.shen@actuate.com,Assignee,Birt-Data-inbox@eclipse.org,jingwen.shen@actuate.com
2009-09-17 05:30:32 EDT,yjiang@actuate.com,Status,RESOLVED,NEW
2009-09-17 05:30:32 EDT,yjiang@actuate.com,Resolution,FIXED,---
2009-09-17 05:31:12 EDT,yjiang@actuate.com,Status,VERIFIED,RESOLVED
2010-03-19 05:08:52 EDT,bluesoldier@gmail.com,Whiteboard,Obsolete,
