When, Who, What, Added, Removed
2009-09-16 18:29:08 EDT,paul.fullbright@oracle.com,Assignee,brian.vosburgh@oracle.com,dali.general-inbox@eclipse.org
2009-10-14 16:13:31 EDT,neil.hauge@oracle.com,CC,neil.hauge@oracle.com,
2009-10-14 16:13:31 EDT,neil.hauge@oracle.com,Target Milestone,3.0,---
2010-01-21 13:01:24 EST,neil.hauge@oracle.com,Target Milestone,2.3,3.0
2010-01-21 14:42:38 EST,neil.hauge@oracle.com,Version,2.3,3.0
2010-03-26 10:21:32 EDT,brian.vosburgh@oracle.com,Status,RESOLVED,NEW
2010-03-26 10:21:32 EDT,brian.vosburgh@oracle.com,Resolution,FIXED,---
2010-04-09 16:31:10 EDT,aniefer@ca.ibm.com,Blocks,307472,
2010-04-15 13:13:43 EDT,aniefer@ca.ibm.com,Blocks,,307472
