When, Who, What, Added, Removed
2009-09-16 18:15:56 EDT,cmjaun@us.ibm.com,Version,3.0.5,3.2
2009-09-16 18:15:56 EDT,cmjaun@us.ibm.com,Assignee,cmjaun@us.ibm.com,wst.javascript-inbox@eclipse.org
2009-09-16 18:15:56 EDT,cmjaun@us.ibm.com,Target Milestone,3.0.5 P,---
2009-10-06 07:37:50 EDT,ccc@us.ibm.com,Status,RESOLVED,NEW
2009-10-06 07:37:50 EDT,ccc@us.ibm.com,CC,ccc@us.ibm.com,
2009-10-06 07:37:50 EDT,ccc@us.ibm.com,Resolution,FIXED,---
2010-03-03 11:13:15 EST,webmaster@eclipse.org,Component,General,wst.jsdt
2010-03-03 11:13:15 EST,webmaster@eclipse.org,Version,3.0,3.0.5
2010-03-03 11:13:15 EST,webmaster@eclipse.org,Product,JSDT,WTP Source Editing
2010-03-03 11:13:15 EST,webmaster@eclipse.org,Target Milestone,3.0 RC2,3.0.5 P
2010-03-18 12:04:27 EDT,webmaster@eclipse.org,Target Milestone,3.0.5 P,3.0 RC2
2010-03-18 12:04:27 EDT,webmaster@eclipse.org,Version,3.0.5,3.0
