When, Who, What, Added, Removed
2009-09-18 05:45:05 EDT,jan.koehnlein@itemis.de,CC,jan.koehnlein@itemis.de,
2010-01-18 08:36:12 EST,sven.efftinge@itemis.de,CC,sven.efftinge@itemis.de,
2010-01-18 08:36:12 EST,sven.efftinge@itemis.de,Summary,[Serializer] Don't serialize unicode escape sequences,[Common.Terminals] STRING should support unicode escape sequences
2010-01-29 06:10:50 EST,sven.efftinge@itemis.de,Target Milestone,M6,---
2010-01-29 06:10:50 EST,sven.efftinge@itemis.de,Flags,helios+,
2010-02-22 09:00:00 EST,jan.koehnlein@itemis.de,Status,ASSIGNED,NEW
2010-02-22 09:00:00 EST,jan.koehnlein@itemis.de,CC,tmf.xtext-inbox@eclipse.org,
2010-02-22 09:00:00 EST,jan.koehnlein@itemis.de,Assignee,jan.koehnlein@itemis.de,tmf.xtext-inbox@eclipse.org
2010-03-02 04:45:38 EST,jan.koehnlein@itemis.de,Status,RESOLVED,ASSIGNED
2010-03-02 04:45:38 EST,jan.koehnlein@itemis.de,Resolution,FIXED,---
2010-07-26 05:17:03 EDT,codazzo@gmail.com,CC,codazzo@gmail.com,
