When, Who, What, Added, Removed
2009-09-16 14:00:21 EDT,Olivier_Thomann@ca.ibm.com,CC,Olivier_Thomann@ca.ibm.com,
2009-09-16 14:00:21 EDT,Olivier_Thomann@ca.ibm.com,Assignee,Olivier_Thomann@ca.ibm.com,jdt-core-inbox@eclipse.org
2009-09-17 11:15:23 EDT,Olivier_Thomann@ca.ibm.com,Status,RESOLVED,NEW
2009-09-17 11:15:23 EDT,Olivier_Thomann@ca.ibm.com,Resolution,FIXED,---
2009-09-17 11:15:23 EDT,Olivier_Thomann@ca.ibm.com,Target Milestone,3.6 M3,---
2009-09-21 12:48:55 EDT,shawn_d_clark@hotmail.com,Version,3.5,3.6
2009-09-22 10:45:57 EDT,Olivier_Thomann@ca.ibm.com,Status,REOPENED,RESOLVED
2009-09-22 10:45:57 EDT,Olivier_Thomann@ca.ibm.com,Resolution,---,FIXED
2009-10-02 09:05:07 EDT,Olivier_Thomann@ca.ibm.com,Status,NEW,REOPENED
2009-10-06 20:13:08 EDT,Olivier_Thomann@ca.ibm.com,Status,RESOLVED,NEW
2009-10-06 20:13:08 EDT,Olivier_Thomann@ca.ibm.com,Resolution,FIXED,---
2009-10-27 05:10:21 EDT,jarthana@in.ibm.com,CC,jarthana@in.ibm.com,
2009-10-27 07:29:45 EDT,frederic_fusier@fr.ibm.com,Status,VERIFIED,RESOLVED
