When, Who, What, Added, Removed
2009-10-09 06:10:49 EDT,jkindler@talend.com,Status,RESOLVED,NEW
2009-10-09 06:10:49 EDT,jkindler@talend.com,Resolution,FIXED,---
2009-10-09 06:10:49 EDT,jkindler@talend.com,Target Milestone,0.9.1,---
2014-01-09 16:41:10 EST,webmaster@eclipse.org,Component,Swordfish,Core
2014-01-09 16:41:10 EST,webmaster@eclipse.org,Version,unspecified,0.9
2014-01-09 16:41:10 EST,webmaster@eclipse.org,Product,z_Archived,Swordfish
2014-01-09 16:41:10 EST,webmaster@eclipse.org,Target Milestone,---,0.9.1
