When, Who, What, Added, Removed
2009-09-17 01:05:55 EDT,nitind@us.ibm.com,Status,RESOLVED,NEW
2009-09-17 01:05:55 EDT,nitind@us.ibm.com,Resolution,FIXED,---
2009-09-17 01:05:55 EDT,nitind@us.ibm.com,Target Milestone,3.2 M2,---
2010-02-18 02:01:28 EST,nitind@us.ibm.com,Status,REOPENED,RESOLVED
2010-02-18 02:01:28 EST,nitind@us.ibm.com,Resolution,---,FIXED
2010-02-18 02:02:29 EST,nitind@us.ibm.com,Status,RESOLVED,REOPENED
2010-02-18 02:02:29 EST,nitind@us.ibm.com,Resolution,FIXED,---
2010-02-18 02:02:29 EST,nitind@us.ibm.com,Target Milestone,3.2 M6,3.2 M2
2010-02-18 02:02:29 EST,nitind@us.ibm.com,Summary,Add a .json file content type,Add .json files to JS content type
2010-03-03 11:13:47 EST,webmaster@eclipse.org,Component,General,wst.jsdt
2010-03-03 11:13:47 EST,webmaster@eclipse.org,Version,3.0,3.2
2010-03-03 11:13:47 EST,webmaster@eclipse.org,Product,JSDT,WTP Source Editing
2010-03-03 11:13:47 EST,webmaster@eclipse.org,Target Milestone,3.0 RC2,3.2 M6
2010-03-18 12:04:27 EDT,webmaster@eclipse.org,Target Milestone,3.2 M6,3.0 RC2
2010-03-18 12:04:27 EDT,webmaster@eclipse.org,Version,3.2,3.0
