When, Who, What, Added, Removed
2009-09-19 11:39:26 EDT,thomas@tada.se,Assignee,henrik.lindberg@cloudsmith.com,buckminster.core-inbox@eclipse.org
2009-09-19 11:39:26 EDT,thomas@tada.se,Target Milestone,Galileo SR1,---
2009-12-05 07:44:35 EST,thomas@tada.se,Summary,[documentation] Add a headless command to install a JRE/JDK,Document: Add a headless command to install a JRE/JDK
2010-04-03 18:19:01 EDT,henrik.lindberg@cloudsmith.com,Status,RESOLVED,NEW
2010-04-03 18:19:01 EDT,henrik.lindberg@cloudsmith.com,Resolution,FIXED,---
