When, Who, What, Added, Removed
2009-09-16 13:47:44 EDT,Michael_Valenta@ca.ibm.com,Summary,LocalFile#move fails when a link with nonexistant target is moved,LocalFile#move fails when a link with no target is moved
2009-09-17 09:18:05 EDT,Dmitry_Karasik@ca.ibm.com,CC,Dmitry_Karasik@ca.ibm.com,
2009-09-23 07:32:56 EDT,Szymon.Brandys@pl.ibm.com,CC,Pawel.Pogorzelski@pl.ibm.com,
2009-10-02 09:52:46 EDT,Mike_Wilson@ca.ibm.com,CC,Mike_Wilson@ca.ibm.com,
2009-10-02 10:34:11 EDT,Szymon.Brandys@pl.ibm.com,Summary,LocalFile#move fails when a link with nonexistent target is moved,LocalFile#move fails when a link with nonexistant target is moved
2009-10-06 06:38:11 EDT,pawel.pogorzelski1@gmail.com,Assignee,Pawel.Pogorzelski@pl.ibm.com,platform-resources-inbox@eclipse.org
2009-10-06 07:06:05 EDT,pawel.pogorzelski1@gmail.com,Target Milestone,3.6 M3,---
2009-10-06 09:43:58 EDT,john_arthorne@ca.ibm.com,CC,john_arthorne@ca.ibm.com,
2009-10-20 06:57:58 EDT,martin.oberhuber@windriver.com,CC,martin.oberhuber@windriver.com,
2009-10-23 10:41:21 EDT,pawel.pogorzelski1@gmail.com,Attachment #150366                Attachment is obsolete,1,0
2009-10-26 07:52:31 EDT,Szymon.Brandys@pl.ibm.com,Status,RESOLVED,NEW
2009-10-26 07:52:31 EDT,Szymon.Brandys@pl.ibm.com,Resolution,FIXED,---
2009-10-26 08:13:52 EDT,pawel.pogorzelski1@gmail.com,Blocks,293302,
