When, Who, What, Added, Removed
2009-09-17 08:04:54 EDT,thomas@tada.se,CC,thomas@tada.se,
2009-09-17 08:04:54 EDT,thomas@tada.se,Hardware,All,PC
2009-09-17 08:04:54 EDT,thomas@tada.se,Assignee,thomas@tada.se,buckminster.core-inbox@eclipse.org
2009-09-17 08:04:54 EDT,thomas@tada.se,OS,All,Windows XP
2009-09-19 07:15:51 EDT,thomas@tada.se,Status,RESOLVED,NEW
2009-09-19 07:15:51 EDT,thomas@tada.se,Resolution,FIXED,---
2009-09-22 03:15:21 EDT,thomas@tada.se,Assignee,buckminster.core-inbox@eclipse.org,thomas@tada.se
2009-10-23 06:17:46 EDT,karel.brezina@gmail.com,CC,karel.brezina@cloudsmith.com,
