When, Who, What, Added, Removed
2009-09-16 22:42:37 EDT,hustlg@msn.com,CC,gliu@actuate.com,
2009-09-22 22:53:41 EDT,wyan@actuate.com,Status,RESOLVED,NEW
2009-09-22 22:53:41 EDT,wyan@actuate.com,CC,wyan@actuate.com,
2009-09-22 22:53:41 EDT,wyan@actuate.com,Resolution,FIXED,---
2009-09-27 01:29:16 EDT,bluesoldier@gmail.com,QA Contact,xwang@actuate.com,
2009-09-28 02:24:31 EDT,xwang@actuate.com,Status,VERIFIED,RESOLVED
2009-09-28 02:24:31 EDT,xwang@actuate.com,Whiteboard,Need-Auto,
2010-01-11 03:58:59 EST,bluesoldier@gmail.com,CC,xgu@actuate.com,
2010-01-11 03:58:59 EST,bluesoldier@gmail.com,Whiteboard,Non-Auto,Need-Auto
2010-03-25 05:38:09 EDT,bluesoldier@gmail.com,Whiteboard,Non-Auto,G,Non-Auto
