When, Who, What, Added, Removed
2009-09-17 04:46:05 EDT,jkindler@talend.com,See Also,http://bugs.eclipse.org/bugs/show_bug.cgi?id=289694,
2009-10-09 06:12:50 EDT,jkindler@talend.com,Status,RESOLVED,NEW
2009-10-09 06:12:50 EDT,jkindler@talend.com,Resolution,FIXED,---
2009-10-09 06:12:50 EDT,jkindler@talend.com,Target Milestone,0.9.1,---
2014-01-09 16:40:49 EST,webmaster@eclipse.org,Component,Swordfish,Core
2014-01-09 16:40:49 EST,webmaster@eclipse.org,Version,unspecified,0.9
2014-01-09 16:40:49 EST,webmaster@eclipse.org,Product,z_Archived,Swordfish
2014-01-09 16:40:49 EST,webmaster@eclipse.org,Target Milestone,---,0.9.1
