When, Who, What, Added, Removed
2009-09-16 21:49:16 EDT,pascal@rapicorp.com,Status,ASSIGNED,NEW
2009-09-16 21:49:16 EDT,pascal@rapicorp.com,CC,pascal_rapicault@ca.ibm.com,
2009-09-16 21:49:16 EDT,pascal@rapicorp.com,Assignee,pascal_rapicault@ca.ibm.com,equinox.p2-inbox@eclipse.org
2009-09-16 21:49:16 EDT,pascal@rapicorp.com,Target Milestone,3.6 M3,---
2009-09-18 13:00:30 EDT,pascal@rapicorp.com,Summary,[fwkAdmin] bundles.info should be in UTF-8,bundles.info should be in UTF-8
2009-10-28 23:07:55 EDT,john_arthorne@ca.ibm.com,CC,john_arthorne@ca.ibm.com,
2009-11-01 15:48:44 EST,pascal@rapicorp.com,Assignee,aniefer@ca.ibm.com,pascal_rapicault@ca.ibm.com
2009-11-01 15:48:44 EST,pascal@rapicorp.com,Target Milestone,3.6 M4,3.6 M3
2009-12-10 16:27:27 EST,john_arthorne@ca.ibm.com,Target Milestone,3.6 M5,3.6 M4
2010-01-22 14:11:26 EST,pascal@rapicorp.com,Target Milestone,3.6 M6,3.6 M5
2010-03-11 14:57:22 EST,pascal@rapicorp.com,Target Milestone,3.6 M7,3.6 M6
2010-04-12 14:18:17 EDT,aniefer@ca.ibm.com,Attachment #164437                Attachment is obsolete,1,0
2010-04-12 14:18:40 EDT,aniefer@ca.ibm.com,Status,RESOLVED,ASSIGNED
2010-04-12 14:18:40 EDT,aniefer@ca.ibm.com,Resolution,FIXED,---
2010-04-15 13:13:43 EDT,aniefer@ca.ibm.com,Blocks,307472,
2010-04-19 17:05:55 EDT,darin.eclipse@gmail.com,CC,maedera@jp.ibm.com,
2015-01-12 13:19:10 EST,markus_keller@ch.ibm.com,Blocks,457176,
