When, Who, What, Added, Removed
2009-09-16 18:21:09 EDT,steffen.pingel@tasktop.com,Priority,P2,P3
2009-09-16 18:21:09 EDT,steffen.pingel@tasktop.com,CC,Frank@Frank-Becker.de,
2009-09-16 21:35:21 EDT,steffen.pingel@tasktop.com,CC,robert.elves@tasktop.com,
2009-09-18 10:14:52 EDT,eclipse@frank-becker.de,Status,ASSIGNED,NEW
2009-09-19 16:04:54 EDT,steffen.pingel@tasktop.com,Assignee,Frank@Frank-Becker.de,robert.elves@tasktop.com
2009-09-19 16:05:11 EDT,steffen.pingel@tasktop.com,Target Milestone,3.3,---
2009-10-02 16:23:09 EDT,eclipse@frank-becker.de,Status,RESOLVED,ASSIGNED
2009-10-02 16:23:09 EDT,eclipse@frank-becker.de,Resolution,FIXED,---
