When, Who, What, Added, Removed
2009-09-17 02:17:54 EDT,daniel_megert@ch.ibm.com,CC,daniel_megert@ch.ibm.com,
2009-09-18 10:18:38 EDT,markus_keller@ch.ibm.com,Status,RESOLVED,NEW
2009-09-18 10:18:38 EDT,markus_keller@ch.ibm.com,CC,markus_keller@ch.ibm.com,
2009-09-18 10:18:38 EDT,markus_keller@ch.ibm.com,Resolution,FIXED,---
2009-09-18 10:18:38 EDT,markus_keller@ch.ibm.com,Assignee,markus_keller@ch.ibm.com,jdt-ui-inbox@eclipse.org
2009-09-18 10:18:38 EDT,markus_keller@ch.ibm.com,Target Milestone,3.6 M3,---
2009-09-18 10:18:38 EDT,markus_keller@ch.ibm.com,Summary,[rename] Refactor rename in editor is slow with many matches,Refactor rename is slow
2010-06-30 09:06:55 EDT,markus_keller@ch.ibm.com,CC,benno.baumgartner@comerge.net,
