When, Who, What, Added, Removed
2009-09-18 08:28:50 EDT,anton.leherbauer@windriver.com,Attachment #147547                Flags,iplog-,
2009-09-18 09:31:50 EDT,marc.khouzam@ericsson.com,Attachment #147547                Attachment is obsolete,1,0
2009-09-21 02:31:36 EDT,anton.leherbauer@windriver.com,CC,anton.leherbauer@windriver.com,
2009-09-21 10:37:09 EDT,mikhailkhod@googlemail.com,CC,Mikhail.Khodjaiants@arm.com,
2009-09-21 11:05:25 EDT,marc.khouzam@ericsson.com,Status,RESOLVED,NEW
2009-09-21 11:05:25 EDT,marc.khouzam@ericsson.com,Component,cdt-debug,cdt-debug-dsf-gdb
2009-09-21 11:05:25 EDT,marc.khouzam@ericsson.com,Resolution,FIXED,---
2009-09-21 11:05:25 EDT,marc.khouzam@ericsson.com,Assignee,cdt-debug-inbox@eclipse.org,cdt-debug-dsf-gdb-inbox@eclipse.org
2009-09-21 11:05:25 EDT,marc.khouzam@ericsson.com,Target Milestone,6.1,---
2009-09-21 11:05:25 EDT,marc.khouzam@ericsson.com,QA Contact,ken.ryall@nokia.com,marc.khouzam@ericsson.com
2009-09-21 11:05:53 EDT,marc.khouzam@ericsson.com,Assignee,marc.khouzam@ericsson.com,cdt-debug-inbox@eclipse.org
2009-09-21 11:05:53 EDT,marc.khouzam@ericsson.com,Flags,iplog-,
