When, Who, What, Added, Removed
2009-09-18 02:25:02 EDT,knut.wannheden@paranor.ch,CC,knut.wannheden@paranor.ch,
2010-02-01 08:11:41 EST,sven.efftinge@itemis.de,CC,sven.efftinge@itemis.de,
2010-02-01 08:11:41 EST,sven.efftinge@itemis.de,Target Milestone,M6,---
2010-02-01 08:11:41 EST,sven.efftinge@itemis.de,Flags,helios+,
2010-02-02 04:41:40 EST,johan.wannheden@paranor.ch,CC,johan.wannheden@paranor.ch,
2010-02-02 10:33:31 EST,sven.efftinge@itemis.de,Status,RESOLVED,NEW
2010-02-02 10:33:31 EST,sven.efftinge@itemis.de,Resolution,FIXED,---
