When, Who, What, Added, Removed
2009-09-17 12:44:51 EDT,john.cortell@freescale.com,Attachment #147459                Flags,review?,
2009-09-17 12:44:51 EDT,john.cortell@freescale.com,Assignee,john.cortell@freescale.com,cdt-debug-dsf-inbox@eclipse.org
2009-09-17 12:48:00 EDT,john.cortell@freescale.com,Status,RESOLVED,NEW
2009-09-17 12:48:00 EDT,john.cortell@freescale.com,Resolution,FIXED,---
2009-09-17 12:48:00 EDT,john.cortell@freescale.com,Flags,iplog-, review?(pawel.piech@windriver.com),
2009-09-17 12:53:15 EDT,john.cortell@freescale.com,Summary,[vm] Buggy tracing of VM Provider's event handler,Bug tracing VM Provider event handler
2009-09-21 16:35:46 EDT,pawel.1.piech@gmail.com,Target Milestone,7.0,---
2009-09-21 16:35:46 EDT,pawel.1.piech@gmail.com,Flags,review+,review?(pawel.piech@windriver.com)
