When, Who, What, Added, Removed
2009-09-17 16:37:32 EDT,Michael_Rennie@ca.ibm.com,CC,simon_kaegi@ca.ibm.com,
2009-09-17 16:38:30 EDT,Michael_Rennie@ca.ibm.com,Status,RESOLVED,NEW
2009-09-17 16:38:30 EDT,Michael_Rennie@ca.ibm.com,Resolution,FIXED,---
2009-09-17 16:38:30 EDT,Michael_Rennie@ca.ibm.com,Flags,review?(simon_kaegi@ca.ibm.com),
2009-09-17 18:02:40 EDT,simon_kaegi@ca.ibm.com,Status,VERIFIED,RESOLVED
2009-09-17 18:02:40 EDT,simon_kaegi@ca.ibm.com,Flags,review+,review?(simon_kaegi@ca.ibm.com)
