When, Who, What, Added, Removed
2009-09-17 16:23:37 EDT,simon_kaegi@ca.ibm.com,CC,simon_kaegi@ca.ibm.com,
2009-09-17 16:28:35 EDT,wayne@eclipse.org,CC,wayne@eclipse.org,
2009-09-18 07:58:46 EDT,ganoro@gmail.com,CC,roy@zend.com,
2009-09-18 08:50:52 EDT,ian.skerrett@eclipse.org,CC,ian.skerrett@eclipse.org,
2009-09-21 23:22:13 EDT,david_williams@us.ibm.com,Summary,Propose a "Eclipse IDE  for JavaScript Web Developers" package for Helios,Propose a "Web 2.0 IDE" for Helios
2009-10-19 23:18:09 EDT,nitind@us.ibm.com,CC,nitind@us.ibm.com,
2009-11-13 02:23:44 EST,mknauer@eclipsesource.com,Component,javascript-package,package content
2009-11-13 02:23:44 EST,mknauer@eclipsesource.com,Hardware,Other,PC
2009-11-13 02:23:44 EST,mknauer@eclipsesource.com,Version,1.3.0,1.2.0
2009-11-13 02:23:44 EST,mknauer@eclipsesource.com,Target Milestone,1.3.0,1.2.1
2009-11-13 02:23:44 EST,mknauer@eclipsesource.com,OS,All,Windows XP
2009-12-18 11:24:57 EST,nathan@eclipse.org,CC,nathan@eclipse.org,
2009-12-24 11:30:02 EST,paulb@symbian.org,CC,paulb@symbian.org,
2010-03-09 15:53:54 EST,david_williams@us.ibm.com,Status,RESOLVED,NEW
2010-03-09 15:53:54 EST,david_williams@us.ibm.com,Resolution,FIXED,---
