When, Who, What, Added, Removed
2009-09-17 12:00:32 EDT,adolfosbh@gmail.com,CC,adolfosbh@opencanarias.com,
2009-09-18 04:31:46 EDT,alexander.igdalov@gmail.com,CC,Alexander.Igdalov@gmail.com,
2009-09-22 07:41:26 EDT,alexander.igdalov@gmail.com,Keywords,plan,
2009-09-22 07:41:26 EDT,alexander.igdalov@gmail.com,Target Milestone,3.0.0,---
2009-09-22 07:41:26 EDT,alexander.igdalov@gmail.com,Whiteboard,Usability,
2009-09-22 07:41:26 EDT,alexander.igdalov@gmail.com,Flags,helios+,
2009-09-27 10:45:15 EDT,ed@willink.me.uk,Blocks,220218,
2009-09-28 12:52:29 EDT,tikhomirov.artem@gmail.com,CC,tikhomirov.artem@gmail.com,
2009-09-30 03:53:24 EDT,shatalin@gmail.com,CC,shatalin@gmail.com,
2009-10-16 10:09:52 EDT,ed@willink.me.uk,Summary,[registry] Migrate the M2M/QVT Declarative Model Registry to MDT/OCL,Migrate the M2M/QVT Declarative Model Registry to MDT/OCL
2010-05-27 15:21:53 EDT,alexander.igdalov@gmail.com,Flags,helios-,helios+
2010-05-27 16:02:47 EDT,alexander.igdalov@gmail.com,Status,RESOLVED,NEW
2010-05-27 16:02:47 EDT,alexander.igdalov@gmail.com,Resolution,FIXED,---
2010-05-27 16:02:47 EDT,alexander.igdalov@gmail.com,Flags,helios+,helios-
2011-05-27 02:54:19 EDT,ed@willink.me.uk,Status,CLOSED,RESOLVED
