When, Who, What, Added, Removed
2009-09-17 23:03:52 EDT,hustlg@msn.com,CC,gliu@actuate.com,
2009-09-17 23:03:52 EDT,hustlg@msn.com,Assignee,gliu@actuate.com,Birt-ReportEngine-inbox@eclipse.org
2009-09-17 23:03:52 EDT,hustlg@msn.com,Target Milestone,2.5.2,---
2009-09-25 02:23:06 EDT,hustlg@msn.com,Status,RESOLVED,NEW
2009-09-25 02:23:06 EDT,hustlg@msn.com,Resolution,FIXED,---
2009-09-26 21:37:42 EDT,bluesoldier@gmail.com,QA Contact,xwang@actuate.com,
2009-09-28 01:59:02 EDT,xwang@actuate.com,Status,CLOSED,RESOLVED
2009-09-28 01:59:02 EDT,xwang@actuate.com,Whiteboard,Obsolete,
