When, Who, What, Added, Removed
2009-09-22 17:38:37 EDT,caniszczyk@gmail.com,CC,zx@eclipsesource.com,
2009-09-22 17:38:37 EDT,caniszczyk@gmail.com,Assignee,zx@eclipsesource.com,pde-ui-inbox@eclipse.org
2009-09-22 17:38:37 EDT,caniszczyk@gmail.com,Target Milestone,3.6 M3,---
2009-09-22 17:38:50 EDT,caniszczyk@gmail.com,Status,ASSIGNED,NEW
2009-09-22 17:40:12 EDT,caniszczyk@gmail.com,Status,RESOLVED,ASSIGNED
2009-09-22 17:40:12 EDT,caniszczyk@gmail.com,Resolution,FIXED,---
2009-10-27 17:31:15 EDT,cwindatt@ca.ibm.com,Status,VERIFIED,RESOLVED
2009-10-27 17:31:15 EDT,cwindatt@ca.ibm.com,CC,cwindatt@ca.ibm.com,
