When, Who, What, Added, Removed
2009-09-17 11:06:50 EDT,sashash@il.ibm.com,CC,lkemmel@il.ibm.com,
2009-09-17 13:00:30 EDT,eclipse.felipe@gmail.com,CC,felipe_heidrich@ca.ibm.com,
2009-09-17 13:00:30 EDT,eclipse.felipe@gmail.com,Depends on,143911,
2009-10-02 14:08:49 EDT,eclipse.felipe@gmail.com,Assignee,felipe_heidrich@ca.ibm.com,platform-swt-inbox@eclipse.org
2009-10-02 14:21:05 EDT,eclipse.felipe@gmail.com,CC,daniel_megert@ch.ibm.com,
2009-10-05 13:59:51 EDT,eclipse.felipe@gmail.com,Status,RESOLVED,NEW
2009-10-05 13:59:51 EDT,eclipse.felipe@gmail.com,Resolution,FIXED,---
2009-10-06 11:37:45 EDT,raji@us.ibm.com,CC,raji@us.ibm.com,
2009-10-06 14:29:26 EDT,tomerm@il.ibm.com,CC,tomerm@il.ibm.com,
2009-10-09 14:56:43 EDT,markus_keller@ch.ibm.com,CC,markus_keller@ch.ibm.com,
2009-10-09 14:56:43 EDT,markus_keller@ch.ibm.com,Version,3.6,4.0
2009-10-09 14:56:43 EDT,markus_keller@ch.ibm.com,Target Milestone,3.6 M3,---
