When, Who, What, Added, Removed
2009-09-17 16:34:57 EDT,john_arthorne@ca.ibm.com,Version,3.5,4.0
2009-09-17 16:34:57 EDT,john_arthorne@ca.ibm.com,Assignee,john_arthorne@ca.ibm.com,platform-runtime-inbox@eclipse.org
2009-09-17 16:34:57 EDT,john_arthorne@ca.ibm.com,Target Milestone,3.6,---
2009-09-17 16:34:57 EDT,john_arthorne@ca.ibm.com,Summary,[jobs] JobManager.doShutdown() is not properly waiting for jobs to shut down,JobManager.doShutdown() is not properly waiting for jobs to shut down
2009-09-18 16:26:50 EDT,john_arthorne@ca.ibm.com,Attachment #147497                Attachment is obsolete,1,0
2009-09-18 16:27:29 EDT,john_arthorne@ca.ibm.com,Target Milestone,3.6 M3,3.6
2009-09-18 16:28:00 EDT,john_arthorne@ca.ibm.com,Status,RESOLVED,NEW
2009-09-18 16:28:00 EDT,john_arthorne@ca.ibm.com,Resolution,FIXED,---
