When, Who, What, Added, Removed
2009-09-17 20:25:42 EDT,d_a_carver@yahoo.com,Assignee,wst.xsl-triaged@eclipse.org,wst.xsl-inbox@eclipse.org
2009-09-17 20:25:42 EDT,d_a_carver@yahoo.com,Target Milestone,3.2,---
2009-10-18 09:38:26 EDT,d_a_carver@yahoo.com,Target Milestone,3.2 M4,3.2
2009-11-06 23:41:36 EST,d_a_carver@yahoo.com,Priority,P2,P3
2009-11-22 19:35:19 EST,d_a_carver@yahoo.com,CC,nitind@us.ibm.com, nsandona@us.ibm.com,
2009-12-03 14:11:37 EST,d_a_carver@yahoo.com,Target Milestone,3.2 M5,3.2 M4
2010-01-18 05:26:32 EST,d_a_carver@yahoo.com,CC,jesper@selskabet.org,
2010-01-26 18:25:16 EST,d_a_carver@yahoo.com,Assignee,jesper@selskabet.org,wst.xsl-triaged@eclipse.org
2010-01-26 18:25:16 EST,d_a_carver@yahoo.com,Target Milestone,3.2 M6,3.2 M5
2010-02-08 15:10:26 EST,d_a_carver@yahoo.com,Status,RESOLVED,NEW
2010-02-08 15:10:26 EST,d_a_carver@yahoo.com,Resolution,FIXED,---
