When, Who, What, Added, Removed
2009-09-17 12:19:24 EDT,adolfosbh@gmail.com,CC,adolfosbh@opencanarias.com,
2009-09-22 07:42:03 EDT,alexander.igdalov@gmail.com,Keywords,plan,
2009-09-22 07:42:03 EDT,alexander.igdalov@gmail.com,CC,Alexander.Igdalov@gmail.com,
2009-09-22 07:42:03 EDT,alexander.igdalov@gmail.com,Target Milestone,3.0.0,---
2009-09-22 07:42:03 EDT,alexander.igdalov@gmail.com,Whiteboard,UI,
2009-09-22 07:42:03 EDT,alexander.igdalov@gmail.com,Flags,helios+,
2009-09-24 08:28:53 EDT,alexander.igdalov@gmail.com,Whiteboard,Usability,UI
2009-10-16 09:01:51 EDT,ed@willink.me.uk,Summary,[editor] Migrate the M2M/QVT Declarative OCL Editor to MDT/OCL,Migrate the M2M/QVT Declarative OCL Editor to MDT/OCL
2010-05-27 15:25:30 EDT,alexander.igdalov@gmail.com,Status,RESOLVED,NEW
2010-05-27 15:25:30 EDT,alexander.igdalov@gmail.com,Resolution,FIXED,---
2011-05-27 02:54:23 EDT,ed@willink.me.uk,Status,CLOSED,RESOLVED
