When, Who, What, Added, Removed
2009-09-17 06:38:12 EDT,Patrick.Tessier@cea.fr,Priority,P1,P3
2009-09-17 06:42:48 EDT,Patrick.Tessier@cea.fr,Status,RESOLVED,NEW
2009-09-17 06:42:48 EDT,Patrick.Tessier@cea.fr,Resolution,FIXED,---
2009-09-17 06:42:48 EDT,Patrick.Tessier@cea.fr,Summary,[Class diagram] creation of custom-src,[Class diagram] creation of src-custom
2009-10-15 08:58:35 EDT,thibault.landre@atosorigin.com,Target Milestone,M2,---
2009-10-15 10:20:27 EDT,thibault.landre@atosorigin.com,Keywords,plan,
2009-10-15 10:20:27 EDT,thibault.landre@atosorigin.com,Whiteboard,UML 2.x Diagrams,
2009-10-15 10:49:03 EDT,thibault.landre@atosorigin.com,Version,0.7.0,unspecified
