When, Who, What, Added, Removed
2009-09-17 13:04:50 EDT,john.cortell@freescale.com,Summary,[vm] IVMEventListener lacking @ConfinedToDsfExecutor annotation,IVMEventListener lacking @ConfinedToDsfExecutor annotation
2009-09-22 15:44:19 EDT,pawel.1.piech@gmail.com,Attachment #147830                Flags,iplog-,
2009-09-22 15:45:14 EDT,pawel.1.piech@gmail.com,Status,RESOLVED,NEW
2009-09-22 15:45:14 EDT,pawel.1.piech@gmail.com,Resolution,FIXED,---
2009-09-22 15:45:14 EDT,pawel.1.piech@gmail.com,Assignee,pawel.piech@windriver.com,cdt-debug-dsf-inbox@eclipse.org
2009-09-22 15:45:14 EDT,pawel.1.piech@gmail.com,Target Milestone,7.0,---
2009-09-22 15:45:14 EDT,pawel.1.piech@gmail.com,Flags,review?(anton.leherbauer@windriver.com),
2009-09-28 10:30:01 EDT,anton.leherbauer@windriver.com,CC,anton.leherbauer@windriver.com,
2009-09-28 10:30:01 EDT,anton.leherbauer@windriver.com,Flags,review+,review?(anton.leherbauer@windriver.com)
