When, Who, What, Added, Removed
2009-09-17 10:12:19 EDT,itewksbu@us.ibm.com,Attachment #147443                Attachment is patch,1,0
2009-09-17 10:12:27 EDT,itewksbu@us.ibm.com,Flags,review?(nsandona@us.ibm.com),
2009-09-21 11:01:10 EDT,nsandona@us.ibm.com,Assignee,itewksbu@us.ibm.com,wst.xml-inbox@eclipse.org
2009-09-21 16:22:15 EDT,itewksbu@us.ibm.com,Status,ASSIGNED,NEW
2009-09-29 18:10:50 EDT,itewksbu@us.ibm.com,Attachment #147443                Attachment is obsolete,1,0
2009-10-01 01:21:23 EDT,nitind@us.ibm.com,Target Milestone,3.0.5 P,---
2009-10-02 14:57:02 EDT,itewksbu@us.ibm.com,Summary,[document] StructuredDocumentRegionUtil not compensating for StructuredDocumentRegionProxy,StructuredDocumentRegionUtil not compensating for StructuredDocumentRegionProxy
2009-10-20 17:17:21 EDT,nsandona@us.ibm.com,CC,nsandona@us.ibm.com,
2009-10-20 17:17:21 EDT,nsandona@us.ibm.com,Flags,review+,review?(nsandona@us.ibm.com)
2009-10-21 11:47:21 EDT,ccc@us.ibm.com,Attachment #148373                Flags,iplog+,
2009-10-22 12:44:11 EDT,ccc@us.ibm.com,Status,RESOLVED,ASSIGNED
2009-10-22 12:44:11 EDT,ccc@us.ibm.com,CC,ccc@us.ibm.com,
2009-10-22 12:44:11 EDT,ccc@us.ibm.com,Resolution,FIXED,---
2009-11-02 09:27:04 EST,itewksbu@us.ibm.com,Status,CLOSED,RESOLVED
