When, Who, What, Added, Removed
2010-01-22 13:48:08 EST,wenfeng.fwd@gmail.com,CC,wli@actuate.com,
2010-01-22 13:48:08 EST,wenfeng.fwd@gmail.com,Assignee,zqian@actuate.com,Birt-ReportDesigner-inbox@eclipse.org
2010-01-22 13:48:08 EST,wenfeng.fwd@gmail.com,Target Milestone,2.6.0,---
2010-01-22 13:59:46 EST,rkanguri@actuate.com,CC,rkanguri@actuate.com,
2010-03-04 01:12:01 EST,zqian@actuate.com,Assignee,dgao@actuate.com,zqian@actuate.com
2010-05-04 22:10:32 EDT,zqian@actuate.com,CC,zqian@actuate.com,
2010-05-04 22:10:32 EDT,zqian@actuate.com,Target Milestone,2.6.0 RC2,2.6.0
2010-05-18 23:06:58 EDT,gump_gao@sohu.com,Status,RESOLVED,NEW
2010-05-18 23:06:58 EDT,gump_gao@sohu.com,Resolution,FIXED,---
2010-05-24 04:33:47 EDT,bluesoldier@gmail.com,QA Contact,mindan.xu@actuate.com,
2010-05-24 07:43:52 EDT,mindan.xu@actuate.com,Whiteboard,Obsolete,
2010-05-24 22:41:01 EDT,mindan.xu@actuate.com,Status,VERIFIED,RESOLVED
