When, Who, What, Added, Removed
2009-09-17 13:26:45 EDT,steffen.pingel@tasktop.com,Status,RESOLVED,NEW
2009-09-17 13:26:45 EDT,steffen.pingel@tasktop.com,Component,Doc,Web
2009-09-17 13:26:45 EDT,steffen.pingel@tasktop.com,Resolution,WORKSFORME,---
2009-09-18 17:52:05 EDT,mjmeijer@eclipsophy.com,Status,REOPENED,RESOLVED
2009-09-18 17:52:05 EDT,mjmeijer@eclipsophy.com,Resolution,---,WORKSFORME
2009-09-18 18:15:02 EDT,steffen.pingel@tasktop.com,Status,RESOLVED,REOPENED
2009-09-18 18:15:02 EDT,steffen.pingel@tasktop.com,Resolution,FIXED,---
2009-09-18 18:15:02 EDT,steffen.pingel@tasktop.com,Assignee,steffen.pingel@tasktop.com,mylyn-inbox@eclipse.org
2009-09-18 18:15:02 EDT,steffen.pingel@tasktop.com,Target Milestone,3.3,---
