When, Who, What, Added, Removed
2009-09-18 01:43:43 EDT,lzhu@actuate.com,CC,lzhu@actuate.com,
2009-09-18 01:43:43 EDT,lzhu@actuate.com,Assignee,xiaofeng.zhang@actuate.com,Birt-Data-inbox@eclipse.org
2009-09-18 01:43:43 EDT,lzhu@actuate.com,Target Milestone,2.5.2 RC1,---
2009-09-21 23:29:05 EDT,xiaofeng.zhang@actuate.com,Status,RESOLVED,NEW
2009-09-21 23:29:05 EDT,xiaofeng.zhang@actuate.com,Resolution,FIXED,---
2009-09-22 22:23:53 EDT,bluesoldier@gmail.com,QA Contact,tzhang@actuate.com,
2009-10-09 21:53:51 EDT,tzhang@actuate.com,Status,REOPENED,RESOLVED
2009-10-09 21:53:51 EDT,tzhang@actuate.com,Resolution,---,FIXED
2009-10-09 22:25:35 EDT,xiaofeng.zhang@actuate.com,Status,RESOLVED,REOPENED
2009-10-09 22:25:35 EDT,xiaofeng.zhang@actuate.com,Resolution,FIXED,---
2009-10-14 22:24:31 EDT,tzhang@actuate.com,Status,CLOSED,RESOLVED
2009-10-14 22:24:31 EDT,tzhang@actuate.com,Whiteboard,Non-Auto,
