When, Who, What, Added, Removed
2009-09-17 18:08:09 EDT,nsandona@us.ibm.com,CC,nsandona@us.ibm.com,
2009-09-17 18:08:09 EDT,nsandona@us.ibm.com,Hardware,All,Macintosh
2009-09-17 18:08:09 EDT,nsandona@us.ibm.com,Assignee,itewksbu@us.ibm.com,wst.html-inbox@eclipse.org
2009-09-17 18:08:09 EDT,nsandona@us.ibm.com,Summary,[validation] Comment creates spurious error marker,Comment creates spurious error marker (Mac)
2009-09-17 18:08:09 EDT,nsandona@us.ibm.com,OS,All,Mac OS X - Cocoa
2009-09-18 10:26:06 EDT,itewksbu@us.ibm.com,Status,ASSIGNED,NEW
2009-09-18 10:26:06 EDT,itewksbu@us.ibm.com,Flags,review?(nsandona@us.ibm.com),
2009-10-01 16:00:22 EDT,nsandona@us.ibm.com,Target Milestone,3.2 M3,---
2009-10-01 16:00:22 EDT,nsandona@us.ibm.com,Flags,review+,review?(nsandona@us.ibm.com)
2009-10-01 16:01:26 EDT,nsandona@us.ibm.com,Status,RESOLVED,ASSIGNED
2009-10-01 16:01:26 EDT,nsandona@us.ibm.com,Resolution,FIXED,---
2009-10-01 16:01:34 EDT,nsandona@us.ibm.com,Attachment #147563                Flags,iplog+,
