When, Who, What, Added, Removed
2009-09-17 08:49:34 EDT,aferrazlr@gmail.com,Component,DataTools,wst.rdb
2009-09-17 08:49:34 EDT,aferrazlr@gmail.com,Version,Ganymede,unspecified
2009-09-17 08:49:34 EDT,aferrazlr@gmail.com,Product,Data Tools,WTP Datatools
2009-11-03 14:55:24 EST,lchan@actuate.com,CC,lchan@actuate.com,
2009-11-03 14:55:24 EST,lchan@actuate.com,Component,Enablement:ODA,DataTools
2009-11-03 14:55:24 EST,lchan@actuate.com,Assignee,lzhu@actuate.com,wst.rdb-inbox@eclipse.org
2009-11-03 14:55:24 EST,lchan@actuate.com,QA Contact,,ledunnel@us.ibm.com
2010-01-26 14:57:38 EST,lchan@actuate.com,Target Milestone,1.8,---
2010-06-09 01:28:56 EDT,mwu@actuate.com,CC,mwu@actuate.com,
2010-06-09 01:28:56 EDT,mwu@actuate.com,Assignee,xiaofeng.zhang@actuate.com,lzhu@actuate.com
2010-06-09 01:28:56 EDT,mwu@actuate.com,Target Milestone,1.8.1,1.8
2010-09-01 22:56:23 EDT,lchan@actuate.com,Target Milestone,1.8.2,1.8.1
2010-09-15 01:18:31 EDT,bluesoldier@gmail.com,CC,xgu@actuate.com,
2010-09-15 01:18:31 EDT,bluesoldier@gmail.com,QA Contact,xgu@actuate.com,
2011-04-15 03:31:17 EDT,bluesoldier@gmail.com,Target Milestone,1.9,1.8.2
2011-04-15 03:34:44 EDT,xiaofeng.zhang@actuate.com,Status,RESOLVED,NEW
2011-04-15 03:34:44 EDT,xiaofeng.zhang@actuate.com,Resolution,FIXED,---
2011-04-15 04:04:14 EDT,bluesoldier@gmail.com,Status,VERIFIED,RESOLVED
2011-05-31 18:44:05 EDT,bpayton@us.ibm.com,CC,bpayton@us.ibm.com,
2011-05-31 18:44:05 EDT,bpayton@us.ibm.com,Flags,iplog+,
