When, Who, What, Added, Removed
2009-09-18 23:50:07 EDT,tjwatson@us.ibm.com,Status,RESOLVED,NEW
2009-09-18 23:50:07 EDT,tjwatson@us.ibm.com,CC,tjwatson@us.ibm.com,
2009-09-18 23:50:07 EDT,tjwatson@us.ibm.com,Resolution,INVALID,---
2009-09-24 11:20:32 EDT,tjwatson@us.ibm.com,Status,REOPENED,RESOLVED
2009-09-24 11:20:32 EDT,tjwatson@us.ibm.com,Resolution,---,INVALID
2009-12-11 12:36:06 EST,avinashmv@huawei.com,CC,avinashmv@huawei.com,
2009-12-14 09:35:46 EST,tjwatson@us.ibm.com,Assignee,tjwatson@us.ibm.com,equinox.framework-inbox@eclipse.org
2009-12-14 09:35:46 EST,tjwatson@us.ibm.com,Target Milestone,3.6 M5,---
2009-12-14 13:26:27 EST,tjwatson@us.ibm.com,Status,RESOLVED,REOPENED
2009-12-14 13:26:27 EST,tjwatson@us.ibm.com,Resolution,FIXED,---
