When, Who, What, Added, Removed
2009-09-18 03:50:34 EDT,hugo.bruneliere@inria.fr,Status,ASSIGNED,NEW
2009-09-18 03:50:34 EDT,hugo.bruneliere@inria.fr,CC,hugo.bruneliere@inria.fr,
2009-09-18 03:50:34 EDT,hugo.bruneliere@inria.fr,Assignee,hugo.bruneliere@inria.fr,modisco.web-inbox@eclipse.org
2009-09-18 04:25:11 EDT,hugo.bruneliere@inria.fr,Status,CLOSED,ASSIGNED
2009-09-18 04:25:11 EDT,hugo.bruneliere@inria.fr,Resolution,FIXED,---
2010-02-22 05:01:00 EST,fgiquel@mia-software.com,Attachment #147464                Flags,iplog+,
2010-03-10 09:08:34 EST,nicolas.bros@gmail.com,CC,nbros@mia-software.com,
2010-03-10 09:08:34 EST,nicolas.bros@gmail.com,Version,0.7.1,unspecified
2010-05-27 10:44:26 EDT,fgiquel@mia-software.com,Target Milestone,0.8.0,---
2013-04-29 07:53:09 EDT,gdupe@mia-software.com,CC,gdupe@mia-software.com, modisco.web-inbox@eclipse.org,
