When, Who, What, Added, Removed
2009-09-17 05:49:32 EDT,Patrick.Tessier@cea.fr,Priority,P1,P3
2009-09-17 05:49:32 EDT,Patrick.Tessier@cea.fr,Component,Papyrus,BPMN2
2009-09-23 05:57:58 EDT,Patrick.Tessier@cea.fr,Status,RESOLVED,NEW
2009-09-23 05:57:58 EDT,Patrick.Tessier@cea.fr,Resolution,FIXED,---
2009-10-15 08:58:35 EDT,thibault.landre@atosorigin.com,Target Milestone,M2,---
2009-10-15 10:20:36 EDT,thibault.landre@atosorigin.com,Keywords,plan,
2009-10-15 10:20:36 EDT,thibault.landre@atosorigin.com,Whiteboard,UML 2.x Diagrams,
2009-10-15 10:49:02 EDT,thibault.landre@atosorigin.com,Version,0.7.0,unspecified
