When, Who, What, Added, Removed
2009-09-18 06:12:30 EDT,ruediger.herrmann@gmx.de,CC,bmuskalla@eclipsesource.com,
2009-09-24 15:55:52 EDT,ruediger.herrmann@gmx.de,Status,RESOLVED,NEW
2009-09-24 15:55:52 EDT,ruediger.herrmann@gmx.de,Resolution,FIXED,---
2009-09-24 15:55:52 EDT,ruediger.herrmann@gmx.de,Target Milestone,1.3 M2,---
2009-09-25 03:21:41 EDT,ivan@eclipsesource.com,Status,REOPENED,RESOLVED
2009-09-25 03:21:41 EDT,ivan@eclipsesource.com,Resolution,---,FIXED
2009-09-25 03:23:26 EDT,ivan@eclipsesource.com,Blocks,289343,
2009-09-25 09:35:33 EDT,ruediger.herrmann@gmx.de,Status,RESOLVED,REOPENED
2009-09-25 09:35:33 EDT,ruediger.herrmann@gmx.de,Resolution,FIXED,---
