When, Who, What, Added, Removed
2009-09-17 10:05:26 EDT,itewksbu@us.ibm.com,Attachment #147442                Attachment is patch,1,0
2009-09-17 10:05:39 EDT,itewksbu@us.ibm.com,Flags,review?(nsandona@us.ibm.com),
2009-09-22 10:59:01 EDT,nsandona@us.ibm.com,Assignee,itewksbu@us.ibm.com,wst.xml-inbox@eclipse.org
2009-09-22 14:15:14 EDT,itewksbu@us.ibm.com,Status,ASSIGNED,NEW
2009-09-29 18:09:59 EDT,itewksbu@us.ibm.com,Attachment #147442                Attachment is obsolete,1,0
2009-10-01 01:21:29 EDT,nitind@us.ibm.com,Target Milestone,3.2 M3,---
2009-10-02 14:56:37 EDT,itewksbu@us.ibm.com,Summary,[document] StructuredDocumentRegionUtil not compensating for StructuredDocumentRegionProxy,StructuredDocumentRegionUtil not compensating for StructuredDocumentRegionProxy
2009-10-20 11:21:10 EDT,nsandona@us.ibm.com,Status,RESOLVED,ASSIGNED
2009-10-20 11:21:10 EDT,nsandona@us.ibm.com,CC,nsandona@us.ibm.com,
2009-10-20 11:21:10 EDT,nsandona@us.ibm.com,Resolution,FIXED,---
2009-10-20 11:21:10 EDT,nsandona@us.ibm.com,Flags,review+,review?(nsandona@us.ibm.com)
2009-10-20 11:21:19 EDT,nsandona@us.ibm.com,Attachment #148372                Flags,iplog+,
2009-11-02 10:36:01 EST,itewksbu@us.ibm.com,Status,CLOSED,RESOLVED
