When, Who, What, Added, Removed
2009-09-18 16:01:29 EDT,ccc@us.ibm.com,CC,ccc@us.ibm.com,
2009-09-18 16:01:29 EDT,ccc@us.ibm.com,Component,Faceted Project Framework,General
2009-09-18 16:01:29 EDT,ccc@us.ibm.com,Version,3.1,unspecified
2009-09-18 16:01:29 EDT,ccc@us.ibm.com,Assignee,wst.common-inbox@eclipse.org,jst-inbox@eclipse.org
2009-09-18 16:01:29 EDT,ccc@us.ibm.com,Product,WTP Common Tools,Web Tools
2009-09-18 16:01:29 EDT,ccc@us.ibm.com,QA Contact,konstantin.komissarchik@oracle.com,david_williams@us.ibm.com
2010-04-22 16:25:31 EDT,konstantin.komissarchik@oracle.com,Assignee,konstantin.komissarchik@oracle.com,wst.common-inbox@eclipse.org
2010-04-22 16:25:31 EDT,konstantin.komissarchik@oracle.com,Target Milestone,3.2 M7,---
2010-04-29 15:30:22 EDT,konstantin.komissarchik@oracle.com,Target Milestone,3.2 RC1,3.2 M7
2010-05-13 16:03:39 EDT,konstantin.komissarchik@oracle.com,Target Milestone,3.2 RC2,3.2 RC1
2010-05-17 13:54:03 EDT,konstantin.komissarchik@oracle.com,Summary,Bad recovery cases under denied validateEdit,After installing facet on a checked in project under pessimistic control, and denying checkout, the preference write op will fail, but the project will have the facet installed (but not persisted)
2010-05-17 13:54:03 EDT,konstantin.komissarchik@oracle.com,Severity,major,normal
2010-05-17 13:54:03 EDT,konstantin.komissarchik@oracle.com,Flags,pmc_approved?(david_williams@us.ibm.com), pmc_approved?(raghunathan.srinivasan@oracle.com), pmc_approved?(naci.dai@eteration.com), pmc_approved?(deboer@ca.ibm.com), pmc_approved?(neil.hauge@oracle.com), pmc_approved?(kaloyan.raev@sap.com),
2010-05-17 23:05:14 EDT,konstantin.komissarchik@oracle.com,Whiteboard,PMC,
2010-05-18 01:20:13 EDT,david_williams@us.ibm.com,CC,david_williams@us.ibm.com,
2010-05-18 01:20:13 EDT,david_williams@us.ibm.com,Flags,pmc_approved+,pmc_approved?(david_williams@us.ibm.com)
2010-05-18 21:16:42 EDT,konstantin.komissarchik@oracle.com,Status,RESOLVED,NEW
2010-05-18 21:16:42 EDT,konstantin.komissarchik@oracle.com,Resolution,FIXED,---
2010-05-19 23:56:55 EDT,david_williams@us.ibm.com,Whiteboard,PMC_approved,PMC
