When, Who, What, Added, Removed
2009-09-17 09:48:33 EDT,tjbishop@ca.ibm.com,Version,3.2,unspecified
2009-09-17 09:48:33 EDT,tjbishop@ca.ibm.com,Severity,minor,normal
2009-10-01 01:24:37 EDT,nitind@us.ibm.com,Status,RESOLVED,NEW
2009-10-01 01:24:37 EDT,nitind@us.ibm.com,Resolution,FIXED,---
2009-10-01 01:24:37 EDT,nitind@us.ibm.com,Assignee,tjbishop@ca.ibm.com,wst.xml-inbox@eclipse.org
2009-10-01 01:24:37 EDT,nitind@us.ibm.com,Target Milestone,3.1 M3,---
2009-10-01 12:33:07 EDT,nitind@us.ibm.com,Attachment #147439                Flags,iplog+,
