When, Who, What, Added, Removed
2009-09-18 07:02:12 EDT,jamesblackburn+eclipse@gmail.com,Blocks,257706,
2009-09-18 07:53:00 EDT,KetanPadegaonkar@gmail.com,CC,KetanPadegaonkar@gmail.com,
2009-09-21 11:32:17 EDT,aniefer@ca.ibm.com,CC,aniefer@ca.ibm.com,
2009-09-21 12:31:38 EDT,caniszczyk@gmail.com,CC,zx@eclipsesource.com,
2009-09-21 12:31:38 EDT,caniszczyk@gmail.com,Severity,enhancement,normal
2009-09-23 16:54:48 EDT,matthias.sohn@sap.com,CC,matthias.sohn@sap.com,
2009-10-04 05:05:43 EDT,mn@mn.com.ua,CC,mn@mn.com.ua,
2009-10-08 20:02:25 EDT,aniefer@ca.ibm.com,Component,Core,Build
2009-10-08 20:02:25 EDT,aniefer@ca.ibm.com,Version,unspecified,3.5
2009-10-08 20:02:25 EDT,aniefer@ca.ibm.com,Assignee,egit.core-inbox@eclipse.org,pde-build-inbox@eclipse.org
2009-10-08 20:02:25 EDT,aniefer@ca.ibm.com,Product,EGit,PDE
2009-11-06 01:58:50 EST,robin.rosenberg@dewire.com,CC,robin.rosenberg@dewire.com,
2010-01-28 16:45:37 EST,denis.roy@eclipse.org,Blocks,,257706
2010-02-26 10:04:57 EST,dennis.huebner@itemis.de,CC,dennis.huebner@itemis.de,
2010-03-13 14:25:46 EST,alex.blewitt@gmail.com,CC,alex.blewitt@gmail.com,
2010-03-13 14:33:14 EST,Konstantin.Scheglov@gmail.com,CC,Konstantin.Scheglov@gmail.com,
2010-04-21 10:49:15 EDT,kim.moir@gmail.com,CC,kmoir@ca.ibm.com,
2010-04-30 02:33:34 EDT,d_a_carver@yahoo.com,CC,d_a_carver@yahoo.com,
2010-05-18 03:36:44 EDT,gunnar@wagenknecht.org,CC,gunnar@wagenknecht.org,
2010-07-07 10:44:31 EDT,pwebster@ca.ibm.com,CC,pwebster@ca.ibm.com,
2010-07-21 07:41:36 EDT,christian.kesselheim@kreios.lu,CC,christian.kesselheim@kreios.lu,
2010-07-30 10:07:49 EDT,nfalco79@libero.it,CC,nikolas.falco@finantix.com,
2010-08-31 08:36:04 EDT,remy.suen@gmail.com,CC,remysuen@ca.ibm.com,
2010-09-01 15:50:19 EDT,john_arthorne@ca.ibm.com,Blocks,323367,
2010-09-01 15:51:42 EDT,john_arthorne@ca.ibm.com,CC,john_arthorne@ca.ibm.com,
2010-09-29 08:24:24 EDT,pwebster@ca.ibm.com,CC,sop@google.com,
2010-10-01 09:43:55 EDT,pascal@rapicorp.com,CC,pascal@sonatype.com,
2010-10-09 14:42:10 EDT,gunnar@wagenknecht.org,Attachment #180551                Attachment is obsolete,1,0
2010-10-11 05:27:07 EDT,gunnar@wagenknecht.org,Attachment #180584                Attachment description,patch which adds just fetch cache property handling to PDE build,patch which adds fetchCache property handling to PDE build
2010-10-12 15:48:06 EDT,aniefer@ca.ibm.com,Depends on,327607,
2010-10-13 03:33:44 EDT,gunnar@wagenknecht.org,Attachment #180585                Attachment is obsolete,1,0
2010-10-18 14:09:31 EDT,aniefer@ca.ibm.com,Depends on,328059,
2010-10-18 15:25:25 EDT,gunnar@wagenknecht.org,Attachment #180728                Attachment is obsolete,1,0
2010-10-18 15:44:27 EDT,pwebster@ca.ibm.com,Attachment #181127                Attachment mime type,text/plain,application/x-sh
2010-10-22 10:30:23 EDT,pwebster@ca.ibm.com,Attachment #181127                Attachment is obsolete,1,0
2010-10-25 18:20:51 EDT,caniszczyk@gmail.com,Assignee,caniszczyk@gmail.com,egit.core-inbox@eclipse.org
2010-10-25 18:20:51 EDT,caniszczyk@gmail.com,Target Milestone,0.10.0-M2,---
2010-10-26 10:12:28 EDT,caniszczyk@gmail.com,Status,RESOLVED,NEW
2010-10-26 10:12:28 EDT,caniszczyk@gmail.com,Resolution,FIXED,---
2011-03-09 15:54:52 EST,david_williams@us.ibm.com,CC,david_williams@us.ibm.com,
2011-04-21 06:05:13 EDT,bluesoldier@gmail.com,CC,xgu@actuate.com,
