When, Who, What, Added, Removed
2009-09-21 16:14:23 EDT,michael.f.obrien@eclipselink.org,CC,michael.obrien@oracle.com,
2009-09-23 13:23:12 EDT,gordon.yorke@oracle.com,Status,RESOLVED,NEW
2009-09-23 13:23:12 EDT,gordon.yorke@oracle.com,CC,eclipselink.orm-inbox@eclipse.org, gordon.yorke@oracle.com,
2009-09-23 13:23:12 EDT,gordon.yorke@oracle.com,Resolution,FIXED,---
2009-09-23 13:23:12 EDT,gordon.yorke@oracle.com,Assignee,gordon.yorke@oracle.com,eclipselink.orm-inbox@eclipse.org
2009-09-23 13:43:18 EDT,gordon.yorke@oracle.com,Target Milestone,2.0,---
