When, Who, What, Added, Removed
2010-01-13 17:37:35 EST,carlos.sanchez@devzuz.com,Target Milestone,0.12.0,0.11.0
2010-02-25 13:24:25 EST,rehevkor5@gmail.com,CC,rehevkor5@gmail.com,
2010-05-04 17:57:47 EDT,carlos.sanchez@devzuz.com,Status,CLOSED,NEW
2010-05-04 17:57:47 EDT,carlos.sanchez@devzuz.com,CC,carlos.sanchez@devzuz.com,
2010-05-04 17:57:47 EDT,carlos.sanchez@devzuz.com,Resolution,FIXED,---
2012-01-05 13:10:43 EST,webmaster@eclipse.org,Component,IAM,JDT
2012-01-05 13:10:43 EST,webmaster@eclipse.org,Version,unspecified,0.10.0
2012-01-05 13:10:43 EST,webmaster@eclipse.org,Product,z_Archived,IAM
2012-01-05 13:10:43 EST,webmaster@eclipse.org,Target Milestone,---,0.12.0
