When, Who, What, Added, Removed
2009-09-18 10:14:24 EDT,angvoz.dev@gmail.com,Status,ASSIGNED,NEW
2009-09-18 10:14:24 EDT,angvoz.dev@gmail.com,Assignee,angvoz.dev@gmail.com,cdt-core-inbox@eclipse.org
2009-09-18 10:14:24 EDT,angvoz.dev@gmail.com,Target Milestone,6.0.1,---
2009-09-18 10:43:29 EDT,angvoz.dev@gmail.com,Summary,[New project Wizard] Project type changes on toggling of supported platform settings,[C++ import dialog] Project type changes on toggling of supported platform settings
2009-09-18 10:55:10 EDT,angvoz.dev@gmail.com,Status,RESOLVED,ASSIGNED
2009-09-18 10:55:10 EDT,angvoz.dev@gmail.com,Resolution,FIXED,---
2009-10-16 22:10:09 EDT,marc-andre.laperle@ericsson.com,CC,malaperle@omnialabs.net,
2009-10-17 01:03:06 EDT,angvoz.dev@gmail.com,Target Milestone,6.0.2,6.0.1
