When, Who, What, Added, Removed
2009-09-20 22:29:43 EDT,lzhu@actuate.com,CC,lzhu@actuate.com,
2009-09-20 22:29:43 EDT,lzhu@actuate.com,Assignee,wtu@actuate.com,Birt-Data-inbox@eclipse.org
2009-09-20 22:29:43 EDT,lzhu@actuate.com,Target Milestone,2.5.2 RC1,---
2009-10-10 01:17:37 EDT,wtu@actuate.com,Status,RESOLVED,NEW
2009-10-10 01:17:37 EDT,wtu@actuate.com,Resolution,FIXED,---
2009-10-11 22:23:06 EDT,bluesoldier@gmail.com,CC,xgu@actuate.com,
2009-10-11 22:23:06 EDT,bluesoldier@gmail.com,QA Contact,tzhang@actuate.com,
2009-10-14 22:26:20 EDT,tzhang@actuate.com,Status,CLOSED,RESOLVED
2009-10-14 22:26:20 EDT,tzhang@actuate.com,Whiteboard,Obsolete,
