When, Who, What, Added, Removed
2009-09-18 08:48:12 EDT,kim.moir@gmail.com,Assignee,kmoir@ca.ibm.com,platform-releng-inbox@eclipse.org
2009-09-18 08:48:12 EDT,kim.moir@gmail.com,Target Milestone,3.6 M2,---
2009-09-18 08:55:38 EDT,Olivier_Thomann@ca.ibm.com,CC,Olivier_Thomann@ca.ibm.com,
2009-09-18 09:14:44 EDT,Michael_Rennie@ca.ibm.com,CC,Michael_Rennie@ca.ibm.com,
2009-09-18 09:38:12 EDT,john_arthorne@ca.ibm.com,CC,john_arthorne@ca.ibm.com,
2009-09-18 09:46:40 EDT,pascal@rapicorp.com,CC,pascal_rapicault@ca.ibm.com,
2009-09-18 10:25:43 EDT,cwindatt@ca.ibm.com,CC,cwindatt@ca.ibm.com,
2009-09-18 10:54:01 EDT,francisu@ieee.org,CC,francisu@ieee.org,
2009-09-18 11:03:37 EDT,Szymon.Brandys@pl.ibm.com,CC,Szymon.Brandys@pl.ibm.com,
2009-09-18 11:05:47 EDT,caniszczyk@gmail.com,CC,zx@eclipsesource.com,
2009-09-18 11:14:00 EDT,markus_keller@ch.ibm.com,CC,markus_keller@ch.ibm.com,
2009-09-18 13:19:36 EDT,cgold@us.ibm.com,CC,cgold@us.ibm.com,
2009-09-18 14:58:49 EDT,grant_gayed@ca.ibm.com,CC,grant_gayed@ca.ibm.com,
2009-09-18 15:15:24 EDT,pwebster@ca.ibm.com,CC,Boris_Bokowski@ca.ibm.com, pwebster@ca.ibm.com,
2009-09-18 17:26:48 EDT,kim.moir@gmail.com,Status,RESOLVED,NEW
2009-09-18 17:26:48 EDT,kim.moir@gmail.com,Resolution,FIXED,---
