When, Who, What, Added, Removed
2009-09-18 11:55:44 EDT,ericc@pobox.com,CC,emo@eclipse.org,
2009-09-18 11:56:43 EDT,ericc@pobox.com,CC,ericc@motorola.com, sharon.corbett@eclipse.org,
2009-09-20 22:09:35 EDT,anne.jacko@eclipse.org,CC,anne.jacko@eclipse.org,
2009-10-09 09:40:29 EDT,webmaster@eclipse.org,CC,webmaster@eclipse.org,
2009-11-12 10:14:57 EST,webmaster@eclipse.org,Assignee,webmaster@eclipse.org,phoenix.ui-inbox@eclipse.org
2009-12-04 14:29:44 EST,kpqb38@motorola.com,CC,kpqb38@motorola.com,
2010-01-07 11:16:12 EST,webmaster@eclipse.org,Status,RESOLVED,NEW
2010-01-07 11:16:12 EST,webmaster@eclipse.org,Resolution,FIXED,---
2010-02-18 14:45:40 EST,kpqb38@motorola.com,Status,REOPENED,RESOLVED
2010-02-18 14:45:40 EST,kpqb38@motorola.com,Resolution,---,FIXED
2010-02-18 15:24:40 EST,wmg040@motorola.com,CC,wmg040@motorola.com,
2010-06-17 15:52:23 EDT,webmaster@eclipse.org,Status,RESOLVED,REOPENED
2010-06-17 15:52:23 EDT,webmaster@eclipse.org,Resolution,FIXED,---
