When, Who, What, Added, Removed
2012-07-19 15:14:36 EDT,akurtakov@gmail.com,CC,akurtakov@gmail.com, dschaefer@qnx.com,
2012-07-19 15:14:36 EDT,akurtakov@gmail.com,Component,cdt-autotools,Autotools
2012-07-19 15:14:36 EDT,akurtakov@gmail.com,Version,8.1.0,1.0
2012-07-19 15:14:36 EDT,akurtakov@gmail.com,Product,CDT,Linux Tools
2012-07-19 15:14:36 EDT,akurtakov@gmail.com,QA Contact,jjohnstn@redhat.com,
2013-05-02 18:31:35 EDT,jjohnstn@redhat.com,Status,RESOLVED,NEW
2013-05-02 18:31:35 EDT,jjohnstn@redhat.com,Resolution,FIXED,---
2013-05-02 18:31:35 EDT,jjohnstn@redhat.com,Target Milestone,8.2,---
