When, Who, What, Added, Removed
2009-09-18 04:43:53 EDT,Szymon.Brandys@pl.ibm.com,Status,ASSIGNED,NEW
2009-09-18 04:43:53 EDT,Szymon.Brandys@pl.ibm.com,CC,Szymon.Brandys@pl.ibm.com,
2009-09-18 04:43:53 EDT,Szymon.Brandys@pl.ibm.com,Assignee,Pawel.Pogorzelski@pl.ibm.com,platform-resources-inbox@eclipse.org
2009-09-18 04:43:53 EDT,Szymon.Brandys@pl.ibm.com,Target Milestone,3.6 M3,---
2009-09-21 07:02:30 EDT,pawel.pogorzelski1@gmail.com,Attachment #147540                Attachment is obsolete,1,0
2009-09-23 09:38:51 EDT,pawel.pogorzelski1@gmail.com,Attachment #147682                Attachment is obsolete,1,0
2009-09-24 05:56:38 EDT,Szymon.Brandys@pl.ibm.com,Status,RESOLVED,ASSIGNED
2009-09-24 05:56:38 EDT,Szymon.Brandys@pl.ibm.com,Resolution,FIXED,---
2009-10-28 05:26:11 EDT,pawel.pogorzelski1@gmail.com,Status,VERIFIED,RESOLVED
