When, Who, What, Added, Removed
2009-09-18 09:40:46 EDT,pavan.ananth@in.ibm.com,CC,sanjesh.nair@in.ibm.com,
2009-09-21 09:38:32 EDT,markus.schorn@windriver.com,Component,cdt-parser,cdt-core
2009-09-21 09:38:32 EDT,markus.schorn@windriver.com,Assignee,cdt-parser-inbox@eclipse.org,cdt-core-inbox@eclipse.org
2009-09-21 09:38:32 EDT,markus.schorn@windriver.com,QA Contact,mkucera@ca.ibm.com,cdtdoug@gmail.com
2009-09-21 11:00:34 EDT,markus.schorn@windriver.com,Attachment #147706                Flags,iplog-,
2009-09-21 11:00:34 EDT,markus.schorn@windriver.com,Status,ASSIGNED,NEW
2009-09-21 11:00:34 EDT,markus.schorn@windriver.com,Assignee,markus.schorn@windriver.com,cdt-parser-inbox@eclipse.org
2009-09-21 11:04:42 EDT,markus.schorn@windriver.com,Target Milestone,6.1,---
2009-09-23 10:03:46 EDT,markus.schorn@windriver.com,Status,RESOLVED,ASSIGNED
2009-09-23 10:03:46 EDT,markus.schorn@windriver.com,Resolution,FIXED,---
2010-01-14 08:05:33 EST,markus.schorn@windriver.com,Target Milestone,7.0,6.1
