When, Who, What, Added, Removed
2009-09-19 08:17:15 EDT,stepper@esc-net.de,CC,stepper@esc-net.de,
2009-09-21 09:03:41 EDT,vroldan@opencanarias.com,CC,stefan.winkler-et@fernuni-hagen.de,
2009-09-21 09:03:41 EDT,vroldan@opencanarias.com,Assignee,vroldan@opencanarias.com,emf.cdo-inbox@eclipse.org
2009-09-21 09:03:51 EDT,vroldan@opencanarias.com,Status,ASSIGNED,NEW
2009-09-21 09:05:50 EDT,vroldan@opencanarias.com,Status,RESOLVED,ASSIGNED
2009-09-21 09:05:50 EDT,vroldan@opencanarias.com,Resolution,FIXED,---
2009-09-28 15:59:03 EDT,stepper@esc-net.de,Target Milestone,SR1,---
2009-09-28 15:59:03 EDT,stepper@esc-net.de,Summary,[DB] BLOB/CLOB stored as "text" in PostgreSQLAdapter leads to corrupted PackageUnit data,[DB] BLOB/CLOB stored as "text" in PostgreSQLAdapter leads to corrupted PackageUnit data [maintenance]
2009-09-28 15:59:03 EDT,stepper@esc-net.de,Flags,galileo+,
2010-06-29 04:19:17 EDT,stepper@esc-net.de,Component,cdo.db,CDO
2010-06-29 04:33:03 EDT,stepper@esc-net.de,Status,CLOSED,RESOLVED
