When, Who, What, Added, Removed
2009-09-18 12:29:28 EDT,stepper@esc-net.de,Assignee,stepper@esc-net.de,emf.cdo-inbox@eclipse.org
2009-11-05 14:16:19 EST,stepper@esc-net.de,Status,ASSIGNED,NEW
2009-11-05 14:16:19 EST,stepper@esc-net.de,QA Contact,stepper@esc-net.de,
2009-11-05 14:16:19 EST,stepper@esc-net.de,Flags,helios+,
2009-11-05 14:35:19 EST,stepper@esc-net.de,Status,RESOLVED,ASSIGNED
2009-11-05 14:35:19 EST,stepper@esc-net.de,CC,aforsell1971@gmail.com,
2009-11-05 14:35:19 EST,stepper@esc-net.de,Resolution,FIXED,---
2010-05-08 05:18:53 EDT,stepper@esc-net.de,Flags,documentation-,
2010-06-29 04:40:41 EDT,stepper@esc-net.de,Status,CLOSED,RESOLVED
2010-06-29 09:21:42 EDT,webmaster@eclipse.org,Component,cdo.core,CDO
