When, Who, What, Added, Removed
2009-09-18 11:24:35 EDT,aclement@pivotal.io,CC,andrew.clement@gmail.com,
2009-09-18 11:24:35 EDT,aclement@pivotal.io,Target Milestone,1.6.6,---
2009-09-18 19:03:25 EDT,aclement@pivotal.io,Flags,iplog+,
2009-09-18 19:05:01 EDT,aclement@pivotal.io,Status,RESOLVED,NEW
2009-09-18 19:05:01 EDT,aclement@pivotal.io,Resolution,FIXED,---
2012-04-03 15:42:56 EDT,aclement@pivotal.io,Attachment #147526                Flags,iplog+,
2012-04-03 15:51:21 EDT,aclement@pivotal.io,Flags,,iplog+
