When, Who, What, Added, Removed
2009-09-21 22:33:50 EDT,zqian@actuate.com,CC,zqian@actuate.com,
2009-09-21 22:33:50 EDT,zqian@actuate.com,Assignee,cchen@actuate.com,Birt-ReportDesigner-inbox@eclipse.org
2009-09-21 22:33:50 EDT,zqian@actuate.com,Target Milestone,2.5.2,---
2009-09-22 02:54:33 EDT,cchen@actuate.com,Status,RESOLVED,NEW
2009-09-22 02:54:33 EDT,cchen@actuate.com,Resolution,FIXED,---
2009-09-22 22:26:51 EDT,bluesoldier@gmail.com,QA Contact,mindan.xu@actuate.com,
2009-09-28 02:47:50 EDT,mindan.xu@actuate.com,Status,VERIFIED,RESOLVED
2009-09-28 02:47:50 EDT,mindan.xu@actuate.com,Whiteboard,Non-Auto,
