When, Who, What, Added, Removed
2009-09-18 15:48:59 EDT,remy.suen@gmail.com,CC,remysuen@ca.ibm.com,
2009-10-06 11:26:03 EDT,denis.roy@eclipse.org,CC,webmaster@eclipse.org,
2009-10-06 11:26:03 EDT,denis.roy@eclipse.org,Component,Forums and Newsgroups,Website
2009-10-06 11:26:03 EDT,denis.roy@eclipse.org,Assignee,forums-inbox@eclipse.org,phoenix.ui-inbox@eclipse.org
2009-10-06 11:26:03 EDT,denis.roy@eclipse.org,Summary,nntp posts containing umlauts are not imported properly,[Forums] nntp posts containing umlauts are not imported properly
2009-10-15 11:17:54 EDT,denis.roy@eclipse.org,CC,grant_gayed@ca.ibm.com,
2009-10-15 11:18:21 EDT,denis.roy@eclipse.org,Summary,nntp posts containing umlauts/accented/extended characters are not imported properly,nntp posts containing umlauts are not imported properly
2011-05-09 16:13:25 EDT,denis.roy@eclipse.org,Status,RESOLVED,NEW
2011-05-09 16:13:25 EDT,denis.roy@eclipse.org,Resolution,FIXED,---
