When, Who, What, Added, Removed
2009-09-18 12:39:02 EDT,stepper@esc-net.de,Assignee,stepper@esc-net.de,emf.cdo-inbox@eclipse.org
2009-09-18 12:39:49 EDT,stepper@esc-net.de,CC,aforsell1971@gmail.com,
2009-09-18 12:40:38 EDT,stepper@esc-net.de,Status,RESOLVED,NEW
2009-09-18 12:40:38 EDT,stepper@esc-net.de,Resolution,FIXED,---
2009-09-28 16:00:12 EDT,stepper@esc-net.de,Target Milestone,SR1,---
2009-09-28 16:00:12 EDT,stepper@esc-net.de,Summary,Emit CDOView events after all adapters have been notified,Emit CDOView events after all adapters have been notified [maintenance]
2009-09-28 16:00:12 EDT,stepper@esc-net.de,Flags,galileo+,
2009-09-28 16:26:20 EDT,stepper@esc-net.de,Whiteboard,Power to the People,
2010-06-29 04:32:52 EDT,stepper@esc-net.de,Status,CLOSED,RESOLVED
2010-06-29 09:20:58 EDT,webmaster@eclipse.org,Component,cdo.core,CDO
