When, Who, What, Added, Removed
2009-09-18 14:41:57 EDT,Olivier_Thomann@ca.ibm.com,CC,Olivier_Thomann@ca.ibm.com,
2009-09-18 14:41:57 EDT,Olivier_Thomann@ca.ibm.com,Assignee,Olivier_Thomann@ca.ibm.com,jdt-core-inbox@eclipse.org
2009-09-18 14:41:57 EDT,Olivier_Thomann@ca.ibm.com,Summary,[DOM/AST] Error in JDT Core during AST creation,Error in JDT Core during AST creation
2009-09-18 14:54:06 EDT,phil.hunt@oracle.com,Summary,Error in JDT Core during AST creation,[DOM/AST] Error in JDT Core during AST creation
2009-09-18 15:00:06 EDT,Olivier_Thomann@ca.ibm.com,Target Milestone,3.6 M3,---
2009-09-18 15:04:05 EDT,phil.hunt@oracle.com,CC,phil.hunt@oracle.com,
2009-09-18 15:41:20 EDT,Olivier_Thomann@ca.ibm.com,Assignee,kent_johnson@ca.ibm.com,Olivier_Thomann@ca.ibm.com
2009-09-18 15:41:20 EDT,Olivier_Thomann@ca.ibm.com,Summary,[compiler] NPE during binaryTypeBinding field initialization,Error in JDT Core during AST creation
2009-09-21 12:46:40 EDT,Olivier_Thomann@ca.ibm.com,Assignee,Olivier_Thomann@ca.ibm.com,kent_johnson@ca.ibm.com
2009-09-21 19:34:57 EDT,Olivier_Thomann@ca.ibm.com,Attachment #147615                Attachment is obsolete,1,0
2009-09-21 19:35:38 EDT,Olivier_Thomann@ca.ibm.com,Target Milestone,3.5.2,3.6 M3
2009-09-21 19:35:38 EDT,Olivier_Thomann@ca.ibm.com,Whiteboard,To be verified for 3.6M3,
2009-09-21 20:09:33 EDT,Olivier_Thomann@ca.ibm.com,Status,RESOLVED,NEW
2009-09-21 20:09:33 EDT,Olivier_Thomann@ca.ibm.com,Resolution,FIXED,---
2009-10-27 07:33:17 EDT,amj87.iitr@gmail.com,CC,ayushman_jain@in.ibm.com,
2009-10-27 07:38:15 EDT,frederic_fusier@fr.ibm.com,Whiteboard,,To be verified for 3.6M3
2010-01-21 05:49:52 EST,jarthana@in.ibm.com,CC,jarthana@in.ibm.com, srikanth_sankaran@in.ibm.com,
2010-01-21 05:56:14 EST,srikanth_sankaran@in.ibm.com,Status,VERIFIED,RESOLVED
