When, Who, What, Added, Removed
2009-09-18 13:20:46 EDT,kim.moir@gmail.com,Assignee,kmoir@ca.ibm.com,platform-releng-inbox@eclipse.org
2009-09-18 13:41:02 EDT,pascal@rapicorp.com,CC,pascal_rapicault@ca.ibm.com,
2009-09-18 14:05:38 EDT,Michael_Rennie@ca.ibm.com,CC,Michael_Rennie@ca.ibm.com,
2009-09-18 14:57:29 EDT,Olivier_Thomann@ca.ibm.com,CC,Olivier_Thomann@ca.ibm.com,
2009-09-18 15:04:33 EDT,darin.eclipse@gmail.com,CC,Darin_Wright@ca.ibm.com,
2009-09-18 17:07:44 EDT,bokowski@google.com,CC,Boris_Bokowski@ca.ibm.com,
2009-09-19 14:24:52 EDT,eclipse@cafewalter.com,CC,eclipse@cafewalter.com,
2009-09-21 03:15:55 EDT,daniel_megert@ch.ibm.com,CC,daniel_megert@ch.ibm.com,
2009-09-21 06:18:34 EDT,Szymon.Brandys@pl.ibm.com,CC,Szymon.Brandys@pl.ibm.com,
2009-09-21 13:00:28 EDT,cgold@us.ibm.com,CC,cgold@us.ibm.com,
2009-09-21 16:14:02 EDT,jasonab@acm.org,CC,jasonab@acm.org,
2009-09-22 11:27:08 EDT,john_arthorne@ca.ibm.com,CC,john_arthorne@ca.ibm.com,
2009-09-22 11:31:19 EDT,aniefer@ca.ibm.com,CC,aniefer@ca.ibm.com,
2009-09-22 11:41:43 EDT,tjwatson@us.ibm.com,CC,tjwatson@us.ibm.com,
2009-09-22 15:59:10 EDT,kim.moir@gmail.com,Status,RESOLVED,NEW
2009-09-22 15:59:10 EDT,kim.moir@gmail.com,Resolution,FIXED,---
2009-09-22 15:59:10 EDT,kim.moir@gmail.com,Target Milestone,3.5.1,---
2009-09-23 00:00:22 EDT,eclipse@cafewalter.com,Status,REOPENED,RESOLVED
2009-09-23 00:00:22 EDT,eclipse@cafewalter.com,Resolution,---,FIXED
2009-09-23 11:32:38 EDT,daniel_megert@ch.ibm.com,Status,RESOLVED,REOPENED
2009-09-23 11:32:38 EDT,daniel_megert@ch.ibm.com,Resolution,FIXED,---
