When, Who, What, Added, Removed
2009-09-18 15:52:26 EDT,dmcknigh@ca.ibm.com,Assignee,dmcknigh@ca.ibm.com,dsdp.tm.rse-inbox@eclipse.org
2009-09-18 15:54:08 EDT,dmcknigh@ca.ibm.com,Blocks,289905,
2009-09-18 15:56:43 EDT,dmcknigh@ca.ibm.com,Status,RESOLVED,NEW
2009-09-18 15:56:43 EDT,dmcknigh@ca.ibm.com,Resolution,FIXED,---
2009-09-18 15:56:43 EDT,dmcknigh@ca.ibm.com,Target Milestone,3.1.1,---
2009-09-21 06:18:56 EDT,martin.oberhuber@windriver.com,Target Milestone,3.2,3.1.1
2010-03-15 17:04:48 EDT,martin.oberhuber@windriver.com,Target Milestone,3.2 M6,3.2
