When, Who, What, Added, Removed
2009-09-18 11:40:56 EDT,ekke@ekkes-corner.org,CC,ekke@ekkes-corner.org,
2009-09-18 11:48:42 EDT,cocoakevin@gmail.com,CC,krbarnes@ca.ibm.com,
2009-10-13 13:55:01 EDT,gheorghe@ca.ibm.com,Assignee,swt-triaged@eclipse.org,platform-swt-inbox@eclipse.org
2009-10-13 13:55:01 EDT,gheorghe@ca.ibm.com,Summary,[Widgets] Properties View properties label disappears when selected,Properties View properties label disappears when selected
2009-10-13 13:55:01 EDT,gheorghe@ca.ibm.com,QA Contact,krbarnes@ca.ibm.com,
2009-12-10 09:47:35 EST,lshanmug@in.ibm.com,CC,lshanmug@in.ibm.com,
2010-01-08 09:10:36 EST,lshanmug@in.ibm.com,CC,g.watson@computer.org,
2010-03-07 12:23:37 EST,h1055071@rppkn.com,CC,p.beauvoir@dadabeatnik.com,
2010-04-07 07:17:16 EDT,lshanmug@in.ibm.com,CC,Silenio_Quarti@ca.ibm.com,
2010-04-07 07:17:16 EDT,lshanmug@in.ibm.com,QA Contact,s.kovatch@us.ibm.com,cocoakevin@gmail.com
2010-04-07 07:24:53 EDT,lshanmug@in.ibm.com,Summary,[10.6][Widgets] Properties View properties label disappears when selected,[Widgets] Properties View properties label disappears when selected
2010-08-17 08:10:30 EDT,lshanmug@in.ibm.com,Assignee,lshanmug@in.ibm.com,swt-triaged@eclipse.org
2010-09-07 09:10:13 EDT,lshanmug@in.ibm.com,Attachment #176779                Attachment is obsolete,1,0
2010-09-07 09:22:14 EDT,lshanmug@in.ibm.com,Attachment #176778                Attachment is obsolete,1,0
2010-09-09 02:30:51 EDT,lshanmug@in.ibm.com,Attachment #178318                Attachment is obsolete,1,0
2010-09-10 05:13:04 EDT,lshanmug@in.ibm.com,Status,RESOLVED,NEW
2010-09-10 05:13:04 EDT,lshanmug@in.ibm.com,Resolution,FIXED,---
2010-09-10 05:13:04 EDT,lshanmug@in.ibm.com,Target Milestone,3.7 M2,---
