When, Who, What, Added, Removed
2009-09-18 09:51:06 EDT,stefan@winklerweb.net,Status,ASSIGNED,NEW
2009-09-18 09:51:06 EDT,stefan@winklerweb.net,CC,stepper@esc-net.de, vroldan@opencanarias.com,
2009-09-18 09:51:06 EDT,stefan@winklerweb.net,Hardware,All,PC
2009-09-18 09:51:06 EDT,stefan@winklerweb.net,Version,3.0,unspecified
2009-09-18 09:51:06 EDT,stefan@winklerweb.net,Blocks,289052,
2009-09-18 09:51:06 EDT,stefan@winklerweb.net,Assignee,stefan.winkler-et@fernuni-hagen.de,emf.cdo-inbox@eclipse.org
2009-09-18 09:51:06 EDT,stefan@winklerweb.net,OS,All,Windows XP
2009-09-21 07:20:05 EDT,vroldan@opencanarias.com,Flags,review?(stepper@esc-net.de),
2009-09-21 09:22:55 EDT,stepper@esc-net.de,Flags,review+,review?(stepper@esc-net.de)
2009-09-21 09:26:50 EDT,stefan@winklerweb.net,Status,RESOLVED,ASSIGNED
2009-09-21 09:26:50 EDT,stefan@winklerweb.net,Resolution,FIXED,---
2009-09-22 04:00:59 EDT,stepper@esc-net.de,Status,REOPENED,RESOLVED
2009-09-22 04:00:59 EDT,stepper@esc-net.de,Resolution,---,FIXED
2009-09-22 06:09:09 EDT,vroldan@opencanarias.com,Status,RESOLVED,REOPENED
2009-09-22 06:09:09 EDT,vroldan@opencanarias.com,Resolution,FIXED,---
2009-09-28 16:02:04 EDT,stepper@esc-net.de,Target Milestone,M1,---
2009-09-28 16:20:58 EDT,stepper@esc-net.de,Flags,helios+,
2010-06-29 04:19:01 EDT,stepper@esc-net.de,Component,cdo.db,CDO
2010-06-29 04:35:43 EDT,stepper@esc-net.de,Status,CLOSED,RESOLVED
