When, Who, What, Added, Removed
2009-10-06 11:25:40 EDT,denis.roy@eclipse.org,CC,webmaster@eclipse.org,
2009-10-06 11:25:40 EDT,denis.roy@eclipse.org,Component,Forums and Newsgroups,Website
2009-10-06 11:25:40 EDT,denis.roy@eclipse.org,Assignee,forums-inbox@eclipse.org,phoenix.ui-inbox@eclipse.org
2009-10-06 11:25:40 EDT,denis.roy@eclipse.org,Summary,Some binary attachments in nntp are not imported properly,[Forums] Some binary attachments in nntp are not imported properly
2010-07-14 13:00:37 EDT,KetanPadegaonkar@gmail.com,CC,KetanPadegaonkar@gmail.com,
2011-05-09 16:12:51 EDT,denis.roy@eclipse.org,Status,RESOLVED,NEW
2011-05-09 16:12:51 EDT,denis.roy@eclipse.org,Resolution,FIXED,---
