When, Who, What, Added, Removed
2009-09-18 09:57:55 EDT,stefan@winklerweb.net,Blocks,289358,
2009-09-21 09:37:04 EDT,vroldan@opencanarias.com,CC,stefan.winkler-et@fernuni-hagen.de,
2009-09-21 09:37:04 EDT,vroldan@opencanarias.com,Assignee,vroldan@opencanarias.com,stefan.winkler-et@fernuni-hagen.de
2009-09-21 09:37:18 EDT,vroldan@opencanarias.com,Status,ASSIGNED,NEW
2009-09-21 09:37:57 EDT,vroldan@opencanarias.com,Status,RESOLVED,ASSIGNED
2009-09-21 09:37:57 EDT,vroldan@opencanarias.com,Resolution,FIXED,---
2009-09-28 15:59:34 EDT,stepper@esc-net.de,Target Milestone,SR1,---
2009-09-28 15:59:34 EDT,stepper@esc-net.de,Summary,[DB] PostgreSQL does not know type DOUBLE,[DB] PostgreSQL does not know type DOUBLE [maintenance]
2009-09-28 15:59:34 EDT,stepper@esc-net.de,Flags,galileo+,
2010-06-29 04:18:58 EDT,stepper@esc-net.de,Component,cdo.db,CDO
2010-06-29 04:32:44 EDT,stepper@esc-net.de,Status,CLOSED,RESOLVED
