When, Who, What, Added, Removed
2009-09-18 13:28:12 EDT,frp743@motorola.com,Status,ASSIGNED,NEW
2009-09-18 13:28:12 EDT,frp743@motorola.com,CC,frp743@motorola.com,
2009-09-18 13:28:12 EDT,frp743@motorola.com,Assignee,frp743@motorola.com,api.tml-inbox@eclipse.org
2009-09-18 14:05:56 EDT,frp743@motorola.com,Status,RESOLVED,ASSIGNED
2009-09-18 14:05:56 EDT,frp743@motorola.com,Resolution,FIXED,---
2009-11-17 13:31:39 EST,kpqb38@motorola.com,CC,kpqb38@motorola.com,
2009-11-17 13:31:39 EST,kpqb38@motorola.com,Target Milestone,0.4,---
