When, Who, What, Added, Removed
2009-09-22 01:32:36 EDT,Sergey.Petrov@Oracle.Com,CC,SergeyExt@yandex.ru,
2009-09-23 13:42:14 EDT,gordon.yorke@oracle.com,Status,RESOLVED,NEW
2009-09-23 13:42:14 EDT,gordon.yorke@oracle.com,CC,eclipselink.orm-inbox@eclipse.org, gordon.yorke@oracle.com,
2009-09-23 13:42:14 EDT,gordon.yorke@oracle.com,Resolution,FIXED,---
2009-09-23 13:42:14 EDT,gordon.yorke@oracle.com,Assignee,gordon.yorke@oracle.com,eclipselink.orm-inbox@eclipse.org
2009-09-23 13:42:14 EDT,gordon.yorke@oracle.com,Target Milestone,2.0,---
