When, Who, What, Added, Removed
2009-09-18 12:44:18 EDT,stepper@esc-net.de,Assignee,stepper@esc-net.de,emf.cdo-inbox@eclipse.org
2009-11-05 13:24:22 EST,stepper@esc-net.de,Status,ASSIGNED,NEW
2009-11-05 13:24:22 EST,stepper@esc-net.de,QA Contact,stepper@esc-net.de,
2009-11-05 13:24:22 EST,stepper@esc-net.de,Flags,helios+,
2009-11-05 13:43:04 EST,stepper@esc-net.de,Status,RESOLVED,ASSIGNED
2009-11-05 13:43:04 EST,stepper@esc-net.de,Resolution,FIXED,---
2010-05-08 03:55:35 EDT,stepper@esc-net.de,Flags,documentation+,
2010-06-29 04:40:26 EDT,stepper@esc-net.de,Status,CLOSED,RESOLVED
2010-06-29 09:21:38 EDT,webmaster@eclipse.org,Component,cdo.core,CDO
