When, Who, What, Added, Removed
2009-09-21 12:20:37 EDT,kchong@ca.ibm.com,Assignee,mahutch@ca.ibm.com,jst.ws-inbox@eclipse.org
2009-09-21 12:20:58 EDT,kchong@ca.ibm.com,Target Milestone,3.2 M2,---
2009-09-21 12:49:38 EDT,kchong@ca.ibm.com,Attachment #147505                Flags,iplog+,
2009-09-21 14:34:40 EDT,mahutch@ca.ibm.com,Status,RESOLVED,NEW
2009-09-21 14:34:40 EDT,mahutch@ca.ibm.com,Resolution,FIXED,---
2010-09-14 17:04:20 EDT,mahutch@ca.ibm.com,Status,CLOSED,RESOLVED
2010-10-25 16:16:24 EDT,mahutch@ca.ibm.com,Blocks,328652,
