When, Who, What, Added, Removed
2010-02-10 01:16:47 EST,elias@eclipsesource.com,Summary,UIProcess: Progress-visualization in statusbar does not stop on ProgressMonitor.done(),Progress-visualization in statusbar does not stop on ProgressMonitor.done()
2010-02-26 09:02:14 EST,heiko.barth@compeople.de,Status,ASSIGNED,NEW
2010-02-26 09:02:14 EST,heiko.barth@compeople.de,Assignee,heiko.barth@compeople.de,riena.ui-inbox@eclipse.org
2010-02-26 09:03:47 EST,heiko.barth@compeople.de,Status,RESOLVED,ASSIGNED
2010-02-26 09:03:47 EST,heiko.barth@compeople.de,Resolution,FIXED,---
2010-02-26 09:37:20 EST,heiko.barth@compeople.de,Target Milestone,2.0.0.M6,---
