When, Who, What, Added, Removed
2009-09-18 08:29:39 EDT,itewksbu@us.ibm.com,CC,say_aa@inbox.ru,
2009-09-18 08:30:01 EDT,itewksbu@us.ibm.com,Severity,enhancement,normal
2009-09-18 08:33:05 EDT,itewksbu@us.ibm.com,Summary,[folding] Upgrades for new comment folding to act more like JDT,Upgrades for new comment folding to act more like JDT
2009-09-21 09:59:21 EDT,itewksbu@us.ibm.com,Blocks,290013,
2009-09-21 11:01:27 EDT,nsandona@us.ibm.com,Assignee,itewksbu@us.ibm.com,wst.sse-inbox@eclipse.org
2009-09-22 09:06:29 EDT,itewksbu@us.ibm.com,Attachment #147692                Attachment description,Enhancement Patch,Enhancment Patch
2009-09-22 14:12:47 EDT,itewksbu@us.ibm.com,Attachment #147692                Attachment is obsolete,1,0
2009-09-22 14:13:43 EDT,itewksbu@us.ibm.com,Status,ASSIGNED,NEW
2009-09-22 14:13:43 EDT,itewksbu@us.ibm.com,Flags,review?(nsandona@us.ibm.com),
2009-09-23 15:20:47 EDT,itewksbu@us.ibm.com,Attachment #147816                Attachment is obsolete,1,0
2009-09-28 09:51:33 EDT,itewksbu@us.ibm.com,Summary,[projection] Upgrades for new comment folding to act more like JDT,[folding] Upgrades for new comment folding to act more like JDT
2009-10-01 10:52:05 EDT,itewksbu@us.ibm.com,Attachment #147927                Attachment is obsolete,1,0
2009-10-01 11:21:49 EDT,itewksbu@us.ibm.com,Attachment #148536                Attachment is obsolete,1,0
2009-10-01 11:25:22 EDT,itewksbu@us.ibm.com,Blocks,291051,
2009-10-01 11:57:33 EDT,itewksbu@us.ibm.com,Blocks,291058,
2009-10-01 13:09:18 EDT,itewksbu@us.ibm.com,Attachment #148541                Attachment is obsolete,1,0
2009-10-01 13:22:18 EDT,itewksbu@us.ibm.com,Attachment #148550                Attachment is obsolete,1,0
2009-10-01 13:51:58 EDT,itewksbu@us.ibm.com,Attachment #148552                Attachment is obsolete,1,0
2009-10-20 10:50:41 EDT,nsandona@us.ibm.com,CC,nsandona@us.ibm.com,
2009-10-20 10:50:41 EDT,nsandona@us.ibm.com,Flags,review-,review?(nsandona@us.ibm.com)
2009-10-21 11:52:07 EDT,itewksbu@us.ibm.com,Blocks,292915,
2009-10-21 11:56:15 EDT,itewksbu@us.ibm.com,Attachment #148559                Attachment is obsolete,1,0
2009-10-21 13:06:47 EDT,itewksbu@us.ibm.com,Flags,review?(nsandona@us.ibm.com),
2009-10-21 17:36:14 EDT,nsandona@us.ibm.com,Status,RESOLVED,ASSIGNED
2009-10-21 17:36:14 EDT,nsandona@us.ibm.com,Resolution,FIXED,---
2009-10-21 17:36:14 EDT,nsandona@us.ibm.com,Target Milestone,3.2 M3,---
2009-10-21 17:36:14 EDT,nsandona@us.ibm.com,Flags,review+,review-, review?(nsandona@us.ibm.com)
2009-10-21 17:36:29 EDT,nsandona@us.ibm.com,Attachment #150130                Flags,iplog+,
2010-01-13 17:09:38 EST,itewksbu@us.ibm.com,Status,CLOSED,RESOLVED
