When, Who, What, Added, Removed
2009-09-18 11:18:27 EDT,john_arthorne@ca.ibm.com,Component,Articles,Website
2009-09-18 11:18:27 EDT,john_arthorne@ca.ibm.com,Version,unspecified,3.6
2009-09-18 11:18:27 EDT,john_arthorne@ca.ibm.com,Assignee,community.articles-inbox@eclipse.org,platform-doc-inbox@eclipse.org
2009-09-18 11:18:27 EDT,john_arthorne@ca.ibm.com,Product,Community,Platform
2009-09-18 13:38:38 EDT,wayne@eclipse.org,Status,RESOLVED,NEW
2009-09-18 13:38:38 EDT,wayne@eclipse.org,CC,wayne@eclipse.org,
2009-09-18 13:38:38 EDT,wayne@eclipse.org,Resolution,FIXED,---
