When, Who, What, Added, Removed
2009-10-01 14:50:20 EDT,milesparker@gmail.com,Priority,P1,P3
2009-10-01 14:50:20 EDT,milesparker@gmail.com,Version,0.5.0,unspecified
2009-10-01 14:50:20 EDT,milesparker@gmail.com,Summary,Better mechanism for defining actions in tree editor.,Higher-level Selection nodes.
2010-03-30 18:08:21 EDT,milesparker@gmail.com,Blocks,307308,
2010-03-30 18:09:18 EDT,milesparker@gmail.com,Version,0.7.0,0.5.0
2010-03-30 18:09:47 EDT,milesparker@gmail.com,Depends on,295002,
2010-05-29 19:23:35 EDT,milesparker@gmail.com,Status,RESOLVED,NEW
2010-05-29 19:23:35 EDT,milesparker@gmail.com,Resolution,FIXED,---
