When, Who, What, Added, Removed
2009-09-22 01:54:23 EDT,bluesoldier@gmail.com,CC,xgu@actuate.com,
2009-09-22 01:54:23 EDT,bluesoldier@gmail.com,Component,Report Engine,Build
2009-09-22 01:54:23 EDT,bluesoldier@gmail.com,Assignee,Birt-ReportEngine-inbox@eclipse.org,Birt-Build-inbox@eclipse.org
2009-09-22 22:54:43 EDT,wyan@actuate.com,CC,wyan@actuate.com,
2009-09-22 22:54:43 EDT,wyan@actuate.com,Component,Data,Report Engine
2009-09-22 22:54:43 EDT,wyan@actuate.com,Assignee,Birt-Data-inbox@eclipse.org,Birt-ReportEngine-inbox@eclipse.org
2009-09-23 04:02:22 EDT,lzhu@actuate.com,CC,lzhu@actuate.com,
2009-09-23 04:02:22 EDT,lzhu@actuate.com,Assignee,wtu@actuate.com,Birt-Data-inbox@eclipse.org
2009-09-23 04:02:22 EDT,lzhu@actuate.com,Target Milestone,2.6.0,---
2009-10-26 10:48:47 EDT,dani@zubinet.org,CC,dani@zubinet.org,
2010-05-11 10:15:46 EDT,mwu@actuate.com,Status,ASSIGNED,NEW
2010-05-11 10:15:46 EDT,mwu@actuate.com,CC,mwu@actuate.com,
2010-05-11 10:15:46 EDT,mwu@actuate.com,Target Milestone,2.6.0 RC2,2.6.0
2010-05-13 04:51:16 EDT,mwu@actuate.com,Priority,P5,P3
2010-05-13 04:51:16 EDT,mwu@actuate.com,Target Milestone,2.6.0,2.6.0 RC2
2010-05-13 14:25:00 EDT,wenfeng.fwd@gmail.com,Priority,P3,P5
2010-05-13 14:25:00 EDT,wenfeng.fwd@gmail.com,CC,wli@actuate.com,
2010-05-13 14:25:00 EDT,wenfeng.fwd@gmail.com,Target Milestone,2.6.1,2.6.0
2010-07-21 03:58:14 EDT,bluesoldier@gmail.com,QA Contact,xgu@actuate.com,
2010-08-11 23:04:41 EDT,wtu@actuate.com,Status,RESOLVED,ASSIGNED
2010-08-11 23:04:41 EDT,wtu@actuate.com,Resolution,FIXED,---
2010-08-12 04:12:52 EDT,bluesoldier@gmail.com,Whiteboard,Obsolete,
2010-08-17 05:15:52 EDT,bluesoldier@gmail.com,Status,VERIFIED,RESOLVED
