When, Who, What, Added, Removed
2009-09-21 07:21:02 EDT,Szymon.Brandys@pl.ibm.com,Status,ASSIGNED,NEW
2009-09-21 07:21:02 EDT,Szymon.Brandys@pl.ibm.com,Target Milestone,3.6 M3,---
2009-09-21 08:24:06 EDT,Szymon.Brandys@pl.ibm.com,Depends on,45805,
2009-09-21 09:07:03 EDT,daniel_megert@ch.ibm.com,CC,daniel_megert@ch.ibm.com,
2009-09-21 11:57:28 EDT,Szymon.Brandys@pl.ibm.com,Attachment #147686                Attachment is obsolete,1,0
2009-09-22 02:27:58 EDT,daniel_megert@ch.ibm.com,CC,markus_keller@ch.ibm.com,
2009-09-22 02:27:58 EDT,daniel_megert@ch.ibm.com,Flags,review?(markus_keller@ch.ibm.com),
2009-10-02 12:06:20 EDT,markus_keller@ch.ibm.com,Status,RESOLVED,ASSIGNED
2009-10-02 12:06:20 EDT,markus_keller@ch.ibm.com,Resolution,FIXED,---
2009-10-02 12:06:20 EDT,markus_keller@ch.ibm.com,Assignee,markus_keller@ch.ibm.com,Szymon.Brandys@pl.ibm.com
2009-10-02 12:06:20 EDT,markus_keller@ch.ibm.com,Flags,review-,review?(markus_keller@ch.ibm.com)
