When, Who, What, Added, Removed
2009-09-21 07:19:40 EDT,karel.brezina@gmail.com,CC,miles.daffin@morganstanley.com,
2009-09-21 07:20:24 EDT,karel.brezina@gmail.com,Assignee,karel.brezina@cloudsmith.com,buckminster.core-inbox@eclipse.org
2009-09-22 06:57:27 EDT,karel.brezina@gmail.com,Status,ASSIGNED,NEW
2009-09-22 08:44:03 EDT,karel.brezina@gmail.com,CC,thomas@tada.se,
2009-09-22 08:44:33 EDT,karel.brezina@gmail.com,CC,filip.hrbek@cloudsmith.com,
2009-09-25 12:25:06 EDT,karel.brezina@gmail.com,Status,RESOLVED,ASSIGNED
2009-09-25 12:25:06 EDT,karel.brezina@gmail.com,Resolution,FIXED,---
