When, Who, What, Added, Removed
2009-09-22 10:35:51 EDT,darin.eclipse@gmail.com,Status,ASSIGNED,NEW
2009-09-22 10:35:51 EDT,darin.eclipse@gmail.com,Assignee,Michael_Rennie@ca.ibm.com,pde-apitools-inbox@eclipse.org
2009-09-22 10:35:51 EDT,darin.eclipse@gmail.com,Target Milestone,3.6 M3,---
2009-10-02 14:08:33 EDT,Michael_Rennie@ca.ibm.com,Blocks,291081,
2009-10-02 14:09:37 EDT,Michael_Rennie@ca.ibm.com,Status,RESOLVED,ASSIGNED
2009-10-02 14:09:37 EDT,Michael_Rennie@ca.ibm.com,Hardware,All,PC
2009-10-02 14:09:37 EDT,Michael_Rennie@ca.ibm.com,Resolution,FIXED,---
2009-10-02 14:09:37 EDT,Michael_Rennie@ca.ibm.com,OS,All,Windows XP
2009-10-02 14:09:37 EDT,Michael_Rennie@ca.ibm.com,Flags,review?(Darin_Wright@ca.ibm.com), review?(pascal_rapicault@ca.ibm.com),
2009-10-02 14:13:15 EDT,Michael_Rennie@ca.ibm.com,Blocks,291082,
2009-10-05 14:23:26 EDT,darin.eclipse@gmail.com,Flags,review+,review?(Darin_Wright@ca.ibm.com)
2009-10-07 21:14:56 EDT,pascal@rapicorp.com,Flags,review+,review?(pascal_rapicault@ca.ibm.com)
2009-10-07 21:56:32 EDT,darin.eclipse@gmail.com,Status,VERIFIED,RESOLVED
2010-01-20 14:35:06 EST,Michael_Rennie@ca.ibm.com,Depends on,288557,
