When, Who, What, Added, Removed
2009-09-19 01:59:32 EDT,ankur_sharma@in.ibm.com,See Also,https://bugs.eclipse.org/bugs/show_bug.cgi?id=286203,
2009-09-19 01:59:32 EDT,ankur_sharma@in.ibm.com,Assignee,ankur_sharma@in.ibm.com,pde-ui-inbox@eclipse.org
2009-09-19 01:59:32 EDT,ankur_sharma@in.ibm.com,Target Milestone,3.6 M3,---
2009-09-27 02:27:28 EDT,ankur_sharma@in.ibm.com,Status,RESOLVED,NEW
2009-09-27 02:27:28 EDT,ankur_sharma@in.ibm.com,Resolution,FIXED,---
2009-10-27 14:47:07 EDT,cwindatt@ca.ibm.com,Status,VERIFIED,RESOLVED
2009-10-27 14:47:07 EDT,cwindatt@ca.ibm.com,CC,cwindatt@ca.ibm.com,
