When, Who, What, Added, Removed
2009-09-20 13:23:07 EDT,david_williams@us.ibm.com,CC,ryan.d.brooks@boeing.com,
2009-09-22 01:35:44 EDT,bluesoldier@gmail.com,CC,wli@actuate.com, xgu@actuate.com,
2009-09-23 21:22:03 EDT,bluesoldier@gmail.com,Assignee,xgu@actuate.com,Birt-Build-inbox@eclipse.org
2009-09-23 21:22:03 EDT,bluesoldier@gmail.com,Target Milestone,2.5.2,---
2010-01-15 03:03:13 EST,bluesoldier@gmail.com,Target Milestone,2.6.0,2.5.2
2010-01-31 23:39:35 EST,bluesoldier@gmail.com,Depends on,301377,
2010-03-08 22:20:53 EST,bluesoldier@gmail.com,Depends on,305092,
2010-04-25 23:35:08 EDT,bluesoldier@gmail.com,CC,yChen@actuate.com,
2010-04-25 23:45:47 EDT,yChen@actuate.com,Status,RESOLVED,NEW
2010-04-25 23:45:47 EDT,yChen@actuate.com,Resolution,FIXED,---
2010-04-26 21:53:19 EDT,bluesoldier@gmail.com,Status,REOPENED,RESOLVED
2010-04-26 21:53:19 EDT,bluesoldier@gmail.com,Resolution,---,FIXED
2010-04-29 05:28:06 EDT,bluesoldier@gmail.com,Target Milestone,2.6.0 M7,2.6.0
2010-04-29 05:50:18 EDT,bluesoldier@gmail.com,Status,RESOLVED,REOPENED
2010-04-29 05:50:18 EDT,bluesoldier@gmail.com,Resolution,FIXED,---
2010-06-24 04:40:36 EDT,bluesoldier@gmail.com,Whiteboard,Obsolete,
