When, Who, What, Added, Removed
2009-09-18 18:04:49 EDT,neil.hauge@oracle.com,CC,neil.hauge@oracle.com,
2009-09-18 18:04:49 EDT,neil.hauge@oracle.com,Assignee,danny.ju@oracle.com,dali.general-inbox@eclipse.org
2009-09-22 16:59:27 EDT,neil.hauge@oracle.com,Target Milestone,3.1,---
2010-01-21 13:05:33 EST,neil.hauge@oracle.com,Target Milestone,2.3,3.1
2010-02-26 17:08:08 EST,danny.ju@oracle.com,Assignee,neil.hauge@oracle.com,danny.ju@oracle.com
2010-03-01 13:48:24 EST,neil.hauge@oracle.com,Attachment #160379                Flags,iplog+,
2010-03-01 13:48:51 EST,neil.hauge@oracle.com,Status,RESOLVED,NEW
2010-03-01 13:48:51 EST,neil.hauge@oracle.com,Resolution,FIXED,---
2010-03-01 13:49:01 EST,neil.hauge@oracle.com,Target Milestone,2.3 M6,2.3
