When, Who, What, Added, Removed
2009-09-18 18:27:55 EDT,michael.f.obrien@eclipselink.org,Priority,P1,P3
2009-09-18 18:27:55 EDT,michael.f.obrien@eclipselink.org,URL,http://fisheye2.atlassian.com/changelog/eclipselink/?cs=5185,
2009-09-18 18:27:55 EDT,michael.f.obrien@eclipselink.org,CC,mitesh.meswani@sun.com,
2009-09-18 18:27:55 EDT,michael.f.obrien@eclipselink.org,Assignee,michael.obrien@oracle.com,eclipselink.orm-inbox@eclipse.org
2009-09-18 18:27:55 EDT,michael.f.obrien@eclipselink.org,Target Milestone,2.0,---
2009-09-18 18:40:51 EDT,michael.f.obrien@eclipselink.org,Status,ASSIGNED,NEW
2009-09-18 18:40:51 EDT,michael.f.obrien@eclipselink.org,CC,peter.krogh@oracle.com,
2009-09-18 18:45:59 EDT,michael.f.obrien@eclipselink.org,Status,RESOLVED,ASSIGNED
2009-09-18 18:45:59 EDT,michael.f.obrien@eclipselink.org,Resolution,FIXED,---
2009-09-22 11:03:46 EDT,michael.f.obrien@eclipselink.org,Status,CLOSED,RESOLVED
2009-09-22 11:03:46 EDT,michael.f.obrien@eclipselink.org,Summary,[Build]: JPA: Validation API requires build.properties classpath adjustment to compile,JPA: Validation API requires build.properties classpath adjustment to compile
