When, Who, What, Added, Removed
2009-09-21 07:09:20 EDT,andre.dietisheim@gmail.com,CC,dietisheim@puzzle.ch,
2009-09-21 07:12:30 EDT,vroldan@opencanarias.com,CC,vroldan@opencanarias.com,
2009-09-22 07:48:10 EDT,stefan@winklerweb.net,Status,ASSIGNED,NEW
2009-09-22 07:48:10 EDT,stefan@winklerweb.net,Assignee,stefan.winkler-et@fernuni-hagen.de,emf.cdo-inbox@eclipse.org
2009-09-22 09:29:17 EDT,stefan@winklerweb.net,Status,NEW,ASSIGNED
2009-09-22 09:32:53 EDT,stefan@winklerweb.net,Attachment #147775                Attachment is obsolete,1,0
2009-09-24 06:00:44 EDT,stepper@esc-net.de,CC,stepper@esc-net.de,
2009-09-25 11:18:32 EDT,stefan@winklerweb.net,Flags,review?(stepper@esc-net.de),
2009-09-25 11:19:09 EDT,stefan@winklerweb.net,Flags,review?(smcduff@hotmail.com),
2009-10-16 03:08:21 EDT,saulius.tvarijonas@nomagic.com,CC,saulius.tvarijonas@nomagic.com,
2009-10-21 11:45:22 EDT,stepper@esc-net.de,Status,RESOLVED,NEW
2009-10-21 11:45:22 EDT,stepper@esc-net.de,Resolution,FIXED,---
2009-10-21 11:45:22 EDT,stepper@esc-net.de,Target Milestone,M3,---
2009-10-21 11:45:22 EDT,stepper@esc-net.de,QA Contact,stepper@esc-net.de,
2009-10-21 11:45:22 EDT,stepper@esc-net.de,Flags,review+, review+, helios+,review?(stepper@esc-net.de), review?(smcduff@hotmail.com)
2010-05-08 06:06:55 EDT,stepper@esc-net.de,Flags,documentation-,
2010-06-29 04:19:17 EDT,stepper@esc-net.de,Component,cdo.db,CDO
2010-06-29 04:40:40 EDT,stepper@esc-net.de,Status,CLOSED,RESOLVED
