When, Who, What, Added, Removed
2014-01-04 16:08:14 EST,cgerking@campus.upb.de,Status,ASSIGNED,NEW
2014-01-04 16:08:14 EST,cgerking@campus.upb.de,CC,cgerking@campus.upb.de,
2014-01-04 16:08:14 EST,cgerking@campus.upb.de,Assignee,cgerking@campus.upb.de,mmt-qvt.operational-inbox@eclipse.org
2014-01-05 04:49:42 EST,cgerking@campus.upb.de,Attachment #238674                Attachment is obsolete,1,0
2014-01-29 03:42:46 EST,serg.boyko2011@gmail.com,Status,RESOLVED,ASSIGNED
2014-01-29 03:42:46 EST,serg.boyko2011@gmail.com,CC,serg.boyko2011@gmail.com,
2014-01-29 03:42:46 EST,serg.boyko2011@gmail.com,Resolution,FIXED,---
2014-05-23 02:20:45 EDT,serg.boyko2011@gmail.com,Target Milestone,3.4.0,3.0
