When, Who, What, Added, Removed
2009-09-21 12:19:03 EDT,thomas@tada.se,CC,thomas@tada.se,
2009-09-21 12:19:03 EDT,thomas@tada.se,Assignee,thomas@tada.se,buckminster.core-inbox@eclipse.org
2009-09-22 03:14:07 EDT,thomas@tada.se,Status,RESOLVED,NEW
2009-09-22 03:14:07 EDT,thomas@tada.se,Hardware,All,PC
2009-09-22 03:14:07 EDT,thomas@tada.se,Resolution,FIXED,---
2009-09-22 03:14:07 EDT,thomas@tada.se,Assignee,buckminster.core-inbox@eclipse.org,thomas@tada.se
2009-09-22 03:14:07 EDT,thomas@tada.se,OS,All,Windows XP
2009-09-22 03:14:07 EDT,thomas@tada.se,Severity,normal,major
2009-09-23 13:20:18 EDT,miles.daffin@morganstanley.com,Status,REOPENED,RESOLVED
2009-09-23 13:20:18 EDT,miles.daffin@morganstanley.com,Resolution,---,FIXED
2009-09-23 19:14:28 EDT,thomas@tada.se,Status,RESOLVED,REOPENED
2009-09-23 19:14:28 EDT,thomas@tada.se,Resolution,FIXED,---
2010-01-12 06:11:52 EST,miles.daffin@morganstanley.com,Status,CLOSED,RESOLVED
