When, Who, What, Added, Removed
2009-09-20 16:26:41 EDT,caniszczyk@gmail.com,Keywords,noteworthy,
2009-09-20 16:26:41 EDT,caniszczyk@gmail.com,Assignee,zx@eclipsesource.com,pde-ui-inbox@eclipse.org
2009-09-20 16:26:41 EDT,caniszczyk@gmail.com,Severity,enhancement,normal
2009-09-20 16:49:35 EDT,benjamin@eclipse.org,CC,benjamin.cabe@anyware-tech.com,
2009-09-21 10:15:02 EDT,caniszczyk@gmail.com,Status,RESOLVED,NEW
2009-09-21 10:15:02 EDT,caniszczyk@gmail.com,Resolution,FIXED,---
2009-09-21 10:15:02 EDT,caniszczyk@gmail.com,Target Milestone,3.6 M3,---
2009-10-28 13:04:36 EDT,cwindatt@ca.ibm.com,Status,VERIFIED,RESOLVED
2009-10-28 13:04:36 EDT,cwindatt@ca.ibm.com,CC,cwindatt@ca.ibm.com,
