When, Who, What, Added, Removed
2009-09-21 07:08:31 EDT,yevshif@yahoo.com,CC,yevgeny.shifrin@ecitele.com,
2009-09-21 08:28:04 EDT,angvoz.dev@gmail.com,Version,6.0,DD 1.1
2009-09-21 08:28:04 EDT,angvoz.dev@gmail.com,Depends on,198591,
2009-12-03 08:39:08 EST,martin.oberhuber@windriver.com,Depends on,296800,
2010-03-23 10:11:30 EDT,jamesblackburn+eclipse@gmail.com,CC,jamesblackburn+eclipse@gmail.com,
2010-03-23 10:11:30 EDT,jamesblackburn+eclipse@gmail.com,Depends on,305858,
2010-03-23 10:16:40 EDT,jamesblackburn+eclipse@gmail.com,Depends on,306822,
2010-03-23 10:32:09 EDT,jamesblackburn+eclipse@gmail.com,Depends on,306824,
2010-03-24 12:30:25 EDT,jamesblackburn+eclipse@gmail.com,Attachment #162878                Flags,iplog-,
2010-03-25 11:53:04 EDT,jamesblackburn+eclipse@gmail.com,Depends on,307094,
2010-03-25 11:59:22 EDT,jamesblackburn+eclipse@gmail.com,Depends on,307097,
2010-03-25 12:09:02 EDT,jamesblackburn+eclipse@gmail.com,Depends on,307098,
2010-03-25 12:32:19 EDT,jamesblackburn+eclipse@gmail.com,Depends on,,307097
2010-04-20 14:22:23 EDT,overholt@gmail.com,CC,overholt@redhat.com,
2010-04-22 06:09:36 EDT,jamesblackburn+eclipse@gmail.com,Status,ASSIGNED,NEW
2010-04-22 06:09:36 EDT,jamesblackburn+eclipse@gmail.com,Assignee,jamesblackburn+eclipse@gmail.com,cdt-build-inbox@eclipse.org
2010-04-22 06:09:36 EDT,jamesblackburn+eclipse@gmail.com,Target Milestone,7.0,---
2010-04-30 12:07:08 EDT,jamesblackburn+eclipse@gmail.com,Status,RESOLVED,ASSIGNED
2010-04-30 12:07:08 EDT,jamesblackburn+eclipse@gmail.com,Resolution,FIXED,---
2010-04-30 12:10:17 EDT,jamesblackburn+eclipse@gmail.com,Blocks,311205,
2010-05-03 03:53:36 EDT,andre.bossert@siemens.com,CC,andre.bossert@siemens.com,
