When, Who, What, Added, Removed
2009-09-24 09:08:02 EDT,tom.ware@oracle.com,Priority,P2,P3
2009-09-24 09:08:02 EDT,tom.ware@oracle.com,CC,tom.ware@oracle.com,
2009-09-24 09:08:02 EDT,tom.ware@oracle.com,Target Milestone,Future,---
2010-02-04 05:05:25 EST,naderandi@gmail.com,CC,naderandi@gmail.com,
2010-03-08 02:48:37 EST,bht237@gmail.com,CC,bht@actrix.gen.nz,
2010-03-08 03:02:27 EST,mathias.walter@gmx.net,CC,mathias.walter@gmx.net,
2010-03-08 10:33:33 EST,michael.f.obrien@eclipselink.org,Status,ASSIGNED,NEW
2010-03-08 10:33:33 EST,michael.f.obrien@eclipselink.org,CC,michael.obrien@oracle.com,
2010-03-08 10:33:33 EST,michael.f.obrien@eclipselink.org,Assignee,michael.obrien@oracle.com,eclipselink.foundation-inbox@eclipse.org
2010-03-08 10:33:33 EST,michael.f.obrien@eclipselink.org,Target Milestone,2.1,Future
2010-03-08 13:32:06 EST,christopher.delahunt@oracle.com,CC,christopher.delahunt@oracle.com,
2010-03-08 13:32:06 EST,christopher.delahunt@oracle.com,Assignee,christopher.delahunt@oracle.com,michael.obrien@oracle.com
2010-03-16 09:21:49 EDT,christopher.delahunt@oracle.com,Attachment #162054                Attachment is obsolete,1,0
2010-03-16 09:24:07 EDT,christopher.delahunt@oracle.com,Status,RESOLVED,ASSIGNED
2010-03-16 09:24:07 EDT,christopher.delahunt@oracle.com,Resolution,FIXED,---
