When, Who, What, Added, Removed
2009-09-21 06:51:29 EDT,smcduff@hotmail.com,CC,smcduff@hotmail.com,
2009-09-21 07:21:47 EDT,vaisegid@gmail.com,CC,egiva@nomagiclt.com,
2009-09-21 07:23:14 EDT,saulius.tvarijonas@nomagic.com,CC,saulius.tvarijonas@nomagic.com,
2009-09-21 21:41:04 EDT,smcduff@hotmail.com,CC,stepper@esc-net.de,
2009-09-21 21:41:04 EDT,smcduff@hotmail.com,Version,3.0,unspecified
2009-09-21 21:41:04 EDT,smcduff@hotmail.com,Assignee,smcduff@hotmail.com,emf.cdo-inbox@eclipse.org
2009-09-21 21:55:24 EDT,smcduff@hotmail.com,Assignee,emf.cdo-inbox@eclipse.org,smcduff@hotmail.com
2009-09-21 21:55:24 EDT,smcduff@hotmail.com,Flags,review?(stepper@esc-net.de),
2009-09-22 07:19:52 EDT,smcduff@hotmail.com,Status,ASSIGNED,NEW
2009-09-22 07:19:52 EDT,smcduff@hotmail.com,Summary,Exception  Holder RevisionHolder[AAA@OID297v1] does not belong to this list,Exeception  Holder RevisionHolder[AAA@OID297v1] does not belong to this list
2009-09-22 07:20:00 EDT,smcduff@hotmail.com,Assignee,smcduff@hotmail.com,emf.cdo-inbox@eclipse.org
2009-09-24 08:48:42 EDT,stepper@esc-net.de,Flags,review+,review?(stepper@esc-net.de)
2009-09-24 20:03:00 EDT,smcduff@hotmail.com,Attachment #147749                Attachment is obsolete,1,0
2009-09-24 20:03:39 EDT,smcduff@hotmail.com,Status,RESOLVED,ASSIGNED
2009-09-24 20:03:39 EDT,smcduff@hotmail.com,Resolution,FIXED,---
2009-09-28 03:00:00 EDT,caspar_d@nomagicasia.com,CC,caspar_d@nomagicasia.com,
2009-09-28 16:01:59 EDT,stepper@esc-net.de,Target Milestone,M1,---
2009-09-28 16:21:34 EDT,stepper@esc-net.de,Summary,Exception RevisionHolder[AAA@OID297v1] does not belong to this list,Exception  Holder RevisionHolder[AAA@OID297v1] does not belong to this list
2009-09-28 16:21:34 EDT,stepper@esc-net.de,Flags,helios+,
2009-11-12 06:03:07 EST,caspar_d@nomagicasia.com,Flags,review?(stepper@esc-net.de),review+
2009-11-12 13:14:31 EST,stepper@esc-net.de,Flags,review+,review?(stepper@esc-net.de)
2010-06-29 04:36:14 EDT,stepper@esc-net.de,Status,CLOSED,RESOLVED
2010-06-29 09:20:52 EDT,webmaster@eclipse.org,Component,cdo.core,CDO
