When, Who, What, Added, Removed
2009-09-21 09:31:14 EDT,eclipse.felipe@gmail.com,CC,felipe_heidrich@ca.ibm.com, Silenio_Quarti@ca.ibm.com,
2009-09-21 09:31:14 EDT,eclipse.felipe@gmail.com,Assignee,felipe_heidrich@ca.ibm.com,platform-swt-inbox@eclipse.org
2009-09-21 09:40:20 EDT,eclipse.felipe@gmail.com,Status,RESOLVED,NEW
2009-09-21 09:40:20 EDT,eclipse.felipe@gmail.com,Resolution,FIXED,---
2009-09-21 11:53:38 EDT,daniel_megert@ch.ibm.com,Version,3.6,3.0
2009-10-26 12:29:17 EDT,grant_gayed@ca.ibm.com,Target Milestone,3.6 M3,---
2009-10-28 04:45:58 EDT,daniel_megert@ch.ibm.com,Status,VERIFIED,RESOLVED
