When, Who, What, Added, Removed
2009-09-21 02:44:25 EDT,filip.hrbek@gmail.com,CC,filip.hrbek@cloudsmith.com,
2009-09-21 09:09:16 EDT,thomas@tada.se,CC,thomas@tada.se,
2009-09-21 09:09:16 EDT,thomas@tada.se,Assignee,thomas@tada.se,buckminster.core-inbox@eclipse.org
2009-09-22 03:11:25 EDT,thomas@tada.se,Status,RESOLVED,NEW
2009-09-22 03:11:25 EDT,thomas@tada.se,Hardware,All,PC
2009-09-22 03:11:25 EDT,thomas@tada.se,Resolution,FIXED,---
2009-09-22 03:11:25 EDT,thomas@tada.se,OS,All,Windows XP
2009-09-22 03:14:54 EDT,thomas@tada.se,Assignee,buckminster.core-inbox@eclipse.org,thomas@tada.se
2009-10-30 07:19:04 EDT,miles.daffin@morganstanley.com,Status,VERIFIED,RESOLVED
