When, Who, What, Added, Removed
2009-09-21 07:04:03 EDT,alexander.igdalov@gmail.com,Assignee,Alexander.Igdalov@gmail.com,mdt-ocl-inbox@eclipse.org
2009-09-21 07:16:13 EDT,adolfosbh@gmail.com,CC,adolfosbh@opencanarias.com,
2009-10-16 10:02:45 EDT,ed@willink.me.uk,CC,ed@willink.me.uk,
2009-10-16 10:02:45 EDT,ed@willink.me.uk,Summary,[releng] Create MDT OCL project plan,Create MDT OCL project plan
2009-12-12 07:21:52 EST,ed@willink.me.uk,Status,RESOLVED,NEW
2009-12-12 07:21:52 EST,ed@willink.me.uk,Resolution,FIXED,---
2011-05-27 02:49:05 EDT,ed@willink.me.uk,Status,CLOSED,RESOLVED
