When, Who, What, Added, Removed
2009-09-21 04:42:27 EDT,eclipse-bugs@mark-kirchner.de,CC,eclipse-bugs@mark-kirchner.de,
2009-09-21 16:01:17 EDT,eclipse@frank-becker.de,Status,ASSIGNED,NEW
2009-09-21 16:01:17 EDT,eclipse@frank-becker.de,Assignee,Frank@Frank-Becker.de,robert.elves@tasktop.com
2009-09-21 16:06:48 EDT,eclipse@frank-becker.de,Status,RESOLVED,ASSIGNED
2009-09-21 16:06:48 EDT,eclipse@frank-becker.de,CC,robert.elves@tasktop.com,
2009-09-21 16:06:48 EDT,eclipse@frank-becker.de,Resolution,FIXED,---
2009-09-21 16:06:48 EDT,eclipse@frank-becker.de,Target Milestone,3.3,---
