When, Who, What, Added, Removed
2009-09-18 18:56:51 EDT,ekke@ekkes-corner.org,CC,ekke@ekkes-corner.org, florian.pirchner@gmail.com,
2009-09-18 20:52:01 EDT,elias@eclipsesource.com,Status,ASSIGNED,NEW
2009-09-18 20:52:01 EDT,elias@eclipsesource.com,Assignee,elias@eclipsesource.com,riena.ui-inbox@eclipse.org
2009-09-18 20:52:01 EDT,elias@eclipsesource.com,Target Milestone,1.2.0.M2,1.2.0
2009-09-22 16:10:35 EDT,elias@eclipsesource.com,Status,RESOLVED,ASSIGNED
2009-09-22 16:10:35 EDT,elias@eclipsesource.com,Resolution,FIXED,---
2009-09-29 19:30:08 EDT,elias@eclipsesource.com,Status,REOPENED,RESOLVED
2009-09-29 19:30:08 EDT,elias@eclipsesource.com,Resolution,---,FIXED
2009-09-29 19:44:01 EDT,elias@eclipsesource.com,Status,ASSIGNED,REOPENED
2009-10-06 01:52:10 EDT,elias@eclipsesource.com,Status,RESOLVED,ASSIGNED
2009-10-06 01:52:10 EDT,elias@eclipsesource.com,Resolution,FIXED,---
