When, Who, What, Added, Removed
2009-09-18 18:21:32 EDT,alexander.smirnoff@oracle.com,Attachment #147619                Attachment is obsolete,1,0
2014-01-06 05:19:40 EST,sarika.sinha@in.ibm.com,CC,Michael_Rennie@ca.ibm.com, sarika.sinha@in.ibm.com,
2014-01-07 07:29:15 EST,daniel_megert@ch.ibm.com,CC,daniel_megert@ch.ibm.com,
2014-06-23 10:33:46 EDT,Michael_Rennie@ca.ibm.com,Target Milestone,4.5,---
2015-02-18 03:48:53 EST,sarika.sinha@in.ibm.com,Status,RESOLVED,NEW
2015-02-18 03:48:53 EST,sarika.sinha@in.ibm.com,Resolution,FIXED,---
2015-02-18 03:48:53 EST,sarika.sinha@in.ibm.com,Assignee,sarika.sinha@in.ibm.com,jdt-debug-inbox@eclipse.org
2015-02-18 03:48:53 EST,sarika.sinha@in.ibm.com,Target Milestone,4.5 M6,4.5
2015-03-16 07:03:36 EDT,sarika.sinha@in.ibm.com,Status,VERIFIED,RESOLVED
2015-03-25 07:32:48 EDT,sarika.sinha@in.ibm.com,Keywords,contributed,
