When, Who, What, Added, Removed
2009-09-19 08:55:00 EDT,smcduff@hotmail.com,Status,ASSIGNED,NEW
2009-09-19 08:55:00 EDT,smcduff@hotmail.com,Assignee,smcduff@hotmail.com,emf.cdo-inbox@eclipse.org
2009-09-19 08:55:09 EDT,smcduff@hotmail.com,CC,stepper@esc-net.de,
2009-09-19 09:08:07 EDT,smcduff@hotmail.com,Flags,review?(stepper@esc-net.de),
2009-09-19 09:41:40 EDT,smcduff@hotmail.com,Version,3.0,2.0
2009-10-21 11:31:25 EDT,stepper@esc-net.de,Status,RESOLVED,ASSIGNED
2009-10-21 11:31:25 EDT,stepper@esc-net.de,Resolution,FIXED,---
2009-10-21 11:31:25 EDT,stepper@esc-net.de,Target Milestone,M3,---
2009-10-21 11:31:25 EDT,stepper@esc-net.de,QA Contact,stepper@esc-net.de,
2009-10-21 11:31:25 EDT,stepper@esc-net.de,Flags,review+, helios+,review?(stepper@esc-net.de)
2010-06-29 04:35:25 EDT,stepper@esc-net.de,Status,CLOSED,RESOLVED
2010-06-29 09:22:31 EDT,webmaster@eclipse.org,Component,cdo.core,CDO
