When, Who, What, Added, Removed
2009-09-18 15:54:08 EDT,dmcknigh@ca.ibm.com,Depends on,289891,
2009-09-18 15:54:08 EDT,dmcknigh@ca.ibm.com,Target Milestone,3.0.3+,---
2009-09-18 15:54:18 EDT,dmcknigh@ca.ibm.com,Assignee,dmcknigh@ca.ibm.com,dsdp.tm.rse-inbox@eclipse.org
2009-09-18 16:02:44 EDT,dmcknigh@ca.ibm.com,Flags,review?(kjdoyle@ca.ibm.com),
2009-09-18 16:04:30 EDT,kjdoyle@ca.ibm.com,CC,kjdoyle@ca.ibm.com,
2009-09-18 16:04:30 EDT,kjdoyle@ca.ibm.com,Flags,review+,review?(kjdoyle@ca.ibm.com)
2009-09-18 16:10:16 EDT,dmcknigh@ca.ibm.com,Status,RESOLVED,NEW
2009-09-18 16:10:16 EDT,dmcknigh@ca.ibm.com,Resolution,FIXED,---
