When, Who, What, Added, Removed
2009-09-21 09:09:43 EDT,webmaster@eclipse.org,Status,RESOLVED,ASSIGNED
2009-09-21 09:09:43 EDT,webmaster@eclipse.org,Resolution,FIXED,---
2009-09-24 10:33:24 EDT,hugo.bruneliere@inria.fr,Status,CLOSED,RESOLVED
2009-09-24 10:33:24 EDT,hugo.bruneliere@inria.fr,CC,hugo.bruneliere@inria.fr,
2010-09-22 08:14:44 EDT,barbier.gabriel@gmail.com,CC,gbarbier@mia-software.com, modisco.web-inbox@eclipse.org,
2010-09-22 11:40:38 EDT,nicolas.bros@gmail.com,Target Milestone,0.8.0,---
2011-05-23 09:18:58 EDT,fgiquel@mia-software.com,CC,fgiquel@mia-software.com,
2011-05-23 09:18:58 EDT,fgiquel@mia-software.com,Version,0.8.0,unspecified
