When, Who, What, Added, Removed
2009-09-21 10:16:13 EDT,caniszczyk@gmail.com,CC,zx@eclipsesource.com,
2009-09-21 10:16:13 EDT,caniszczyk@gmail.com,Assignee,zx@eclipsesource.com,planeteclipse.admin-inbox@eclipse.org
2009-09-21 10:16:13 EDT,caniszczyk@gmail.com,Target Milestone,2009-Q4,---
2009-09-21 10:16:13 EDT,caniszczyk@gmail.com,Severity,enhancement,normal
2009-09-21 16:51:14 EDT,caniszczyk@gmail.com,Status,RESOLVED,NEW
2009-09-21 16:51:14 EDT,caniszczyk@gmail.com,Resolution,FIXED,---
2009-09-21 16:51:32 EDT,caniszczyk@gmail.com,URL,http://jbblackburn.com/feed/,
