When, Who, What, Added, Removed
2009-09-21 12:43:38 EDT,cbridgha@us.ibm.com,Target Milestone,3.2 M3,---
2009-09-21 12:43:51 EDT,cbridgha@us.ibm.com,Keywords,plan,
2009-09-21 12:43:51 EDT,cbridgha@us.ibm.com,Whiteboard,JavaEE6,
2009-10-15 10:01:32 EDT,cbridgha@us.ibm.com,Assignee,cbridgha@us.ibm.com,jst.j2ee-inbox@eclipse.org
2009-12-10 13:03:12 EST,cbridgha@us.ibm.com,Status,RESOLVED,NEW
2009-12-10 13:03:12 EST,cbridgha@us.ibm.com,Resolution,FIXED,---
2013-02-11 15:02:46 EST,ccc@us.ibm.com,Blocks,400486,
