When, Who, What, Added, Removed
2009-09-21 14:37:48 EDT,caniszczyk@gmail.com,Blocks,278845,263547, 243293
2009-09-21 14:37:48 EDT,caniszczyk@gmail.com,Depends on,,278845, 278844
2009-09-21 14:38:24 EDT,caniszczyk@gmail.com,CC,kmoir@ca.ibm.com,
2009-09-21 14:38:24 EDT,caniszczyk@gmail.com,Target Milestone,3.6 M3,---
2009-09-21 14:49:57 EDT,kim.moir@gmail.com,Version,3.6,4.0
2009-09-21 14:54:07 EDT,caniszczyk@gmail.com,Flags,pmc_approved?(john_arthorne@ca.ibm.com),
2009-09-21 17:27:34 EDT,john_arthorne@ca.ibm.com,CC,john_arthorne@ca.ibm.com,
2009-09-22 13:51:05 EDT,john_arthorne@ca.ibm.com,Flags,pmc_approved+,pmc_approved?(john_arthorne@ca.ibm.com)
2009-09-22 14:43:29 EDT,kim.moir@gmail.com,Assignee,kmoir@ca.ibm.com,platform-releng-inbox@eclipse.org
2009-09-22 19:32:41 EDT,kim.moir@gmail.com,Status,RESOLVED,NEW
2009-09-22 19:32:41 EDT,kim.moir@gmail.com,Resolution,FIXED,---
