When, Who, What, Added, Removed
2009-09-23 10:49:16 EDT,markus_keller@ch.ibm.com,CC,daniel_megert@ch.ibm.com,
2009-09-23 12:35:07 EDT,Olivier_Thomann@ca.ibm.com,Assignee,Olivier_Thomann@ca.ibm.com,jdt-core-inbox@eclipse.org
2009-09-23 12:35:07 EDT,Olivier_Thomann@ca.ibm.com,Target Milestone,3.6 M3,---
2009-09-23 14:19:31 EDT,Olivier_Thomann@ca.ibm.com,Status,RESOLVED,NEW
2009-09-23 14:19:31 EDT,Olivier_Thomann@ca.ibm.com,Resolution,FIXED,---
2009-10-27 06:42:39 EDT,amj87.iitr@gmail.com,CC,ayushman_jain@in.ibm.com,
2009-10-27 07:33:26 EDT,frederic_fusier@fr.ibm.com,Status,VERIFIED,RESOLVED
