When, Who, What, Added, Removed
2009-09-21 12:40:20 EDT,dlwhiteman@us.ibm.com,CC,jason.losh@sas.com,
2009-09-21 12:40:20 EDT,dlwhiteman@us.ibm.com,Hardware,All,PC
2009-09-21 12:40:20 EDT,dlwhiteman@us.ibm.com,Target Milestone,1.1_i7,---
2009-09-21 12:40:20 EDT,dlwhiteman@us.ibm.com,OS,All,Windows XP
2009-09-24 15:16:01 EDT,dlwhiteman@us.ibm.com,Status,RESOLVED,NEW
2009-09-24 15:16:01 EDT,dlwhiteman@us.ibm.com,Resolution,FIXED,---
2012-01-03 13:54:38 EST,webmaster@eclipse.org,Component,Cosmos,cosmos.web
2012-01-03 13:54:38 EST,webmaster@eclipse.org,Version,unspecified,1.1
2012-01-03 13:54:38 EST,webmaster@eclipse.org,Product,z_Archived,Cosmos
2012-01-03 13:54:38 EST,webmaster@eclipse.org,Target Milestone,---,1.1_i7
