When, Who, What, Added, Removed
2009-09-21 15:02:27 EDT,nsandona@us.ibm.com,Status,ASSIGNED,NEW
2009-09-21 15:02:27 EDT,nsandona@us.ibm.com,Blocks,,289638
2009-09-21 15:02:27 EDT,nsandona@us.ibm.com,Depends on,,288542
2009-09-21 15:02:27 EDT,nsandona@us.ibm.com,Assignee,nsandona@us.ibm.com,wst.sse-inbox@eclipse.org
2009-09-21 15:02:27 EDT,nsandona@us.ibm.com,Target Milestone,3.2 M3,---
2009-09-21 15:26:31 EDT,nsandona@us.ibm.com,Priority,P2,P3
2009-10-12 10:54:43 EDT,nsandona@us.ibm.com,Status,RESOLVED,ASSIGNED
2009-10-12 10:54:43 EDT,nsandona@us.ibm.com,Resolution,FIXED,---
2009-12-08 17:28:22 EST,nsandona@us.ibm.com,CC,jljlmatu@jp.ibm.com,
