When, Who, What, Added, Removed
2009-11-27 15:44:18 EST,kevin.yuan@oracle.com,Target Milestone,Future,---
2009-11-30 11:36:47 EST,peter.krogh@oracle.com,Priority,P2,P3
2009-12-11 14:32:16 EST,kevin.yuan@oracle.com,Assignee,kevin.yuan@oracle.com,eclipselink.orm-inbox@eclipse.org
2009-12-11 14:32:16 EST,kevin.yuan@oracle.com,Target Milestone,2.1,Future
2009-12-11 14:32:55 EST,kevin.yuan@oracle.com,Status,ASSIGNED,NEW
2010-03-24 14:39:10 EDT,kevin.yuan@oracle.com,Status,CLOSED,ASSIGNED
2010-03-24 14:39:10 EDT,kevin.yuan@oracle.com,Resolution,FIXED,---
