When, Who, What, Added, Removed
2009-09-21 13:30:39 EDT,cbridgha@us.ibm.com,Keywords,plan,
2009-09-21 13:30:39 EDT,cbridgha@us.ibm.com,Target Milestone,3.2 M3,---
2009-09-21 13:32:13 EDT,cbridgha@us.ibm.com,Depends on,252613,
2009-09-21 13:32:13 EDT,cbridgha@us.ibm.com,Summary,Upgrade/ enhance Java EE constant API's for Java EE 6,Upgrade/ enhance Java EE contant API's for Java EE 6
2009-09-21 13:32:37 EDT,cbridgha@us.ibm.com,Whiteboard,JavaEE6,
2009-09-28 09:34:21 EDT,kaloyan.r@zend.com,CC,kaloyan.raev@sap.com,
2009-12-10 13:03:08 EST,ccc@us.ibm.com,Status,RESOLVED,NEW
2009-12-10 13:03:08 EST,ccc@us.ibm.com,CC,ccc@us.ibm.com,
2009-12-10 13:03:08 EST,ccc@us.ibm.com,Resolution,FIXED,---
2013-02-11 15:03:46 EST,ccc@us.ibm.com,Blocks,400487,
