When, Who, What, Added, Removed
2009-09-22 02:50:02 EDT,daniel_megert@ch.ibm.com,Status,ASSIGNED,NEW
2009-09-22 02:50:02 EDT,daniel_megert@ch.ibm.com,CC,daniel_megert@ch.ibm.com,
2009-09-22 02:50:02 EDT,daniel_megert@ch.ibm.com,Version,3.3,3.5
2009-09-22 02:50:02 EDT,daniel_megert@ch.ibm.com,Target Milestone,3.5.2,---
2009-09-22 02:51:00 EDT,daniel_megert@ch.ibm.com,Assignee,daniel_megert@ch.ibm.com,jdt-doc-inbox@eclipse.org
2009-09-22 03:13:26 EDT,daniel_megert@ch.ibm.com,Component,Doc,Doc
2009-09-22 03:13:26 EDT,daniel_megert@ch.ibm.com,Hardware,All,PC
2009-09-22 03:13:26 EDT,daniel_megert@ch.ibm.com,Assignee,platform-doc-inbox@eclipse.org,daniel_megert@ch.ibm.com
2009-09-22 03:13:26 EDT,daniel_megert@ch.ibm.com,Product,Platform,JDT
2009-09-22 03:13:26 EDT,daniel_megert@ch.ibm.com,OS,All,Windows XP
2009-09-22 03:15:11 EDT,daniel_megert@ch.ibm.com,Assignee,cgold@us.ibm.com,platform-doc-inbox@eclipse.org
2009-09-22 03:15:11 EDT,daniel_megert@ch.ibm.com,Summary,IE8? - JavaScript function on overview pages does not open in Help View,Links from Java Development overview page do not open in Help View
2009-09-22 03:15:27 EDT,daniel_megert@ch.ibm.com,Component,User Assistance,Doc
2009-09-22 03:15:56 EDT,daniel_megert@ch.ibm.com,Hardware,PC,All
2009-09-22 03:15:56 EDT,daniel_megert@ch.ibm.com,OS,Windows XP,All
2009-09-24 04:51:46 EDT,daniel_megert@ch.ibm.com,Attachment #147912                Attachment is obsolete,1,0
2009-09-24 05:34:30 EDT,daniel_megert@ch.ibm.com,Summary,JavaScript function on overview pages does not open in Help View,IE8? - JavaScript function on overview pages does not open in Help View
2009-09-24 05:35:01 EDT,daniel_megert@ch.ibm.com,Status,RESOLVED,ASSIGNED
2009-09-24 05:35:01 EDT,daniel_megert@ch.ibm.com,Hardware,All,PC
2009-09-24 05:35:01 EDT,daniel_megert@ch.ibm.com,Resolution,FIXED,---
2009-09-24 05:35:01 EDT,daniel_megert@ch.ibm.com,OS,All,Windows XP
