When, Who, What, Added, Removed
2009-10-06 04:46:54 EDT,yaumunlam@msn.com,CC,yaumunlam@msn.com,
2009-10-06 13:47:37 EDT,steffen.pingel@tasktop.com,Component,WikiText,UI
2009-10-06 13:47:37 EDT,steffen.pingel@tasktop.com,Assignee,dgreen99@gmail.com,mylyn-inbox@eclipse.org
2009-10-30 11:18:05 EDT,david.green@tasktop.com,Status,RESOLVED,NEW
2009-10-30 11:18:05 EDT,david.green@tasktop.com,Resolution,FIXED,---
2011-01-05 11:20:43 EST,webmaster@eclipse.org,Component,Wikitext,WikiText
2011-01-05 11:20:43 EST,webmaster@eclipse.org,Version,1.1,3.2
2011-01-05 11:20:43 EST,webmaster@eclipse.org,Product,Mylyn Docs,Mylyn
