When, Who, What, Added, Removed
2009-09-21 08:54:00 EDT,serg.boyko2011@gmail.com,Status,ASSIGNED,NEW
2009-09-21 08:54:00 EDT,serg.boyko2011@gmail.com,Target Milestone,3.0 M2,---
2009-09-21 09:03:50 EDT,alexander.igdalov@gmail.com,CC,Alexander.Igdalov@gmail.com,
2009-10-24 15:07:29 EDT,nicolas.f.rouquette@jpl.nasa.gov,CC,nicolas.rouquette@jpl.nasa.gov,
2009-11-08 07:10:39 EST,shatalin@gmail.com,Blocks,294548,
2009-11-13 08:39:03 EST,dvorak.radek@gmail.com,CC,dvorak.radek@gmail.com,
2009-11-13 08:39:03 EST,dvorak.radek@gmail.com,Assignee,sboyko@borland.com,m2m-qvt.operational-inbox@eclipse.org
2009-11-13 08:39:03 EST,dvorak.radek@gmail.com,Target Milestone,3.0 M4,3.0 M2
2009-11-13 09:57:52 EST,serg.boyko2011@gmail.com,Status,RESOLVED,ASSIGNED
2009-11-13 09:57:52 EST,serg.boyko2011@gmail.com,Resolution,FIXED,---
2010-05-28 15:26:00 EDT,serg.boyko2011@gmail.com,Whiteboard,Release Currency,
2010-05-28 15:26:00 EDT,serg.boyko2011@gmail.com,Flags,helios+,
