When, Who, What, Added, Removed
2009-09-21 15:40:08 EDT,akurtakov@gmail.com,Attachment #147732                Attachment mime type,text/plain,application/octet-stream
2009-09-22 16:46:39 EDT,cgold@us.ibm.com,CC,cgold@us.ibm.com,
2009-09-22 16:46:39 EDT,cgold@us.ibm.com,Target Milestone,3.5.2,---
2009-09-22 16:56:14 EDT,cgold@us.ibm.com,Summary,[Webapp] TocToolbar in Help window shows 404 with org.apache.jasper from Tomcat 5.5.27,TocToolbar in Help window shows 404 with org.apache.jasper from Tomcat 5.5.27
2009-09-23 16:15:17 EDT,cgold@us.ibm.com,CC,cisco@ca.ibm.com, simon_kaegi@ca.ibm.com,
2009-10-09 14:10:34 EDT,cgold@us.ibm.com,Assignee,cgold@us.ibm.com,platform-ua-inbox@eclipse.org
2009-10-09 14:14:59 EDT,cgold@us.ibm.com,Flags,review?(curtispd@ca.ibm.com),
2009-10-09 14:42:32 EDT,curtispd@ca.ibm.com,CC,curtispd@ca.ibm.com,
2009-10-09 14:42:32 EDT,curtispd@ca.ibm.com,Flags,review+,review?(curtispd@ca.ibm.com)
2009-10-09 14:54:10 EDT,cgold@us.ibm.com,Status,RESOLVED,NEW
2009-10-09 14:54:10 EDT,cgold@us.ibm.com,Resolution,FIXED,---
