When, Who, What, Added, Removed
2009-09-21 14:46:06 EDT,d.u.thibault@bigfoot.com,CC,d.u.thibault@bigfoot.com,
2009-09-21 17:12:14 EDT,john_arthorne@ca.ibm.com,Assignee,john_arthorne@ca.ibm.com,platform-doc-inbox@eclipse.org
2009-09-21 17:13:13 EDT,john_arthorne@ca.ibm.com,Status,RESOLVED,NEW
2009-09-21 17:13:13 EDT,john_arthorne@ca.ibm.com,Version,3.5,4.0
2009-09-21 17:13:13 EDT,john_arthorne@ca.ibm.com,Resolution,FIXED,---
2009-09-21 17:13:13 EDT,john_arthorne@ca.ibm.com,Target Milestone,3.6 M3,---
2009-10-28 08:15:44 EDT,remy.suen@gmail.com,Status,VERIFIED,RESOLVED
2009-10-28 08:15:44 EDT,remy.suen@gmail.com,CC,remysuen@ca.ibm.com,
