When, Who, What, Added, Removed
2009-09-21 11:17:46 EDT,cbridgha@us.ibm.com,Keywords,plan,
2009-09-21 11:18:21 EDT,cbridgha@us.ibm.com,Target Milestone,3.2 M3,---
2009-12-10 13:00:15 EST,ccc@us.ibm.com,CC,ccc@us.ibm.com,
2009-12-10 13:00:15 EST,ccc@us.ibm.com,Assignee,cbridgha@us.ibm.com,jst.j2ee-inbox@eclipse.org
2009-12-10 13:00:15 EST,ccc@us.ibm.com,Target Milestone,3.2 M5,3.2 M3
2010-01-19 16:11:22 EST,cbridgha@us.ibm.com,Target Milestone,---,3.2 M5
2010-02-25 13:21:40 EST,cbridgha@us.ibm.com,Status,CLOSED,NEW
2010-02-25 13:21:40 EST,cbridgha@us.ibm.com,Resolution,FIXED,---
