When, Who, What, Added, Removed
2009-09-21 18:21:10 EDT,pawel.1.piech@gmail.com,Attachment #147742                Flags,iplog-,
2009-09-21 18:24:53 EDT,pawel.1.piech@gmail.com,Status,RESOLVED,NEW
2009-09-21 18:24:53 EDT,pawel.1.piech@gmail.com,Resolution,FIXED,---
2009-09-21 18:24:53 EDT,pawel.1.piech@gmail.com,Assignee,pawel.piech@windriver.com,cdt-debug-dsf-inbox@eclipse.org
2009-09-21 18:24:53 EDT,pawel.1.piech@gmail.com,Target Milestone,7.0,---
2009-09-21 18:24:53 EDT,pawel.1.piech@gmail.com,Flags,review?(fchouinard@gmail.com),
2009-09-22 10:46:19 EDT,fchouinard@gmail.com,CC,fchouinard@gmail.com,
2009-09-22 10:46:19 EDT,fchouinard@gmail.com,Flags,review+,review?(fchouinard@gmail.com)
