When, Who, What, Added, Removed
2009-09-22 00:30:55 EDT,eclipse@cafewalter.com,CC,eclipse@cafewalter.com,
2009-09-22 00:30:55 EDT,eclipse@cafewalter.com,Assignee,eclipse@cafewalter.com,jdt-apt-inbox@eclipse.org
2009-09-22 00:30:55 EDT,eclipse@cafewalter.com,Target Milestone,3.6 M3,---
2009-09-22 01:42:50 EDT,eclipse@cafewalter.com,Status,RESOLVED,NEW
2009-09-22 01:42:50 EDT,eclipse@cafewalter.com,Resolution,FIXED,---
2009-09-22 02:55:09 EDT,daniel_megert@ch.ibm.com,CC,daniel_megert@ch.ibm.com,
2010-03-04 11:56:09 EST,Olivier_Thomann@ca.ibm.com,Status,VERIFIED,RESOLVED
2010-03-04 11:56:09 EST,Olivier_Thomann@ca.ibm.com,CC,Olivier_Thomann@ca.ibm.com,
