When, Who, What, Added, Removed
2009-09-21 13:36:02 EDT,cbridgha@us.ibm.com,Keywords,plan,
2009-09-21 13:36:02 EDT,cbridgha@us.ibm.com,Depends on,252613,
2009-09-21 13:36:02 EDT,cbridgha@us.ibm.com,Target Milestone,3.2 M3,---
2009-09-21 13:36:02 EDT,cbridgha@us.ibm.com,Whiteboard,JavaEE6,
2009-12-10 13:04:26 EST,ccc@us.ibm.com,Status,RESOLVED,NEW
2009-12-10 13:04:26 EST,ccc@us.ibm.com,CC,ccc@us.ibm.com,
2009-12-10 13:04:26 EST,ccc@us.ibm.com,Resolution,FIXED,---
2013-02-11 15:04:37 EST,ccc@us.ibm.com,Blocks,400488,
