When, Who, What, Added, Removed
2009-09-22 13:09:08 EDT,Olivier_Thomann@ca.ibm.com,CC,Olivier_Thomann@ca.ibm.com,
2009-09-22 13:09:26 EDT,Olivier_Thomann@ca.ibm.com,Assignee,Olivier_Thomann@ca.ibm.com,jdt-core-inbox@eclipse.org
2009-09-22 15:09:21 EDT,Olivier_Thomann@ca.ibm.com,CC,daniel_megert@ch.ibm.com, markus_keller@ch.ibm.com,
2009-09-22 15:18:27 EDT,Olivier_Thomann@ca.ibm.com,Attachment #147814                Attachment is obsolete,1,0
2009-09-22 16:16:10 EDT,markus_keller@ch.ibm.com,CC,philippe_mulet@fr.ibm.com,
2009-09-23 12:57:29 EDT,Olivier_Thomann@ca.ibm.com,Attachment #147827                Attachment is obsolete,1,0
2009-09-23 13:31:07 EDT,markus_keller@ch.ibm.com,Target Milestone,3.6 M3,---
2009-09-23 13:50:20 EDT,Olivier_Thomann@ca.ibm.com,Status,RESOLVED,NEW
2009-09-23 13:50:20 EDT,Olivier_Thomann@ca.ibm.com,Resolution,FIXED,---
2009-10-27 07:03:45 EDT,amj87.iitr@gmail.com,CC,ayushman_jain@in.ibm.com,
2009-10-27 07:32:38 EDT,frederic_fusier@fr.ibm.com,Status,VERIFIED,RESOLVED
2009-12-06 09:39:30 EST,ralf@ralfebert.de,CC,info@ralfebert.de,
