When, Who, What, Added, Removed
2009-09-21 14:27:57 EDT,fchouinard@gmail.com,Status,ASSIGNED,NEW
2009-09-21 14:28:48 EDT,fchouinard@gmail.com,Depends on,290047,
2009-09-21 14:58:42 EDT,william.bourque@polymtl.ca,CC,william.bourque@polymtl.ca,
2009-09-22 13:14:10 EDT,fchouinard@gmail.com,Attachment #147783                Attachment is obsolete,1,0
2009-09-22 13:47:42 EDT,fchouinard@gmail.com,Depends on,290159,
2009-09-23 16:33:19 EDT,fchouinard@gmail.com,Depends on,290250,
2009-09-25 14:25:04 EDT,fchouinard@gmail.com,Depends on,290580,
2009-10-01 13:49:32 EDT,fchouinard@gmail.com,Depends on,291077,
2009-10-07 14:50:31 EDT,fchouinard@gmail.com,Depends on,291662,
2009-10-08 11:28:52 EDT,fchouinard@gmail.com,Attachment #147783                Flags,iplog+,
2009-10-08 11:28:52 EDT,fchouinard@gmail.com,Attachment #147783                Attachment is obsolete,0,1
2010-01-13 17:12:15 EST,fchouinard@gmail.com,Status,RESOLVED,ASSIGNED
2010-01-13 17:12:15 EST,fchouinard@gmail.com,Resolution,FIXED,---
2010-01-22 15:47:54 EST,fchouinard@gmail.com,Status,REOPENED,RESOLVED
2010-01-22 15:47:54 EST,fchouinard@gmail.com,Resolution,---,FIXED
2010-01-22 15:49:11 EST,fchouinard@gmail.com,Depends on,287602,
2010-01-22 15:49:54 EST,fchouinard@gmail.com,Depends on,290145,
2010-02-02 18:46:30 EST,fchouinard@gmail.com,Depends on,,290145
2010-02-02 18:53:39 EST,fchouinard@gmail.com,Depends on,,287602
2010-02-02 18:58:48 EST,fchouinard@gmail.com,Depends on,301623,
2010-02-02 18:59:21 EST,fchouinard@gmail.com,Depends on,301624,
2010-02-02 19:01:45 EST,fchouinard@gmail.com,Depends on,293102,
2010-02-02 19:02:49 EST,fchouinard@gmail.com,Depends on,301629,
2010-02-02 19:06:20 EST,fchouinard@gmail.com,Depends on,301630,
2010-02-02 19:06:44 EST,fchouinard@gmail.com,Depends on,301631,
2010-02-02 19:08:08 EST,fchouinard@gmail.com,Depends on,301632,
2010-02-02 19:09:21 EST,fchouinard@gmail.com,Depends on,301633,
2010-02-02 19:09:41 EST,fchouinard@gmail.com,Depends on,,291662
2010-02-02 19:10:26 EST,fchouinard@gmail.com,Depends on,301634,
2010-02-02 19:10:53 EST,fchouinard@gmail.com,Depends on,299715,
2010-02-02 19:11:24 EST,fchouinard@gmail.com,Depends on,299988,
2010-02-02 19:20:46 EST,fchouinard@gmail.com,Depends on,301637,
2010-02-10 14:41:56 EST,fchouinard@gmail.com,Depends on,302486,
2010-02-10 14:51:15 EST,fchouinard@gmail.com,Depends on,302489,
2010-02-10 15:34:52 EST,fchouinard@gmail.com,Blocks,302500,
2010-03-01 13:40:04 EST,alvsan09@gmail.com,Blocks,,302500
2010-03-03 15:08:57 EST,alvsan09@gmail.com,Depends on,304518,
2010-03-03 15:12:47 EST,alvsan09@gmail.com,Depends on,302500,
2010-03-03 15:13:18 EST,alvsan09@gmail.com,Depends on,302496,
2010-03-09 17:15:49 EST,fchouinard@gmail.com,Whiteboard,Test,
2010-03-16 11:40:11 EDT,fchouinard@gmail.com,Target Milestone,1.0,---
2010-03-17 11:43:50 EDT,alvsan09@gmail.com,Depends on,306218,
2010-04-28 15:34:19 EDT,alvsan09@gmail.com,Depends on,310889,
2010-05-21 14:58:31 EDT,fchouinard@gmail.com,Depends on,313966,
2010-06-04 15:44:04 EDT,alvsan09@gmail.com,Depends on,315828,
2010-06-09 13:32:28 EDT,alvsan09@gmail.com,Depends on,311935,
2010-06-09 14:06:03 EDT,alvsan09@gmail.com,Depends on,316347,
2010-06-09 14:23:27 EDT,alvsan09@gmail.com,Depends on,316351,
2010-06-10 10:11:23 EDT,alvsan09@gmail.com,Depends on,316467,
2010-07-30 11:23:52 EDT,fchouinard@gmail.com,Depends on,321364,
2010-07-30 11:30:59 EDT,fchouinard@gmail.com,Depends on,321366,
2010-07-30 11:33:24 EDT,fchouinard@gmail.com,Depends on,316354,
2010-07-30 11:33:45 EDT,fchouinard@gmail.com,Depends on,316350,
2010-07-30 11:44:45 EDT,fchouinard@gmail.com,Depends on,315884,
2010-09-09 13:33:49 EDT,fchouinard@gmail.com,Depends on,324876,
2010-09-17 18:07:42 EDT,fchouinard@gmail.com,Depends on,325661,
2011-06-02 10:46:52 EDT,fchouinard@gmail.com,Depends on,,316351
2011-06-02 11:08:21 EDT,fchouinard@gmail.com,Depends on,,315884
2011-06-02 11:21:26 EDT,fchouinard@gmail.com,Depends on,331467,
2011-06-02 11:30:18 EDT,fchouinard@gmail.com,Depends on,334560,
2011-06-02 12:02:41 EDT,fchouinard@gmail.com,Depends on,343323,
2011-07-22 18:47:03 EDT,fchouinard@gmail.com,Depends on,352921,
2011-08-09 11:09:49 EDT,fchouinard@gmail.com,Target Milestone,---,1.0
2011-08-23 10:33:18 EDT,fchouinard@gmail.com,Severity,enhancement,normal
2013-05-23 14:44:17 EDT,patrick.tasse@gmail.com,Status,CLOSED,REOPENED
2013-05-23 14:44:17 EDT,patrick.tasse@gmail.com,CC,patrick.tasse@gmail.com,
2013-05-23 14:44:17 EDT,patrick.tasse@gmail.com,Resolution,FIXED,---
2013-05-23 14:44:17 EDT,patrick.tasse@gmail.com,Target Milestone,0.9.0,---
