When, Who, What, Added, Removed
2009-09-23 16:24:26 EDT,neil.hauge@oracle.com,CC,neil.hauge@oracle.com,
2009-09-23 16:24:26 EDT,neil.hauge@oracle.com,Assignee,neil.hauge@oracle.com,dali.general-inbox@eclipse.org
2009-09-23 16:24:26 EDT,neil.hauge@oracle.com,Target Milestone,3.0 M3,---
2009-09-23 17:35:58 EDT,neil.hauge@oracle.com,Status,RESOLVED,NEW
2009-09-23 17:35:58 EDT,neil.hauge@oracle.com,Resolution,FIXED,---
2009-11-02 16:35:59 EST,karenfbutzke@gmail.com,CC,mutdosch@us.ibm.com,
2010-01-21 12:57:28 EST,neil.hauge@oracle.com,Target Milestone,2.3 M3,3.0 M3
2010-05-06 02:59:07 EDT,krzysztof.daniel@gmail.com,CC,krzysztof_daniel@pl.ibm.com,
2010-07-26 22:03:42 EDT,david_williams@us.ibm.com,Blocks,320972,
2011-11-01 18:38:23 EDT,neil.hauge@oracle.com,Attachment #167436                Attachment is obsolete,1,0
