When, Who, What, Added, Removed
2009-09-21 12:03:56 EDT,neil.hauge@oracle.com,CC,neil.hauge@oracle.com, shaun.smith@oracle.com,
2009-09-21 12:03:56 EDT,neil.hauge@oracle.com,Blocks,279098,
2009-09-21 12:03:56 EDT,neil.hauge@oracle.com,Assignee,tran.le@oracle.com,dali.general-inbox@eclipse.org
2009-09-21 12:03:56 EDT,neil.hauge@oracle.com,Target Milestone,3.0 M3,---
2009-11-03 11:20:02 EST,tran.le@oracle.com,Status,RESOLVED,NEW
2009-11-03 11:20:02 EST,tran.le@oracle.com,Resolution,FIXED,---
2010-01-21 12:57:14 EST,neil.hauge@oracle.com,Target Milestone,2.3 M3,3.0 M3
2010-04-28 12:46:59 EDT,karenfbutzke@gmail.com,Status,VERIFIED,RESOLVED
2010-04-28 12:46:59 EDT,karenfbutzke@gmail.com,CC,karen.moore@oracle.com,
