When, Who, What, Added, Removed
2009-09-21 13:57:12 EDT,cbridgha@us.ibm.com,Keywords,plan,
2009-09-21 13:57:12 EDT,cbridgha@us.ibm.com,Target Milestone,3.2,---
2009-09-21 13:57:12 EDT,cbridgha@us.ibm.com,Whiteboard,Flexible Modules, JavaEE6,
2009-09-21 13:58:00 EDT,cbridgha@us.ibm.com,Whiteboard,JavaEE6,Flexible Modules, JavaEE6
2009-10-21 10:40:50 EDT,cbridgha@us.ibm.com,Assignee,cbridgha@us.ibm.com,jst.j2ee-inbox@eclipse.org
2009-11-19 09:59:41 EST,cbridgha@us.ibm.com,CC,ccc@us.ibm.com, jsholl@us.ibm.com,
2009-11-19 10:03:28 EST,cbridgha@us.ibm.com,CC,rob.stryker@jboss.com,
2009-12-10 10:38:44 EST,ccc@us.ibm.com,CC,sachi@soft.fujitsu.com,
2010-01-07 11:29:17 EST,cbridgha@us.ibm.com,Target Milestone,3.2 M5,3.2
2010-01-28 10:59:21 EST,cbridgha@us.ibm.com,Target Milestone,3.2 M6,3.2 M5
2010-02-18 17:57:55 EST,danny.ju@oracle.com,CC,danny.ju@oracle.com,
2010-03-08 10:12:04 EST,cbridgha@us.ibm.com,Status,RESOLVED,NEW
2010-03-08 10:12:04 EST,cbridgha@us.ibm.com,Resolution,FIXED,---
