When, Who, What, Added, Removed
2009-09-21 11:35:38 EDT,daniel_megert@ch.ibm.com,Assignee,Boris_Bokowski@ca.ibm.com,Platform-UI-Inbox@eclipse.org
2009-09-21 11:37:01 EDT,daniel_megert@ch.ibm.com,Summary,Update jface bundle version and required versions,Upate jface bundle version and required versions
2010-03-12 22:30:35 EST,pwebster@ca.ibm.com,CC,pwebster@ca.ibm.com,
2010-03-12 22:30:35 EST,pwebster@ca.ibm.com,Target Milestone,3.6 M7,---
2010-03-31 04:02:58 EDT,daniel_megert@ch.ibm.com,Status,RESOLVED,NEW
2010-03-31 04:02:58 EDT,daniel_megert@ch.ibm.com,CC,Boris_Bokowski@ca.ibm.com,
2010-03-31 04:02:58 EDT,daniel_megert@ch.ibm.com,Resolution,FIXED,---
2010-03-31 04:02:58 EDT,daniel_megert@ch.ibm.com,Assignee,daniel_megert@ch.ibm.com,Boris_Bokowski@ca.ibm.com
2010-03-31 07:16:30 EDT,remy.suen@gmail.com,CC,remysuen@ca.ibm.com,
2010-04-30 09:31:27 EDT,pwebster@ca.ibm.com,Status,VERIFIED,RESOLVED
