When, Who, What, Added, Removed
2009-09-22 07:32:42 EDT,paules@ca.ibm.com,Priority,P1,P3
2009-09-22 07:32:42 EDT,paules@ca.ibm.com,Status,ASSIGNED,NEW
2009-09-22 07:32:42 EDT,paules@ca.ibm.com,Assignee,paules@ca.ibm.com,tptp.test-inbox@eclipse.org
2009-09-22 07:32:42 EDT,paules@ca.ibm.com,Target Milestone,4.5.2.1,---
2009-09-22 07:32:42 EDT,paules@ca.ibm.com,Whiteboard,Milestone4 adopter,
2009-09-22 07:32:42 EDT,paules@ca.ibm.com,Severity,major,normal
2009-09-22 08:23:29 EDT,paules@ca.ibm.com,Summary,Cannot open multiple generated files created from one recording.,testgen UI - no ability to open multiple generated files created from one recording
2009-09-24 08:08:27 EDT,paules@ca.ibm.com,Attachment #147746                Attachment mime type,text/plain,application/octet-stream
2009-09-24 08:08:27 EDT,paules@ca.ibm.com,Attachment #147746                Attachment is patch,1,0
2009-09-24 08:30:56 EDT,paules@ca.ibm.com,Flags,iplog+,
2009-09-24 09:16:03 EDT,paules@ca.ibm.com,Attachment #147746                Attachment is obsolete,1,0
2009-09-24 09:16:36 EDT,paules@ca.ibm.com,Flags,review?(jcayne@ca.ibm.com),
2009-09-24 09:18:27 EDT,paules@ca.ibm.com,Attachment #148002                Attachment description,Patch (TPTP 4.5.2.1).,Patch (Version 2).
2009-09-24 09:19:00 EDT,paules@ca.ibm.com,Attachment #148002                Attachment is obsolete,1,0
2009-09-24 09:21:33 EDT,paules@ca.ibm.com,Attachment #148003                Attachment is obsolete,1,0
2009-09-24 09:26:12 EDT,paules@ca.ibm.com,Attachment #148004                Attachment is obsolete,1,0
2009-09-24 09:38:28 EDT,paules@ca.ibm.com,Attachment #148007                Attachment is obsolete,1,0
2009-09-24 09:50:46 EDT,paules@ca.ibm.com,Attachment #148008                Attachment is obsolete,1,0
2009-09-24 11:24:43 EDT,jcayne@ca.ibm.com,CC,jcayne@ca.ibm.com,
2009-09-24 11:24:43 EDT,jcayne@ca.ibm.com,Flags,review+,review?(jcayne@ca.ibm.com)
2009-09-24 11:25:35 EDT,paules@ca.ibm.com,Flags,pmc_approved?(oec@ocsystems.com), pmc_approved?(chris.l.elford@intel.com), pmc_approved?(sluiman@ca.ibm.com), pmc_approved?(ernest@ca.ibm.com), pmc_approved?(kathy@ca.ibm.com), pmc_approved?(paules@ca.ibm.com), pmc_approved?(ewchan@ca.ibm.com),
2009-09-24 11:32:24 EDT,ewchan@ca.ibm.com,CC,ewchan@ca.ibm.com,
2009-09-24 11:32:24 EDT,ewchan@ca.ibm.com,Flags,pmc_approved+,pmc_approved?(ewchan@ca.ibm.com)
2009-09-24 13:30:18 EDT,paules@ca.ibm.com,Status,RESOLVED,ASSIGNED
2009-09-24 13:30:18 EDT,paules@ca.ibm.com,Resolution,FIXED,---
2010-11-18 18:56:51 EST,kathy@ca.ibm.com,Status,CLOSED,RESOLVED
2010-11-18 18:56:51 EST,kathy@ca.ibm.com,Whiteboard,closed471,Milestone4 adopter
