When, Who, What, Added, Removed
2009-09-21 14:41:29 EDT,nsandona@us.ibm.com,Status,ASSIGNED,NEW
2009-09-21 14:41:29 EDT,nsandona@us.ibm.com,Depends on,,288120
2009-09-21 14:41:29 EDT,nsandona@us.ibm.com,Assignee,nsandona@us.ibm.com,wst.common-inbox@eclipse.org
2009-09-21 14:41:29 EDT,nsandona@us.ibm.com,Flags,review?(nitind@us.ibm.com),
2009-09-21 14:41:40 EDT,nsandona@us.ibm.com,Attachment #147725                Attachment mime type,text/plain,application/octet-stream
2009-09-21 14:41:40 EDT,nsandona@us.ibm.com,Attachment #147725                Attachment is patch,1,0
2009-09-25 14:28:11 EDT,nitind@us.ibm.com,Flags,review+,review?(nitind@us.ibm.com)
2009-10-08 13:23:01 EDT,nitind@us.ibm.com,Target Milestone,3.1.2,---
2010-01-27 19:15:26 EST,nitind@us.ibm.com,Status,RESOLVED,ASSIGNED
2010-01-27 19:15:26 EST,nitind@us.ibm.com,Resolution,FIXED,---
