When, Who, What, Added, Removed
2009-09-21 12:47:30 EDT,adomas.greicius@bpi.lt,Summary,Exception Object OIDXXX not found,Eception Object OIDXXX not found
2009-09-21 12:54:09 EDT,smcduff@hotmail.com,CC,smcduff@hotmail.com,
2009-09-22 01:46:47 EDT,saulius.tvarijonas@nomagic.com,CC,saulius.tvarijonas@nomagic.com,
2009-09-24 05:58:01 EDT,stepper@esc-net.de,CC,stepper@esc-net.de,
2009-09-24 05:58:01 EDT,stepper@esc-net.de,Version,3.0,unspecified
2009-09-24 05:58:01 EDT,stepper@esc-net.de,Assignee,smcduff@hotmail.com,emf.cdo-inbox@eclipse.org
2009-09-29 06:56:49 EDT,caspar_d@nomagicasia.com,CC,caspar_d@nomagicasia.com,
2010-06-29 04:54:40 EDT,stepper@esc-net.de,Version,3.0.1,3.0
2010-06-29 09:22:07 EDT,webmaster@eclipse.org,Component,cdo.core,CDO
2010-07-07 07:10:34 EDT,stepper@esc-net.de,Version,3.0,3.0.1
2010-09-07 06:50:08 EDT,caspar_d@nomagicasia.com,Status,ASSIGNED,NEW
2010-09-07 06:50:08 EDT,caspar_d@nomagicasia.com,Hardware,All,PC
2010-09-07 06:50:08 EDT,caspar_d@nomagicasia.com,Version,4.0,3.0
2010-09-07 06:50:08 EDT,caspar_d@nomagicasia.com,Assignee,caspar_d@nomagicasia.com,smcduff@hotmail.com
2010-09-07 06:50:08 EDT,caspar_d@nomagicasia.com,Summary,Time-pegged transactions,Exception Object OIDXXX not found
2010-09-07 06:50:08 EDT,caspar_d@nomagicasia.com,OS,All,Windows XP
2010-09-07 06:50:08 EDT,caspar_d@nomagicasia.com,Severity,enhancement,normal
2010-09-20 05:05:50 EDT,caspar_d@nomagicasia.com,Attachment #147715                Attachment is obsolete,1,0
2010-09-20 05:06:07 EDT,caspar_d@nomagicasia.com,Flags,review?(stepper@esc-net.de),
2010-09-23 01:55:38 EDT,caspar_d@nomagicasia.com,Attachment #179230                Attachment is obsolete,1,0
2010-09-24 04:26:25 EDT,caspar_d@nomagicasia.com,Attachment #179430                Attachment is obsolete,1,0
2010-09-24 04:26:55 EDT,caspar_d@nomagicasia.com,Summary,Sticky views,Time-pegged transactions
2010-10-01 05:30:38 EDT,stepper@esc-net.de,Attachment #179502                Attachment is obsolete,1,0
2010-10-01 05:30:57 EDT,stepper@esc-net.de,QA Contact,stepper@esc-net.de,
2010-10-01 05:30:57 EDT,stepper@esc-net.de,Flags,review+,review?(stepper@esc-net.de)
2010-10-01 05:37:04 EDT,caspar_d@nomagicasia.com,Status,RESOLVED,ASSIGNED
2010-10-01 05:37:04 EDT,caspar_d@nomagicasia.com,Resolution,FIXED,---
2010-10-01 05:37:19 EDT,caspar_d@nomagicasia.com,Attachment #180029                Attachment is obsolete,1,0
2011-01-28 05:45:56 EST,stepper@esc-net.de,Whiteboard,Power to the People,
2011-05-23 04:31:08 EDT,stepper@esc-net.de,Attachment #147715                Flags,iplog+,
2011-06-02 04:14:04 EDT,stepper@esc-net.de,Keywords,noteworthy,
2011-06-02 04:15:33 EDT,stepper@esc-net.de,Summary,Provide sticky views,Sticky views
2011-06-23 03:38:40 EDT,stepper@esc-net.de,Status,CLOSED,RESOLVED
