When, Who, What, Added, Removed
2009-09-21 14:30:02 EDT,michael.f.obrien@eclipselink.org,Keywords,performance,
2009-09-21 14:30:02 EDT,michael.f.obrien@eclipselink.org,Priority,P4,P3
2009-09-21 14:30:02 EDT,michael.f.obrien@eclipselink.org,Target Milestone,Future,---
2009-09-21 14:30:02 EDT,michael.f.obrien@eclipselink.org,Whiteboard,simple_fix,
2009-09-21 14:57:45 EDT,michael.f.obrien@eclipselink.org,Priority,P3,P4
2009-09-21 14:57:45 EDT,michael.f.obrien@eclipselink.org,Target Milestone,---,Future
2009-09-21 14:57:45 EDT,michael.f.obrien@eclipselink.org,Severity,normal,minor
2009-09-21 15:06:19 EDT,michael.f.obrien@eclipselink.org,Blocks,289108,
2009-09-24 09:06:25 EDT,tom.ware@oracle.com,Priority,P4,P3
2009-09-24 09:06:25 EDT,tom.ware@oracle.com,CC,tom.ware@oracle.com,
2009-09-24 09:06:25 EDT,tom.ware@oracle.com,Target Milestone,Future,---
2010-06-08 10:26:16 EDT,tom.ware@oracle.com,Status,ASSIGNED,NEW
2010-06-08 10:26:16 EDT,tom.ware@oracle.com,Assignee,tom.ware@oracle.com,eclipselink.orm-inbox@eclipse.org
2010-06-08 10:26:16 EDT,tom.ware@oracle.com,Target Milestone,2.2.0,Future
2010-06-08 15:23:55 EDT,tom.ware@oracle.com,Status,CLOSED,ASSIGNED
2010-06-08 15:23:55 EDT,tom.ware@oracle.com,Resolution,FIXED,---
