When, Who, What, Added, Removed
2009-09-24 12:32:21 EDT,david.green@tasktop.com,Hardware,All,PC
2009-09-24 12:32:21 EDT,david.green@tasktop.com,OS,All,Windows Vista
2009-12-04 20:31:55 EST,david.green@tasktop.com,Status,RESOLVED,NEW
2009-12-04 20:31:55 EST,david.green@tasktop.com,Resolution,FIXED,---
2009-12-04 20:31:55 EST,david.green@tasktop.com,Target Milestone,3.4,---
2009-12-04 20:32:25 EST,david.green@tasktop.com,Keywords,noteworthy,
2009-12-04 20:48:47 EST,david.green@tasktop.com,Status,REOPENED,RESOLVED
2009-12-04 20:48:47 EST,david.green@tasktop.com,Resolution,---,FIXED
2009-12-07 00:27:11 EST,david.green@tasktop.com,Status,RESOLVED,REOPENED
2009-12-07 00:27:11 EST,david.green@tasktop.com,Resolution,FIXED,---
2011-01-05 11:20:53 EST,webmaster@eclipse.org,CC,webmaster@eclipse.org,
2011-01-05 11:20:53 EST,webmaster@eclipse.org,Component,Wikitext,WikiText
2011-01-05 11:20:53 EST,webmaster@eclipse.org,Version,1.1,3.2
2011-01-05 11:20:53 EST,webmaster@eclipse.org,Assignee,mylyn-inbox@eclipse.org,david.green@tasktop.com
2011-01-05 11:20:53 EST,webmaster@eclipse.org,Product,Mylyn Docs,Mylyn
2011-01-05 11:20:53 EST,webmaster@eclipse.org,Target Milestone,1.3.0,3.4
2011-01-05 11:20:53 EST,webmaster@eclipse.org,QA Contact,david.green@tasktop.com,
2011-11-07 12:05:05 EST,david.green@tasktop.com,Assignee,david.green@tasktop.com,mylyn-inbox@eclipse.org
