When, Who, What, Added, Removed
2009-09-22 01:30:38 EDT,bluesoldier@gmail.com,CC,jweathersby@actuate.com, xgu@actuate.com,
2009-10-13 02:38:10 EDT,bluesoldier@gmail.com,Assignee,jweathersby@actuate.com,Birt-Build-inbox@eclipse.org
2010-02-23 16:43:35 EST,wenfeng.fwd@gmail.com,CC,wli@actuate.com,
2010-02-23 16:55:19 EST,wenfeng.fwd@gmail.com,Target Milestone,2.6.0,---
2010-05-11 21:29:14 EDT,wenfeng.fwd@gmail.com,Status,RESOLVED,NEW
2010-05-11 21:29:14 EDT,wenfeng.fwd@gmail.com,Resolution,FIXED,---
2010-06-24 04:24:13 EDT,bluesoldier@gmail.com,Whiteboard,Obsolete,
