When, Who, What, Added, Removed
2009-09-22 02:54:47 EDT,daniel_megert@ch.ibm.com,CC,daniel_megert@ch.ibm.com,
2009-09-22 13:04:08 EDT,Olivier_Thomann@ca.ibm.com,CC,Olivier_Thomann@ca.ibm.com,
2009-09-22 13:04:08 EDT,Olivier_Thomann@ca.ibm.com,Assignee,kent_johnson@ca.ibm.com,jdt-core-inbox@eclipse.org
2009-10-05 10:39:49 EDT,Olivier_Thomann@ca.ibm.com,Assignee,Olivier_Thomann@ca.ibm.com,kent_johnson@ca.ibm.com
2009-10-05 10:40:56 EDT,Olivier_Thomann@ca.ibm.com,Status,RESOLVED,NEW
2009-10-05 10:40:56 EDT,Olivier_Thomann@ca.ibm.com,Resolution,FIXED,---
2009-10-05 10:40:56 EDT,Olivier_Thomann@ca.ibm.com,Target Milestone,3.6 M3,---
2009-10-27 06:38:16 EDT,jarthana@in.ibm.com,CC,jarthana@in.ibm.com,
2009-10-27 07:31:49 EDT,frederic_fusier@fr.ibm.com,Status,VERIFIED,RESOLVED
