When, Who, What, Added, Removed
2006-01-02 18:33:59 PST,dougt,CC,beng.bugs, dveditz,
2006-01-02 18:45:21 PST,rflint,CC,mario.ernst,
2006-01-02 18:47:38 PST,gavin.sharp,CC,gavin.sharp,
2006-01-02 18:50:24 PST,jruderman,Keywords,privacy,
2006-01-02 18:50:24 PST,jruderman,CC,jruderman,
2006-01-02 20:02:22 PST,ispiked,CC,ispiked,
2006-01-03 05:36:23 PST,ria.klaassen,CC,ria.klaassen,
2006-01-09 13:47:40 PST,dveditz,Flags,blocking1.8.1?,
2006-02-02 03:59:18 PST,pike,CC,pike,
2006-05-22 13:56:52 PDT,rflint,CC,billy.b.monkey,
2006-05-23 12:24:33 PDT,zeniko,Attachment #223077                Flags,review?(mconnor),
2006-05-23 12:26:32 PDT,zeniko,Hardware,All,PC
2006-05-23 12:26:32 PDT,zeniko,OS,All,Windows XP
2006-05-23 12:26:32 PDT,zeniko,CC,zeniko,
2006-05-23 14:27:32 PDT,zeniko,Attachment #223098                Flags,review?(darin),
2006-05-23 23:04:10 PDT,zeniko,Attachment #223098                Attachment is obsolete,1,0
2006-05-23 23:04:10 PDT,zeniko,Attachment #223137                Flags,review?(darin),
2006-05-23 23:04:10 PDT,zeniko,Attachment #223098                Flags,,review?(darin)
2006-05-25 03:31:36 PDT,zeniko,Attachment #223137                Attachment is obsolete,1,0
2006-05-25 03:31:36 PDT,zeniko,Attachment #223285                Flags,review?(darin),
2006-05-25 03:31:36 PDT,zeniko,Attachment #223137                Flags,,review?(darin)
2006-06-01 20:41:54 PDT,darin.moz,Attachment #223285                Flags,review+, superreview?(mconnor),review?(darin)
2006-06-10 05:04:26 PDT,zeniko,Attachment #223287                Attachment is obsolete,1,0
2006-07-12 16:15:56 PDT,zeniko,Attachment #223077                Flags,,review?(mconnor)
2006-07-12 16:30:04 PDT,zeniko,Status,ASSIGNED,NEW
2006-07-12 16:30:04 PDT,zeniko,Target Milestone,Firefox 2 beta2,---
2006-07-12 16:30:04 PDT,zeniko,Flags,blocking-firefox2?,
2006-07-13 12:26:33 PDT,mconnor,Flags,blocking-firefox2+,blocking-firefox2?
2006-07-17 09:50:55 PDT,mconnor,Attachment #223285                Flags,superreview+,superreview?(mconnor)
2006-07-17 11:16:56 PDT,zeniko,Whiteboard,[checkin needed],
2006-07-17 11:16:56 PDT,zeniko,Status,NEW,ASSIGNED
2006-07-17 11:16:56 PDT,zeniko,Assignee,zeniko,nobody
2006-07-18 08:17:50 PDT,ancestor.ak,CC,ancestor.ak,
2006-07-19 05:52:41 PDT,gavin.sharp,Whiteboard,,[checkin needed]
2006-07-19 05:52:41 PDT,gavin.sharp,Status,RESOLVED,NEW
2006-07-19 05:52:41 PDT,gavin.sharp,Resolution,FIXED,---
2006-07-19 05:52:41 PDT,gavin.sharp,Last Resolved,2006-07-19 05:52:41,
2006-07-19 07:40:45 PDT,bugzillamozillaorg_serge_20140323,Blocks,344955,
2006-07-20 08:44:15 PDT,gavin.sharp,Depends on,345327,
2006-07-20 13:04:52 PDT,zeniko,Attachment #223077                Attachment is obsolete,1,0
2006-07-20 13:04:52 PDT,zeniko,Attachment #225118                Attachment is obsolete,1,0
2006-07-20 13:04:52 PDT,zeniko,Attachment #229998                Flags,approval1.8.1?,
2006-07-21 11:06:15 PDT,mconnor,Attachment #229998                Flags,approval1.8.1+,approval1.8.1?
2006-07-24 15:20:28 PDT,zeniko,Whiteboard,[checkin needed (1.8 branch)],
2006-07-25 14:06:03 PDT,gavin.sharp,Keywords,fixed1.8.1,
2006-07-25 14:06:03 PDT,gavin.sharp,Whiteboard,,[checkin needed (1.8 branch)]
2006-07-25 21:57:49 PDT,bugspam.Callek,CC,bugspam.Callek,
2006-07-26 07:03:10 PDT,steve.england,CC,steve.england,
2006-07-28 17:09:18 PDT,BoxerBoi76,Depends on,346372,
2006-08-29 07:16:10 PDT,rflint,CC,d_hant,
2006-09-18 02:43:18 PDT,rflint,CC,dan.jackson,
2006-11-01 23:34:55 PST,gavin.sharp,CC,bzbarsky,
2007-02-05 15:12:51 PST,bugzilla,CC,cjames53,
