When, Who, What, Added, Removed
2006-01-02 18:32:32 PST,jruderman,Summary,Shockwave map doesn't appear on trunk,Shockwave map doesn't work on trunk
2006-01-02 18:32:46 PST,jruderman,Version,Trunk,1.8 Branch
2006-01-03 02:42:52 PST,gavin.sharp,CC,gavin.sharp,
2006-01-03 05:30:29 PST,ria.klaassen,CC,ria.klaassen,
2006-01-04 16:47:38 PST,jruderman,Blocks,1156,
2006-01-05 09:23:43 PST,patrick.hendriks+bugzilla,CC,patrick.hendriks+bugzilla,
2006-01-05 19:18:18 PST,ispiked,CC,ispiked,
2006-05-09 19:10:29 PDT,ryanvm,CC,ryanvm,
2006-10-11 22:42:25 PDT,bzbarsky,Flags,blocking1.9?,
2007-02-15 17:19:25 PST,jonas,Assignee,cbiesinger,nobody
2007-02-15 17:19:25 PST,jonas,CC,jonas,
2007-02-15 17:19:25 PST,jonas,Flags,blocking1.9+,blocking1.9?
2007-02-26 06:03:54 PST,cbiesinger,Status,ASSIGNED,NEW
2007-06-18 19:47:05 PDT,mtschrep,Whiteboard,qawanted,
2007-06-18 19:47:05 PDT,mtschrep,CC,mtschrep,
2007-07-20 11:04:37 PDT,cbiesinger,Hardware,All,Macintosh
2007-07-20 11:04:37 PDT,cbiesinger,OS,All,Mac OS X
2007-07-20 11:08:52 PDT,cbiesinger,Hardware,Macintosh,All
2007-07-20 11:08:52 PDT,cbiesinger,OS,Mac OS X,All
2007-07-30 13:22:45 PDT,cbiesinger,Attachment #256070                Attachment is obsolete,1,0
2007-07-30 13:22:45 PDT,cbiesinger,Attachment #274504                Flags,review?(jst), superreview?(bzbarsky),
2007-07-30 18:13:33 PDT,cbiesinger,Attachment #274504                Attachment is obsolete,1,0
2007-07-30 18:13:33 PDT,cbiesinger,Attachment #274504                Flags,,review?(jst), superreview?(bzbarsky)
2007-07-30 18:14:45 PDT,cbiesinger,URL,http://biesi.damowmow.com/shockwave.html,http://darkwing.uoregon.edu/~atlas/europe/interactive/map32.html
2007-07-30 19:38:24 PDT,jwalden+bmo,CC,jwalden+bmo,
2007-07-31 11:02:40 PDT,cbiesinger,Attachment #274651                Flags,review?(jst), superreview?(bzbarsky),
2007-07-31 11:23:29 PDT,bzbarsky,Attachment #274651                Flags,superreview+,superreview?(bzbarsky)
2007-07-31 15:02:09 PDT,jst,Attachment #274651                Flags,review+,review?(jst)
2007-08-01 14:08:06 PDT,dsicore,Target Milestone,mozilla1.9 M8,---
2007-08-01 14:08:06 PDT,dsicore,CC,dsicore,
2007-08-02 13:22:18 PDT,cbiesinger,Status,RESOLVED,ASSIGNED
2007-08-02 13:22:18 PDT,cbiesinger,Resolution,FIXED,---
2007-08-02 13:22:18 PDT,cbiesinger,Last Resolved,2007-08-02 13:22:18,
