When, Who, What, Added, Removed
2006-01-02 20:46:33 PST,alqahira,Flags,camino1.0?,
2006-01-04 03:16:12 PST,krmathis,CC,krmathis,
2006-01-04 14:20:55 PST,mozpreed,Status,RESOLVED,NEW
2006-01-04 14:20:55 PST,mozpreed,Resolution,DUPLICATE,---
2006-01-04 14:20:55 PST,mozpreed,Last Resolved,2006-01-04 14:20:55,
2006-01-13 16:55:42 PST,bugzilla-graveyard,Status,REOPENED,RESOLVED
2006-01-13 16:55:42 PST,bugzilla-graveyard,Resolution,---,DUPLICATE
2006-01-13 16:55:42 PST,bugzilla-graveyard,CC,bugzilla,
2006-01-13 20:32:10 PST,alqahira,CC,mark,
2006-01-15 21:06:52 PST,sfraser_bugs,Keywords,fixed1.8.0.1, fixed1.8.1,
2006-01-15 21:06:52 PST,sfraser_bugs,Status,RESOLVED,REOPENED
2006-01-15 21:06:52 PST,sfraser_bugs,Resolution,FIXED,---
2006-01-15 21:06:52 PST,sfraser_bugs,Last Resolved,2006-01-15 21:06:52,2006-01-04 14:20:55
2006-01-18 02:22:10 PST,alqahira,Flags,camino1.0+,camino1.0?
2006-01-30 10:13:07 PST,bugzilla-graveyard,Status,VERIFIED,RESOLVED
