When, Who, What, Added, Removed
2006-01-02 17:28:05 PST,julien.pierre,URL,http://www.mozilla.org/projects/nspr/reference/html/prerr.html,
2006-01-02 17:28:05 PST,julien.pierre,Summary,Documentation for PR_FILE_IS_BUSY_ERROR is incorrect,Documentation for PR_FILE_IS_BUSY is incorrect
2006-01-03 09:35:01 PST,wtc,Status,RESOLVED,NEW
2006-01-03 09:35:01 PST,wtc,Resolution,FIXED,---
2006-01-03 09:35:01 PST,wtc,Target Milestone,4.7,---
2006-01-03 09:35:01 PST,wtc,Last Resolved,2006-01-03 09:35:01,
