When, Who, What, Added, Removed
2006-01-02 20:27:51 PST,dbaron,Flags,blocking1.7.13+, blocking1.8.1+, blocking1.8.0.1+, blocking1.9a1+, blocking-aviary1.0.8+,
2006-01-02 20:29:10 PST,gavin.sharp,CC,gavin.sharp,
2006-01-02 20:31:36 PST,dbaron,CC,l10n,
2006-01-04 14:20:55 PST,mozpreed,CC,alqahira,
2006-01-06 12:35:07 PST,mozpreed,Assignee,preed,nobody
2006-01-06 12:35:07 PST,mozpreed,Attachment #207754                Flags,review?,
2006-01-06 12:35:07 PST,mozpreed,Status,ASSIGNED,NEW
2006-01-06 12:35:49 PST,mozpreed,Attachment #207754                Flags,review?(chase), review?(benjamin),review?
2006-01-06 13:21:56 PST,benjamin,Attachment #207754                Flags,review+,review?(benjamin)
2006-01-06 13:27:38 PST,chase,Attachment #207754                Flags,review+,review?(chase)
2006-01-06 14:03:30 PST,mozpreed,Attachment #207754                Flags,approval1.8.0.1?,
2006-01-09 11:17:33 PST,dveditz,CC,axel,
2006-01-09 12:19:42 PST,l10n,CC,gerv,axel
2006-01-09 15:11:40 PST,benjamin,CC,chase,
2006-01-09 16:32:27 PST,dveditz,Attachment #207754                Flags,approval1.8.0.1+, approval1.8.1+,approval1.8.0.1?
2006-01-10 19:09:36 PST,dveditz,Keywords,fixed1.8.0.1,
2006-01-11 05:26:31 PST,jwalden+fxhelp,CC,jwalden+fxhelp,
2006-01-13 20:24:54 PST,mnordhoff,CC,mnordhoff,
2006-01-18 02:15:33 PST,alqahira,CC,,alqahira
2006-01-18 09:30:25 PST,steffen.wilberg,CC,steffen.wilberg,
2006-02-10 11:48:05 PST,timr,Flags,blocking1.7.13-, blocking-aviary1.0.8-, blocking1.7.14?, blocking-aviary1.0.9?,blocking1.7.13+, blocking-aviary1.0.8+
2006-02-22 11:37:01 PST,pjandrel+bmo,CC,pjandrel,
2006-03-17 07:18:50 PST,pike,CC,pike,
2006-04-10 20:48:56 PDT,bugzilla,CC,dynamis-bugzilla,
2006-04-17 10:41:01 PDT,nb,CC,nb,
2006-04-25 08:04:33 PDT,djcater+bugzilla,CC,DJCater,
2006-05-05 07:15:23 PDT,cimmino.marco,CC,cimmo,
2006-05-13 10:14:20 PDT,steffen.wilberg,Attachment #207396                Attachment is obsolete,1,0
2006-05-24 05:36:26 PDT,xanthor+bz,CC,xanthor,
2006-06-28 19:22:13 PDT,mbeltzner,Whiteboard,[checkin needed],
2006-07-03 08:34:11 PDT,gavin.sharp,Keywords,fixed1.8.1,
2006-07-03 08:34:26 PDT,gavin.sharp,Whiteboard,,[checkin needed]
2006-07-29 04:33:03 PDT,sciguyryan,CC,debian-bugs,
2006-08-03 16:00:13 PDT,dbaron,Flags,blocking1.9+,
2006-10-16 05:53:47 PDT,sciguyryan,CC,r_j_rajesh,
2006-11-28 11:09:08 PST,gavin.sharp,Flags,,blocking1.9a1+
2007-02-02 00:28:49 PST,mozpreed,Status,RESOLVED,ASSIGNED
2007-02-02 00:28:49 PST,mozpreed,Resolution,FIXED,---
2007-02-02 00:28:49 PST,mozpreed,Last Resolved,2007-02-02 00:28:49,
2007-12-14 19:37:44 PST,bugzilla,CC,bugzilla,
2008-03-08 10:30:23 PST,mic,CC,mic,
