When, Who, What, Added, Removed
2006-01-02 20:44:40 PST,rflint,Product,Tech Evangelism,Firefox
2006-01-02 20:44:40 PST,rflint,Component,English US,General
2006-01-02 20:44:40 PST,rflint,Assignee,english-us,nobody
2006-01-02 20:44:40 PST,rflint,QA Contact,english-us,general
2006-01-02 20:44:40 PST,rflint,CC,rflint,
2006-01-03 16:11:32 PST,ostgote,Summary,walledlake.k12.mi.us - Page uses VML therefor it does not render and work correctly and links do not work.,Page does not render and work correctly and links do not work.
2008-05-31 20:18:11 PDT,bugzilla-graveyard,Last Resolved,2008-05-31 20:18:11,
2008-05-31 20:18:11 PDT,bugzilla-graveyard,Hardware,All,PC
2008-05-31 20:18:11 PDT,bugzilla-graveyard,OS,All,Windows XP
2008-05-31 20:18:11 PDT,bugzilla-graveyard,Status,RESOLVED,UNCONFIRMED
2008-05-31 20:18:11 PDT,bugzilla-graveyard,Resolution,FIXED,---
2008-05-31 20:18:11 PDT,bugzilla-graveyard,CC,cl-bugs-new,
2015-04-19 23:39:42 PDT,nobody,Product,Tech Evangelism Graveyard,Tech Evangelism
