When, Who, What, Added, Removed
2006-01-03 00:30:42 PST,gavin.sharp,CC,gavin.sharp,
2006-01-03 08:16:32 PST,bzbarsky,CC,bryner, dbaron,
2006-01-03 10:25:21 PST,bernd_mozilla,Status,ASSIGNED,NEW
2006-01-03 10:25:21 PST,bernd_mozilla,Assignee,bernd_mozilla,general
2006-01-03 10:29:16 PST,bernd_mozilla,Attachment #207426                Attachment is obsolete,1,0
2006-01-03 19:47:08 PST,ispiked,CC,ispiked,
2006-01-06 09:29:10 PST,hhschwab,CC,hhschwab,
2006-01-06 10:30:45 PST,bernd_mozilla,Attachment #207521                Attachment is obsolete,1,0
2006-01-06 10:30:45 PST,bernd_mozilla,Attachment #207737                Flags,review?(bzbarsky), superreview?(bzbarsky),
2006-01-06 14:57:44 PST,bzbarsky,Attachment #207737                Flags,review+, superreview+,review?(bzbarsky), superreview?(bzbarsky)
2006-01-07 12:55:31 PST,bernd_mozilla,Status,RESOLVED,ASSIGNED
2006-01-07 12:55:31 PST,bernd_mozilla,Resolution,FIXED,---
2006-01-07 12:55:31 PST,bernd_mozilla,CC,martijn.martijn,
2006-01-07 12:55:31 PST,bernd_mozilla,Last Resolved,2006-01-07 12:55:31,
2006-01-07 17:58:04 PST,jruderman,CC,bob,
2006-01-09 03:04:22 PST,jwatt,CC,jonathan.watt,
2006-01-13 00:04:35 PST,bernd_mozilla,Attachment #207737                Flags,approval1.8.0.2?, approval1.8.1?,
2006-01-31 06:25:11 PST,benjamin,Attachment #207737                Flags,branch-1.8.1?(bzbarsky),approval1.8.1?
2006-01-31 10:33:42 PST,bzbarsky,Attachment #207737                Flags,branch-1.8.1+,branch-1.8.1?(bzbarsky)
2006-02-22 00:27:37 PST,dveditz,Flags,blocking1.8.0.2+,
2006-02-22 00:27:41 PST,dveditz,Attachment #207737                Flags,approval1.8.0.2+,approval1.8.0.2?
2006-02-22 12:39:33 PST,bernd_mozilla,Keywords,fixed1.8.0.2,
2006-02-23 12:45:08 PST,bzbarsky,Flags,blocking1.8.1+,
2006-02-24 22:36:29 PST,bernd_mozilla,Keywords,fixed1.8.1,
2006-03-02 13:58:36 PST,mozmail,Whiteboard,[rft-dl],
2006-03-02 14:47:31 PST,mozillamarcia.knous,Keywords,verified1.8.0.2,fixed1.8.0.2
2006-08-10 12:32:32 PDT,mozillamarcia.knous,Keywords,verified1.8.1,fixed1.8.1
2007-12-13 00:02:49 PST,jruderman,Flags,in-testsuite+,
2011-06-13 10:01:44 PDT,nobody,Crash Signature,[@ nsBox::DoesNeedRecalc],
