When, Who, What, Added, Removed
2006-01-02 16:26:44 PST,gavin.sharp,Blocks,213207,
2006-01-02 16:27:21 PST,gavin.sharp,Priority,P2,--
2006-01-02 16:27:21 PST,gavin.sharp,CC,gavin.sharp,
2006-01-02 16:27:21 PST,gavin.sharp,Target Milestone,mozilla1.9alpha1,---
2006-01-02 16:27:21 PST,gavin.sharp,Status,ASSIGNED,NEW
2006-01-02 18:08:38 PST,ispiked,CC,ispiked,
2006-01-03 12:46:37 PST,gavin.sharp,Attachment #207376                Flags,first-review?(bugs.mano), second-review?(neil.parkwaycc.co.uk),
2006-02-04 08:46:37 PST,gavin.sharp,Whiteboard,[patch-r?],
2006-02-19 21:40:45 PST,gavin.sharp,Target Milestone,mozilla1.8.1,mozilla1.9alpha1
2006-03-13 06:32:38 PST,neil,Attachment #207376                Flags,second-review+,second-review?(neil)
2006-03-13 06:48:04 PST,gavin.sharp,Attachment #207376                Attachment is obsolete,1,0
2006-03-13 06:48:04 PST,gavin.sharp,Attachment #207376                Flags,,first-review?(bugs.mano)
2006-03-13 06:48:26 PST,gavin.sharp,Whiteboard,,[patch-r?]
2006-03-17 11:39:34 PST,aaronlev,CC,mozilla,
2006-03-17 11:49:36 PST,pilgrim,CC,,mozilla
2006-03-17 11:49:46 PST,pilgrim,CC,pilgrim,
2006-03-29 13:34:24 PST,gavin.sharp,Resolution,FIXED,---
2006-03-29 13:34:24 PST,gavin.sharp,Last Resolved,2006-03-29 13:34:24,
2006-03-29 13:34:24 PST,gavin.sharp,Status,RESOLVED,ASSIGNED
2006-04-12 11:29:39 PDT,gavin.sharp,Attachment #214905                Flags,approval-branch-1.8.1?(neil),
2006-04-12 17:14:52 PDT,neil,Attachment #214905                Flags,approval-branch-1.8.1+,approval-branch-1.8.1?(neil)
2006-05-06 11:17:35 PDT,gavin.sharp,Whiteboard,[checkin needed (1.8 branch)],
2006-05-12 10:38:23 PDT,hwaara,CC,hwaara,
2006-05-15 13:17:35 PDT,gavin.sharp,Keywords,fixed1.8.1,
2006-05-15 13:17:35 PDT,gavin.sharp,Whiteboard,,[checkin needed (1.8 branch)]
