When, Who, What, Added, Removed
2006-01-03 02:43:34 PST,gavin.sharp,CC,gavin.sharp,
2006-01-03 19:55:54 PST,ispiked,CC,ispiked,
2006-01-07 23:11:06 PST,jwalden+bmo,Attachment #207872                Flags,review?(benjamin), superreview?(benjamin),
2006-01-09 09:43:31 PST,benjamin,Attachment #207872                Flags,review?(dougt),review?(benjamin), superreview?(benjamin)
2006-01-09 12:35:29 PST,dougt,Attachment #207872                Flags,review+,review?(dougt)
2006-01-09 21:27:14 PST,jwalden+bmo,Attachment #207872                Flags,superreview?(shaver),
2006-01-24 11:00:42 PST,shaver,Attachment #207872                Flags,superreview+, approval1.8.0.2?, approval1.8.1?,superreview?(shaver)
2006-01-31 06:24:41 PST,benjamin,Attachment #207872                Flags,branch-1.8.1+,approval1.8.1?
2006-02-22 11:50:34 PST,dveditz,Attachment #207872                Flags,approval1.8.0.2-,approval1.8.0.2?
2006-03-29 10:59:29 PST,jwalden+bmo,Blocks,332139,
2006-03-30 01:59:30 PST,jag-mozilla,CC,jag,
2006-03-30 09:39:59 PST,jwalden+bmo,Status,RESOLVED,NEW
2006-03-30 09:39:59 PST,jwalden+bmo,Resolution,FIXED,---
2006-03-30 09:39:59 PST,jwalden+bmo,Last Resolved,2006-03-30 09:39:59,
2006-03-30 09:41:34 PST,jwalden+bmo,Resolution,---,FIXED
2006-03-30 09:41:34 PST,jwalden+bmo,Status,REOPENED,RESOLVED
2013-01-16 07:13:47 PST,benjamin,Status,RESOLVED,REOPENED
2013-01-16 07:13:47 PST,benjamin,Resolution,FIXED,---
2013-01-16 07:13:47 PST,benjamin,Last Resolved,2013-01-16 07:13:47,2006-03-30 09:39:59
