When, Who, What, Added, Removed
2006-02-13 07:44:18 PST,ray,Assignee,nobody,p_ch
2008-12-21 07:53:41 PST,wladow,Assignee,wladow,nobody
2008-12-21 07:53:41 PST,wladow,Attachment #354050                Flags,review?(neil), superreview?(neil),
2008-12-21 07:53:41 PST,wladow,Status,ASSIGNED,NEW
2008-12-31 06:20:53 PST,neil,Attachment #354050                Flags,review+, superreview+,review?(neil), superreview?(neil)
2009-01-01 02:37:32 PST,wladow,Attachment #355018                Flags,review?(neil), superreview?(neil),
2009-01-01 15:56:01 PST,neil,Attachment #355018                Flags,superreview-,review?(neil), superreview?(neil)
2009-01-02 07:32:15 PST,wladow,Attachment #355018                Attachment is obsolete,1,0
2009-01-02 07:32:15 PST,wladow,Attachment #355119                Flags,review?(neil), superreview?(neil),
2009-01-02 13:17:14 PST,neil,Attachment #355119                Flags,review+, superreview+,review?(neil), superreview?(neil)
2009-01-02 13:30:38 PST,wladow,Keywords,checkin-needed,
2009-01-02 13:32:42 PST,wladow,Target Milestone,seamonkey2.0a3,---
2009-01-02 22:59:17 PST,bugzillamozillaorg_serge_20140323,Attachment #355156                Attachment description,combined patch for checkin[Checkin: Comment 9],combined patch for checkin
2009-01-02 23:00:04 PST,bugzillamozillaorg_serge_20140323,Keywords,,checkin-needed
2009-01-02 23:00:04 PST,bugzillamozillaorg_serge_20140323,Status,RESOLVED,ASSIGNED
2009-01-02 23:00:04 PST,bugzillamozillaorg_serge_20140323,Resolution,FIXED,---
2009-01-02 23:00:04 PST,bugzillamozillaorg_serge_20140323,Last Resolved,2009-01-02 23:00:04,
2009-10-23 12:55:15 PDT,jh,CC,jh,
2009-11-26 06:59:17 PST,wladow,Attachment #414727                Flags,review?(neil),
2009-11-26 06:59:58 PST,wladow,Status,REOPENED,RESOLVED
2009-11-26 06:59:58 PST,wladow,Resolution,---,FIXED
2009-11-26 08:03:58 PST,neil,Attachment #414727                Flags,review+, approval-seamonkey2.0.1+,review?(neil)
2009-11-26 08:37:48 PST,wladow,Keywords,checkin-needed,
2009-11-26 14:11:41 PST,jh,Attachment #414727                Attachment description,re-add the menupopup ID [Checkin: comment 12],re-add the menupopup ID
2009-11-26 14:12:28 PST,jh,Resolution,FIXED,---
2009-11-26 14:12:28 PST,jh,Last Resolved,2009-11-26 14:12:28,2009-01-02 23:00:04
2009-11-26 14:12:28 PST,jh,Keywords,,checkin-needed
2009-11-26 14:12:28 PST,jh,Status,RESOLVED,REOPENED
2009-11-27 04:54:49 PST,jh,Keywords,fixed-seamonkey2.0.1,
