When, Who, What, Added, Removed
2006-01-03 23:11:34 PST,bugzilla,CC,bugzilla,
2006-01-10 14:54:14 PST,bugs,Severity,major,normal
2006-01-10 14:54:14 PST,bugs,Priority,P2,--
2006-01-10 14:54:14 PST,bugs,Assignee,annie.sullivan,nobody
2006-01-17 11:45:53 PST,dtownsend,CC,mossop,
2006-01-27 13:05:14 PST,brettw,Assignee,brettw,annie.sullivan
2006-01-27 13:24:03 PST,brettw,Status,RESOLVED,NEW
2006-01-27 13:24:03 PST,brettw,Resolution,FIXED,---
2006-01-27 13:24:03 PST,brettw,Last Resolved,2006-01-27 13:24:03,
2009-11-26 06:35:36 PST,gerv,QA Contact,bookmarks,places
2009-11-26 06:35:36 PST,gerv,Component,Bookmarks & History,Places
