When, Who, What, Added, Removed
2006-01-03 15:46:23 PST,martijn.martijn,CC,martijn.martijn,
2006-01-03 15:49:30 PST,martijn.martijn,Depends on,322205,
2006-01-03 20:36:04 PST,ispiked,CC,ispiked,
2006-01-06 18:29:20 PST,agustinmfernandez,CC,yo,
2006-03-05 09:30:20 PST,amla70,Status,NEW,UNCONFIRMED
2006-03-05 09:30:20 PST,amla70,CC,alfonso-bugs,
2006-03-05 09:30:20 PST,amla70,Ever confirmed,1,0
2006-09-06 02:02:39 PDT,daniel,Assignee,daniel,mozeditor
2006-09-06 02:02:39 PDT,daniel,CC,bienvenu, mscott,
2006-09-06 02:51:38 PDT,daniel,Attachment #236940                Flags,review?(neil),
2006-09-06 03:57:53 PDT,daniel,Attachment #236940                Attachment is obsolete,1,0
2006-09-06 03:57:53 PDT,daniel,Attachment #236942                Flags,review?(neil),
2006-09-06 03:57:53 PDT,daniel,Attachment #236940                Flags,,review?(neil)
2006-09-06 03:59:51 PDT,daniel,Summary,merging two paragraphs using backspace/delete key leaves an unwanted BR element,[MIDAS] BACKSPACE when at the begining of an paragraph leaves an unwanted BR.
2006-09-06 03:59:51 PDT,daniel,Status,ASSIGNED,NEW
2006-09-06 03:59:51 PDT,daniel,CC,neil,
2006-09-06 04:06:40 PDT,magicdice,CC,magicdice,
2006-09-06 08:07:56 PDT,gavin.sharp,CC,gavin.sharp,
2006-09-06 08:50:11 PDT,neil,Attachment #236942                Flags,review+,review?(neil)
2006-09-06 09:52:42 PDT,daniel,Attachment #236942                Flags,superreview?(bzbarsky),
2006-09-06 10:44:28 PDT,bzbarsky,Attachment #236942                Flags,superreview-,superreview?(bzbarsky)
2006-09-07 02:13:29 PDT,daniel,Attachment #236942                Attachment is obsolete,1,0
2006-09-07 02:13:29 PDT,daniel,Attachment #237094                Flags,review?(neil), superreview?(bzbarsky),
2006-09-07 02:38:51 PDT,neil,Attachment #237094                Flags,review+,review?(neil)
2006-09-07 08:29:17 PDT,bzbarsky,Attachment #237094                Flags,superreview+,superreview?(bzbarsky)
2006-09-13 01:28:53 PDT,daniel,Resolution,FIXED,---
2006-09-13 01:28:53 PDT,daniel,Last Resolved,2006-09-13 01:28:53,
2006-09-13 01:28:53 PDT,daniel,Status,RESOLVED,ASSIGNED
