When, Who, What, Added, Removed
2009-01-04 14:44:19 PST,wladow,Status,ASSIGNED,NEW
2009-01-04 14:44:19 PST,wladow,Assignee,wladow,mail
2009-01-04 14:44:19 PST,wladow,Attachment #355331                Flags,review?(philringnalda), superreview?(neil),
2009-01-04 15:54:29 PST,neil,Attachment #355331                Flags,superreview+, review?(mnyromyr),superreview?(neil)
2009-01-18 15:33:13 PST,mnyromyr,Attachment #355331                Flags,review-,review?(mnyromyr)
2009-01-18 16:17:11 PST,wladow,Attachment #355331                Attachment is obsolete,1,0
2009-01-18 16:17:11 PST,wladow,Attachment #357592                Flags,review?(mnyromyr), superreview?(neil),
2009-01-18 16:17:11 PST,wladow,Attachment #355331                Flags,,review?(philringnalda)
2009-01-18 16:17:38 PST,wladow,Attachment #357592                Flags,review?(philringnalda),
2009-01-18 16:22:10 PST,neil,Attachment #357592                Flags,superreview+,superreview?(neil)
2009-01-19 13:15:18 PST,mnyromyr,Attachment #357592                Flags,review+,review?(mnyromyr)
2009-01-19 20:02:13 PST,philringnalda,Attachment #357592                Flags,review+,review?(philringnalda)
2009-01-20 00:54:08 PST,wladow,Keywords,checkin-needed,
2009-01-20 00:54:08 PST,wladow,Target Milestone,seamonkey2.0a3,---
2009-01-21 06:40:18 PST,bugzillamozillaorg_serge_20140323,Attachment #357592                Attachment description,add accesskeys, v2[Checkin: Comment 7],add accesskeys, v2
2009-01-21 06:41:07 PST,bugzillamozillaorg_serge_20140323,Keywords,,checkin-needed
2009-01-21 06:41:07 PST,bugzillamozillaorg_serge_20140323,Status,RESOLVED,ASSIGNED
2009-01-21 06:41:07 PST,bugzillamozillaorg_serge_20140323,Resolution,FIXED,---
2009-01-21 06:41:07 PST,bugzillamozillaorg_serge_20140323,QA Contact,message-display,
2009-01-21 06:41:07 PST,bugzillamozillaorg_serge_20140323,Last Resolved,2009-01-21 06:41:07,
2009-12-30 03:57:52 PST,neil,Blocks,537221,
