When, Who, What, Added, Removed
2006-01-03 19:24:49 PST,jpa,Version,1.5,unspecified
2006-01-03 19:44:36 PST,ispiked,Keywords,crash,
2006-01-03 19:44:36 PST,ispiked,CC,ispiked,
2006-01-04 12:40:23 PST,mozilla,Status,NEW,UNCONFIRMED
2006-01-04 12:40:23 PST,mozilla,Assignee,bienvenu,mscott
2006-01-04 12:40:23 PST,mozilla,Ever confirmed,1,0
2006-01-04 13:55:17 PST,ispiked,OS,All,Windows XP
2006-01-04 13:55:17 PST,ispiked,Blocks,296141, 313237,
2006-01-04 13:55:17 PST,ispiked,Keywords,topcrash,crash
2006-01-04 13:55:17 PST,ispiked,Summary,Crash after filter operation with a missing destination folder [@ nsMsgFilterService::SaveFilterList],Crash after filter operation with a missing destination folder
2006-01-04 13:55:17 PST,ispiked,Hardware,All,PC
2006-01-04 18:43:12 PST,mozilla,Attachment #207575                Flags,superreview?(mscott),
2006-01-04 18:48:09 PST,mozilla,CC,superbiskit,
2006-01-04 19:12:42 PST,ispiked,Blocks,,296141
2006-01-05 11:34:18 PST,mscott,Attachment #207575                Flags,superreview+,superreview?(mscott)
2006-01-05 11:53:35 PST,mozilla,Status,RESOLVED,NEW
2006-01-05 11:53:35 PST,mozilla,Resolution,FIXED,---
2006-01-05 11:53:35 PST,mozilla,Last Resolved,2006-01-05 11:53:35,
2006-01-05 11:53:50 PST,mozilla,Attachment #207575                Flags,approval1.8.1?,
2006-01-31 09:00:56 PST,benjamin,Attachment #207575                Flags,branch-1.8.1?(mscott),approval1.8.1?
2006-01-31 12:56:38 PST,mscott,Attachment #207575                Flags,branch-1.8.1+,branch-1.8.1?(mscott)
2006-02-01 16:02:25 PST,mozilla,Keywords,fixed1.8.1,
2006-02-01 16:03:09 PST,mozilla,Attachment #207575                Flags,approval1.8.0.2?,
2006-02-07 11:34:02 PST,mscott,Attachment #207575                Flags,approval1.8.0.2+,approval1.8.0.2?
2006-02-07 11:34:32 PST,mscott,Keywords,fixed1.8.0.2,
2006-02-07 11:34:32 PST,mscott,Target Milestone,Thunderbird2.0,---
2006-03-20 15:47:54 PST,mozillamarcia.knous,Whiteboard,[qa:verified-tb-1802],
2006-03-23 08:18:01 PST,twalker,Status,VERIFIED,RESOLVED
2006-03-23 08:18:01 PST,twalker,Keywords,verified1.8.0.2,fixed1.8.0.2
2007-03-30 04:52:55 PDT,cbook,Keywords,verified1.8.1.3,fixed1.8.1
2007-03-30 04:52:55 PDT,cbook,CC,carstenbook,
2008-04-28 21:03:43 PDT,timeless,CC,profwilliamwang,
2008-04-28 21:03:43 PDT,timeless,Blocks,,313237
2011-06-13 10:01:44 PDT,nobody,Crash Signature,[@ nsMsgFilterService::SaveFilterList],
