When, Who, What, Added, Removed
2006-01-03 10:27:39 PST,mvl,Attachment #207427                Flags,first-review?(dmose),
2006-01-03 13:42:31 PST,dmose,Attachment #207427                Flags,first-review-,first-review?(dmose)
2006-01-03 19:51:34 PST,ispiked,CC,ispiked,
2006-01-05 12:34:32 PST,mvl,Attachment #207427                Attachment is obsolete,1,0
2006-01-05 12:34:32 PST,mvl,Attachment #207651                Flags,first-review?(dmose),
2006-01-07 16:49:29 PST,dmose,Attachment #207651                Flags,first-review+,first-review?(dmose)
2006-01-08 13:55:28 PST,mvl,Status,RESOLVED,NEW
2006-01-08 13:55:28 PST,mvl,Resolution,FIXED,---
2006-01-08 13:55:28 PST,mvl,Last Resolved,2006-01-08 13:55:28,
