When, Who, What, Added, Removed
2006-01-04 06:47:24 PST,robin.edrenius,Status,ASSIGNED,NEW
2006-01-04 06:47:24 PST,robin.edrenius,Assignee,robin.edrenius,base
2006-01-04 06:47:24 PST,robin.edrenius,Attachment #207492                Flags,first-review?(jminta),
2006-01-09 16:32:45 PST,dmose,Attachment #207492                Flags,first-review+,first-review?(jminta)
2006-01-09 16:33:23 PST,dmose,Resolution,FIXED,---
2006-01-09 16:33:23 PST,dmose,Last Resolved,2006-01-09 16:33:23,
2006-01-09 16:33:23 PST,dmose,Status,RESOLVED,ASSIGNED
