When, Who, What, Added, Removed
2008-09-11 07:35:07 PDT,wladow,CC,wladow,
2008-09-11 08:04:27 PDT,wladow,Status,ASSIGNED,NEW
2008-09-11 08:04:27 PDT,wladow,Assignee,wladow,dveditz
2008-09-11 08:04:27 PDT,wladow,Attachment #338112                Flags,review?(neil), superreview?(neil),
2008-09-11 09:57:26 PDT,neil,Attachment #338112                Flags,review+, superreview+,review?(neil), superreview?(neil)
2008-09-11 10:19:26 PDT,wladow,Whiteboard,[checkin-needed after 2.0a1],
2008-09-25 13:15:27 PDT,wladow,Keywords,checkin-needed,
2008-09-25 13:15:27 PDT,wladow,Whiteboard,,[checkin-needed after 2.0a1]
2008-09-28 15:44:23 PDT,bugzillamozillaorg_serge_20140323,Attachment #338129                Attachment description,for checkin[Checkin: Comment 5],for checkin
2008-09-28 15:44:36 PDT,bugzillamozillaorg_serge_20140323,Attachment #338112                Attachment is obsolete,1,0
2008-09-28 15:45:48 PDT,bugzillamozillaorg_serge_20140323,Keywords,,checkin-needed
2008-09-28 15:45:48 PDT,bugzillamozillaorg_serge_20140323,Status,RESOLVED,ASSIGNED
2008-09-28 15:45:48 PDT,bugzillamozillaorg_serge_20140323,Resolution,FIXED,---
2008-09-28 15:45:48 PDT,bugzillamozillaorg_serge_20140323,Target Milestone,seamonkey2.0a2,---
2008-09-28 15:45:48 PDT,bugzillamozillaorg_serge_20140323,Flags,in-testsuite-,
2008-09-28 15:45:48 PDT,bugzillamozillaorg_serge_20140323,Last Resolved,2008-09-28 15:45:48,
