When, Who, What, Added, Removed
2006-01-03 18:11:59 PST,rflint,QA Contact,english-us,general
2006-01-03 18:11:59 PST,rflint,CC,rflint,
2006-01-03 18:11:59 PST,rflint,Product,Tech Evangelism,Firefox
2006-01-03 18:11:59 PST,rflint,Component,English US,General
2006-01-03 18:11:59 PST,rflint,Assignee,english-us,nobody
2006-01-03 20:29:14 PST,ispiked,Summary,capitalone.com - website states that I cannot access it due to my browser not being 128 bit encrypted capable,website states that I cannot access it due to my browser not being 128 bit encripted capable
2006-01-03 20:29:14 PST,ispiked,Status,NEW,UNCONFIRMED
2006-01-03 20:29:14 PST,ispiked,CC,ispiked,
2006-01-03 20:29:14 PST,ispiked,Ever confirmed,1,0
2006-01-03 20:30:33 PST,ispiked,CC,jr1884519,
2006-02-20 10:40:51 PST,xodus,CC,xodus,
2006-04-24 10:50:17 PDT,dveditz,CC,billmary3,
2007-01-18 03:40:01 PST,bob,CC,bento_al,
2008-04-20 20:06:38 PDT,bugzilla-graveyard,CC,cl-bugs-new,
2009-02-28 23:40:26 PST,bugzilla,Status,RESOLVED,NEW
2009-02-28 23:40:26 PST,bugzilla,Resolution,FIXED,---
2009-02-28 23:40:26 PST,bugzilla,CC,matti,
2009-02-28 23:40:26 PST,bugzilla,Last Resolved,2009-02-28 23:40:26,
2013-11-30 10:56:58 PST,pratik.ghumre,CC,pratik.ghumre,
2015-04-19 23:39:42 PDT,nobody,Product,Tech Evangelism Graveyard,Tech Evangelism
