When, Who, What, Added, Removed
2006-01-06 18:12:37 PST,robert,CC,rparenton,
2006-02-10 12:34:54 PST,dougt,Attachment #211414                Flags,review?, branch-1.8.1?,
2006-02-10 12:35:48 PST,dougt,Attachment #211414                Flags,review?(darin), branch-1.8.1?(darin),review?, branch-1.8.1?
2006-02-13 17:29:22 PST,darin.moz,Attachment #211414                Flags,review+,review?(darin)
2006-02-17 09:18:01 PST,dougt,Resolution,FIXED,---
2006-02-17 09:18:01 PST,dougt,Last Resolved,2006-02-17 09:18:01,
2006-02-17 09:18:01 PST,dougt,Status,RESOLVED,NEW
2006-02-21 23:20:57 PST,darin.moz,Attachment #211414                Flags,approval-branch-1.8.1+,approval-branch-1.8.1?(darin)
2006-02-22 00:50:00 PST,dougt,Keywords,fixed1.8.1,
2006-03-12 19:04:30 PST,robert,CC,,rparenton
