When, Who, What, Added, Removed
2006-01-03 08:05:21 PST,LpSolit,Status,ASSIGNED,NEW
2006-01-03 08:05:21 PST,LpSolit,Flags,blocking2.20.1?,
2006-01-03 08:19:25 PST,LpSolit,Whiteboard,[doesn't affect 2.22],
2006-01-03 08:22:20 PST,LpSolit,Attachment #207419                Flags,review?(bugreport),
2006-01-03 10:11:23 PST,mkanat,Flags,blocking2.20.1+,blocking2.20.1?
2006-01-06 15:05:09 PST,wicked,Attachment #207419                Flags,review+,review?(bugreport)
2006-01-06 15:05:38 PST,wicked,Flags,approval2.20?,
2006-01-06 15:22:26 PST,justdave,Flags,approval2.20+,approval2.20?
2006-01-07 08:01:57 PST,LpSolit,Status,RESOLVED,ASSIGNED
2006-01-07 08:01:57 PST,LpSolit,Resolution,FIXED,---
2006-01-07 08:01:57 PST,LpSolit,Last Resolved,2006-01-07 08:01:57,
