When, Who, What, Added, Removed
2006-02-26 03:08:04 PST,standard8,Product,Core,Mozilla Application Suite
2006-02-26 03:08:04 PST,standard8,Component,MailNews: Address Book,Address Book
2006-02-26 03:08:04 PST,standard8,Assignee,nobody,mail
2006-02-26 03:09:19 PST,standard8,Assignee,bugzilla,nobody
2006-02-26 05:48:13 PST,standard8,Assignee,nobody,bugzilla
2006-02-26 05:48:13 PST,standard8,Depends on,143065,
2007-05-03 11:39:18 PDT,prometeo.bugs,CC,prometeo.bugs,
2007-11-28 14:18:26 PST,standard8,Assignee,bugzilla,nobody
2008-01-06 10:35:30 PST,standard8,Attachment #295643                Flags,review?(neil),
2008-01-06 10:36:02 PST,standard8,Attachment #213239                Attachment is obsolete,1,0
2008-01-07 05:53:54 PST,neil,Attachment #295643                Flags,review-,review?(neil)
2008-01-07 11:22:40 PST,standard8,Attachment #295643                Attachment is obsolete,1,0
2008-01-07 11:22:40 PST,standard8,Attachment #295644                Attachment is obsolete,1,0
2008-01-07 11:22:40 PST,standard8,Attachment #295804                Flags,review?(neil),
2008-01-08 07:59:03 PST,neil,Attachment #295804                Flags,review+,review?(neil)
2008-01-08 10:03:22 PST,standard8,Attachment #295804                Flags,superreview?(mscott),
2008-01-08 11:03:16 PST,mscott,Attachment #295804                Flags,superreview+,superreview?(mscott)
2008-01-08 11:56:07 PST,standard8,Status,RESOLVED,NEW
2008-01-08 11:56:07 PST,standard8,Resolution,FIXED,---
2008-01-08 11:56:07 PST,standard8,Last Resolved,2008-01-08 11:56:07,
2008-07-31 04:30:00 PDT,nobody,Product,MailNews Core,Core
