When, Who, What, Added, Removed
2006-01-03 12:36:04 PST,bugzilla,Assignee,english-us,nobody
2006-01-03 12:36:04 PST,bugzilla,QA Contact,english-us,search
2006-01-03 12:36:04 PST,bugzilla,CC,bugzilla,
2006-01-03 12:36:04 PST,bugzilla,URL,http://www.gsmls.com,http://gsmls.com
2006-01-03 12:36:04 PST,bugzilla,Summary,gsmls.com - and also www.mlxchange.com/Login?BrowserError.asp,and also www.mlxchange.com/Login?BrowserError.asp
2006-01-03 12:36:04 PST,bugzilla,Product,Tech Evangelism,Firefox
2006-01-03 12:36:04 PST,bugzilla,Component,English US,Search
2008-05-31 20:12:47 PDT,bugzilla-graveyard,Status,RESOLVED,UNCONFIRMED
2008-05-31 20:12:47 PDT,bugzilla-graveyard,Resolution,FIXED,---
2008-05-31 20:12:47 PDT,bugzilla-graveyard,CC,cl-bugs-new,
2008-05-31 20:12:47 PDT,bugzilla-graveyard,Last Resolved,2008-05-31 20:12:47,
2008-05-31 20:15:14 PDT,bugzilla-graveyard,Summary,gsmls.com - blocks non-IE browsers,gsmls.com - and also www.mlxchange.com/Login?BrowserError.asp
2008-05-31 20:15:14 PDT,bugzilla-graveyard,Hardware,All,PC
2008-05-31 20:15:14 PDT,bugzilla-graveyard,OS,All,Windows XP
2015-04-19 23:39:42 PDT,nobody,Product,Tech Evangelism Graveyard,Tech Evangelism
