When, Who, What, Added, Removed
2006-01-03 15:11:27 PST,dougt,Attachment #207447                Flags,review?,
2006-01-06 18:12:17 PST,robert,CC,rparenton,
2006-01-08 18:48:50 PST,gavin.sharp,CC,gavin.sharp,
2006-01-08 19:17:23 PST,dougt,Attachment #207447                Flags,review?(benjamin),review?
2006-01-09 09:37:21 PST,benjamin,Attachment #207447                Flags,review+,review?(benjamin)
2006-01-17 09:48:36 PST,dougt,Status,RESOLVED,NEW
2006-01-17 09:48:36 PST,dougt,Resolution,FIXED,---
2006-01-17 09:48:36 PST,dougt,Last Resolved,2006-01-17 09:48:36,
2006-03-12 19:04:31 PST,robert,CC,,rparenton
