When, Who, What, Added, Removed
2006-01-03 09:51:09 PST,justdave,Summary,Website CVS request for pkim@mozilla.com,add pkim@mozilla.com
2006-01-05 14:45:29 PST,mozillamarcia.knous,Status,ASSIGNED,NEW
2006-01-05 14:49:43 PST,mozillamarcia.knous,Status,RESOLVED,ASSIGNED
2006-01-05 14:49:43 PST,mozillamarcia.knous,Resolution,FIXED,---
2006-01-05 14:49:43 PST,mozillamarcia.knous,Last Resolved,2006-01-05 14:49:43,
2006-01-05 14:51:58 PST,justdave,Status,REOPENED,RESOLVED
2006-01-05 14:51:58 PST,justdave,Resolution,---,FIXED
2006-01-05 15:30:05 PST,justdave,Status,NEW,REOPENED
2006-01-05 15:30:05 PST,justdave,Assignee,justdave,marcia
2006-01-05 15:31:55 PST,justdave,Resolution,FIXED,---
2006-01-05 15:31:55 PST,justdave,Last Resolved,2006-01-05 15:31:55,2006-01-05 14:49:43
2006-01-05 15:31:55 PST,justdave,Status,RESOLVED,NEW
2006-01-05 15:41:22 PST,justdave,Status,REOPENED,RESOLVED
2006-01-05 15:41:22 PST,justdave,Resolution,---,FIXED
2006-01-05 15:50:54 PST,pkim,Attachment #207673                Attachment is obsolete,1,0
2006-01-05 15:53:10 PST,justdave,Status,RESOLVED,REOPENED
2006-01-05 15:53:10 PST,justdave,Resolution,FIXED,---
2006-01-05 15:53:10 PST,justdave,Last Resolved,2006-01-05 15:53:10,2006-01-05 15:31:55
2006-02-02 00:45:41 PST,justdave,Status,VERIFIED,RESOLVED
