When, Who, What, Added, Removed
2006-01-03 12:22:52 PST,doronr,Attachment #207432                Flags,review?(allan),
2006-01-04 00:37:39 PST,allan,Attachment #207432                Flags,review-,review?(allan)
2006-01-04 08:16:03 PST,doronr,Attachment #207432                Flags,review?(allan),review-
2006-01-05 00:57:11 PST,allan,Attachment #207432                Flags,review+,review?(allan)
2006-01-05 07:54:31 PST,doronr,Status,RESOLVED,NEW
2006-01-05 07:54:31 PST,doronr,Resolution,FIXED,---
2006-01-05 07:54:31 PST,doronr,Last Resolved,2006-01-05 07:54:31,
