When, Who, What, Added, Removed
2006-01-03 18:12:20 PST,LpSolit,Status,ASSIGNED,NEW
2006-01-29 16:29:33 PST,dfc,CC,dcalvert,
2006-02-10 10:25:02 PST,cls,CC,cls,
2006-03-02 09:17:23 PST,LpSolit,Attachment #213761                Flags,review?(myk),
2006-03-02 10:38:17 PST,LpSolit,CC,mkanat,
2006-03-02 10:40:30 PST,LpSolit,Attachment #213761                Flags,review?(mkanat),
2006-03-02 10:47:10 PST,LpSolit,Blocks,304699,
2006-03-06 12:26:11 PST,mkanat,Depends on,329537,
2006-04-06 15:39:04 PDT,myk,Attachment #213761                Flags,review-,review?(myk)
2006-04-06 16:07:58 PDT,LpSolit,Attachment #213761                Attachment is obsolete,1,0
2006-04-06 16:07:58 PDT,LpSolit,Attachment #217495                Flags,review?(myk),
2006-04-06 16:07:58 PDT,LpSolit,Attachment #213761                Flags,,review?(mkanat)
2006-04-06 16:08:25 PDT,LpSolit,Attachment #217495                Flags,review?(mkanat),
2006-04-06 16:37:11 PDT,myk,Attachment #217495                Flags,review+,review?(myk)
2006-04-06 16:39:32 PDT,LpSolit,Flags,approval?,
2006-04-06 16:40:19 PDT,LpSolit,Attachment #217495                Flags,,review?(mkanat)
2006-04-06 16:41:30 PDT,myk,Flags,approval+,approval?
2006-04-13 10:38:24 PDT,LpSolit,Attachment #217495                Attachment is obsolete,1,0
2006-04-13 10:38:24 PDT,LpSolit,Attachment #218313                Flags,review+,
2006-04-14 09:51:45 PDT,LpSolit,Status,RESOLVED,ASSIGNED
2006-04-14 09:51:45 PDT,LpSolit,Resolution,FIXED,---
2006-04-14 09:51:45 PDT,LpSolit,Last Resolved,2006-04-14 09:51:45,
2007-02-12 12:33:01 PST,dfc,CC,,dfc
