When, Who, What, Added, Removed
2008-06-11 15:03:35 PDT,bugzillamozillaorg_serge_20140323,Assignee,nobody,prefs
2008-06-11 15:03:35 PDT,bugzillamozillaorg_serge_20140323,QA Contact,prefs,
2008-12-21 09:57:04 PST,wladow,Status,ASSIGNED,NEW
2008-12-21 09:57:04 PST,wladow,Assignee,wladow,nobody
2008-12-21 09:57:04 PST,wladow,Attachment #354059                Flags,review?(neil), superreview?(neil),
2009-01-01 01:38:20 PST,wladow,Attachment #354059                Attachment is obsolete,1,0
2009-01-01 01:38:20 PST,wladow,Attachment #355012                Flags,review?(neil), superreview?(neil),
2009-01-01 01:38:20 PST,wladow,Attachment #354059                Flags,,review?(neil), superreview?(neil)
2009-01-01 10:07:27 PST,neil,Attachment #355012                Flags,review+, superreview+,review?(neil), superreview?(neil)
2009-01-01 10:18:46 PST,wladow,Keywords,checkin-needed,
2009-01-01 21:40:09 PST,bugzillamozillaorg_serge_20140323,Attachment #355012                Attachment description,add accesskeys, v2[Checkin: Comment 6],add accesskeys, v2
2009-01-01 21:42:01 PST,bugzillamozillaorg_serge_20140323,Keywords,,checkin-needed
2009-01-01 21:42:01 PST,bugzillamozillaorg_serge_20140323,Status,RESOLVED,ASSIGNED
2009-01-01 21:42:01 PST,bugzillamozillaorg_serge_20140323,Resolution,FIXED,---
2009-01-01 21:42:01 PST,bugzillamozillaorg_serge_20140323,Target Milestone,seamonkey2.0a3,---
2009-01-01 21:42:01 PST,bugzillamozillaorg_serge_20140323,Last Resolved,2009-01-01 21:42:01,
