When, Who, What, Added, Removed
2006-01-03 13:20:18 PST,gavin.sharp,CC,gavin.sharp,
2006-01-06 09:47:32 PST,chase,CC,preed,
2006-01-06 09:49:02 PST,chase,Status,ASSIGNED,NEW
2006-01-06 11:45:20 PST,chase,Last Resolved,2006-01-06 11:45:20,
2006-01-06 11:45:20 PST,chase,Status,RESOLVED,ASSIGNED
2006-01-06 11:45:20 PST,chase,Resolution,FIXED,---
2006-01-12 06:28:19 PST,benjamin,Status,REOPENED,RESOLVED
2006-01-12 06:28:19 PST,benjamin,Resolution,---,FIXED
2006-01-12 11:26:31 PST,chase,Status,RESOLVED,REOPENED
2006-01-12 11:26:31 PST,chase,Resolution,FIXED,---
2006-01-12 11:26:31 PST,chase,Last Resolved,2006-01-12 11:26:31,2006-01-06 11:45:20
2011-03-26 12:07:14 PDT,timeless,Product,Webtools,mozilla.org
2011-03-26 12:07:14 PDT,timeless,Component,Tinderbox,Tinderbox Configuration
2014-06-16 14:00:49 PDT,nobody,Product,Webtools Graveyard,Webtools
