When, Who, What, Added, Removed
2006-01-03 17:29:31 PST,jruderman,Assignee,english-us,nobody
2006-01-03 17:29:31 PST,jruderman,QA Contact,english-us,general
2006-01-03 17:29:31 PST,jruderman,Group,,security
2006-01-03 17:29:31 PST,jruderman,Summary,travelers.com - denies access to firefox, says site is optimized to work with internet explorer,won't access the site at all.
2006-01-03 17:29:31 PST,jruderman,Product,Tech Evangelism,Firefox
2006-01-03 17:29:31 PST,jruderman,Component,English US,General
2008-05-02 20:54:36 PDT,bugzilla-graveyard,Hardware,All,PC
2008-05-02 20:54:36 PDT,bugzilla-graveyard,OS,All,Windows XP
2008-05-02 20:54:36 PDT,bugzilla-graveyard,Status,RESOLVED,UNCONFIRMED
2008-05-02 20:54:36 PDT,bugzilla-graveyard,Resolution,FIXED,---
2008-05-02 20:54:36 PDT,bugzilla-graveyard,CC,cl-bugs-new,
2008-05-02 20:54:36 PDT,bugzilla-graveyard,Last Resolved,2008-05-02 20:54:36,
2015-04-19 23:39:42 PDT,nobody,Product,Tech Evangelism Graveyard,Tech Evangelism
