When, Who, What, Added, Removed
2006-01-03 12:38:07 PST,bugzilla-mozilla,Attachment #207433                Flags,review?(LpSolit),
2006-01-03 12:40:43 PST,LpSolit,Attachment #207433                Flags,review-,review?(LpSolit)
2006-01-03 12:53:19 PST,bugzilla-mozilla,Attachment #207433                Attachment is obsolete,1,0
2006-01-03 12:53:19 PST,bugzilla-mozilla,Attachment #207434                Flags,review?(LpSolit),
2006-01-03 12:57:16 PST,LpSolit,Attachment #207434                Flags,review+,review?(LpSolit)
2006-01-03 12:57:43 PST,LpSolit,Status,ASSIGNED,NEW
2006-01-03 12:57:43 PST,LpSolit,Flags,approval?,
2006-01-04 16:01:32 PST,justdave,Flags,approval+,approval?
2006-01-05 07:14:34 PST,LpSolit,Status,RESOLVED,ASSIGNED
2006-01-05 07:14:34 PST,LpSolit,Resolution,FIXED,---
2006-01-05 07:14:34 PST,LpSolit,Last Resolved,2006-01-05 07:14:34,
