When, Who, What, Added, Removed
2006-01-05 11:44:47 PST,bugzilla,Attachment #207438                Attachment is obsolete,1,0
2006-01-15 12:15:09 PST,gijskruitbosch+bugs,Status,NEW,UNCONFIRMED
2006-01-15 12:15:09 PST,gijskruitbosch+bugs,CC,gijskruitbosch+bugs,
2006-01-15 12:15:09 PST,gijskruitbosch+bugs,Ever confirmed,1,0
2006-01-15 12:31:09 PST,bugzilla,Attachment #207643                Flags,review?(silver),
2006-01-16 05:28:03 PST,rdmsoft,CC,rdmsoft,
2006-01-20 12:49:43 PST,bugzilla-mozilla-20000923,Attachment #207643                Flags,review-,review?(silver)
2006-02-18 07:59:06 PST,rdmsoft,Assignee,rdmsoft,rginda
2006-02-18 07:59:06 PST,rdmsoft,Attachment #207643                Attachment is obsolete,1,0
2006-02-18 07:59:06 PST,rdmsoft,Attachment #212318                Flags,review?(silver),
2006-02-18 07:59:06 PST,rdmsoft,Status,ASSIGNED,NEW
2006-02-18 08:02:50 PST,bugzilla-mozilla-20000923,CC,rginda,
2006-02-18 08:07:48 PST,bugzilla-mozilla-20000923,Attachment #212318                Flags,review+,review?(silver)
2006-02-20 08:37:33 PST,gavin.sharp,CC,gavin.sharp,
2006-02-20 08:46:26 PST,rdmsoft,Status,RESOLVED,ASSIGNED
2006-02-20 08:46:26 PST,rdmsoft,Resolution,FIXED,---
2006-02-20 08:46:26 PST,rdmsoft,Last Resolved,2006-02-20 08:46:26,
2006-02-23 07:48:28 PST,bugzilla-mozilla-20000923,Whiteboard,[cz-0.9.71],
