When, Who, What, Added, Removed
2006-01-04 07:42:01 PST,gavin.sharp,CC,gavin.sharp,
2006-01-05 14:02:07 PST,myk,Status,ASSIGNED,NEW
2006-01-05 14:02:07 PST,myk,Assignee,myk,nobody
2006-01-05 14:02:07 PST,myk,Attachment #207662                Flags,review?(benjamin),
2006-01-06 08:11:19 PST,benjamin,Attachment #207662                Flags,review+,review?(benjamin)
2006-01-06 13:17:42 PST,myk,Resolution,FIXED,---
2006-01-06 13:17:42 PST,myk,Last Resolved,2006-01-06 13:17:42,
2006-01-06 13:17:42 PST,myk,Status,RESOLVED,ASSIGNED
2006-01-06 17:41:04 PST,myk,Attachment #207662                Flags,approval1.8.1?,
2006-01-31 06:25:29 PST,benjamin,Attachment #207662                Flags,branch-1.8.1+,approval1.8.1?
