When, Who, What, Added, Removed
2008-12-21 10:34:01 PST,wladow,Status,ASSIGNED,NEW
2008-12-21 10:34:01 PST,wladow,Assignee,wladow,mail
2008-12-21 10:34:01 PST,wladow,Attachment #354060                Flags,review?(philringnalda),
2008-12-22 00:40:45 PST,philringnalda,Attachment #354060                Attachment is obsolete,1,0
2008-12-22 00:40:45 PST,philringnalda,Attachment #354131                Flags,review+, superreview?(neil),
2008-12-22 00:40:45 PST,philringnalda,Attachment #354060                Flags,,review?(philringnalda)
2008-12-22 00:41:32 PST,philringnalda,CC,philringnalda,
2008-12-22 00:43:20 PST,philringnalda,QA Contact,mailnews-account,
2008-12-31 10:11:12 PST,neil,Attachment #354131                Flags,superreview+,superreview?(neil)
2009-01-01 01:10:13 PST,wladow,Keywords,checkin-needed,
2009-01-01 05:23:57 PST,bugzillamozillaorg_serge_20140323,Attachment #355010                Attachment description,for checkin[Checkin: Comment 5],for checkin
2009-01-01 05:25:14 PST,bugzillamozillaorg_serge_20140323,Last Resolved,2009-01-01 05:25:14,
2009-01-01 05:25:14 PST,bugzillamozillaorg_serge_20140323,Keywords,,checkin-needed
2009-01-01 05:25:14 PST,bugzillamozillaorg_serge_20140323,Status,RESOLVED,ASSIGNED
2009-01-01 05:25:14 PST,bugzillamozillaorg_serge_20140323,Resolution,FIXED,---
2009-01-01 05:25:14 PST,bugzillamozillaorg_serge_20140323,Depends on,369159,
2009-01-01 05:25:14 PST,bugzillamozillaorg_serge_20140323,Target Milestone,seamonkey2.0a3,---
2009-01-01 07:08:57 PST,mkmelin+mozilla,Depends on,,369159
