When, Who, What, Added, Removed
2006-01-03 07:23:10 PST,asqueella,CC,asqueella,
2006-01-03 07:24:17 PST,gavin.sharp,CC,gavin.sharp,
2006-01-03 09:37:10 PST,asaf,CC,bugs.mano,
2006-01-03 11:12:25 PST,stefanh,CC,stefan_h,
2006-01-03 12:28:19 PST,bugzilla,CC,bugzilla,
2006-01-03 19:54:00 PST,ispiked,URL,http://wiki.mozilla.org/User:Beltzner/Specification_of_Stub_Installer_User_Interface,wiki.mozilla.org/User:Beltzner/Specification_of_Stub_Installer_User_Interface
2006-01-03 19:54:00 PST,ispiked,Hardware,All,Macintosh
2006-01-03 19:54:00 PST,ispiked,OS,All,MacOS X
2006-01-03 19:54:00 PST,ispiked,CC,ispiked,
2006-01-13 07:53:18 PST,benjamin,Depends on,263446,
2006-01-13 11:22:53 PST,bugzilla1,CC,bugzilla,
2006-02-07 11:27:18 PST,pilgrim,CC,pilgrim,
2006-02-09 13:15:48 PST,benjamin,Depends on,326580,
2006-02-23 05:38:47 PST,bugs,CC,gregknicholson+bugzilla,
2006-02-26 10:39:37 PST,ryanvm,CC,ryanvm,
2006-02-26 11:47:48 PST,reed,CC,reed,
2006-02-28 13:28:27 PST,dfc,CC,dcalvert,
2006-03-23 11:08:59 PST,djcater+bugzilla,CC,DJCater,
2006-03-29 10:10:51 PST,jairlie,CC,jairlie,
2006-04-02 12:52:05 PDT,gunnar,CC,gunnar,
2006-05-03 14:24:24 PDT,steffen.wilberg,CC,steffen.wilberg,
2006-05-06 06:37:33 PDT,level,CC,level,
2006-06-27 20:54:54 PDT,robert.strong.bugs,Summary,Firefox stub installer,Firefox 2.0 stub installer
2006-09-02 01:03:50 PDT,jwatt,CC,jwatt,
2007-02-08 00:36:06 PST,robert.strong.bugs,Assignee,nobody,robert.bugzilla
2007-02-12 12:09:33 PST,dfc,CC,,dfc
2010-01-08 02:20:30 PST,kohei.yoshino,Summary,Firefox net (stub) installer,Firefox stub installer
2010-01-08 02:20:30 PST,kohei.yoshino,CC,kev, kohei.yoshino.bugs,
2010-01-08 02:41:54 PST,robert.strong.bugs,CC,jmathies,
2010-01-08 09:46:10 PST,khuey,CC,me,
2010-01-21 20:40:46 PST,robert.strong.bugs,CC,jab_creations,
2010-01-22 08:02:00 PST,sciguyryan,CC,sciguyryan,
2010-10-18 10:12:15 PDT,robert.strong.bugs,Summary,Firefox net / stub installer,Firefox net (stub) installer
2010-10-18 10:13:07 PDT,robert.strong.bugs,CC,robert.bugzilla,
2011-03-27 15:05:05 PDT,chris,CC,clyon,
2011-03-27 16:39:45 PDT,jruderman,CC,jruderman,
2011-03-27 16:39:45 PDT,jruderman,Blocks,358384,
2011-03-27 19:27:17 PDT,fullmetaljacket.xp+bugmail,CC,fullmetaljacket.xp+bugmail,
2011-03-29 21:18:44 PDT,chris,Whiteboard,[sg:want],
2011-03-29 21:18:44 PDT,chris,CC,justin, mrz,
2011-03-29 21:27:32 PDT,robert.strong.bugs,Depends on,,263446
2011-04-17 14:11:01 PDT,matjk7,CC,matjk7,
2011-04-21 13:19:37 PDT,robert.strong.bugs,Hardware,x86,All
2011-04-21 13:19:37 PDT,robert.strong.bugs,OS,Windows 7,All
2011-04-21 13:55:42 PDT,robert.strong.bugs,Depends on,651965,
2011-04-25 04:50:23 PDT,peter.retzer,CC,peter.retzer,
2011-04-29 10:48:28 PDT,tymerkaev,CC,tymerkaev,
2011-07-25 08:03:22 PDT,alex_mayorga,CC,alex_mayorga,
2011-07-28 11:01:15 PDT,dugar.siddhartha,CC,dugar.siddhartha,
2011-08-02 09:28:21 PDT,lmesa,Depends on,675970,
2011-08-08 13:52:35 PDT,l10n,CC,l10n,
2011-08-17 10:07:26 PDT,antoine.mozilla,CC,geekshadow,
2011-08-30 11:12:56 PDT,robert.strong.bugs,CC,tomer,
2011-09-30 01:54:46 PDT,brian,CC,bsmith,
2011-09-30 08:17:47 PDT,erinn,CC,erinn,
2011-10-20 12:11:50 PDT,jacob,CC,jacob,
2011-10-21 14:26:15 PDT,jab_creations,CC,,jab_creations
2011-10-22 06:53:13 PDT,Bugzilla-alanjstrBugs,CC,Bugzilla-alanjstrBugs,
2011-11-08 12:51:09 PST,lmandel,CC,lmandel,
2011-11-28 21:29:37 PST,pb-dsp_bugzilla,CC,pb-dsp_bugzilla,
2011-12-12 18:26:29 PST,brian,CC,wdeng,
2011-12-12 18:38:49 PST,ian.melven,CC,imelven,
2012-01-06 18:29:51 PST,bzcc,CC,bzcc,
2012-02-21 01:04:01 PST,grenavitar,CC,grenavitar,
2012-03-04 20:47:38 PST,gQuigs+bugs,CC,gQuigs+bugs,
2012-03-21 03:09:54 PDT,mar.castelluccio,CC,mar.castelluccio,
2012-04-24 11:01:20 PDT,anthonybryan,CC,anthonybryan,
2012-04-25 01:42:03 PDT,bzhao,CC,bzhao,
2012-05-03 12:29:29 PDT,curtisk,Keywords,sec-want,
2012-05-03 13:30:51 PDT,netzen,CC,netzen,
2012-05-16 17:48:12 PDT,MattN+bmo,CC,mnoorenberghe+bmo,
2012-06-15 02:42:24 PDT,gary,CC,gary,
2012-07-11 16:30:42 PDT,xtc4uall,CC,xtc4uall,
2012-07-12 23:26:29 PDT,jaws,CC,jaws,
2012-07-23 11:21:13 PDT,armenzg,CC,armenzg,
2012-07-24 12:23:59 PDT,bugzilla,CC,bugzilla,
2012-07-30 02:37:38 PDT,standard8,CC,mbanner,
2012-07-30 13:48:47 PDT,me,CC,tom,
2012-07-31 11:26:55 PDT,rail,CC,rail,
2012-08-02 19:35:10 PDT,jsmith,CC,jsmith,
2012-08-05 23:50:26 PDT,robert.strong.bugs,Status,ASSIGNED,NEW
2012-08-05 23:50:26 PDT,robert.strong.bugs,Assignee,robert.bugzilla,nobody
2012-08-06 00:14:17 PDT,gunnar,CC,,gunnar
2012-08-08 15:04:51 PDT,jhopkins,CC,jhopkins,
2012-08-16 15:27:44 PDT,jjensen,CC,jjensen,
2012-08-20 23:08:01 PDT,robert.strong.bugs,Depends on,776440, 597536, 398366,
2012-08-20 23:08:01 PDT,robert.strong.bugs,Status,NEW,ASSIGNED
2012-08-20 23:23:01 PDT,nthomas,CC,nrthomas,
2012-08-30 22:32:57 PDT,jsmith,QA Contact,jsmith,
2012-08-30 22:32:57 PDT,jsmith,Whiteboard,[sg:want], [qa+],[sg:want]
2012-09-10 23:25:47 PDT,jsmith,Keywords,verifyme,
2012-09-10 23:25:47 PDT,jsmith,Whiteboard,[sg:want],[sg:want], [qa+]
2012-09-16 22:15:03 PDT,robert.strong.bugs,Attachment #527466                Attachment is obsolete,1,0
2012-09-16 22:15:03 PDT,robert.strong.bugs,Attachment #661692                Flags,review?(netzen),
2012-09-16 22:16:40 PDT,robert.strong.bugs,Attachment #661692                Attachment description,CertCheck NSIS plugin code,CertCheck NSIS plugin
2012-09-16 23:19:21 PDT,robert.strong.bugs,Depends on,791613,
2012-09-16 23:28:25 PDT,robert.strong.bugs,Attachment #661695                Attachment description,CertCheck dll for checkin,dll for checkin
2012-09-16 23:30:03 PDT,robert.strong.bugs,Attachment #661701                Flags,review?,
2012-09-16 23:30:18 PDT,robert.strong.bugs,Attachment #661700                Attachment description,InetBgDL NSIS plug-in dll,InetBgDL NSIS plug-in
2012-09-16 23:40:06 PDT,robert.strong.bugs,Attachment #661702                Flags,review?(netzen),
2012-09-16 23:43:14 PDT,robert.strong.bugs,Attachment #661702                Attachment description,New artwork (still need artwork for Aurora, Nightly, and unofficial... these are placeholders),New artwork
2012-09-17 00:03:03 PDT,robert.strong.bugs,Attachment #661701                Flags,review?(netzen),review?
2012-09-17 00:03:58 PDT,robert.strong.bugs,Attachment #661705                Flags,review?(netzen),
2012-09-17 00:05:54 PDT,robert.strong.bugs,Attachment #661694                Attachment mime type,application/octet-stream,text/plain
2012-09-17 01:14:42 PDT,netzen,Attachment #661701                Flags,review+,review?(netzen)
2012-09-17 01:30:28 PDT,netzen,Attachment #661702                Flags,review+,review?(netzen)
2012-09-17 01:33:18 PDT,netzen,Attachment #661705                Flags,review+,review?(netzen)
2012-09-17 01:47:40 PDT,robert.strong.bugs,Attachment #661718                Flags,review?(netzen),
2012-09-17 01:48:14 PDT,robert.strong.bugs,Attachment #661718                Attachment description,binary resource containing the new ui for checkin,binary resource containing the new ui
2012-09-17 01:52:31 PDT,robert.strong.bugs,Attachment #661721                Flags,review?(netzen),
2012-09-17 01:53:51 PDT,robert.strong.bugs,Attachment #661719                Attachment mime type,application/octet-stream,text/plain
2012-09-17 01:54:18 PDT,netzen,Attachment #661718                Flags,review+,review?(netzen)
2012-09-17 01:55:52 PDT,robert.strong.bugs,Attachment #661721                Attachment is obsolete,1,0
2012-09-17 01:55:52 PDT,robert.strong.bugs,Attachment #661721                Flags,,review?(netzen)
2012-09-17 01:59:51 PDT,robert.strong.bugs,Attachment #661724                Flags,review+,
2012-09-17 02:01:35 PDT,robert.strong.bugs,Attachment #661725                Flags,review?(netzen),
2012-09-17 02:02:15 PDT,robert.strong.bugs,Attachment #661695                Attachment description,1. CertCheck dll for checkin,CertCheck dll for checkin
2012-09-17 02:02:48 PDT,robert.strong.bugs,Attachment #661701                Attachment description,2. InetBgDL NSIS plug-in for checkin,InetBgDL NSIS plug-in for checkin
2012-09-17 02:03:21 PDT,robert.strong.bugs,Attachment #661702                Attachment description,3. New artwork (still need artwork for Aurora, Nightly, and unofficial... these are placeholders),New artwork (still need artwork for Aurora, Nightly, and unofficial... these are placeholders)
2012-09-17 02:03:58 PDT,robert.strong.bugs,Attachment #661705                Attachment is obsolete,1,0
2012-09-17 02:03:58 PDT,robert.strong.bugs,Attachment #661705                Attachment description,4. Makefile changes for new plugins and artwork,Makefile changes for new plugins and artwork
2012-09-17 02:04:13 PDT,netzen,Attachment #661725                Flags,review+,review?(netzen)
2012-09-17 02:04:15 PDT,robert.strong.bugs,Attachment #661724                Attachment description,4. Makefile changes for new plugins and artwork rev2,Makefile changes for new plugins and artwork rev2
2012-09-17 02:04:40 PDT,robert.strong.bugs,Attachment #661718                Attachment description,5. binary resource containing the new ui for checkin,binary resource containing the new ui for checkin
2012-09-17 02:06:21 PDT,robert.strong.bugs,Attachment #661725                Attachment description,6. locale files (generic) and Makefile changes for new ui,locale files (generic) and Makefile changes for new ui
2012-09-17 02:07:20 PDT,robert.strong.bugs,Attachment #661695                Flags,review?(netzen),
2012-09-17 02:07:54 PDT,robert.strong.bugs,Attachment #661692                Attachment description,1-extra. CertCheck NSIS plugin code,CertCheck NSIS plugin code
2012-09-17 02:23:54 PDT,netzen,Attachment #661692                Flags,review+,review?(netzen)
2012-09-17 02:23:54 PDT,netzen,Attachment #661692                Attachment description,CertCheck NSIS plugin code,1-extra. CertCheck NSIS plugin code
2012-09-17 02:25:34 PDT,netzen,Attachment #661695                Flags,review+,review?(netzen)
2012-09-17 02:26:26 PDT,netzen,Attachment #661694                Flags,review+,
2012-09-17 02:27:30 PDT,netzen,Attachment #661700                Flags,review+,
2012-09-17 02:29:51 PDT,robert.strong.bugs,Attachment #661695                Attachment is obsolete,1,0
2012-09-17 02:32:50 PDT,robert.strong.bugs,Attachment #661692                Flags,review?(imelven),
2012-09-17 03:10:42 PDT,jruderman,CC,,jruderman
2012-09-17 06:41:04 PDT,armenzg,CC,,armenzg
2012-09-17 11:21:29 PDT,ian.melven,Attachment #661692                Flags,review+,review?(imelven)
2012-09-17 11:35:19 PDT,yboily,CC,yboily,
2012-09-17 11:35:19 PDT,yboily,Flags,sec-review?(yboily),
2012-09-17 12:00:58 PDT,felipc,CC,felipc,
2012-09-17 21:14:33 PDT,robert.strong.bugs,Attachment #661692                Attachment is obsolete,1,0
2012-09-17 21:14:33 PDT,robert.strong.bugs,Attachment #662018                Flags,review?(netzen),
2012-09-17 22:15:52 PDT,robert.strong.bugs,Attachment #662018                Attachment description,1.extra CertCheck NSIS plugin code rev2,CertCheck NSIS plugin code rev2
2012-09-18 02:44:04 PDT,robert.strong.bugs,Attachment #662081                Flags,review?(netzen),
2012-09-18 02:55:16 PDT,robert.strong.bugs,Attachment #662088                Flags,review?(netzen),
2012-09-18 10:33:27 PDT,jbecerra,CC,jbecerra,
2012-09-18 10:46:30 PDT,netzen,Attachment #662018                Flags,review+,review?(netzen)
2012-09-18 11:00:34 PDT,netzen,Attachment #662088                Flags,review+,review?(netzen)
2012-09-18 11:32:05 PDT,Bugzilla-alanjstrBugs,CC,BugzillaOnFix-alanjstrBugs,Bugzilla-alanjstrBugs
2012-09-18 11:34:06 PDT,robert.strong.bugs,CC,madhava, shorlander,
2012-09-18 13:00:08 PDT,netzen,Attachment #662081                Flags,feedback+,review?(netzen)
2012-09-18 15:40:50 PDT,catlee,Depends on,792265,
2012-09-19 02:41:56 PDT,robert.strong.bugs,Attachment #662081                Attachment is obsolete,1,0
2012-09-19 02:41:56 PDT,robert.strong.bugs,Attachment #662468                Flags,review?(netzen),
2012-09-19 02:43:25 PDT,robert.strong.bugs,Attachment #661694                Attachment is obsolete,1,0
2012-09-19 04:09:24 PDT,robert.strong.bugs,Attachment #662096                Attachment is obsolete,1,0
2012-09-19 05:14:26 PDT,netzen,Attachment #662468                Flags,review+,review?(netzen)
2012-09-19 13:47:15 PDT,robert.strong.bugs,Attachment #662088                Attachment is obsolete,1,0
2012-09-19 13:47:15 PDT,robert.strong.bugs,Attachment #662678                Flags,review+,
2012-09-20 00:05:39 PDT,robert.strong.bugs,Attachment #662831                Flags,review?(khuey),
2012-09-20 00:06:08 PDT,robert.strong.bugs,Attachment #662490                Attachment description,10. stub patch in progress rev2,9. stub patch in progress rev2
2012-09-20 02:28:52 PDT,hskupin,CC,hskupin,
2012-09-20 04:54:13 PDT,robert.strong.bugs,Attachment #662967                Flags,review+,
2012-09-20 23:32:06 PDT,robert.strong.bugs,Attachment #662831                Attachment is obsolete,1,0
2012-09-20 23:32:06 PDT,robert.strong.bugs,Attachment #662831                Flags,,review?(khuey)
2012-09-20 23:32:06 PDT,robert.strong.bugs,Attachment #663308                Flags,review?(ted.mielczarek),
2012-09-20 23:32:06 PDT,robert.strong.bugs,CC,ted.mielczarek,
2012-09-21 10:56:13 PDT,khuey,Attachment #663308                Flags,review+,review?(ted.mielczarek)
2012-09-23 20:48:00 PDT,robert.strong.bugs,Attachment #663904                Flags,review?(netzen),
2012-09-23 20:50:23 PDT,robert.strong.bugs,Attachment #663905                Flags,review?(netzen),
2012-09-23 21:10:30 PDT,robert.strong.bugs,Attachment #661701                Attachment is obsolete,1,0
2012-09-23 21:10:37 PDT,robert.strong.bugs,Attachment #661700                Attachment is obsolete,1,0
2012-09-23 21:38:43 PDT,robert.strong.bugs,Attachment #662018                Attachment is obsolete,1,0
2012-09-23 21:38:43 PDT,robert.strong.bugs,Attachment #663911                Flags,review+,
2012-09-23 21:39:45 PDT,robert.strong.bugs,Attachment #663912                Flags,review+,
2012-09-24 06:22:16 PDT,netzen,Attachment #663905                Flags,review+,review?(netzen)
2012-09-24 07:50:42 PDT,netzen,Attachment #663904                Flags,review-,review?(netzen)
2012-09-24 13:15:36 PDT,chofmann,CC,chofmann,
2012-09-25 02:42:56 PDT,robert.strong.bugs,Attachment #663905                Attachment is obsolete,1,0
2012-09-25 02:42:56 PDT,robert.strong.bugs,Attachment #664411                Flags,review?(netzen),
2012-09-25 02:43:58 PDT,robert.strong.bugs,Attachment #663904                Attachment is obsolete,1,0
2012-09-25 07:34:13 PDT,netzen,Attachment #664411                Flags,review+,review?(netzen)
2012-09-25 11:38:20 PDT,robert.strong.bugs,Attachment #664411                Attachment is obsolete,1,0
2012-09-25 11:38:20 PDT,robert.strong.bugs,Attachment #664590                Flags,review+,
2012-09-25 11:51:20 PDT,robert.strong.bugs,Attachment #664597                Flags,review+,
2012-09-27 05:40:31 PDT,robert.strong.bugs,Attachment #665375                Flags,review?(netzen),
2012-09-27 05:41:24 PDT,robert.strong.bugs,Attachment #665375                Attachment description,11. main patch rev1,patch rev1
2012-09-27 10:40:28 PDT,netzen,Attachment #665375                Flags,,review?(netzen)
2012-09-27 14:22:27 PDT,robert.strong.bugs,Attachment #665375                Attachment is obsolete,1,0
2012-09-27 14:22:27 PDT,robert.strong.bugs,Attachment #665648                Flags,review?(netzen),
2012-09-28 02:28:06 PDT,robert.strong.bugs,Attachment #665648                Attachment is obsolete,1,0
2012-09-28 02:28:06 PDT,robert.strong.bugs,Attachment #665648                Flags,,review?(netzen)
2012-09-28 02:30:06 PDT,robert.strong.bugs,Attachment #665833                Flags,review?(netzen),
2012-09-28 03:10:01 PDT,robert.strong.bugs,Attachment #665833                Attachment is obsolete,1,0
2012-09-28 03:10:01 PDT,robert.strong.bugs,Attachment #665833                Flags,,review?(netzen)
2012-09-28 03:10:01 PDT,robert.strong.bugs,Attachment #665839                Flags,review?(netzen),
2012-09-28 09:47:57 PDT,robert.strong.bugs,Attachment #665954                Flags,review?(netzen),
2012-09-28 10:35:16 PDT,robert.strong.bugs,Attachment #665954                Attachment is obsolete,1,0
2012-09-28 10:35:16 PDT,robert.strong.bugs,Attachment #665954                Flags,,review?(netzen)
2012-09-28 10:35:16 PDT,robert.strong.bugs,Attachment #665968                Flags,review?(netzen),
2012-09-28 11:15:52 PDT,catlee,CC,catlee,
2012-09-28 12:02:16 PDT,netzen,Attachment #665968                Flags,review+,review?(netzen)
2012-09-28 12:53:16 PDT,netzen,Attachment #665839                Flags,review+,review?(netzen)
2012-09-28 13:00:47 PDT,justin,CC,,justin
2012-09-28 13:55:56 PDT,robert.strong.bugs,Attachment #666045                Flags,review?(netzen),
2012-09-28 14:12:28 PDT,robert.strong.bugs,Attachment #666052                Flags,review?(netzen),
2012-09-28 14:24:56 PDT,netzen,Attachment #666045                Flags,,review?(netzen)
2012-09-28 14:27:04 PDT,robert.strong.bugs,Attachment #666045                Attachment is obsolete,1,0
2012-09-28 14:27:04 PDT,robert.strong.bugs,Attachment #666059                Flags,review+,
2012-09-28 14:40:54 PDT,netzen,Attachment #666052                Flags,review+,review?(netzen)
2012-09-28 16:58:12 PDT,robert.strong.bugs,Attachment #666120                Flags,review+,
2012-09-28 22:22:35 PDT,philringnalda,Last Resolved,2012-09-28 22:22:35,
2012-09-28 22:22:35 PDT,philringnalda,Status,RESOLVED,NEW
2012-09-28 22:22:35 PDT,philringnalda,Resolution,FIXED,---
2012-09-28 22:22:35 PDT,philringnalda,Target Milestone,Firefox 18,---
2012-09-29 01:28:26 PDT,stephen.donner,CC,stephen.donner,
2012-09-29 03:31:44 PDT,robert.strong.bugs,Depends on,795580,
2012-09-29 04:31:05 PDT,robert.strong.bugs,Depends on,,597536
2012-09-29 16:04:07 PDT,robert.strong.bugs,Depends on,795647,
2012-09-29 17:58:38 PDT,robert.strong.bugs,Depends on,795654,
2012-10-01 10:15:33 PDT,robert.strong.bugs,Depends on,795982,
2012-10-02 11:16:37 PDT,jsmith,Depends on,797032,
2012-10-02 14:57:35 PDT,jsmith,Depends on,797157,
2012-10-02 15:50:59 PDT,jsmith,Depends on,797183,
2012-10-02 16:41:27 PDT,netzen,Depends on,797208,
2012-10-04 00:31:21 PDT,bernesb,CC,BernesB,
2012-10-04 12:06:59 PDT,jsmith,Depends on,797989,
2012-10-04 12:16:58 PDT,jsmith,Depends on,797998,
2012-10-04 12:39:55 PDT,jsmith,Depends on,798005,
2012-10-05 00:08:34 PDT,jsmith,Depends on,798239,
2012-10-05 02:08:23 PDT,l10n,Blocks,798255,
2012-10-05 10:58:12 PDT,jsmith,Blocks,,798255
2012-10-05 10:58:12 PDT,jsmith,Depends on,798255,
2012-10-05 11:41:38 PDT,robert.strong.bugs,Depends on,798477,
2012-10-05 11:48:07 PDT,jsmith,Depends on,798486,
2012-10-05 13:36:15 PDT,jsmith,Depends on,798537,
2012-10-05 13:37:54 PDT,netzen,Depends on,,798537
2012-10-05 14:04:47 PDT,gQuigs+bugs,CC,,gQuigs+bugs
2012-10-06 08:28:33 PDT,jsmith,Depends on,798794,
2012-10-06 12:29:00 PDT,stephen.donner,Depends on,798810,
2012-10-07 09:44:05 PDT,jsmith,Depends on,798909,
2012-10-07 09:47:01 PDT,jsmith,Depends on,798908,
2012-10-07 09:48:44 PDT,jsmith,Depends on,798903,
2012-10-07 09:51:59 PDT,jsmith,Depends on,798869,
2012-10-07 09:53:28 PDT,jsmith,Depends on,798866,
2012-10-07 09:56:49 PDT,jsmith,Depends on,798861,
2012-10-07 09:58:23 PDT,jsmith,Depends on,798847,
2012-10-07 10:01:32 PDT,jsmith,Depends on,798671,
2012-10-07 10:01:58 PDT,jsmith,Depends on,798618,
2012-10-07 10:05:56 PDT,jsmith,Depends on,,798239
2012-10-07 23:35:57 PDT,jsmith,Depends on,798944,
2012-10-08 11:46:36 PDT,jsmith,Depends on,799180,
2012-10-08 12:40:38 PDT,robert.strong.bugs,Depends on,799202,
2012-10-08 13:05:21 PDT,jsmith,Depends on,799057,
2012-10-08 13:05:36 PDT,jsmith,Depends on,799147,
2012-10-08 13:14:44 PDT,jsmith,Depends on,799172,
2012-10-08 13:15:53 PDT,jaws,Depends on,799209,
2012-10-08 13:51:54 PDT,jsmith,Depends on,799215,
2012-10-08 17:04:30 PDT,jsmith,Depends on,799289,
2012-10-08 23:29:03 PDT,hskupin,Depends on,799406,
2012-10-09 11:47:28 PDT,jsmith,Depends on,799611,
2012-10-09 14:33:58 PDT,jsmith,Depends on,799710,
2012-10-09 14:56:58 PDT,jsmith,Depends on,799718,
2012-10-09 16:57:24 PDT,jsmith,Depends on,799774,
2012-10-09 20:15:54 PDT,jsmith,Depends on,799814,
2012-10-09 23:53:15 PDT,hskupin,Depends on,799844,
2012-10-10 11:18:17 PDT,jsmith,Depends on,799861,
2012-10-10 11:19:08 PDT,jsmith,Depends on,799902,
2012-10-10 11:37:36 PDT,jsmith,Depends on,800059,
2012-10-10 13:19:18 PDT,jsmith,Depends on,800112,
2012-10-10 17:21:28 PDT,jsmith,Keywords,,verifyme
2012-10-10 17:21:28 PDT,jsmith,Status,VERIFIED,RESOLVED
2012-10-10 19:08:33 PDT,robert.strong.bugs,Depends on,794109,
2012-10-11 13:17:08 PDT,robert.strong.bugs,Depends on,774618,
2012-10-12 19:30:10 PDT,Bugzilla-alanjstrBugs,CC,,BugzillaOnFix-alanjstrBugs
2012-10-12 20:30:21 PDT,jsmith,Depends on,801226,
2012-10-12 21:49:02 PDT,jbecerra,Depends on,801235,
2012-10-12 22:03:57 PDT,robert.strong.bugs,Depends on,,801235
2012-10-12 22:25:04 PDT,brian,Depends on,801240,
2012-10-15 13:56:35 PDT,jsmith,Depends on,801841,
2012-10-16 13:41:14 PDT,jsmith,Depends on,802295,
2012-10-18 19:13:10 PDT,robert.strong.bugs,Depends on,803274,
2012-10-18 19:17:36 PDT,jsmith,Depends on,802734,
2012-10-29 14:57:50 PDT,jsmith,Depends on,805575,
2012-11-05 12:09:21 PST,jsmith,Depends on,808720,
2012-11-06 13:03:18 PST,robert.strong.bugs,Depends on,808118,
2012-11-12 09:58:21 PST,jsmith,Depends on,810509,
2012-11-14 00:03:40 PST,netzen,Depends on,811646,
2012-11-27 15:25:40 PST,jsmith,Depends on,811025,
2012-11-27 19:22:46 PST,jsmith,Depends on,815938,
2013-01-30 02:13:30 PST,hskupin,Depends on,836232,
2013-01-30 07:36:27 PST,jsmith,Depends on,836044,
2013-01-30 07:42:36 PST,jsmith,Depends on,828455,
2013-01-30 07:43:30 PST,jsmith,Alias,StubInstaller,
2013-05-01 16:30:24 PDT,robert.strong.bugs,Depends on,,797032, 797208
2013-05-01 16:30:24 PDT,robert.strong.bugs,Summary,Firefox net / stub installer for x86,Firefox net / stub installer
2013-05-19 12:33:28 PDT,dugar.siddhartha,CC,,dugar.siddhartha
2014-03-20 13:05:13 PDT,robert.strong.bugs,Blocks,,358384
2014-04-19 11:05:50 PDT,bugs,CC,,bugs
