When, Who, What, Added, Removed
2006-01-03 16:22:44 PST,mscott,Keywords,topcrash,
2006-01-03 16:22:44 PST,mscott,CC,jay,
2006-01-03 16:22:44 PST,mscott,Target Milestone,Thunderbird2.0,---
2006-01-03 19:46:14 PST,ispiked,CC,ispiked,
2006-01-03 21:54:50 PST,timeless,Attachment #207471                Flags,review?,
2006-01-03 21:55:13 PST,timeless,Attachment #207471                Flags,review?(bienvenu),review?
2006-01-04 10:39:47 PST,mozilla,Attachment #207471                Flags,review+,review?(bienvenu)
2006-01-04 10:41:12 PST,mozilla,Attachment #207471                Flags,approval1.8.1?,
2006-01-29 02:00:01 PST,nagi,CC,nagi,
2006-01-29 09:50:41 PST,mscott,Attachment #207471                Flags,approval1.8.1+, approval1.8.0.2?,approval1.8.1?
2006-01-31 09:31:48 PST,mozilla,Keywords,fixed1.8.1,
2006-01-31 09:31:48 PST,mozilla,Status,RESOLVED,NEW
2006-01-31 09:31:48 PST,mozilla,Resolution,FIXED,---
2006-01-31 09:31:48 PST,mozilla,Last Resolved,2006-01-31 09:31:48,
2006-01-31 12:30:37 PST,mscott,Attachment #207471                Flags,approval1.8.0.2+,approval1.8.0.2?
2006-01-31 12:30:52 PST,mscott,Keywords,fixed1.8.0.2,
2006-02-01 07:45:26 PST,jcea,CC,jcea,
2011-06-09 14:58:43 PDT,nobody,Crash Signature,[@ nsMsgQuickSearchDBView::ListIdsInThread],
