When, Who, What, Added, Removed
2006-01-03 07:00:52 PST,dpopa,Product,Core,Firefox
2006-01-03 07:00:52 PST,dpopa,Version,1.8 Branch,unspecified
2006-01-03 07:00:52 PST,dpopa,Component,Editor,General
2006-01-03 20:37:21 PST,ispiked,CC,ispiked,
2006-01-06 18:27:11 PST,agustinmfernandez,CC,yo,
2006-01-08 04:41:19 PST,bugzilla,Flags,blocking1.9a1?,
2006-01-08 04:41:19 PST,bugzilla,Whiteboard,midas,
2006-01-08 04:41:19 PST,bugzilla,Version,Trunk,1.8 Branch
2006-01-08 04:41:19 PST,bugzilla,Status,NEW,UNCONFIRMED
2006-01-08 04:41:19 PST,bugzilla,CC,bugzilla,
2006-01-08 04:41:19 PST,bugzilla,Ever confirmed,1,0
2006-01-08 04:41:40 PST,bugzilla,Assignee,mozeditor,nobody
2006-01-08 04:41:40 PST,bugzilla,QA Contact,,general
2006-01-08 09:59:27 PST,brade,CC,brade,
2006-01-10 07:58:38 PST,pino,CC,pino,
2006-01-31 23:12:55 PST,kitblake,CC,kitblake,
2006-06-16 19:41:21 PDT,gavin.sharp,CC,gavin.sharp,
2006-09-21 15:10:50 PDT,pavlov,Flags,blocking1.9-,blocking1.9a1?
2007-02-27 23:52:19 PST,lpgcritter+bugz,Attachment #256769                Flags,review?(daniel), superreview?,
2007-03-19 01:03:00 PDT,lpgcritter+bugz,Attachment #256769                Flags,,review?(daniel), superreview?
2007-03-19 01:03:00 PDT,lpgcritter+bugz,Attachment #256769                Attachment is obsolete,1,0
2007-03-19 01:05:27 PDT,lpgcritter+bugz,Attachment #258977                Flags,review?,
2007-03-19 01:08:44 PDT,lpgcritter+bugz,Attachment #258977                Flags,review?(neil),review?
2007-03-19 04:08:47 PDT,neil,Attachment #258977                Flags,review-,review?(neil)
2007-03-22 20:28:16 PDT,lpgcritter+bugz,Attachment #258977                Attachment is obsolete,1,0
2007-03-22 20:30:33 PDT,lpgcritter+bugz,Attachment #259383                Flags,review?(neil),
2007-03-23 03:36:13 PDT,neil,Attachment #259383                Flags,review+,review?(neil)
2007-04-01 00:56:39 PDT,mrbkap,Whiteboard,midas [checkin needed],midas
2007-04-01 10:24:53 PDT,gavin.sharp,Whiteboard,midas,midas [checkin needed]
2007-04-03 02:00:58 PDT,lpgcritter+bugz,Attachment #259383                Flags,superreview?(neil),
2007-04-03 02:09:48 PDT,neil,Attachment #259383                Flags,superreview+,superreview?(neil)
2007-04-03 11:16:20 PDT,reed,QA Contact,editor,
2007-04-03 12:19:59 PDT,reed,Assignee,nobody,mozeditor
2007-07-12 15:10:20 PDT,phil.crosby,CC,phil.crosby,
2008-01-22 05:05:16 PST,bugzilla,Flags,blocking1.9?,blocking1.9-
2008-01-22 05:25:10 PST,dpopa,CC,dpopa,
2008-01-26 09:54:13 PST,mtschrep,Priority,P2,--
2008-01-26 09:54:13 PST,mtschrep,CC,mtschrep,
2008-01-26 09:54:13 PST,mtschrep,Flags,blocking1.9+,blocking1.9?
2008-01-26 09:54:13 PST,mtschrep,Keywords,checkin-needed,
2008-01-26 10:20:45 PST,reed,Assignee,littlecritter,nobody
2008-01-26 10:20:45 PST,reed,CC,reed,
2008-01-26 20:18:00 PST,reed,Keywords,,checkin-needed
2008-01-26 20:18:00 PST,reed,Status,RESOLVED,NEW
2008-01-26 20:18:00 PST,reed,Resolution,FIXED,---
2008-01-26 20:18:00 PST,reed,Target Milestone,mozilla1.9 M11,---
2008-01-26 20:18:00 PST,reed,Last Resolved,2008-01-26 20:18:00,
2008-01-27 08:44:56 PST,bugzilla,Depends on,414223,
2008-01-27 23:47:07 PST,bugzilla,Depends on,,414223
