When, Who, What, Added, Removed
2006-01-04 10:21:50 PST,samuel.sidler+old,CC,sfraser_bugs, nick.kreeger, mark,
2006-01-04 10:21:50 PST,samuel.sidler+old,Flags,camino1.0+,
2006-01-04 10:23:52 PST,nick.kreeger,Status,ASSIGNED,NEW
2006-01-04 10:23:52 PST,nick.kreeger,Assignee,nick.kreeger,mikepinkerton
2006-01-04 10:24:55 PST,samuel.sidler+old,CC,mikepinkerton,
2006-01-04 10:36:44 PST,samuel.sidler+old,Keywords,crash,
2006-01-04 10:40:42 PST,nick.kreeger,Attachment #207515                Attachment is obsolete,1,0
2006-01-04 11:30:02 PST,mark,Attachment #207519                Flags,review+,
2006-01-04 11:30:50 PST,mark,Keywords,fixed1.8.0.1, fixed1.8.1,
2006-01-04 11:30:50 PST,mark,Status,RESOLVED,ASSIGNED
2006-01-04 11:30:50 PST,mark,Resolution,FIXED,---
2006-01-04 11:30:50 PST,mark,Last Resolved,2006-01-04 11:30:50,
2006-01-04 13:31:43 PST,stuart.morgan+bugzilla,CC,stuart.morgan,
2006-01-04 21:42:44 PST,sfraser_bugs,Status,REOPENED,RESOLVED
2006-01-04 21:42:44 PST,sfraser_bugs,Resolution,---,FIXED
2006-01-04 21:42:57 PST,sfraser_bugs,Keywords,,fixed1.8.0.1, fixed1.8.1
2006-01-15 20:29:49 PST,sfraser_bugs,Resolution,FIXED,---
2006-01-15 20:29:49 PST,sfraser_bugs,Last Resolved,2006-01-15 20:29:49,2006-01-04 11:30:50
2006-01-15 20:29:49 PST,sfraser_bugs,Keywords,fixed1.8.0.1, fixed1.8.1,
2006-01-15 20:29:49 PST,sfraser_bugs,Status,RESOLVED,REOPENED
2006-02-16 00:23:29 PST,samuel.sidler+old,Keywords,verified1.8.0.1,fixed1.8.0.1
2006-02-16 00:23:29 PST,samuel.sidler+old,Status,VERIFIED,RESOLVED
2006-09-04 18:10:04 PDT,ispiked,CC,ispiked,
2006-09-04 18:10:21 PDT,nick.kreeger,Status,REOPENED,VERIFIED
2006-09-04 18:10:21 PDT,nick.kreeger,Resolution,---,FIXED
2006-09-04 22:34:49 PDT,ispiked,URL,http://talkback-public.mozilla.org/reports/camino/CM11x/CM11x-topcrashers.html,http://talkback-public.mozilla.org/reports/camino/CM10x/smart-analysis.all
2006-09-04 22:34:49 PDT,ispiked,Version,1.8 Branch,Trunk
2006-09-04 22:34:49 PDT,ispiked,OS,Mac OS X 10.4,Mac OS X 10.2
2006-09-04 22:34:49 PDT,ispiked,Severity,critical,normal
2006-09-04 22:34:49 PDT,ispiked,Target Milestone,---,Camino1.0
2006-09-04 23:19:46 PDT,alqahira,Target Milestone,Camino1.1,---
2006-09-05 09:39:48 PDT,alqahira,Resolution,FIXED,---
2006-09-05 09:39:48 PDT,alqahira,Target Milestone,---,Camino1.1
2006-09-05 09:39:48 PDT,alqahira,Last Resolved,2006-09-05 09:39:48,2006-01-15 20:29:49
2006-09-05 09:39:48 PDT,alqahira,Status,RESOLVED,REOPENED
2007-11-06 14:10:11 PST,samuel.sidler+old,Status,VERIFIED,RESOLVED
2011-06-09 14:58:43 PDT,nobody,Crash Signature,[@ libobjc.A.dylib.227.0.0],
