When, Who, What, Added, Removed
2006-01-04 09:30:29 PST,martijn.martijn,CC,martijn.martijn,
2006-01-04 10:39:10 PST,timeless,Product,Core,Thunderbird
2006-01-04 10:39:10 PST,timeless,Version,1.8 Branch,unspecified
2006-01-04 10:39:10 PST,timeless,Component,Spelling checker,Message Compose Window
2006-01-04 10:39:10 PST,timeless,QA Contact,spelling-checker,
2006-01-04 12:57:59 PST,martijn.martijn,Ever confirmed,1,0
2006-01-04 12:57:59 PST,martijn.martijn,Keywords,crash, testcase,
2006-01-04 12:57:59 PST,martijn.martijn,Status,NEW,UNCONFIRMED
2006-01-04 19:31:43 PST,ispiked,Summary,mozISpellCheckingEngine.check crashes if word is misspelled [@ mozMySpell::Check],mozISpellCheckingEngine.check crashes if word is misspelled
2006-01-04 19:31:43 PST,ispiked,CC,ispiked,
2006-01-04 22:05:08 PST,timeless,Attachment #207588                Flags,review?(bzbarsky), superreview?(bzbarsky),
2006-01-04 22:05:08 PST,timeless,Status,ASSIGNED,NEW
2006-01-04 22:05:08 PST,timeless,Assignee,timeless,mscott
2006-01-04 22:09:03 PST,bzbarsky,Attachment #207588                Flags,review?(mscott), superreview+,review?(bzbarsky), superreview?(bzbarsky)
2006-01-04 22:10:14 PST,mscott,Attachment #207588                Flags,review+,review?(mscott)
2006-01-05 10:54:22 PST,timeless,Attachment #207588                Attachment is obsolete,1,0
2006-01-05 10:55:04 PST,timeless,Status,RESOLVED,ASSIGNED
2006-01-05 10:55:04 PST,timeless,Resolution,FIXED,---
2006-01-05 10:55:04 PST,timeless,Last Resolved,2006-01-05 10:55:04,
2006-01-05 10:55:47 PST,timeless,Attachment #207588                Flags,approval1.8.0.1?, approval1.8.1?,
2006-01-05 13:07:40 PST,dveditz,Attachment #207588                Flags,approval1.8.0.1-,approval1.8.0.1?
2006-01-26 13:11:02 PST,mscott,Attachment #207588                Flags,approval1.8.1+,approval1.8.1?
2006-02-05 18:00:30 PST,gavin.sharp,Keywords,fixed1.8.1,
2006-02-05 18:00:30 PST,gavin.sharp,CC,gavin.sharp,
2007-03-30 13:46:28 PDT,cbook,Keywords,verified1.8.1.3,
2007-03-30 13:46:28 PDT,cbook,CC,carstenbook,
2011-06-09 14:58:43 PDT,nobody,Crash Signature,[@ mozMySpell::Check],
