When, Who, What, Added, Removed
2006-01-03 21:00:49 PST,robert,Status,ASSIGNED,NEW
2006-01-03 21:05:14 PST,robert,Attachment #207469                Flags,review?(robert.bugzilla),
2006-01-03 21:23:51 PST,robert,Summary,JS Strict Error in EM,JS Strict Error
2006-01-04 00:08:20 PST,robert.strong.bugs,Attachment #207469                Flags,review+,review?(robert.bugzilla)
2006-01-08 19:29:11 PST,robert.strong.bugs,Status,RESOLVED,ASSIGNED
2006-01-08 19:29:11 PST,robert.strong.bugs,Resolution,FIXED,---
2006-01-08 19:29:11 PST,robert.strong.bugs,Last Resolved,2006-01-08 19:29:11,
2006-02-04 10:33:07 PST,robert.strong.bugs,Attachment #207469                Flags,branch-1.8.1+,
2006-02-04 10:40:47 PST,robert.strong.bugs,Keywords,fixed1.8.1,
2008-07-31 04:30:00 PDT,nobody,Product,Toolkit,Firefox
