When, Who, What, Added, Removed
2006-01-04 00:10:12 PST,brendan,Attachment #207475                Flags,review?(mrbkap), superreview?(shaver),
2006-01-04 00:14:55 PST,brendan,Status,ASSIGNED,NEW
2006-01-04 00:14:55 PST,brendan,Priority,P1,--
2006-01-04 19:08:17 PST,shaver,Attachment #207475                Flags,superreview+,superreview?(shaver)
2006-01-05 13:25:22 PST,mrbkap,Attachment #207475                Flags,review+,review?(mrbkap)
2006-01-05 13:42:37 PST,brendan,Attachment #207475                Attachment is obsolete,1,0
2006-01-05 13:42:37 PST,brendan,Attachment #207475                Flags,,review+, superreview+
2006-01-06 18:46:29 PST,dveditz,Whiteboard,[sg:moderate] patch in bug 322499,
2006-01-07 10:53:12 PST,dveditz,Whiteboard,[sg:high+] patch in bug 322499,[sg:moderate] patch in bug 322499
2006-01-07 10:53:12 PST,dveditz,CC,bob,
2006-01-07 10:53:26 PST,dveditz,Keywords,qawanted,
2006-01-07 10:54:17 PST,dveditz,Whiteboard,[sg:high+] patch in bug 322499 (fixed on trunk),[sg:high+] patch in bug 322499
2006-01-07 10:54:17 PST,dveditz,Flags,blocking1.8.1+, blocking1.8.0.1+,
2006-01-09 13:54:54 PST,dveditz,Keywords,,qawanted
2006-01-09 13:54:54 PST,dveditz,Whiteboard,[sg:low (preventive)] patch in bug 322499 (fixed on trunk),[sg:high+] patch in bug 322499 (fixed on trunk)
2006-01-09 13:54:54 PST,dveditz,Status,RESOLVED,ASSIGNED
2006-01-09 13:54:54 PST,dveditz,Resolution,FIXED,---
2006-01-09 13:54:54 PST,dveditz,Depends on,322499,
2006-01-09 13:54:54 PST,dveditz,Group,,security
2006-01-09 13:54:54 PST,dveditz,Flags,,blocking1.8.1+, blocking1.8.0.1+
2006-01-09 13:54:54 PST,dveditz,Last Resolved,2006-01-09 13:54:54,
2006-01-10 11:32:12 PST,brendan,Keywords,fixed1.8.0.1, fixed1.8.1,
2006-01-12 10:19:31 PST,bob,Flags,testcase+,
2006-01-14 11:42:24 PST,bob,Keywords,verified1.8.0.1, verified1.8.1,fixed1.8.0.1, fixed1.8.1
2006-01-14 11:42:24 PST,bob,Status,VERIFIED,RESOLVED
2006-01-27 05:31:55 PST,josh,Summary,CVE-2006-0299 * ("AnyName") entrainment and (given future chrome use of e4x) access control hazard,* ("AnyName") entrainment and (given future chrome use of e4x) access control hazard
2006-02-02 09:33:03 PST,gavin.sharp,CC,gavin.sharp,
