When, Who, What, Added, Removed
2006-01-04 12:47:07 PST,standard8,Component,de-AT / German-Austria,Address Book
2006-01-04 12:47:07 PST,standard8,Assignee,kairo,mscott
2006-01-04 12:47:07 PST,standard8,QA Contact,mozilla,address-book
2006-01-04 12:47:07 PST,standard8,Product,Mozilla Localizations,Thunderbird
2006-01-04 16:12:57 PST,kairo,Assignee,AlexIhrig,kairo
2006-01-04 16:57:04 PST,AlexIhrig,Status,ASSIGNED,UNCONFIRMED
2006-01-04 16:57:04 PST,AlexIhrig,Ever confirmed,1,0
2006-01-06 14:08:14 PST,AlexIhrig,Attachment #207763                Flags,review?(l10n),
2006-01-29 02:36:01 PST,AlexIhrig,Status,RESOLVED,ASSIGNED
2006-01-29 02:36:01 PST,AlexIhrig,Resolution,FIXED,---
2006-01-29 02:36:01 PST,AlexIhrig,Last Resolved,2006-01-29 02:36:01,
2006-04-23 10:15:14 PDT,pschoenb,Status,REOPENED,RESOLVED
2006-04-23 10:15:14 PDT,pschoenb,Resolution,---,FIXED
2006-04-23 14:25:29 PDT,AlexIhrig,Resolution,FIXED,---
2006-04-23 14:25:29 PDT,AlexIhrig,Last Resolved,2006-04-23 14:25:29,2006-01-29 02:36:01
2006-04-23 14:25:29 PDT,AlexIhrig,Status,RESOLVED,REOPENED
2006-04-23 14:25:52 PDT,AlexIhrig,Status,VERIFIED,RESOLVED
2006-06-07 09:28:44 PDT,l10n,Attachment #207763                Flags,,review?(l10n)
