When, Who, What, Added, Removed
2006-01-04 09:43:52 PST,bob,CC,timr,
2006-01-04 11:51:28 PST,vladimir,Depends on,322391,
2006-01-04 11:55:00 PST,gavin.sharp,CC,gavin.sharp,
2006-01-04 19:32:43 PST,ispiked,CC,ispiked,
2006-01-05 09:19:54 PST,timeless,CC,supernova_00,
2006-01-05 11:13:40 PST,granrosebugs,CC,granrosebugs,
2006-01-05 12:55:22 PST,shaver,CC,natek,
2006-04-23 15:58:08 PDT,jruderman,Depends on,316507,
2006-05-13 16:59:30 PDT,ispiked,Depends on,326344,316507
2006-05-13 17:05:45 PDT,trev.moz,CC,trev,
2006-08-02 21:20:50 PDT,david_jochum,CC,david_jochum,
2006-09-02 10:18:43 PDT,polidobj,CC,hannibal,
2006-09-05 20:15:05 PDT,ispiked,CC,sks75220,
2006-11-09 11:45:39 PST,matin.khan,CC,matin.khan,
2006-11-14 18:39:46 PST,polidobj,CC,polidobj,
2006-11-23 08:18:29 PST,vseerror,CC,scottymar10,
2006-11-23 08:30:27 PST,vseerror,CC,ssipik,
2006-12-14 13:32:08 PST,nthomas,CC,shijialeee,
2007-02-09 05:53:17 PST,ocsd50ae,CC,ocsd50ae,
2007-04-06 14:15:57 PDT,russ,CC,russ,
2007-05-22 19:38:56 PDT,vladimir,Assignee,nobody,vladimir
2007-11-13 09:41:17 PST,b_nichols,CC,b_nichols,
2007-12-20 05:02:14 PST,vseerror,CC,vseerror,
2008-06-15 01:30:41 PDT,bob,CC,likhacc,
2008-06-15 01:30:49 PDT,bob,CC,chrstrply,
2009-01-08 05:24:52 PST,trev.moz,Blocks,467520,
2009-07-21 11:38:50 PDT,kbrosnan,CC,kbrosnan,
2009-07-22 03:28:15 PDT,horia_76,CC,horia_76,
2009-10-17 05:34:16 PDT,bugzilla,Status,RESOLVED,NEW
2009-10-17 05:34:16 PDT,bugzilla,Resolution,FIXED,---
2009-10-17 05:34:16 PDT,bugzilla,CC,matti,
2009-10-17 05:34:16 PDT,bugzilla,Last Resolved,2009-10-17 05:34:16,
2015-04-19 23:39:42 PDT,nobody,Product,Tech Evangelism Graveyard,Tech Evangelism
