When, Who, What, Added, Removed
2006-01-04 03:51:29 PST,LpSolit,Product,mozilla.org,Bugzilla
2006-01-04 03:51:29 PST,LpSolit,Version,other,2.20
2006-01-04 03:51:29 PST,LpSolit,Component,Bugzilla: Other b.m.o Issues,Creating/Changing Bugs
2006-01-04 03:51:29 PST,LpSolit,Assignee,justdave,create-and-change
2006-01-04 03:51:29 PST,LpSolit,QA Contact,myk,default-qa
2006-01-04 04:51:19 PST,emmanuel,CC,eseyman,
2006-01-05 03:23:15 PST,gavin.sharp,CC,gavin.sharp,
2006-02-11 13:49:52 PST,justdave,Status,RESOLVED,NEW
2006-02-11 13:49:52 PST,justdave,Resolution,FIXED,---
2006-02-11 13:49:52 PST,justdave,Last Resolved,2006-02-11 13:49:52,
2006-02-11 13:59:57 PST,gavin.sharp,Status,VERIFIED,RESOLVED
2006-02-12 12:47:01 PST,reed,CC,reed,
2006-02-18 16:26:18 PST,reed,CC,bzbarsky,
2006-08-08 00:40:30 PDT,timeless,Blocks,343630,
2011-06-26 22:59:39 PDT,nobody,Product,bugzilla.mozilla.org,mozilla.org
2011-06-26 22:59:39 PDT,nobody,Component,General,Bugzilla: Other b.m.o Issues
