When, Who, What, Added, Removed
2006-01-04 07:37:22 PST,gavin.sharp,CC,gavin.sharp,
2006-01-04 10:18:21 PST,stephen.donner,CC,stephen.donner,
2006-01-04 19:30:05 PST,ispiked,CC,ispiked,
2006-01-04 20:38:35 PST,mrmazda,OS,All,Windows XP
2006-01-05 12:55:18 PST,bzbarsky,CC,dbaron,
2006-01-05 12:55:18 PST,bzbarsky,Depends on,141265,
2006-01-05 13:13:06 PST,mats,CC,mats.palmgren,
2006-01-05 13:13:06 PST,mats,Depends on,310638,
2006-01-05 13:20:28 PST,bzbarsky,Attachment #207659                Flags,review?(dbaron), superreview?(dbaron),
2006-01-06 17:38:55 PST,robert,CC,rparenton,
2006-01-08 17:39:02 PST,bzbarsky,Blocks,322652,
2006-01-08 17:42:03 PST,bzbarsky,Blocks,316026,
2006-01-08 17:48:57 PST,bzbarsky,Blocks,322689,
2006-01-08 17:50:29 PST,bzbarsky,Blocks,,322689
2006-01-12 11:21:02 PST,xanthor+bz,CC,xanthor,
2006-01-24 13:23:53 PST,dbaron,Attachment #207659                Flags,review+, superreview+,review?(dbaron), superreview?(dbaron)
2006-01-29 15:17:23 PST,ryanvm,CC,ryanvm,
2006-03-06 20:41:50 PST,bzbarsky,Attachment #207659                Attachment is obsolete,1,0
2006-03-06 20:44:40 PST,bzbarsky,Attachment #214279                Flags,review?(dbaron), superreview?(dbaron), approval-branch-1.8.1?(dbaron),
2006-03-06 20:45:20 PST,bzbarsky,Summary,[FIX]Crash [@ nsFrameList::DestroyFrames] with evil testcase using position:fixed/absolute; and ::first-line,Crash [@ nsFrameList::DestroyFrames] with evil testcase using position:fixed/absolute; and ::first-line
2006-03-06 20:45:20 PST,bzbarsky,Priority,P2,--
2006-03-06 20:45:20 PST,bzbarsky,Assignee,bzbarsky,nobody
2006-03-06 20:45:20 PST,bzbarsky,Target Milestone,mozilla1.9alpha,---
2006-03-15 01:41:57 PST,dbaron,Attachment #214279                Flags,review+, superreview+, approval-branch-1.8.1+,review?(dbaron), superreview?(dbaron), approval-branch-1.8.1?(dbaron)
2006-03-15 17:12:06 PST,bzbarsky,Attachment #214278                Attachment is obsolete,1,0
2006-03-15 17:12:06 PST,bzbarsky,Attachment #214279                Attachment is obsolete,1,0
2006-03-15 17:34:38 PST,bzbarsky,Attachment #215198                Flags,approval1.8.0.3?,
2006-03-15 17:36:01 PST,bzbarsky,Resolution,FIXED,---
2006-03-15 17:36:01 PST,bzbarsky,Last Resolved,2006-03-15 17:36:01,
2006-03-15 17:36:01 PST,bzbarsky,Keywords,fixed1.8.1,
2006-03-15 17:36:01 PST,bzbarsky,Status,RESOLVED,NEW
2006-03-16 10:07:14 PST,robert,CC,,rparenton
2006-03-17 10:20:59 PST,stephen.donner,Status,VERIFIED,RESOLVED
2006-04-10 11:53:01 PDT,dveditz,Flags,blocking1.8.0.3?,
2006-04-10 12:04:42 PDT,jaymoz,Flags,blocking1.8.0.3+,blocking1.8.0.3?
2006-04-19 01:03:45 PDT,martijn.martijn,Depends on,334602,
2006-04-19 11:46:09 PDT,dveditz,Attachment #215198                Flags,approval1.8.0.3+,approval1.8.0.3?
2006-04-19 19:48:12 PDT,bzbarsky,Keywords,fixed1.8.0.3,
2006-05-23 14:54:54 PDT,jbecerra,Keywords,verified1.8.0.4,
2006-05-23 15:01:04 PDT,gavin.sharp,Keywords,,fixed1.8.0.4
2006-06-20 15:52:40 PDT,bugzilla,Keywords,verified1.8.1,fixed1.8.1
2006-11-03 18:23:44 PST,bzbarsky,Depends on,350444,
2011-06-09 14:58:43 PDT,nobody,Crash Signature,[@ nsFrameList::DestroyFrames],
