When, Who, What, Added, Removed
2006-01-04 13:04:47 PST,cbiesinger,CC,hhschwab,
2006-01-04 13:08:08 PST,cbiesinger,Attachment #207479                Flags,review+, superreview?(jst),
2006-01-04 13:08:43 PST,cbiesinger,Status,NEW,UNCONFIRMED
2006-01-04 13:08:43 PST,cbiesinger,Ever confirmed,1,0
2006-01-04 13:08:43 PST,cbiesinger,Flags,blocking1.7.13?, blocking1.8.0.1?, blocking1.9a1?,
2006-01-04 14:04:38 PST,bzbarsky,CC,bzbarsky,
2006-01-04 17:31:43 PST,jst,Attachment #207479                Flags,superreview+,superreview?(jst)
2006-01-05 05:13:20 PST,cbiesinger,Status,RESOLVED,NEW
2006-01-05 05:13:20 PST,cbiesinger,Resolution,FIXED,---
2006-01-05 05:13:20 PST,cbiesinger,Flags,,blocking1.9a1?
2006-01-05 05:13:20 PST,cbiesinger,Last Resolved,2006-01-05 05:13:20,
2006-01-05 05:13:42 PST,cbiesinger,Attachment #207479                Flags,approval-aviary1.0.8?, approval1.7.13?, approval1.8.0.1?, approval1.8.1?,
2006-01-05 06:06:59 PST,cbiesinger,CC,cst,
2006-01-05 12:55:44 PST,dveditz,Group,,security
2006-01-05 12:55:44 PST,dveditz,Flags,blocking1.8.0.1-,blocking1.8.0.1?
2006-01-05 12:56:31 PST,dveditz,Attachment #207479                Flags,approval1.8.0.1-, approval1.8.1+,approval1.8.0.1?, approval1.8.1?
2006-01-05 13:26:49 PST,cbiesinger,Keywords,fixed1.8.1,
2006-01-05 16:17:27 PST,gavin.sharp,Target Milestone,mozilla1.8.1,---
2006-01-24 17:56:34 PST,dveditz,Flags,blocking-aviary1.0.8?,
2006-01-27 16:55:01 PST,dveditz,Flags,blocking1.7.13-, blocking-aviary1.0.8-,blocking1.7.13?, blocking-aviary1.0.8?
2006-02-02 15:44:15 PST,dveditz,Attachment #207479                Flags,approval-aviary1.0.8-, approval1.7.13-,approval-aviary1.0.8?, approval1.7.13?
