When, Who, What, Added, Removed
2006-03-30 17:12:36 PST,jminta,Status,ASSIGNED,NEW
2006-03-30 17:12:36 PST,jminta,Assignee,jminta,base
2006-03-30 17:12:36 PST,jminta,Attachment #216801                Flags,first-review?(dmose),
2006-03-30 17:12:59 PST,jminta,Blocks,325477,
2006-04-27 13:29:23 PDT,mvl,Blocks,,325477
2006-08-01 17:38:44 PDT,jminta,Attachment #216801                Attachment is obsolete,1,0
2006-08-01 17:38:44 PDT,jminta,Attachment #216801                Flags,,first-review?(dmose)
2006-08-01 18:04:20 PDT,jminta,Attachment #231695                Flags,first-review?(dmose),
2006-10-27 08:04:19 PDT,mattwillis,Attachment #231695                Flags,first-review?(cmtalbert), second-review?(lilmatt),first-review?(dmose)
2006-10-29 19:55:41 PST,cmtalbert,CC,cmtalbert,
2006-10-30 13:22:58 PST,cmtalbert,Attachment #231695                Attachment is obsolete,1,0
2006-10-30 13:22:58 PST,cmtalbert,Attachment #244128                Flags,first-review?(cmtalbert), second-review?(lilmatt),
2006-10-30 13:22:58 PST,cmtalbert,Attachment #231695                Flags,,first-review?(cmtalbert), second-review?(lilmatt)
2006-10-30 13:24:48 PST,cmtalbert,Attachment #244128                Flags,first-review+,first-review?(cmtalbert)
2006-10-30 17:49:52 PST,mattwillis,Attachment #244128                Flags,second-review+,second-review?(lilmatt)
2006-10-30 18:21:24 PST,jminta,Status,RESOLVED,ASSIGNED
2006-10-30 18:21:24 PST,jminta,Resolution,FIXED,---
2006-10-30 18:21:24 PST,jminta,Last Resolved,2006-10-30 18:21:24,
