When, Who, What, Added, Removed
2006-01-04 13:13:54 PST,martijn.martijn,Product,Core,Firefox
2006-01-04 13:13:54 PST,martijn.martijn,Version,Trunk,unspecified
2006-01-04 13:13:54 PST,martijn.martijn,Component,XML,General
2006-01-04 13:13:54 PST,martijn.martijn,Assignee,xml,nobody
2006-01-04 13:13:54 PST,martijn.martijn,QA Contact,ashshbhatt,general
2006-01-04 13:13:54 PST,martijn.martijn,CC,martijn.martijn,
2006-01-10 17:55:59 PST,ispiked,CC,ispiked,
2006-11-30 10:51:46 PST,palantar,URL,http://northwestbaptistchurchonline.org/index.php?option=com_sermons&Itemid=29,http://www.northwestbaptistchurchonline.org/sermons.php
2006-12-01 06:52:14 PST,martijn.martijn,Keywords,testcase,
2006-12-01 06:52:14 PST,martijn.martijn,CC,bzbarsky,
2006-12-01 07:03:43 PST,martijn.martijn,CC,annevankesteren+mozilla,
2006-12-01 08:00:53 PST,bzbarsky,QA Contact,ian,ashshbhatt
2006-12-01 08:00:53 PST,bzbarsky,Ever confirmed,1,0
2006-12-01 08:00:53 PST,bzbarsky,Flags,blocking1.9?,
2006-12-01 08:00:53 PST,bzbarsky,Status,NEW,UNCONFIRMED
2006-12-01 08:00:53 PST,bzbarsky,Component,DOM: Mozilla Extensions,XML
2006-12-01 08:00:53 PST,bzbarsky,Assignee,general,xml
2006-12-03 13:17:36 PST,bzbarsky,Whiteboard,waiting on spec clarification from Anne,
2007-02-08 17:07:29 PST,jst,Assignee,jonas,general
2007-02-08 17:07:29 PST,jst,CC,jst,
2007-02-08 17:07:29 PST,jst,Flags,blocking1.9+,blocking1.9?
2007-05-03 14:37:34 PDT,jonas,Target Milestone,mozilla1.9beta1,---
2007-08-04 19:53:26 PDT,gavin.sharp,CC,gavin.sharp,
2007-09-20 14:39:28 PDT,dsicore,Target Milestone,---,mozilla1.9 M8
2007-11-07 16:34:33 PST,jonas,Flags,,blocking1.9+
2007-11-07 16:44:51 PST,bzbarsky,Flags,blocking1.9?,
2007-11-09 13:33:08 PST,dsicore,CC,dsicore,
2007-11-09 13:33:08 PST,dsicore,Flags,blocking1.9-, wanted1.9+,blocking1.9?
2007-11-11 12:30:27 PST,bzbarsky,Status,ASSIGNED,NEW
2007-11-11 12:30:27 PST,bzbarsky,Assignee,bzbarsky,jonas
2007-11-11 12:30:27 PST,bzbarsky,Attachment #288224                Flags,review?(jonas), superreview?(jonas),
2007-11-11 12:48:48 PST,bzbarsky,Summary,[FIX]After AJAX causes re-render, firefox drops information in web site.,After AJAX causes re-render, firefox drops information in web site.
2007-11-15 01:06:05 PST,jonas,Attachment #288224                Flags,review+, superreview+,review?(jonas), superreview?(jonas)
2007-11-15 01:06:52 PST,jonas,CC,jonas,
2007-11-15 01:06:52 PST,jonas,Flags,in-testsuite?,
2007-11-15 09:18:56 PST,bzbarsky,Attachment #288224                Flags,approval1.9?,
2007-11-15 12:17:49 PST,vladimir,Attachment #288224                Flags,approval1.9+,approval1.9?
2007-11-15 14:23:55 PST,bzbarsky,Resolution,FIXED,---
2007-11-15 14:23:55 PST,bzbarsky,Flags,in-testsuite+,in-testsuite?
2007-11-15 14:23:55 PST,bzbarsky,Last Resolved,2007-11-15 14:23:55,
2007-11-15 14:23:55 PST,bzbarsky,Status,RESOLVED,ASSIGNED
2013-04-04 13:53:44 PDT,nobody,Product,Core,Core
2013-04-04 13:53:44 PDT,nobody,Component,DOM,DOM: Mozilla Extensions
