When, Who, What, Added, Removed
2006-01-04 11:19:08 PST,stefanh,Attachment #207525                Flags,review?,
2006-01-04 11:20:21 PST,stefanh,Target Milestone,seamonkey1.1alpha,---
2006-01-08 13:26:05 PST,stefanh,Attachment #207525                Flags,review?(iann_bugzilla),review?
2006-01-08 15:44:46 PST,iann_bugzilla,Attachment #207525                Flags,review+, approval-seamonkey1.1+,review?(iann_bugzilla)
2006-01-09 13:49:41 PST,stefanh,Last Resolved,2006-01-09 13:49:41,
2006-01-09 13:49:41 PST,stefanh,Status,RESOLVED,NEW
2006-01-09 13:49:41 PST,stefanh,Resolution,FIXED,---
2006-01-09 14:50:25 PST,iann_bugzilla,Attachment #207525                Attachment description,Patch (Checked in trunk and branch 1.8),Patch
2006-01-09 14:50:49 PST,iann_bugzilla,Keywords,fixed1.8.1,
2006-01-09 14:50:49 PST,iann_bugzilla,Whiteboard,fixed-seamonkey1.1,
2006-01-13 07:32:21 PST,stefanh,Attachment #207525                Flags,approval-seamonkey1.0?,
2006-01-13 11:31:06 PST,kairo,Attachment #207525                Flags,approval-seamonkey1.0+,approval-seamonkey1.0?
2006-01-13 16:51:51 PST,iann_bugzilla,Blocks,323357,
2006-01-20 16:08:11 PST,iann_bugzilla,Attachment #207525                Attachment description,Patch (Checked in trunk and branches 1.8 & 1.8.0),Patch (Checked in trunk and branch 1.8)
2006-01-20 16:09:10 PST,iann_bugzilla,Keywords,fixed1.8.0.1, late-l10n,
2006-01-20 16:09:10 PST,iann_bugzilla,Whiteboard,fixed-seamonkey1.0, fixed-seamonkey1.1,fixed-seamonkey1.1
2006-01-26 15:45:04 PST,csthomas,Keywords,fixed-seamonkey1.0, fixed-seamonkey1.1,
2006-01-26 15:45:04 PST,csthomas,Whiteboard,,fixed-seamonkey1.0, fixed-seamonkey1.1
