When, Who, What, Added, Removed
2006-01-04 11:04:28 PST,ria.klaassen,CC,ria.klaassen,
2006-01-04 21:17:04 PST,ispiked,CC,ispiked,
2006-04-19 15:29:41 PDT,vladimir,Attachment #207517                Attachment is obsolete,1,0
2006-04-19 15:30:25 PDT,vladimir,Summary,Large coordinates cause missing canvas paths (cairo fixed-point path issues),Canvas doesn't render paths with nodes far out of the viewport
2006-04-19 15:30:25 PDT,vladimir,Status,NEW,UNCONFIRMED
2006-04-19 15:30:25 PDT,vladimir,Ever confirmed,1,0
2006-09-12 07:23:40 PDT,magicdice,CC,magicdice,
2007-06-15 11:49:39 PDT,vladimir,Priority,P3,--
2007-06-15 11:49:39 PDT,vladimir,Target Milestone,mozilla1.9beta1,---
2007-06-16 01:19:32 PDT,vladimir,Depends on,384681,
2007-12-04 15:21:46 PST,vladimir,Status,RESOLVED,NEW
2007-12-04 15:21:46 PST,vladimir,Resolution,FIXED,---
2007-12-04 15:21:46 PST,vladimir,Priority,--,P3
2007-12-04 15:21:46 PST,vladimir,Last Resolved,2007-12-04 15:21:46,
