When, Who, What, Added, Removed
2006-01-04 09:35:23 PST,brettw,Priority,P1,--
2006-01-13 11:41:11 PST,bryner,Assignee,bryner,brettw
2006-01-13 15:52:34 PST,bryner,Attachment #208426                Flags,review?(brettw), superreview?(darin),
2006-01-14 16:54:41 PST,bryner,Depends on,323470,
2006-01-16 21:31:42 PST,brettw,Attachment #208426                Flags,review+,review?(brettw)
2006-01-17 11:09:42 PST,bryner,Depends on,,323470
2006-01-17 15:51:26 PST,bryner,Attachment #208426                Attachment is obsolete,1,0
2006-01-17 15:51:26 PST,bryner,Attachment #208792                Flags,review?(brettw), superreview?(darin),
2006-01-17 15:51:26 PST,bryner,Attachment #208426                Flags,,superreview?(darin)
2006-01-17 16:08:27 PST,brettw,Attachment #208792                Flags,review+,review?(brettw)
2006-01-17 17:05:59 PST,bryner,Last Resolved,2006-01-17 17:05:59,
2006-01-17 17:05:59 PST,bryner,Status,RESOLVED,NEW
2006-01-17 17:05:59 PST,bryner,Resolution,FIXED,---
2006-01-17 17:10:49 PST,darin.moz,Attachment #208792                Flags,superreview+,superreview?(darin)
2006-01-21 16:33:45 PST,bryner,Blocks,324274,
2009-11-26 07:24:47 PST,gerv,Component,Bookmarks & History,Places
2009-11-26 07:24:47 PST,gerv,QA Contact,bookmarks,places
