When, Who, What, Added, Removed
2006-01-04 10:10:00 PST,brettw,Attachment #207512                Flags,review?(bryner),
2006-01-04 10:14:49 PST,brettw,Attachment #207512                Flags,,review?(bryner)
2006-01-04 10:14:49 PST,brettw,Attachment #207512                Attachment is obsolete,1,0
2006-01-04 10:14:49 PST,brettw,Attachment #207514                Flags,review?(bryner),
2006-01-04 10:57:59 PST,bryner,Attachment #207514                Flags,review+,review?(bryner)
2006-01-04 11:10:05 PST,brettw,Status,RESOLVED,NEW
2006-01-04 11:10:05 PST,brettw,Resolution,FIXED,---
2006-01-04 11:10:05 PST,brettw,Last Resolved,2006-01-04 11:10:05,
2009-11-26 06:31:00 PST,gerv,Component,Bookmarks & History,Places
2009-11-26 06:31:00 PST,gerv,QA Contact,bookmarks,places
