When, Who, What, Added, Removed
2006-01-04 12:21:36 PST,mostafah,Blocks,200257,
2006-01-04 16:54:46 PST,mostafah,Attachment #207568                Flags,first-review?(mvl),
2006-01-05 13:32:27 PST,mvl,Attachment #207568                Flags,first-review+,first-review?(mvl)
2006-01-06 08:27:36 PST,mostafah,Status,RESOLVED,NEW
2006-01-06 08:27:36 PST,mostafah,Resolution,FIXED,---
2006-01-06 08:27:36 PST,mostafah,Last Resolved,2006-01-06 08:27:36,
2007-06-27 00:33:54 PDT,bugzilla,Component,Preferences,Sunbird Only
2007-06-27 00:33:54 PDT,bugzilla,QA Contact,preferences,sunbird
