When, Who, What, Added, Removed
2006-01-04 11:55:13 PST,mkanat,Product,mozilla.org,Bugzilla
2006-01-04 11:55:13 PST,mkanat,Version,other,unspecified
2006-01-04 11:55:13 PST,mkanat,Component,Bugzilla: Other b.m.o Issues,Bugzilla-General
2006-01-04 11:55:13 PST,mkanat,Assignee,justdave,general
2006-01-04 11:55:13 PST,mkanat,QA Contact,myk,default-qa
2006-01-04 11:57:57 PST,zhayupeng,CC,asa, robert.kinsella,
2006-01-04 13:56:01 PST,justdave,Component,Bugzilla: Keywords & Components,Bugzilla: Other b.m.o Issues
2006-01-04 13:56:01 PST,justdave,Assignee,asa,justdave
2006-01-04 13:56:01 PST,justdave,QA Contact,timeless,myk
2006-01-04 15:36:52 PST,gavin.sharp,CC,gavin.sharp,
2006-02-05 00:27:52 PST,eagle.lu,CC,brian.lu,
2006-02-08 10:01:19 PST,mozillamarcia.knous,Status,RESOLVED,NEW
2006-02-08 10:01:19 PST,mozillamarcia.knous,Resolution,FIXED,---
2006-02-08 10:01:19 PST,mozillamarcia.knous,Last Resolved,2006-02-08 10:01:19,
2006-02-08 10:16:55 PST,timeless,OS,All,Solaris
2006-02-08 10:16:55 PST,timeless,Status,REOPENED,RESOLVED
2006-02-08 10:16:55 PST,timeless,Resolution,---,FIXED
2006-02-08 10:17:25 PST,timeless,Assignee,marcia,asa
2006-02-08 10:17:25 PST,timeless,Status,NEW,REOPENED
2006-02-09 17:11:35 PST,mozillamarcia.knous,Status,RESOLVED,NEW
2006-02-09 17:11:35 PST,mozillamarcia.knous,Resolution,FIXED,---
2006-02-09 17:11:35 PST,mozillamarcia.knous,Last Resolved,2006-02-09 17:11:35,2006-02-08 10:01:19
2006-02-09 17:12:43 PST,timeless,Status,VERIFIED,RESOLVED
2006-07-20 04:46:10 PDT,timeless,Status,REOPENED,VERIFIED
2006-07-20 04:46:10 PDT,timeless,Resolution,---,FIXED
2007-01-08 23:47:51 PST,evan.yan,CC,Evan.Yan,
2007-01-09 00:29:08 PST,alfred.peng,CC,alfred.peng,
2007-05-22 01:12:37 PDT,reed,Status,RESOLVED,REOPENED
2007-05-22 01:12:37 PDT,reed,Resolution,FIXED,---
2007-05-22 01:12:37 PDT,reed,CC,reed,
2007-05-22 01:12:37 PDT,reed,Last Resolved,2007-05-22 01:12:37,2006-02-09 17:11:35
2011-06-26 22:54:48 PDT,nobody,Component,Administration,Bugzilla: Keywords & Components
2011-06-26 22:54:48 PDT,nobody,Product,bugzilla.mozilla.org,mozilla.org
