When, Who, What, Added, Removed
2006-01-04 09:11:38 PST,mychrislo,Version,1.5 Branch,unspecified
2006-01-04 21:13:33 PST,ispiked,Hardware,All,PC
2006-01-04 21:13:33 PST,ispiked,OS,All,Windows XP
2006-01-04 21:13:33 PST,ispiked,Status,NEW,UNCONFIRMED
2006-01-04 21:13:33 PST,ispiked,Component,Chinese-Simplified,General
2006-01-04 21:13:33 PST,ispiked,Assignee,chinese-simplified,nobody
2006-01-04 21:13:33 PST,ispiked,QA Contact,chinese-simplified,general
2006-01-04 21:13:33 PST,ispiked,CC,ispiked,
2006-01-04 21:13:33 PST,ispiked,Ever confirmed,1,0
2006-01-04 21:13:33 PST,ispiked,Summary,chinese.yahoo.com - content served as text/plain,does not render correct, page source is displayed
2006-01-04 21:13:33 PST,ispiked,Product,Tech Evangelism,Firefox
2006-01-04 21:13:33 PST,ispiked,Version,unspecified,1.5 Branch
2009-03-01 01:05:21 PST,bugzilla,Status,RESOLVED,NEW
2009-03-01 01:05:21 PST,bugzilla,Resolution,FIXED,---
2009-03-01 01:05:21 PST,bugzilla,CC,matti,
2009-03-01 01:05:21 PST,bugzilla,Last Resolved,2009-03-01 01:05:21,
2015-04-19 23:37:56 PDT,nobody,Product,Tech Evangelism Graveyard,Tech Evangelism
