When, Who, What, Added, Removed
2006-01-04 00:46:28 PST,ria.klaassen,Summary,[trunk] Firefox crashes on login Gmail Notifier extension,Firefox crashes on login Gmail Notifier extension
2006-01-04 01:34:01 PST,kbrosnan,CC,kbrosnan,
2006-01-04 01:56:48 PST,ria.klaassen,Summary,[trunk] Firefox crashes on login Gmail Notifier extension [@ xpcom_core.dll + 0x3cd2c (0x6034cd2c) cd66f780],[trunk] Firefox crashes on login Gmail Notifier extension
2006-01-04 02:13:31 PST,ria.klaassen,Keywords,crash, regression,
2006-01-04 04:18:33 PST,bugzilla,Status,NEW,UNCONFIRMED
2006-01-04 04:18:33 PST,bugzilla,Ever confirmed,1,0
2006-01-04 05:27:56 PST,steve.england,CC,steve.england,
2006-01-04 08:03:59 PST,suvajitpal,CC,bakuryubr,
2006-01-04 09:31:26 PST,mozilla,CC,mozilla,
2006-01-04 12:03:38 PST,regis.caspar+bz,CC,regis.caspar,
2006-01-04 19:29:26 PST,ispiked,CC,ispiked, jay,
2006-01-05 08:46:59 PST,iarnell,CC,iarnell,
2006-01-05 11:38:08 PST,gavin.sharp,CC,gavin.sharp, doronr,
2006-01-06 01:34:19 PST,peter.vanderwoude,CC,bzbarsky, darin,
2006-01-06 04:25:52 PST,bugzilla,CC,bugzilla,
2006-01-06 13:16:07 PST,doronr,CC,cbiesinger,
2006-01-06 16:16:11 PST,cbiesinger,Summary,[trunk] Firefox crashes on login Gmail Notifier extension (nsIStringInputStream::SetData) [@ xpcom_core.dll + 0x3cd2c (0x6034cd2c) cd66f780],[trunk] Firefox crashes on login Gmail Notifier extension [@ xpcom_core.dll + 0x3cd2c (0x6034cd2c) cd66f780]
2006-01-06 16:19:36 PST,bugzilla,CC,bugzilla,
2006-01-06 16:31:21 PST,mnyromyr,CC,mnyromyr,
2006-01-06 16:46:42 PST,peter.vanderwoude,CC,peter.vanderwoude,
2006-01-06 20:14:44 PST,bzbarsky,Assignee,dougt,nobody
2006-01-06 20:14:44 PST,bzbarsky,QA Contact,xpcom,general
2006-01-06 20:14:44 PST,bzbarsky,Blocks,318193,
2006-01-06 20:14:44 PST,bzbarsky,Product,Core,Firefox
2006-01-06 20:14:44 PST,bzbarsky,Component,XPCOM,General
2006-01-07 10:41:11 PST,bugzilla,Summary,[trunk] Firefox crashes on login Gmail Notifier extension [@ nsStringInputStream::SetData] [@ xpcom_core.dll + 0x3cd2c (0x6034cd2c) cd66f780],[trunk] Firefox crashes on login Gmail Notifier extension (nsIStringInputStream::SetData) [@ xpcom_core.dll + 0x3cd2c (0x6034cd2c) cd66f780]
2006-01-07 20:05:33 PST,alex,CC,alex,
2006-01-08 07:34:26 PST,michaell+bmo,CC,michaell+bmo,
2006-01-08 14:42:02 PST,bzbarsky,CC,dbradley, brendan, shaver,
2006-01-08 14:42:02 PST,bzbarsky,Flags,blocking1.9a1?,
2006-01-08 18:51:52 PST,robert,CC,rparenton,
2006-01-09 06:13:02 PST,mook.moz+mozbz,CC,mook.moz,
2006-01-09 07:23:59 PST,darin.moz,Assignee,darin,dougt
2006-01-09 07:27:10 PST,darin.moz,Status,ASSIGNED,NEW
2006-01-09 07:27:10 PST,darin.moz,Target Milestone,mozilla1.9alpha,---
2006-01-09 09:52:19 PST,matthew,CC,matthew,
2006-01-09 15:20:58 PST,darin.moz,CC,chase, benjamin,
2006-01-09 16:05:22 PST,darin.moz,CC,,chase, benjamin
2006-01-09 17:23:43 PST,darin.moz,Attachment #208040                Flags,review?(cbiesinger), superreview?(bzbarsky),
2006-01-09 17:44:27 PST,bzbarsky,Attachment #208040                Flags,superreview+,superreview?(bzbarsky)
2006-01-09 17:45:54 PST,bugzilla-mozilla-20000923,CC,silver,
2006-01-09 17:49:18 PST,cbiesinger,Attachment #208040                Flags,review+,review?(cbiesinger)
2006-01-09 17:56:04 PST,darin.moz,Status,RESOLVED,ASSIGNED
2006-01-09 17:56:04 PST,darin.moz,Resolution,FIXED,---
2006-01-09 17:56:04 PST,darin.moz,Last Resolved,2006-01-09 17:56:04,
2006-03-12 19:04:32 PST,robert,CC,,rparenton
2006-11-10 12:00:36 PST,bzbarsky,Flags,,blocking1.9a1?
2010-10-07 17:20:38 PDT,jduell.mcbugs,Blocks,602724,
2011-06-09 14:58:43 PDT,nobody,Crash Signature,[@ nsStringInputStream::SetData][@ xpcom_core.dll + 0x3cd2c (0x6034cd2c) cd66f780],
