When, Who, What, Added, Removed
2006-01-04 10:38:07 PST,brettw,Attachment #207518                Flags,review?(bryner),
2006-01-04 10:54:21 PST,bryner,Attachment #207518                Flags,review+,review?(bryner)
2006-01-04 11:13:00 PST,brettw,Status,RESOLVED,NEW
2006-01-04 11:13:00 PST,brettw,Resolution,FIXED,---
2006-01-04 11:13:00 PST,brettw,Last Resolved,2006-01-04 11:13:00,
2009-11-26 05:25:29 PST,gerv,Component,Bookmarks & History,Places
2009-11-26 05:25:29 PST,gerv,QA Contact,bookmarks,places
