When, Who, What, Added, Removed
2006-01-04 09:19:16 PST,mozillamarcia.knous,Status,ASSIGNED,NEW
2006-01-04 15:20:48 PST,reed,OS,All,MacOS X
2006-01-04 15:20:48 PST,reed,CC,reed,
2006-01-04 15:20:48 PST,reed,Hardware,All,Macintosh
2006-01-04 15:22:58 PST,gavin.sharp,CC,gavin.sharp,
2006-01-04 15:32:47 PST,ispiked,CC,ispiked,
2006-01-05 08:17:21 PST,michael,CC,michael,
2006-01-10 09:23:44 PST,mozillamonks,CC,mozillamonks,
2006-01-15 05:09:22 PST,isaackuo,CC,isaackuo,
2006-01-26 20:07:51 PST,cshbell,CC,cshbell,
2006-02-12 08:12:36 PST,morirana,CC,morirana,
2006-04-17 10:49:31 PDT,nb,CC,nb,
2006-04-18 04:55:20 PDT,steve.england,CC,steve.england,
2006-05-31 16:39:38 PDT,evilglowingapple,CC,evilglowingapple,
2006-06-28 21:01:08 PDT,bugzilla,CC,bugzilla,
2006-07-12 15:23:52 PDT,bugzilla,CC,bugzilla,
2006-09-01 04:38:26 PDT,sciguyryan,CC,sciguyryan,
2006-09-26 22:22:04 PDT,xfsunoles,CC,xfsunoles,
2006-09-27 02:45:30 PDT,bugzilla,CC,bugzilla,
2006-10-22 21:38:49 PDT,r.taiidani,CC,r.taiidani,
2006-11-10 11:50:53 PST,alainbresson,CC,alainbresson,
2007-01-05 16:39:55 PST,cedric.corazza,CC,cedric.corazza,
2007-01-09 16:41:59 PST,morenofco,CC,morenofco,
2007-01-11 19:07:14 PST,majken,CC,majken,
2007-03-29 10:38:32 PDT,idragosani,CC,idragosani,
2007-04-15 05:17:42 PDT,margaretm.phillips,CC,margaretm.phillips,
2007-04-30 13:18:02 PDT,myk,CC,myk,
2007-05-18 16:42:42 PDT,landiatico,CC,landiatico,
2007-05-21 06:33:59 PDT,mozillamarcia.knous,Status,NEW,ASSIGNED
2007-05-21 06:33:59 PDT,mozillamarcia.knous,Assignee,jslater,marcia
2007-07-05 04:36:31 PDT,apostolic_seeker,CC,lemmens.tom11,
2007-07-05 08:37:40 PDT,landiatico,CC,,landiatico
2007-08-15 00:07:53 PDT,reed,Product,Websites,mozilla.org
2007-08-15 00:07:53 PDT,reed,Version,unspecified,other
2007-08-15 00:07:53 PDT,reed,Component,store.mozilla.org,Mozilla Store
2007-08-15 00:07:53 PDT,reed,QA Contact,store-mozilla-org,marcia
2007-08-16 17:28:37 PDT,ian.lesperance,CC,ian.lesperance,
2007-08-16 17:59:21 PDT,reynardtfox,CC,reynardtfox,
2007-08-17 09:13:21 PDT,originel,CC,originel,
2007-08-17 15:58:50 PDT,khobbs,CC,khobbs,
2007-08-21 07:11:38 PDT,doriano,CC,doriano,
2007-08-31 07:15:53 PDT,Dwelp_Langecrew,CC,Dwelp_Langecrew,
2007-10-05 07:12:05 PDT,nigelenki,CC,nigelenki,
2007-10-18 14:48:29 PDT,jslater,CC,rbaker, drolnitzky,
2008-02-05 16:35:09 PST,chadwickgab+mozilla,Status,RESOLVED,NEW
2008-02-05 16:35:09 PST,chadwickgab+mozilla,Resolution,FIXED,---
2008-02-05 16:35:09 PST,chadwickgab+mozilla,CC,gmcbugzilla,
2008-02-05 16:35:09 PST,chadwickgab+mozilla,Last Resolved,2008-02-05 16:35:09,
2008-03-03 04:27:19 PST,hskupin,URL,http://intlstore.mozilla.org/product_info.php?products_id=122,
2008-03-03 04:27:19 PST,hskupin,Status,VERIFIED,RESOLVED
2008-03-03 04:27:19 PST,hskupin,CC,hskupin,
2008-05-25 23:41:53 PDT,mathew,CC,mathew,
2009-11-08 06:48:21 PST,animelover0018,CC,animelover0018,
2012-07-08 05:44:50 PDT,antoine.mozilla,CC,geekshadow,
2014-02-26 08:10:40 PST,kairo,CC,kairo,
2014-02-26 08:12:49 PST,gsvelto,CC,gsvelto,
2014-02-26 13:39:22 PST,am.antolovic,CC,am.antolovic,
2014-02-27 04:47:33 PST,jezdez,CC,jezdez,
2014-02-27 13:46:38 PST,amartinez,Status,REOPENED,VERIFIED
2014-02-27 13:46:38 PST,amartinez,CC,amartinez,
2014-02-27 13:46:38 PST,amartinez,Resolution,---,FIXED
2014-02-27 13:57:24 PST,kohei.yoshino,Last Resolved,2014-02-27 13:57:24,2008-02-05 16:35:09
2014-02-27 13:57:24 PST,kohei.yoshino,Status,RESOLVED,REOPENED
2014-02-27 13:57:24 PST,kohei.yoshino,Resolution,FIXED,---
2014-05-13 02:11:52 PDT,net_mozilla,CC,net_mozilla,
2015-04-22 10:56:13 PDT,michael.l.comella,CC,michael.l.comella,
2015-07-31 10:53:48 PDT,svincent,CC,svincent,
