When, Who, What, Added, Removed
2006-01-04 01:00:54 PST,bugzilla-mozilla,Status,ASSIGNED,NEW
2006-01-04 01:00:54 PST,bugzilla-mozilla,Assignee,bugzilla-mozilla,general
2006-01-04 01:00:54 PST,bugzilla-mozilla,Attachment #207478                Flags,review?(LpSolit),
2006-01-04 03:43:10 PST,LpSolit,Attachment #207478                Flags,review+,review?(LpSolit)
2006-01-04 03:43:31 PST,LpSolit,Target Milestone,Bugzilla 2.20,---
2006-01-04 03:43:31 PST,LpSolit,Flags,approval?, approval2.20?,
2006-01-04 15:55:07 PST,justdave,Flags,approval+, approval2.20+,approval?, approval2.20?
2006-01-05 07:06:10 PST,LpSolit,Status,RESOLVED,ASSIGNED
2006-01-05 07:06:10 PST,LpSolit,Resolution,FIXED,---
2006-01-05 07:06:10 PST,LpSolit,Last Resolved,2006-01-05 07:06:10,
