When, Who, What, Added, Removed
2006-01-04 07:45:05 PST,mark,Attachment #207495                Flags,first-review?(benjamin),
2006-01-04 07:48:42 PST,benjamin,Attachment #207495                Flags,first-review+, approval1.8.0.1+, approval1.8.1+,first-review?(benjamin)
2006-01-04 07:57:28 PST,mark,Keywords,fixed1.8.0.1, fixed1.8.1,
2006-01-04 07:57:28 PST,mark,Status,RESOLVED,NEW
2006-01-04 07:57:28 PST,mark,Resolution,FIXED,---
2006-01-04 07:57:28 PST,mark,Last Resolved,2006-01-04 07:57:28,
2006-01-18 12:52:21 PST,wtc,CC,wtchang,
2007-01-24 16:17:32 PST,mozcbarrett,CC,cbarrett,
2007-01-29 11:22:11 PST,mozcbarrett,Resolution,---,FIXED
2007-01-29 11:22:11 PST,mozcbarrett,Status,REOPENED,RESOLVED
2007-01-29 11:22:42 PST,gavin.sharp,CC,gavin.sharp,
2007-01-29 12:42:41 PST,benjamin,Status,RESOLVED,REOPENED
2007-01-29 12:42:41 PST,benjamin,Resolution,FIXED,---
2007-01-29 12:42:41 PST,benjamin,Last Resolved,2007-01-29 12:42:41,2006-01-04 07:57:28
