When, Who, What, Added, Removed
2006-01-04 11:45:36 PST,brettw,Attachment #207535                Flags,review?(bryner),
2006-01-04 12:47:30 PST,bryner,Attachment #207535                Flags,review+,review?(bryner)
2006-01-04 12:52:27 PST,brettw,Status,RESOLVED,NEW
2006-01-04 12:52:27 PST,brettw,Resolution,FIXED,---
2006-01-04 12:52:27 PST,brettw,Last Resolved,2006-01-04 12:52:27,
2009-11-26 07:00:22 PST,gerv,Component,Bookmarks & History,Places
2009-11-26 07:00:22 PST,gerv,QA Contact,bookmarks,places
