When, Who, What, Added, Removed
2006-01-04 17:01:59 PST,stephen.donner,CC,stephen.donner,
2006-01-05 16:52:45 PST,bryner,Attachment #207682                Flags,review?(brettw),
2006-01-05 17:35:45 PST,brettw,Attachment #207682                Flags,review+,review?(brettw)
2006-01-05 17:39:04 PST,bryner,Status,RESOLVED,NEW
2006-01-05 17:39:04 PST,bryner,Resolution,FIXED,---
2006-01-05 17:39:04 PST,bryner,Last Resolved,2006-01-05 17:39:04,
2006-01-09 23:52:03 PST,stephen.donner,CC,,stephen.donner
2009-11-26 06:15:10 PST,gerv,QA Contact,bookmarks,places
2009-11-26 06:15:10 PST,gerv,Component,Bookmarks & History,Places
