When, Who, What, Added, Removed
2006-01-04 15:53:38 PST,justdave,Target Milestone,Bugzilla 2.20,---
2006-01-04 15:53:38 PST,justdave,Flags,approval+, approval2.20+,
2006-01-04 15:59:15 PST,timeless,Assignee,timeless,general
2006-01-04 15:59:15 PST,timeless,Status,ASSIGNED,NEW
2006-01-04 16:01:22 PST,LpSolit,Attachment #207553                Flags,review+,
2006-01-04 16:47:34 PST,timeless,Attachment #207553                Attachment is obsolete,1,0
2006-01-05 05:47:09 PST,LpSolit,Hardware,All,PC
2006-01-05 05:47:09 PST,LpSolit,OS,All,Linux
2006-01-05 05:47:09 PST,LpSolit,Status,RESOLVED,ASSIGNED
2006-01-05 05:47:09 PST,LpSolit,Resolution,FIXED,---
2006-01-05 05:47:09 PST,LpSolit,Last Resolved,2006-01-05 05:47:09,
