When, Who, What, Added, Removed
2006-01-05 12:43:15 PST,brendan,CC,mrbkap, shaver,
2006-01-05 12:43:15 PST,brendan,Target Milestone,mozilla1.9alpha,---
2006-01-05 12:43:15 PST,brendan,Ever confirmed,1,0
2006-01-05 12:43:15 PST,brendan,Hardware,All,PC
2006-01-05 12:43:15 PST,brendan,OS,All,Windows XP
2006-01-05 12:43:15 PST,brendan,Status,NEW,UNCONFIRMED
2006-01-05 12:43:15 PST,brendan,Priority,P1,--
2006-01-05 12:43:15 PST,brendan,Assignee,brendan,general
2006-01-05 16:15:08 PST,gavin.sharp,CC,gavin.sharp,
2006-01-05 16:25:32 PST,brendan,Attachment #207680                Flags,review?(mrbkap), superreview?(shaver),
2006-01-05 16:26:25 PST,brendan,Status,ASSIGNED,NEW
2006-01-05 16:26:25 PST,brendan,Flags,blocking1.8.1+, blocking1.8.0.1+,
2006-01-05 18:01:56 PST,mrbkap,Attachment #207680                Flags,review+,review?(mrbkap)
2006-01-05 18:38:33 PST,shaver,Attachment #207680                Flags,superreview+,superreview?(shaver)
2006-01-05 21:14:19 PST,brendan,Attachment #207680                Flags,approval1.8.0.1?, approval1.8.1?,
2006-01-05 22:36:01 PST,brendan,CC,dveditz,
2006-01-05 22:36:20 PST,brendan,Blocks,309169,
2006-01-06 18:59:12 PST,dveditz,Keywords,qawanted,
2006-01-06 18:59:12 PST,dveditz,Whiteboard,needs trunk verification,
2006-01-06 18:59:12 PST,dveditz,Status,RESOLVED,ASSIGNED
2006-01-06 18:59:12 PST,dveditz,Resolution,FIXED,---
2006-01-06 18:59:12 PST,dveditz,CC,bob,
2006-01-06 18:59:12 PST,dveditz,Last Resolved,2006-01-06 18:59:12,
2006-01-09 13:54:54 PST,dveditz,Blocks,322312,
2006-01-09 16:04:06 PST,mozillamarcia.knous,Status,VERIFIED,RESOLVED
2006-01-10 11:16:00 PST,dveditz,Attachment #207680                Flags,approval1.8.0.1+, approval1.8.1+,approval1.8.0.1?, approval1.8.1?
2006-01-10 11:16:20 PST,dveditz,Keywords,,qawanted
2006-01-10 11:31:09 PST,brendan,Keywords,fixed1.8.0.1, fixed1.8.1,
2006-01-12 09:01:20 PST,bob,Flags,testcase+,
2006-01-14 11:43:09 PST,bob,Keywords,verified1.8.0.1, verified1.8.1,fixed1.8.0.1, fixed1.8.1
2006-07-06 19:27:21 PDT,brendan,Keywords,fixed1.8.1,
2006-07-07 21:12:55 PDT,bob,Keywords,,fixed1.8.1
