When, Who, What, Added, Removed
2006-01-04 15:48:26 PST,jconley,Version,Trunk,unspecified
2006-01-04 16:11:03 PST,jruderman,Keywords,crash, regression,
2006-01-04 19:25:56 PST,ispiked,Severity,critical,normal
2006-01-04 19:25:56 PST,ispiked,CC,ispiked,
2006-01-05 08:16:36 PST,asqueella,CC,asqueella,
2006-01-05 13:58:03 PST,polidobj,CC,polidobj,
2006-01-05 19:31:00 PST,kaie,CC,wtchang, kengert,
2006-01-06 02:19:19 PST,bugzilla,Status,NEW,UNCONFIRMED
2006-01-06 02:19:19 PST,bugzilla,Ever confirmed,1,0
2006-01-06 12:30:48 PST,peter.vanderwoude,Summary,frequent random crashes via adblock [@ nspr4.dll],frequent random nspr4.dll crashes via adblock
2006-01-06 12:30:48 PST,peter.vanderwoude,CC,peter.vanderwoude,
2006-01-06 12:34:21 PST,peter.vanderwoude,CC,xavier114fch,
2006-01-06 12:36:24 PST,gavin.sharp,CC,gavin.sharp,
2006-01-06 18:47:11 PST,zed260,CC,zed260,
2006-01-06 20:09:00 PST,bzbarsky,CC,mrbkap, brendan,
2006-01-06 20:09:00 PST,bzbarsky,Blocks,322480,
2006-01-06 20:09:27 PST,bzbarsky,Flags,blocking1.9a1?,
2006-01-06 20:12:31 PST,bob,CC,bob,
2006-01-07 20:08:20 PST,alex,CC,alex,
2006-01-08 16:19:56 PST,bugs-bmo,CC,unknown,
2006-01-08 18:05:59 PST,xanthor+bz,CC,xanthor,
2006-01-08 18:51:54 PST,robert,CC,rparenton,
2006-01-09 18:01:54 PST,supernova00,Keywords,topcrash,
2006-01-10 01:28:16 PST,bugzilla,CC,bugzilla,
2006-01-10 07:51:18 PST,brendan,CC,jay,
2006-01-10 14:33:52 PST,dtownsend,CC,mossop,
2006-01-10 17:10:59 PST,ttolonen,CC,ttolonen,
2006-01-10 20:32:25 PST,mcm.ham,CC,mcm.ham,
2006-01-11 10:32:38 PST,wtc,CC,,wtchang
2006-01-11 13:43:27 PST,bugzilla1,CC,bugzilla,
2006-01-11 20:48:24 PST,ispiked,Summary,frequent random crashes via adblock [@ nspr4.dll][@ _PR_MD_ATOMIC_DECREMENT],frequent random crashes via adblock [@ nspr4.dll]
2006-01-12 01:16:40 PST,pike,CC,pike,
2006-01-13 05:52:51 PST,jwalden+fxhelp,CC,jwalden+bmo,
2006-01-13 19:13:27 PST,mook.moz+mozbz,CC,mook.moz,
2006-01-14 14:45:59 PST,andrzejk,CC,andrzejk,
2006-01-15 12:40:34 PST,asqueella,CC,dave,
2006-01-16 02:03:51 PST,jruderman,Summary,frequent random crashes [@ _PR_MD_ATOMIC_DECREMENT], especially with adblock,frequent random crashes via adblock [@ nspr4.dll][@ _PR_MD_ATOMIC_DECREMENT]
2006-01-16 08:39:56 PST,bzbarsky,CC,bzbarsky,
2006-01-16 10:56:48 PST,bugzilla-graveyard,CC,bugzilla,
2006-01-16 11:03:32 PST,bugzilla-graveyard,Status,ASSIGNED,NEW
2006-01-16 11:05:26 PST,bugzilla-graveyard,Status,NEW,ASSIGNED
2006-01-16 11:35:53 PST,bzbarsky,Blocks,322052,
2006-01-16 11:36:25 PST,bzbarsky,Blocks,305789,
2006-01-16 11:41:44 PST,bzbarsky,Product,Core,Firefox
2006-01-16 11:41:44 PST,bzbarsky,Component,Plug-ins,General
2006-01-16 11:41:44 PST,bzbarsky,QA Contact,plugins,general
2006-01-16 11:41:44 PST,bzbarsky,CC,jst, cbiesinger,
2006-01-16 12:01:02 PST,nnbugzilla,CC,nnbugzilla,
2006-01-16 14:16:33 PST,krmathis,CC,krmathis,
2006-01-17 00:21:55 PST,stephen.donner,CC,stephen.donner,
2006-01-19 07:40:39 PST,vladimir,CC,vladimir,
2006-01-20 04:48:14 PST,mozillamonks,CC,mozillamonks,
2006-01-20 20:50:59 PST,masayuki,CC,masayuki,
2006-01-21 09:38:25 PST,bugs,CC,gregknicholson+bugzilla,
2006-01-22 06:39:16 PST,markus.langstrom,CC,crazy.maggan,
2006-01-25 14:54:32 PST,chris.blore,CC,chris.blore,
2006-01-27 04:41:47 PST,david,CC,dkoppenh,
2006-01-27 10:12:12 PST,steve.england,CC,steve.england,
2006-01-27 11:13:06 PST,cbiesinger,Assignee,cbiesinger,nobody
2006-01-27 13:00:58 PST,maloym,CC,maloym,
2006-01-27 17:34:35 PST,cbiesinger,Attachment #209927                Flags,review?(bzbarsky), superreview?(bzbarsky),
2006-01-27 17:36:59 PST,cbiesinger,Status,ASSIGNED,NEW
2006-01-27 17:36:59 PST,cbiesinger,Priority,P2,--
2006-01-27 17:36:59 PST,cbiesinger,Target Milestone,mozilla1.9alpha,---
2006-01-27 18:19:04 PST,cbiesinger,Attachment #209927                Attachment is obsolete,1,0
2006-01-27 18:19:04 PST,cbiesinger,Attachment #209933                Flags,review?(bzbarsky), superreview?(bzbarsky),
2006-01-27 18:19:04 PST,cbiesinger,Attachment #209927                Flags,,review?(bzbarsky), superreview?(bzbarsky)
2006-01-28 06:11:25 PST,cbiesinger,Attachment #209959                Flags,review?(bzbarsky), superreview?(bzbarsky),
2006-01-28 20:53:20 PST,ajerman,CC,ajerman,
2006-01-30 05:12:26 PST,maloym,CC,,maloym
2006-01-31 03:45:17 PST,asherman,CC,asherman,
2006-02-01 11:19:26 PST,megabyte,CC,ask,
2006-02-01 12:29:30 PST,msmoulton,CC,msmoulton,
2006-02-01 14:08:29 PST,bzbarsky,Attachment #209959                Flags,review+, superreview+,review?(bzbarsky), superreview?(bzbarsky)
2006-02-01 21:16:48 PST,bzbarsky,Attachment #209933                Flags,review+, superreview+,review?(bzbarsky), superreview?(bzbarsky)
2006-02-02 10:06:19 PST,bdog,CC,bdog,
2006-02-02 11:26:53 PST,cbiesinger,Attachment #209933                Attachment is obsolete,1,0
2006-02-02 11:26:53 PST,cbiesinger,Attachment #209935                Attachment is obsolete,1,0
2006-02-02 11:26:53 PST,cbiesinger,Attachment #209959                Attachment is obsolete,1,0
2006-02-02 11:29:32 PST,cbiesinger,Status,RESOLVED,ASSIGNED
2006-02-02 11:29:32 PST,cbiesinger,Resolution,FIXED,---
2006-02-02 11:29:32 PST,cbiesinger,Last Resolved,2006-02-02 11:29:32,
2006-02-08 17:07:51 PST,jruderman,CC,jruderman,
2006-02-17 23:23:05 PST,stephen.donner,Status,VERIFIED,RESOLVED
2006-03-12 19:04:34 PST,robert,CC,,rparenton
2006-11-10 12:02:05 PST,bzbarsky,Flags,,blocking1.9a1?
2008-05-01 01:29:00 PDT,mcm.ham,CC,,mcm.ham
2011-06-09 14:58:43 PDT,nobody,Crash Signature,[@ _PR_MD_ATOMIC_DECREMENT],
