When, Who, What, Added, Removed
2006-01-04 16:09:26 PST,dougt,Attachment #207554                Flags,first-review?,
2006-01-04 16:09:31 PST,dougt,Attachment #207555                Flags,first-review?,
2006-01-04 16:09:32 PST,dougt,Attachment #207556                Flags,first-review?(dveditz),
2006-01-04 16:10:23 PST,gavin.sharp,CC,gavin.sharp,
2006-01-04 16:12:52 PST,dougt,Attachment #207554                Flags,,first-review?
2006-01-04 16:12:52 PST,dougt,Attachment #207554                Attachment is obsolete,1,0
2006-01-04 16:13:02 PST,dougt,Attachment #207555                Attachment is obsolete,1,0
2006-01-04 16:13:02 PST,dougt,Attachment #207555                Flags,,first-review?
2006-02-17 04:50:55 PST,hwaara,CC,hwaara,
2006-03-31 17:41:45 PST,dveditz,Attachment #207556                Flags,first-review?(bryner),first-review?(dveditz)
2006-04-01 23:37:32 PST,bryner,Attachment #207556                Flags,first-review-,first-review?(bryner)
2006-09-20 15:06:09 PDT,mwu,CC,flamingice,
2007-10-08 16:19:01 PDT,dougt,Assignee,nobody,dougt
2008-07-31 04:14:24 PDT,gerv,Component,Form Manager,Satchel
2008-09-08 23:53:50 PDT,dolske,Status,RESOLVED,NEW
2008-09-08 23:53:50 PDT,dolske,Resolution,FIXED,---
2008-09-08 23:53:50 PDT,dolske,Last Resolved,2008-09-08 23:53:50,
2011-06-11 04:11:34 PDT,dao,Assignee,doug.turner,nobody
