When, Who, What, Added, Removed
2006-01-05 06:28:00 PST,ria.klaassen,CC,ria.klaassen,
2006-01-05 06:36:13 PST,gavin.sharp,CC,gavin.sharp,
2006-01-05 07:55:21 PST,martijn.martijn,Keywords,regression, testcase,
2006-01-05 07:55:21 PST,martijn.martijn,CC,bzbarsky, martijn.martijn,
2006-01-05 09:16:20 PST,bzbarsky,Status,ASSIGNED,NEW
2006-01-05 09:16:20 PST,bzbarsky,Assignee,bzbarsky,xslt
2006-01-05 09:16:20 PST,bzbarsky,Attachment #207628                Flags,review?(jst), superreview?(jst),
2006-01-05 09:17:14 PST,bzbarsky,Version,Trunk,1.8 Branch
2006-01-05 09:17:14 PST,bzbarsky,Hardware,All,PC
2006-01-05 09:17:14 PST,bzbarsky,OS,All,Windows 2000
2006-01-05 09:17:14 PST,bzbarsky,Priority,P1,--
2006-01-05 09:17:14 PST,bzbarsky,Target Milestone,mozilla1.9alpha,---
2006-01-05 09:17:14 PST,bzbarsky,Summary,[FIX]FF 1.5 doesn't apply CSS stylesheets in document after XSLT transformation,FF 1.5 doesn't apply CSS stylesheets in document after XSLT transformation
2006-01-05 09:17:25 PST,bzbarsky,CC,xslt,
2006-01-05 17:23:46 PST,jst,Attachment #207628                Flags,review+, superreview+,review?(jst), superreview?(jst)
2006-01-05 18:49:47 PST,bzbarsky,Attachment #207628                Flags,approval1.8.0.1?, approval1.8.1?,
2006-01-05 19:13:00 PST,bzbarsky,Status,RESOLVED,ASSIGNED
2006-01-05 19:13:00 PST,bzbarsky,Resolution,FIXED,---
2006-01-05 19:13:00 PST,bzbarsky,Last Resolved,2006-01-05 19:13:00,
2006-01-08 18:52:14 PST,robert,CC,rparenton,
2006-01-10 13:46:43 PST,dveditz,Attachment #207628                Flags,approval1.8.0.1-, approval1.8.1+, approval1.8.0.2?,approval1.8.0.1?, approval1.8.1?
2006-01-10 14:06:43 PST,bzbarsky,Keywords,fixed1.8.1,
2006-01-10 20:31:41 PST,gavin.sharp,Target Milestone,mozilla1.8.1,mozilla1.9alpha
2006-02-21 23:37:05 PST,dveditz,Flags,blocking1.8.0.2+,
2006-02-21 23:38:45 PST,dveditz,Attachment #207628                Flags,,approval1.8.0.2?
2006-02-21 23:38:55 PST,dveditz,Attachment #208126                Flags,approval1.8.0.2+,
2006-02-22 21:04:23 PST,bzbarsky,Keywords,fixed1.8.0.2,
2006-03-01 16:31:20 PST,mozmail,Whiteboard,[rft-dl],
2006-03-08 16:42:37 PST,jaymoz,Keywords,verified1.8.0.2,fixed1.8.0.2
2006-03-08 16:42:37 PST,jaymoz,CC,jay,
2006-03-12 19:04:40 PST,robert,CC,,rparenton
2006-03-13 03:03:35 PST,jonas,CC,dzolivier-kat,
2006-03-13 03:04:36 PST,jonas,CC,mks,
2006-03-13 11:09:03 PST,dzolivier-kat,CC,,dzolivier-kat
2006-06-17 00:20:24 PDT,jonas,CC,Naila_Farooqui,
2006-08-15 17:22:03 PDT,bzbarsky,Target Milestone,mozilla1.9alpha,mozilla1.8.1
2006-08-17 04:57:40 PDT,mks,CC,,mks
2007-01-17 16:39:10 PST,bzbarsky,Flags,in-testsuite+,
