When, Who, What, Added, Removed
2006-01-04 21:28:28 PST,ispiked,CC,ispiked,
2006-01-05 03:18:52 PST,gavin.sharp,CC,gavin.sharp,
2006-01-05 07:30:02 PST,martijn.martijn,CC,martijn.martijn,
2006-01-05 07:30:02 PST,martijn.martijn,Depends on,317375,
2006-01-06 17:31:28 PST,robert,CC,rparenton,
2006-01-26 15:25:44 PST,steve.england,Status,RESOLVED,NEW
2006-01-26 15:25:44 PST,steve.england,Resolution,FIXED,---
2006-01-26 15:25:44 PST,steve.england,CC,steve.england,
2006-01-26 15:25:44 PST,steve.england,Last Resolved,2006-01-26 15:25:44,
2006-03-12 19:04:39 PST,robert,CC,,rparenton
