When, Who, What, Added, Removed
2006-01-04 18:04:57 PST,timeless,Assignee,timeless,kengert
2006-01-04 18:04:57 PST,timeless,Attachment #207571                Flags,review?(kengert), superreview?(bzbarsky),
2006-01-04 18:04:57 PST,timeless,Status,ASSIGNED,NEW
2006-01-04 20:23:31 PST,bzbarsky,Attachment #207571                Flags,superreview+,superreview?(bzbarsky)
2006-01-05 03:20:45 PST,gavin.sharp,CC,gavin.sharp,
2006-01-05 09:59:49 PST,kaie,Attachment #207571                Flags,review+,review?(kengert)
2006-01-11 22:18:07 PST,timeless,Attachment #207571                Attachment is obsolete,1,0
2006-01-11 22:19:48 PST,timeless,Status,RESOLVED,ASSIGNED
2006-01-11 22:19:48 PST,timeless,Resolution,FIXED,---
2006-01-11 22:19:48 PST,timeless,Last Resolved,2006-01-11 22:19:48,
