When, Who, What, Added, Removed
2006-01-05 00:22:54 PST,wurblzap,Status,NEW,UNCONFIRMED
2006-01-05 00:22:54 PST,wurblzap,Severity,enhancement,normal
2006-01-05 00:22:54 PST,wurblzap,CC,wurblzap,
2006-01-05 00:22:54 PST,wurblzap,Blocks,253449,
2006-01-05 00:22:54 PST,wurblzap,Ever confirmed,1,0
2006-01-06 18:25:10 PST,pjdemarco,Depends on,321556,
2006-01-10 12:02:05 PST,mkanat,CC,LpSolit, kiko,
2006-01-28 12:23:37 PST,dfc,CC,dcalvert,
2006-07-22 10:54:21 PDT,after.fallout,CC,after.fallout,
2006-12-27 07:03:07 PST,LpSolit,Assignee,ui,myk
2007-02-12 12:11:27 PST,dfc,CC,,dfc
2008-02-18 18:10:45 PST,guy.pyrzak,Assignee,guy.pyrzak,ui
2008-02-18 18:10:45 PST,guy.pyrzak,CC,guy.pyrzak,
2013-12-07 12:24:14 PST,LpSolit,Assignee,ui,guy.pyrzak
2013-12-07 12:24:14 PST,LpSolit,Whiteboard,[Good intro bug],
2013-12-21 11:03:09 PST,LpSolit,Status,ASSIGNED,NEW
2013-12-21 11:03:09 PST,LpSolit,CC,dkl,
2013-12-21 11:03:09 PST,LpSolit,Assignee,LpSolit,ui
2013-12-21 11:03:09 PST,LpSolit,Attachment #8350914                Flags,review?(dkl),
2013-12-21 16:16:31 PST,LpSolit,Whiteboard,,[Good intro bug]
2013-12-21 16:48:01 PST,LpSolit,Attachment #8350914                Attachment is obsolete,1,0
2013-12-21 16:48:01 PST,LpSolit,Attachment #8350914                Flags,,review?(dkl)
2013-12-21 16:48:01 PST,LpSolit,Attachment #8350937                Flags,review?(dkl),
2013-12-21 16:48:12 PST,LpSolit,Target Milestone,Bugzilla 5.0,---
2013-12-21 17:06:53 PST,LpSolit,Attachment #8350937                Attachment is obsolete,1,0
2013-12-21 17:06:53 PST,LpSolit,Attachment #8350937                Flags,,review?(dkl)
2013-12-21 17:06:53 PST,LpSolit,Attachment #8350941                Flags,review?(dkl),
2013-12-21 17:09:11 PST,LpSolit,Attachment #8350941                Attachment is obsolete,1,0
2013-12-21 17:09:11 PST,LpSolit,Attachment #8350941                Flags,,review?(dkl)
2013-12-21 17:09:11 PST,LpSolit,Attachment #8350942                Flags,review?(dkl),
2013-12-21 17:16:46 PST,LpSolit,Blocks,547171,
2013-12-21 17:51:59 PST,LpSolit,Blocks,952793,
2013-12-21 22:23:16 PST,justdave,Attachment #8350942                Flags,review+,review?(dkl)
2013-12-22 04:35:57 PST,LpSolit,Summary,Inline styling using bgcolor=x or color=x should be replaced by CSS styles,Inline styling using e.g. bgcolor=x should be replaced by CSS styles
2013-12-22 04:35:57 PST,LpSolit,Flags,approval?,
2013-12-22 06:47:58 PST,justdave,Flags,approval+,approval?
2013-12-22 06:52:54 PST,LpSolit,Last Resolved,2013-12-22 06:52:54,
2013-12-22 06:52:54 PST,LpSolit,Status,RESOLVED,ASSIGNED
2013-12-22 06:52:54 PST,LpSolit,Resolution,FIXED,---
2014-01-07 09:09:39 PST,LpSolit,Blocks,929487,
