When, Who, What, Added, Removed
2006-01-05 08:58:38 PST,ispiked,CC,ispiked,
2006-01-05 09:19:54 PST,timeless,Status,RESOLVED,NEW
2006-01-05 09:19:54 PST,timeless,Resolution,DUPLICATE,---
2006-01-05 09:19:54 PST,timeless,Last Resolved,2006-01-05 09:19:54,
2006-01-05 10:30:57 PST,shaver,Status,REOPENED,RESOLVED
2006-01-05 10:30:57 PST,shaver,Resolution,---,DUPLICATE
2006-01-05 11:29:14 PST,xavier114fch,CC,xavier114fch,
2006-01-05 12:22:50 PST,supernova00,Summary,Yahoo! Mail Beta crashes while logging in [@ js3250.dll],Yahoo! Mail Beta crashes @ [js3250.dll]
2006-01-05 19:28:12 PST,stephen.donner,CC,stephen.donner,
2006-01-06 01:30:09 PST,peter.vanderwoude,CC,peter.vanderwoude,
2006-01-06 01:34:26 PST,peter.vanderwoude,CC,bzbarsky, darin,
2006-01-06 05:54:08 PST,gavin.sharp,CC,gavin.sharp,
2006-01-06 20:09:00 PST,bzbarsky,Depends on,322414,
2006-01-06 20:10:30 PST,bzbarsky,Flags,blocking1.9a1?,
2006-01-06 21:42:15 PST,foxtrotmike0-mozbugzilla,CC,foxtrotmike0-bugzilla,
2006-01-07 13:45:18 PST,zed260,CC,zed260,
2006-01-07 20:05:07 PST,alex,CC,alex,
2006-01-07 20:42:02 PST,jconley,CC,mryosho,
2006-01-08 16:20:05 PST,bugs-bmo,CC,unknown,
2006-01-08 18:51:32 PST,robert,CC,rparenton,
2006-01-09 18:02:38 PST,supernova00,Keywords,top100,
2006-01-09 18:23:03 PST,bzbarsky,Blocks,322683,
2006-01-09 18:46:04 PST,bzbarsky,CC,telliott,
2006-01-10 11:24:29 PST,bzbarsky,Depends on,322683,
2006-01-10 11:24:29 PST,bzbarsky,Blocks,,322683
2006-01-11 07:25:34 PST,supernova00,Last Resolved,2006-01-11 07:25:34,2006-01-05 09:19:54
2006-01-11 07:25:34 PST,supernova00,Status,RESOLVED,REOPENED
2006-01-11 07:25:34 PST,supernova00,Resolution,FIXED,---
2006-01-16 12:52:48 PST,stephen.donner,CC,,stephen.donner
2006-03-12 19:04:42 PST,robert,CC,,rparenton
2006-11-10 12:02:00 PST,bzbarsky,Flags,,blocking1.9a1?
2011-06-09 14:58:43 PDT,nobody,Crash Signature,[@ js3250.dll],
