When, Who, What, Added, Removed
2006-01-04 18:07:58 PST,wtc,Attachment #207572                Flags,review?(darin),
2006-01-09 13:53:39 PST,wtc,Attachment #207572                Flags,review?(aleksey),
2006-01-09 14:37:23 PST,aleksey,Attachment #207572                Flags,review+,review?(aleksey)
2006-01-09 15:01:05 PST,wtc,Status,RESOLVED,UNCONFIRMED
2006-01-09 15:01:05 PST,wtc,Resolution,FIXED,---
2006-01-09 15:01:05 PST,wtc,Target Milestone,4.7,---
2006-01-09 15:01:05 PST,wtc,Last Resolved,2006-01-09 15:01:05,
2006-01-10 06:20:43 PST,gavin.sharp,CC,gavin.sharp,
2006-01-10 09:44:43 PST,darin.moz,Attachment #207572                Flags,review+,review?(darin)
