When, Who, What, Added, Removed
2006-01-04 23:58:05 PST,justdave,Assignee,nobody,justdave
2006-01-04 23:58:05 PST,justdave,Depends on,280633,
2006-12-23 22:56:07 PST,justdave,Status,RESOLVED,NEW
2006-12-23 22:56:07 PST,justdave,Resolution,FIXED,---
2006-12-23 22:56:07 PST,justdave,Blocks,,313429
2006-12-23 22:56:07 PST,justdave,Last Resolved,2006-12-23 22:56:07,
2006-12-28 13:11:57 PST,reed,QA Contact,reed,myk
2011-06-26 22:59:39 PDT,nobody,Product,bugzilla.mozilla.org,mozilla.org
2011-06-26 22:59:39 PDT,nobody,Component,General,Bugzilla: Other b.m.o Issues
