When, Who, What, Added, Removed
2006-01-06 21:08:05 PST,masayuki,CC,masayuki,
2006-01-06 21:08:56 PST,masayuki,Keywords,css3,
2006-01-08 22:16:58 PST,ispiked,CC,ispiked,
2006-01-31 20:45:35 PST,masayuki,Status,NEW,UNCONFIRMED
2006-01-31 20:45:35 PST,masayuki,Ever confirmed,1,0
2006-03-10 10:54:22 PST,maikelkrause,CC,miguelcaruso,
2006-06-12 08:21:33 PDT,agustinmfernandez,CC,yo,
2006-06-16 08:53:58 PDT,hwasung.kim,CC,hwasung.kim,
2006-12-15 11:27:50 PST,striptm,CC,striptm,
2006-12-20 10:28:49 PST,bugs-bmo,CC,unknown,
2007-05-21 23:04:05 PDT,dbaron,Assignee,nobody,dbaron
2007-05-21 23:04:05 PDT,dbaron,QA Contact,style-system,ian
2007-05-26 20:02:59 PDT,jrblier,CC,jrblier,
2007-07-16 09:56:25 PDT,dzbarsky,CC,dzbarsky,
2007-09-29 16:06:01 PDT,dao,Blocks,387345,
2007-10-26 09:55:49 PDT,andrewm715+bugzilla,CC,andrewm715+bugzilla,
2007-10-31 16:07:15 PDT,ryanvm,CC,ryanvm,
2007-11-23 03:37:00 PST,dao,Blocks,,387345
2008-01-08 07:50:26 PST,stream,CC,stream,
2008-02-20 07:59:28 PST,webmaster,CC,webmaster,
2008-02-29 10:39:11 PST,torres.dark,CC,torres.dark,
2008-03-06 06:37:26 PST,bugzilla,CC,bugzilla,
2008-03-16 03:55:47 PDT,xhva.net,CC,xhva.net,
2008-03-20 11:47:34 PDT,supernova00,CC,supernova_00,
2008-03-21 03:39:48 PDT,spitfire.kuden,CC,spitfire.kuden,
2008-05-04 14:29:41 PDT,unarmed,CC,unarmed,
2008-06-04 01:05:42 PDT,bugzilla,CC,bugzilla,
2008-06-13 15:03:06 PDT,pirat,CC,pirat,
2008-06-18 04:42:59 PDT,deegg,CC,deegg,
2008-06-23 10:30:18 PDT,jonathan_haas,CC,jonathan_haas,
2008-06-23 10:30:18 PDT,jonathan_haas,Flags,wanted1.9.1?,
2008-06-26 17:32:47 PDT,jab_creations,CC,jab_creations,
2008-07-05 07:45:24 PDT,jeresig,CC,jresig,
2008-07-13 22:10:23 PDT,roc,CC,roc,
2008-07-14 01:44:22 PDT,phiw2,CC,phiw,
2008-07-14 03:41:51 PDT,kevin,CC,kevin,
2008-07-24 12:59:17 PDT,pike,CC,pike,
2008-07-25 13:59:20 PDT,laurent,CC,laurent,
2008-07-30 10:22:37 PDT,ancestor.ak,CC,ancestor.ak,
2008-07-30 13:45:14 PDT,robin,CC,robin,
2008-08-01 21:12:12 PDT,dbaron,Assignee,dbaron,nobody
2008-08-01 22:25:04 PDT,dbaron,Attachment #332034                Flags,review?(bzbarsky), superreview?(bzbarsky),
2008-08-04 13:33:29 PDT,bzbarsky,Attachment #332034                Flags,review+, superreview+,review?(bzbarsky), superreview?(bzbarsky)
2008-08-04 16:30:05 PDT,dao,CC,dao,
2008-08-05 15:10:03 PDT,moz,URL,http://www.css3.info/wp-content/uploads/2007/09/multiple-backgrounds-example.html,http://petertoh.com/images/multi-bk.html
2008-08-20 06:28:59 PDT,alex,CC,chebatron,
2008-09-08 15:43:43 PDT,roc,Flags,wanted1.9.1-, blocking1.9.1-,wanted1.9.1?
2008-09-13 22:07:29 PDT,mozilla,CC,ns03ja,
2008-09-14 19:52:02 PDT,dbaron,CC,dbaron, zweinberg,
2008-09-15 14:44:06 PDT,sciguyryan,CC,sciguyryan,
2008-09-16 13:28:23 PDT,dbaron,Attachment #338576                Attachment is obsolete,1,0
2008-09-24 20:35:22 PDT,dbaron,Attachment #338929                Attachment is obsolete,1,0
2008-09-25 17:20:07 PDT,dbaron,Attachment #340284                Attachment is obsolete,1,0
2008-09-25 18:41:22 PDT,dbaron,Attachment #340470                Attachment is obsolete,1,0
2008-09-27 12:51:34 PDT,dbaron,Attachment #340469                Flags,review?(bzbarsky), superreview?(bzbarsky),
2008-10-08 10:20:49 PDT,bzbarsky,Attachment #340469                Flags,review+, superreview+,review?(bzbarsky), superreview?(bzbarsky)
2008-10-08 15:27:45 PDT,dbaron,CC,bzbarsky,
2008-10-11 15:33:36 PDT,mats,Blocks,446328,
2008-10-11 17:53:36 PDT,dbaron,Attachment #340492                Attachment is obsolete,1,0
2008-10-12 21:39:58 PDT,fullmetaljacket.xp+bugmail,CC,fullmetaljacket.xp+bugmail,
2008-10-13 03:20:47 PDT,dtownsend,Depends on,459649,
2008-10-14 19:36:30 PDT,nori,CC,nori,
2008-10-18 07:01:08 PDT,xtc4uall,CC,xtc4uall,
2008-10-20 09:55:30 PDT,vladimir,CC,vladimir,
2008-10-20 11:12:48 PDT,ria.klaassen,Depends on,460796,
2008-10-23 16:01:29 PDT,svl-bmo,CC,svl_bmo,
2008-10-26 19:15:04 PDT,dbaron,Depends on,461731,
2008-10-27 08:20:51 PDT,dbaron,Attachment #342748                Attachment is obsolete,1,0
2008-10-27 12:09:04 PDT,diegoliz,CC,diegoliz,
2008-10-27 12:58:08 PDT,mstange,CC,mstange,
2008-10-28 23:19:44 PDT,robin,CC,,robin
2008-11-05 11:48:50 PST,martijn.martijn,CC,martijn.martijn,
2008-11-20 19:49:54 PST,jwalden+bmo,CC,jwalden+bmo,
2008-12-09 06:10:32 PST,markg85,CC,markg85,
2009-01-05 10:47:19 PST,highmind63,CC,highmind63,
2009-01-09 15:47:18 PST,gavin.sharp,CC,gavin.sharp,
2009-01-09 15:57:31 PST,dbaron,Attachment #340469                Attachment is obsolete,1,0
2009-01-09 15:57:31 PST,dbaron,Attachment #344907                Attachment is obsolete,1,0
2009-01-09 16:08:10 PST,dbaron,Attachment #356263                Flags,review?(bzbarsky), superreview?(bzbarsky),
2009-01-18 18:20:10 PST,ventnor.bugzilla,Attachment #356263                Attachment is obsolete,1,0
2009-01-18 18:20:10 PST,ventnor.bugzilla,Attachment #357601                Flags,review?(bzbarsky), superreview?(bzbarsky),
2009-01-18 18:20:10 PST,ventnor.bugzilla,Attachment #356263                Flags,,review?(bzbarsky), superreview?(bzbarsky)
2009-01-18 18:21:47 PST,ventnor.bugzilla,Attachment #356265                Attachment is obsolete,1,0
2009-01-18 18:21:47 PST,ventnor.bugzilla,Attachment #357602                Flags,review?(roc), superreview?(roc),
2009-01-18 19:36:32 PST,dbaron,Attachment #357602                Flags,review-, superreview-,review?(roc), superreview?(roc)
2009-01-18 19:43:25 PST,ventnor.bugzilla,CC,ventnor.bugzilla,
2009-01-22 17:37:50 PST,dbaron,Attachment #357601                Attachment description,patch 1: allow arbitrary number of image loaders,Arbitrary number of image loaders
2009-01-22 17:39:15 PST,dbaron,Attachment #357602                Attachment is obsolete,1,0
2009-01-30 12:11:47 PST,dbaron,Attachment #357601                Attachment is obsolete,1,0
2009-01-30 12:11:47 PST,dbaron,Attachment #359803                Flags,review?(bzbarsky), superreview?(bzbarsky),
2009-01-30 12:11:47 PST,dbaron,Attachment #357601                Flags,,review?(bzbarsky), superreview?(bzbarsky)
2009-01-30 12:12:39 PST,dbaron,Attachment #358312                Attachment is obsolete,1,0
2009-01-30 12:12:39 PST,dbaron,Attachment #359804                Flags,review?(bzbarsky), superreview?(bzbarsky),
2009-01-30 13:06:29 PST,dbaron,Attachment #359804                Flags,review?(roc),
2009-02-04 23:58:00 PST,dtownsend,CC,dtownsend,
2009-02-10 21:13:51 PST,dbaron,Attachment #359804                Attachment is obsolete,1,0
2009-02-10 21:13:51 PST,dbaron,Attachment #361708                Flags,review?(roc), superreview?(bzbarsky),
2009-02-10 21:13:51 PST,dbaron,Attachment #359804                Flags,,review?(bzbarsky), superreview?(bzbarsky), review?(roc)
2009-02-11 02:41:49 PST,roc,Attachment #361708                Flags,review+,review?(roc)
2009-02-12 18:03:58 PST,bzbarsky,Attachment #359803                Flags,review+, superreview+,review?(bzbarsky), superreview?(bzbarsky)
2009-02-12 20:55:50 PST,bzbarsky,Attachment #361708                Flags,superreview-,superreview?(bzbarsky)
2009-02-17 13:12:32 PST,dbaron,Attachment #361708                Attachment is obsolete,1,0
2009-02-17 13:12:32 PST,dbaron,Attachment #362765                Flags,review?(bzbarsky), superreview?(bzbarsky),
2009-02-18 10:58:47 PST,bzbarsky,Attachment #362765                Flags,review+, superreview+,review?(bzbarsky), superreview?(bzbarsky)
2009-02-19 02:02:36 PST,mike,CC,mike,
2009-02-19 21:45:10 PST,dbaron,Status,RESOLVED,NEW
2009-02-19 21:45:10 PST,dbaron,Resolution,FIXED,---
2009-02-19 21:45:10 PST,dbaron,Priority,P4,--
2009-02-19 21:45:10 PST,dbaron,Target Milestone,mozilla1.9.2a1,---
2009-02-19 21:45:10 PST,dbaron,Last Resolved,2009-02-19 21:45:10,
2009-02-20 01:35:48 PST,level,CC,level,
2009-02-20 01:58:42 PST,ginn.chen,Depends on,479402,
2009-03-04 04:08:30 PST,absorbb,CC,absorbb,
2009-03-11 08:21:40 PDT,dbaron,Depends on,482708,
2009-03-12 05:37:45 PDT,alice0775,CC,alice0775,
2009-03-20 12:19:43 PDT,philip.chee,CC,philip.chee,
2009-03-20 12:30:54 PDT,dbaron,Depends on,482941,
2009-04-13 17:56:03 PDT,klonos,CC,klonos,
2009-05-22 08:52:24 PDT,longsonr,CC,brian.carpenter,
2009-05-25 15:01:11 PDT,dao,Depends on,494808,
2009-06-23 08:05:19 PDT,edwebman,CC,edwebman,
2009-07-11 19:15:51 PDT,level,CC,,level
2009-07-11 23:39:22 PDT,alex,CC,alex,
2009-07-11 23:42:47 PDT,alex,CC,cgriego,
2009-08-11 15:27:57 PDT,eshepherd,Keywords,dev-doc-needed,
2009-08-11 15:27:57 PDT,eshepherd,CC,eshepherd,
2009-10-04 09:36:21 PDT,z06.guillermo,CC,z06.guillermo,
2009-10-19 07:09:33 PDT,eshepherd,Whiteboard,[doc-waiting-info],
2009-10-19 12:43:24 PDT,eshepherd,Keywords,dev-doc-complete,dev-doc-needed
2009-10-19 12:43:24 PDT,eshepherd,Whiteboard,,[doc-waiting-info]
2010-06-07 09:47:42 PDT,bzbarsky,Depends on,552538,
2011-02-03 15:05:03 PST,dbaron,Blocks,631373,
2011-08-04 12:36:21 PDT,tnikkel,Depends on,676637,
2012-03-10 05:28:50 PST,stream,CC,,stream
