When, Who, What, Added, Removed
2006-01-05 04:11:30 PST,prometeo.bugs,CC,stefan_h, iann_bugzilla,
2006-01-05 04:14:56 PST,prometeo.bugs,Product,Mozilla Application Suite,Documentation
2006-01-05 04:14:56 PST,prometeo.bugs,Component,Help,Help Viewer
2006-01-05 04:16:50 PST,prometeo.bugs,CC,kairo,
2006-01-05 04:23:16 PST,iann_bugzilla,Attachment #207600                Flags,review+, approval-seamonkey1.1+,
2006-01-05 04:23:52 PST,iann_bugzilla,Status,NEW,UNCONFIRMED
2006-01-05 04:23:52 PST,iann_bugzilla,Assignee,giacomo.magnini,help.viewer
2006-01-05 04:23:52 PST,iann_bugzilla,Ever confirmed,1,0
2006-01-05 04:24:03 PST,iann_bugzilla,Status,ASSIGNED,NEW
2006-01-13 10:06:33 PST,prometeo.bugs,Version,Trunk,unspecified
2006-01-13 13:14:01 PST,prometeo.bugs,Attachment #207600                Flags,approval-seamonkey1.0?,
2006-01-21 11:48:58 PST,kairo,Keywords,late-l10n,
2006-01-21 11:49:06 PST,kairo,Attachment #207600                Flags,approval-seamonkey1.0+,approval-seamonkey1.0?
2006-01-21 17:29:09 PST,stefanh,Blocks,323357,
2006-01-22 06:22:33 PST,mnyromyr,Keywords,fixed1.8.0.1, fixed1.8.1,
2006-01-22 06:25:06 PST,stefanh,Resolution,FIXED,---
2006-01-22 06:25:06 PST,stefanh,Last Resolved,2006-01-22 06:25:06,
2006-01-22 06:25:06 PST,stefanh,Status,RESOLVED,ASSIGNED
2006-01-22 14:16:34 PST,csthomas,Whiteboard,fixed-seamonkey1.0,
2006-03-25 04:17:31 PST,bugzillamozillaorg_serge_20140323,Keywords,fixed-seamonkey1.0,
2006-03-25 04:17:31 PST,bugzillamozillaorg_serge_20140323,Whiteboard,,fixed-seamonkey1.0
2006-08-20 09:55:47 PDT,bugzilla,Keywords,fixed-seamonkey1.1a,
