When, Who, What, Added, Removed
2006-01-04 17:01:35 PST,mattsch,Version,1.8 Branch,Trunk
2006-01-05 01:58:29 PST,ria.klaassen,CC,ria.klaassen,
2006-01-05 08:03:15 PST,mattsch,Keywords,regression,
2006-05-17 05:31:39 PDT,bugzilla-mozilla-20000923,CC,silver,
2006-05-17 05:31:39 PDT,bugzilla-mozilla-20000923,Ever confirmed,1,0
2006-05-17 05:31:39 PDT,bugzilla-mozilla-20000923,Status,NEW,UNCONFIRMED
2006-05-17 05:45:14 PDT,bugzilla-mozilla-20000923,Version,Trunk,1.8 Branch
2006-05-17 05:45:14 PDT,bugzilla-mozilla-20000923,Severity,minor,normal
2006-05-17 05:47:41 PDT,bugzilla-mozilla-20000923,Status,ASSIGNED,NEW
2006-05-17 05:47:41 PDT,bugzilla-mozilla-20000923,Assignee,silver,nobody
2006-05-17 05:50:19 PDT,bugzilla-mozilla-20000923,Attachment #222337                Flags,review?(joshmoz), superreview?(bryner),
2006-05-17 09:30:07 PDT,gavin.sharp,CC,gavin.sharp,
2006-05-21 21:11:36 PDT,jaas,Attachment #222337                Flags,review+,review?(joshmoz)
2006-06-07 01:43:07 PDT,neil,Attachment #222337                Flags,superreview+,superreview?(bryner)
2006-06-07 02:30:27 PDT,bugzilla-mozilla-20000923,Attachment #222337                Flags,approval-branch-1.8.1?,
2006-06-11 11:01:38 PDT,gavin.sharp,Attachment #222337                Flags,approval-branch-1.8.1?(neil),approval-branch-1.8.1?
2006-06-11 12:29:35 PDT,neil,Attachment #222337                Flags,approval-branch-1.8.1+,approval-branch-1.8.1?(neil)
2006-06-11 12:38:07 PDT,bugzilla-mozilla-20000923,Last Resolved,2006-06-11 12:38:07,
2006-06-11 12:38:07 PDT,bugzilla-mozilla-20000923,Keywords,fixed1.8.1,
2006-06-11 12:38:07 PDT,bugzilla-mozilla-20000923,Status,RESOLVED,ASSIGNED
2006-06-11 12:38:07 PDT,bugzilla-mozilla-20000923,Resolution,FIXED,---
2006-06-11 13:30:33 PDT,ispiked,CC,ispiked,
