When, Who, What, Added, Removed
2006-01-04 20:42:45 PST,jruderman,CC,bzbarsky,
2006-01-04 20:55:47 PST,ispiked,CC,ispiked,
2006-01-04 21:20:37 PST,bzbarsky,Depends on,282173,
2006-01-29 15:15:45 PST,ryanvm,CC,ryanvm,
2006-04-10 09:28:48 PDT,jruderman,CC,roc, dbaron,
2006-06-06 09:11:44 PDT,mats,Attachment #224570                Flags,review?(roc), superreview?(roc),
2006-06-06 09:12:12 PDT,mats,CC,mats.palmgren,
2006-06-06 15:01:11 PDT,roc,Attachment #224570                Flags,review+, superreview+,review?(roc), superreview?(roc)
2006-08-16 15:42:15 PDT,mats,Summary,WARNING: nsBlockFrame::CheckFloats: Explicit float list is out of sync with float cache,ASSERTION: not in child list: 'nsFrameList(aChildFrame->GetParent()->GetFirstChild(listName)) .ContainsFrame(aChildFrame)'
2006-08-16 15:42:15 PDT,mats,Hardware,All,Macintosh
2006-08-16 15:42:15 PDT,mats,OS,All,Mac OS X 10.2
2006-09-13 01:32:25 PDT,asac,CC,asac,
2007-01-08 09:28:05 PST,bzbarsky,Blocks,366128,
2007-03-20 16:53:42 PDT,jruderman,Flags,blocking1.9?,
2007-03-20 16:56:02 PDT,jruderman,Blocks,,319280
2007-04-03 20:43:38 PDT,roc,Flags,blocking1.9+,blocking1.9?
2007-05-17 13:14:51 PDT,chofmann,CC,chofmann,
2007-05-31 21:26:24 PDT,roc,Attachment #266862                Flags,review?(bzbarsky), superreview?(bzbarsky),
2007-05-31 23:38:00 PDT,bzbarsky,Attachment #266862                Flags,review-, superreview-,review?(bzbarsky), superreview?(bzbarsky)
2007-06-01 02:10:56 PDT,roc,Attachment #266862                Attachment is obsolete,1,0
2007-06-01 02:10:56 PDT,roc,Attachment #266892                Flags,review?(bzbarsky), superreview?(bzbarsky),
2007-06-03 13:30:52 PDT,bzbarsky,Attachment #266892                Flags,review+, superreview+,review?(bzbarsky), superreview?(bzbarsky)
2007-06-05 22:03:41 PDT,roc,Blocks,373919,
2007-06-06 05:39:32 PDT,gavin.sharp,CC,gavin.sharp,
2007-06-06 10:05:37 PDT,jwalden+bmo,CC,jwalden+bmo,
2007-06-06 11:43:36 PDT,jruderman,Assignee,roc,nobody
2007-06-06 20:17:48 PDT,roc,Status,RESOLVED,NEW
2007-06-06 20:17:48 PDT,roc,Resolution,FIXED,---
2007-06-06 20:17:48 PDT,roc,Last Resolved,2007-06-06 20:17:48,
2007-07-11 20:42:22 PDT,dveditz,Whiteboard,required by 366128,
2007-07-11 20:42:22 PDT,dveditz,Flags,blocking1.8.1.6?,
2007-07-12 18:37:03 PDT,dveditz,Keywords,fixed1.8.0.13, fixed1.8.1.5,
2007-07-12 18:38:10 PDT,dveditz,Blocks,384344,
2007-07-12 18:39:27 PDT,dveditz,Flags,,blocking1.8.1.6?
2007-12-16 18:40:01 PST,jruderman,Flags,in-testsuite+,
