When, Who, What, Added, Removed
2006-01-10 01:13:58 PST,reed,Status,NEW,UNCONFIRMED
2006-01-10 01:13:58 PST,reed,CC,wtchang, reed,
2006-01-10 01:13:58 PST,reed,Ever confirmed,1,0
2006-01-10 17:50:45 PST,wtc,Status,RESOLVED,NEW
2006-01-10 17:50:45 PST,wtc,Resolution,FIXED,---
2006-01-10 17:50:45 PST,wtc,Last Resolved,2006-01-10 17:50:45,
2006-01-10 19:17:46 PST,g13n,Status,VERIFIED,RESOLVED
2006-01-15 14:50:47 PST,reed,Assignee,wtchang,www-mozilla-org
2008-07-31 04:30:00 PDT,nobody,Product,Websites,mozilla.org
2012-08-23 00:16:07 PDT,nobody,Product,www.mozilla.org,Websites
2012-08-23 00:16:07 PDT,nobody,Component,General,www.mozilla.org
