When, Who, What, Added, Removed
2006-01-04 18:04:51 PST,wtc,Attachment #207570                Flags,review?(kengert),
2006-01-05 17:26:34 PST,wtc,Attachment #207676                Flags,review+,
2006-01-05 18:10:10 PST,kaie,Attachment #207570                Flags,review+,review?(kengert)
2006-01-06 17:08:16 PST,wtc,Attachment #207784                Flags,review?(kengert),
2006-01-09 13:08:23 PST,kaie,Attachment #207784                Flags,review+,review?(kengert)
2006-01-09 13:49:56 PST,wtc,Status,RESOLVED,NEW
2006-01-09 13:49:56 PST,wtc,Resolution,FIXED,---
2006-01-09 13:49:56 PST,wtc,Target Milestone,4.7,---
2006-01-09 13:49:56 PST,wtc,Last Resolved,2006-01-09 13:49:56,
2006-01-13 12:42:10 PST,kaie,Attachment #207570                Attachment description,Patch for NSPR head + NSPR client branch,Proposed patch
2006-01-13 12:42:45 PST,kaie,Attachment #207676                Attachment description,Patch for NSPR 4.6.1 and Mozilla 1.8 branch,Patch for 4.6.1
2006-01-13 12:43:23 PST,kaie,Attachment #207784                Attachment description,Remove ancient workaround for a zero-size array in <sys/socket.h> on Linux. Patch for NSPR trunk + NSPR client branch + Mozilla 1.8 branch,Remove ancient workaround for a zero-size array in <sys/socket.h> on Linux
2006-01-13 12:44:13 PST,kaie,Attachment #207784                Attachment description,Remove ancient workaround for a zero-size array in <sys/socket.h> on Linux.Patch for NSPR trunk + NSPR client branch + Mozilla 1.8 branch,Remove ancient workaround for a zero-size array in <sys/socket.h> on Linux. Patch for NSPR trunk + NSPR client branch + Mozilla 1.8 branch
2006-01-13 12:44:56 PST,kaie,Attachment #207676                Flags,approval1.8.1?,
2006-01-13 12:45:23 PST,kaie,Attachment #207784                Flags,approval1.8.1?,
2006-01-31 06:29:08 PST,benjamin,Attachment #207676                Flags,branch-1.8.1?(wtchang),approval1.8.1?
2006-01-31 06:29:29 PST,benjamin,Attachment #207784                Flags,branch-1.8.1?(wtchang),approval1.8.1?
2006-01-31 08:04:32 PST,wtc,Attachment #207676                Flags,branch-1.8.1+,branch-1.8.1?(wtchang)
2006-01-31 08:04:52 PST,wtc,Attachment #207784                Flags,branch-1.8.1+,branch-1.8.1?(wtchang)
2006-01-31 13:43:38 PST,kaie,Keywords,fixed1.8.1,
2006-02-07 11:13:49 PST,wtc,CC,julien.pierre.bugs,
2006-02-07 11:13:49 PST,wtc,Target Milestone,4.6.2,4.7
