When, Who, What, Added, Removed
2006-01-05 05:38:55 PST,martijn.martijn,Product,Core,Firefox
2006-01-05 05:38:55 PST,martijn.martijn,Version,Trunk,unspecified
2006-01-05 05:38:55 PST,martijn.martijn,Component,Layout: Tables,General
2006-01-05 05:38:55 PST,martijn.martijn,QA Contact,layout.tables,general
2006-01-05 05:38:55 PST,martijn.martijn,CC,martijn.martijn,
2006-01-05 05:38:55 PST,martijn.martijn,Keywords,testcase,
2006-01-05 22:00:13 PST,bernd_mozilla,Summary,{inc} BasicTablelayoutStrategy Balance missing with incr. reflow,SCRIPT tag with SRC attribute cause firefox to render the page incorrectly
2006-01-05 22:00:13 PST,bernd_mozilla,Status,NEW,UNCONFIRMED
2006-01-05 22:00:13 PST,bernd_mozilla,CC,bernd_mozilla,
2006-01-05 22:00:13 PST,bernd_mozilla,Ever confirmed,1,0
2006-03-20 01:51:48 PST,magicdice,CC,magicdice,
2006-12-08 15:55:54 PST,steve.england,CC,steve.england,
2006-12-08 15:55:54 PST,steve.england,Depends on,300030,
2006-12-08 15:55:54 PST,steve.england,Last Resolved,2006-12-08 15:55:54,
2006-12-08 15:55:54 PST,steve.england,Status,RESOLVED,NEW
2006-12-08 15:55:54 PST,steve.england,Resolution,FIXED,---
2006-12-11 13:00:23 PST,ryanvm,CC,ryanvm,
2006-12-11 13:00:23 PST,ryanvm,Flags,in-testsuite?,
2007-04-02 04:29:07 PDT,jwalden+bmo,CC,jwalden+bmo,
2012-11-10 10:12:47 PST,ryanvm,Flags,,in-testsuite?
