When, Who, What, Added, Removed
2006-01-06 06:47:54 PST,standard8,CC,bugzilla,
2006-01-06 06:47:54 PST,standard8,Flags,blocking-seamonkey1.0?,
2006-01-06 06:48:46 PST,vseerror,CC,vseerror,
2006-01-06 06:51:49 PST,iann_bugzilla,Flags,blocking-seamonkey1.0+,blocking-seamonkey1.0?
2006-01-06 13:47:47 PST,mnyromyr,CC,mnyromyr,
2006-01-06 15:03:09 PST,TheMillers,CC,TheMillers,
2006-01-09 04:36:13 PST,raj,CC,raj,
2006-01-11 12:08:08 PST,csthomas,CC,kairo,
2006-01-20 16:37:28 PST,worcester12345,CC,worcester12345,
2006-01-21 11:44:02 PST,ajschult,Keywords,fixed1.8.0.1,
2006-01-21 11:46:18 PST,kairo,Keywords,fixed1.8.1,
2006-01-21 11:46:18 PST,kairo,Whiteboard,fixed-seamonkey1.0,fixed-seamonkey1.1,
2006-01-26 15:45:05 PST,csthomas,Keywords,fixed-seamonkey1.0, fixed-seamonkey1.1,
2006-01-26 15:45:05 PST,csthomas,Whiteboard,,fixed-seamonkey1.0,fixed-seamonkey1.1
2006-01-29 15:40:41 PST,vseerror,Summary,PalmSyncInstall has not been built since October [SM suite],PalmSyncInstall has not been built since October
2006-01-29 15:40:41 PST,vseerror,CC,gordon,
2006-01-29 15:40:41 PST,vseerror,Keywords,fixed-seamonkey1.1a,fixed-seamonkey1.1
2006-04-20 05:29:29 PDT,mozpreed,Assignee,build,nobody
2006-06-05 15:05:05 PDT,rhelmer,Status,RESOLVED,NEW
2006-06-05 15:05:05 PDT,rhelmer,Resolution,FIXED,---
2006-06-05 15:05:05 PDT,rhelmer,Last Resolved,2006-06-05 15:05:05,
2006-06-05 17:06:36 PDT,kairo,Status,REOPENED,RESOLVED
2006-06-05 17:06:36 PDT,kairo,Resolution,---,FIXED
2006-06-08 14:54:21 PDT,rhelmer,Status,ASSIGNED,REOPENED
2006-10-10 13:19:21 PDT,coop,Status,NEW,ASSIGNED
2006-10-10 13:25:31 PDT,standard8,CC,bienvenu, mscott,
2006-11-15 14:47:09 PST,domi,CC,domi,
2006-11-29 15:53:59 PST,helge.kraak,CC,helge.kraak,
2007-04-10 13:45:09 PDT,standard8,Whiteboard,CDK 4.0.3 needs installing on SM trunk see url and comments 21 & 35,
2007-04-10 13:45:09 PDT,standard8,Product,mozilla.org,Mozilla Application Suite
2007-04-10 13:45:09 PDT,standard8,Version,other,Trunk
2007-04-10 13:45:09 PDT,standard8,Component,Tinderbox Configuration,Build Config
2007-04-10 13:45:09 PDT,standard8,QA Contact,ccooper,build-config
2007-04-10 13:45:09 PDT,standard8,Flags,,blocking-seamonkey1.0+
2007-04-10 13:50:26 PDT,worcester12345,Depends on,377029,
2007-04-10 14:01:01 PDT,standard8,Depends on,,377029
2007-06-14 09:51:14 PDT,coop,Assignee,kairo,build
2007-06-14 09:51:14 PDT,coop,QA Contact,build,ccooper
2007-10-31 12:33:10 PDT,john+bugzilla,CC,joduinn,
2007-11-01 04:03:53 PDT,standard8,Depends on,392438,
2007-11-06 15:09:06 PST,coop,CC,ccooper,
2007-11-16 05:59:22 PST,standard8,Attachment #288995                Flags,review?(kairo),
2007-11-21 06:40:13 PST,kairo,Attachment #288995                Flags,review+,review?(kairo)
2007-11-22 12:19:36 PST,standard8,Attachment #288995                Attachment description,Enable palmsync on the trunk tinderbox (checked in),Enable palmsync on the trunk tinderbox
2007-11-22 12:20:26 PST,standard8,Assignee,bugzilla,kairo
2007-11-22 12:21:33 PST,standard8,Status,RESOLVED,NEW
2007-11-22 12:21:33 PST,standard8,Resolution,FIXED,---
2007-11-22 12:21:33 PST,standard8,Last Resolved,2007-11-22 12:21:33,2006-06-05 15:05:05
2011-03-26 12:05:25 PDT,timeless,Product,Webtools,mozilla.org
2011-03-26 12:05:25 PDT,timeless,Component,Tinderbox,Tinderbox Configuration
2014-06-16 14:00:49 PDT,nobody,Product,Webtools Graveyard,Webtools
