When, Who, What, Added, Removed
2006-01-05 11:24:38 PST,justdave,Component,Server Operations Projects,Server Operations
2006-01-05 11:24:38 PST,justdave,Assignee,justdave,server-ops
2006-01-05 11:24:38 PST,justdave,Group,,mozillaorgconfidential
2006-03-24 00:24:21 PST,justdave,Priority,P1,--
2006-03-27 13:10:07 PST,shaver,CC,shaver,
2006-04-11 00:08:45 PDT,justdave,Last Resolved,2006-04-11 00:08:45,
2006-04-11 00:08:45 PDT,justdave,Status,RESOLVED,NEW
2006-04-11 00:08:45 PDT,justdave,Resolution,FIXED,---
2015-03-12 08:24:46 PDT,nobody,Product,mozilla.org Graveyard,mozilla.org
