When, Who, What, Added, Removed
2006-01-06 21:56:47 PST,zach,Component,Server Operations,FTP: Staging
2006-01-06 21:56:47 PST,zach,Assignee,server-ops,zach
2006-01-06 21:56:47 PST,zach,QA Contact,justin,myk
2006-01-06 21:56:47 PST,zach,CC,zach,
2006-01-06 22:02:12 PST,justdave,Component,FTP: Staging,Server Operations
2006-01-06 22:02:12 PST,justdave,Assignee,zach,server-ops
2006-01-06 22:02:12 PST,justdave,QA Contact,myk,justin
2006-03-09 21:07:30 PST,zach,Status,RESOLVED,NEW
2006-03-09 21:07:30 PST,zach,Resolution,FIXED,---
2006-03-09 21:07:30 PST,zach,Last Resolved,2006-03-09 21:07:30,
2007-11-06 14:09:54 PST,samuel.sidler+old,Status,VERIFIED,RESOLVED
