When, Who, What, Added, Removed
2006-01-06 12:45:38 PST,ria.klaassen,CC,ria.klaassen,
2006-01-06 12:54:09 PST,martijn.martijn,Blocks,258514,
2006-01-06 12:54:09 PST,martijn.martijn,Ever confirmed,1,0
2006-01-06 12:54:09 PST,martijn.martijn,Flags,blocking1.8.1?, blocking1.9a1?,
2006-01-06 12:54:09 PST,martijn.martijn,Keywords,regression, testcase,
2006-01-06 12:54:09 PST,martijn.martijn,Product,Core,Firefox
2006-01-06 12:54:09 PST,martijn.martijn,Version,Trunk,unspecified
2006-01-06 12:54:09 PST,martijn.martijn,Status,NEW,UNCONFIRMED
2006-01-06 12:54:09 PST,martijn.martijn,Component,Layout,General
2006-01-06 12:54:09 PST,martijn.martijn,QA Contact,layout,general
2006-01-06 12:54:09 PST,martijn.martijn,CC,aaronleventhal, martijn.martijn,
2006-01-06 13:29:41 PST,gavin.sharp,CC,gavin.sharp,
2006-01-08 21:24:56 PST,ispiked,CC,ispiked,
2006-03-18 14:11:03 PST,BoxerBoi76,CC,BoxerBoi76,
2006-06-20 12:52:44 PDT,darin.moz,Flags,blocking1.8.1+,blocking1.8.1?
2006-06-26 13:27:00 PDT,darin.moz,Assignee,aaronleventhal,nobody
2006-06-26 13:53:38 PDT,aaronlev,Assignee,mats.palmgren,aaronleventhal
2006-06-28 19:25:07 PDT,darin.moz,Flags,blocking1.8.1-,blocking1.8.1+
2006-09-21 15:13:07 PDT,pavlov,Whiteboard,[wanted-1.9],
2006-09-21 15:13:07 PDT,pavlov,Flags,blocking1.9-,blocking1.9a1?
2008-01-16 01:53:46 PST,reed,Whiteboard,,[wanted-1.9]
2008-01-16 01:53:46 PST,reed,Flags,wanted1.9+,
2008-01-16 03:22:14 PST,gandalf,CC,gandalf,
2008-04-16 21:51:39 PDT,roc,CC,roc,
2008-04-16 21:51:39 PDT,roc,Flags,wanted1.9-, wanted-next+,wanted1.9+
2009-06-03 13:27:01 PDT,mats,Hardware,All,x86
2009-06-03 13:27:01 PDT,mats,OS,All,Windows XP
2009-06-03 13:27:01 PDT,mats,Depends on,178324,
2009-06-03 13:30:47 PDT,mats,Flags,in-testsuite?,
2009-06-03 19:48:09 PDT,fullmetaljacket.xp+bugmail,CC,fullmetaljacket.xp+bugmail,
2009-06-13 15:36:55 PDT,mats,Status,RESOLVED,NEW
2009-06-13 15:36:55 PDT,mats,Resolution,FIXED,---
2009-06-13 15:36:55 PDT,mats,Assignee,nobody,matspal
2009-06-13 15:36:55 PDT,mats,CC,matspal,
2009-06-13 15:36:55 PDT,mats,Flags,in-testsuite+,in-testsuite?
2009-06-13 15:36:55 PDT,mats,Last Resolved,2009-06-13 15:36:55,
