When, Who, What, Added, Removed
2006-01-05 16:05:49 PST,samuel.sidler+old,CC,bugzilla,
2006-01-05 16:11:15 PST,gavin.sharp,CC,gavin.sharp,
2006-01-05 16:14:43 PST,dveditz,CC,dveditz,
2006-01-05 16:16:34 PST,reed,CC,reed,
2006-01-05 16:30:33 PST,mscott,CC,mscott,
2006-01-05 16:49:59 PST,bzbarsky,CC,bzbarsky,
2006-01-09 17:49:26 PST,jwalden+bmo,CC,jwalden+bmo,
2006-01-10 02:48:04 PST,timeless,Assignee,timeless,asa
2006-01-10 02:48:04 PST,timeless,CC,sfraser_bugs, mikepinkerton, neil.parkwaycc.co.uk,
2007-05-22 02:59:07 PDT,reed,Status,ASSIGNED,NEW
2007-06-04 11:28:56 PDT,mconnor,Status,RESOLVED,ASSIGNED
2007-06-04 11:28:56 PDT,mconnor,Resolution,FIXED,---
2007-06-04 11:28:56 PDT,mconnor,Last Resolved,2007-06-04 11:28:56,
2011-06-26 22:54:48 PDT,nobody,Product,bugzilla.mozilla.org,mozilla.org
2011-06-26 22:54:48 PDT,nobody,Component,Administration,Bugzilla: Keywords & Components
