When, Who, What, Added, Removed
2006-01-06 08:57:54 PST,mark,Assignee,mark,nobody
2006-01-06 09:18:13 PST,mark,CC,smichaud,
2006-01-08 17:28:46 PST,gavin.sharp,CC,gavin.sharp,
2006-01-09 13:58:52 PST,cls,CC,julien.pierre.bugs,
2006-01-10 12:04:19 PST,chase,CC,chase,
2006-01-10 23:45:33 PST,chris.blore,CC,chris.blore,
2006-01-11 15:24:08 PST,krmathis,CC,krmathis,
2006-01-19 08:10:54 PST,mark,CC,benjamin,
2006-01-19 20:40:22 PST,sfraser_bugs,CC,sfraser_bugs,
2006-01-24 13:38:47 PST,mark,Attachment #209493                Flags,review?(joshmoz), superreview?(mikepinkerton),
2006-01-24 13:52:41 PST,mark,Attachment #207732                Attachment is obsolete,1,0
2006-01-24 13:52:41 PST,mark,Attachment #209497                Flags,review?(cls), superreview?,
2006-01-24 13:53:02 PST,mark,Attachment #209497                Flags,superreview?(bryner),superreview?
2006-01-24 13:53:54 PST,mark,Attachment #209498                Flags,review?(wtchang), superreview?(cls),
2006-01-24 13:54:38 PST,mark,Attachment #209499                Flags,review?(wtchang),
2006-01-24 14:02:38 PST,mark,CC,cls,
2006-01-24 15:43:32 PST,jaas,Attachment #209493                Flags,review+,review?(joshmoz)
2006-01-25 08:17:34 PST,mark,Blocks,324651,
2006-01-26 11:47:41 PST,mikepinkerton,Attachment #209493                Flags,superreview+,superreview?(mikepinkerton)
2006-01-27 13:01:15 PST,mark,Attachment #209493                Attachment description,Remove asdecode (checked in on trunk),Remove asdecode
2006-01-27 13:01:41 PST,mark,Attachment #208770                Attachment description,Replacement .rsrc files (checked in on trunk),Replacement .rsrc files
2006-01-27 13:39:56 PST,mark,Attachment #209493                Flags,approval1.8.0.2?,
2006-01-27 13:41:01 PST,mark,Flags,blocking1.8.0.2?,
2006-01-28 07:58:23 PST,mark,Depends on,299214,
2006-01-28 09:28:55 PST,stefanh,CC,stefanh, mnyromyr, iann_bugzilla,
2006-01-28 10:06:47 PST,jhpedemonte,CC,jhpedemonte,
2006-01-28 15:26:22 PST,mark,Attachment #209497                Flags,,review?(cls), superreview?(bryner)
2006-01-28 15:26:22 PST,mark,Attachment #209497                Attachment is obsolete,1,0
2006-01-28 15:26:22 PST,mark,Attachment #209997                Flags,review?(cls), superreview?(bryner),
2006-01-28 15:27:49 PST,mark,Attachment #209498                Attachment is obsolete,1,0
2006-01-28 15:27:49 PST,mark,Attachment #209998                Flags,review?(wtchang), superreview?(cls),
2006-01-28 15:27:49 PST,mark,Attachment #209498                Flags,,review?(wtchang), superreview?(cls)
2006-01-28 15:29:51 PST,mark,Attachment #209503                Attachment is obsolete,1,0
2006-01-28 16:38:18 PST,djcater+bugzilla,CC,DJCater,
2006-01-29 17:59:35 PST,bryner,Attachment #209997                Flags,superreview+,superreview?(bryner)
2006-01-29 20:48:58 PST,mark,Blocks,323355,
2006-01-29 21:13:20 PST,mark,Attachment #209997                Attachment is obsolete,1,0
2006-01-29 21:13:20 PST,mark,Attachment #210116                Flags,review?(cls),
2006-01-29 21:13:20 PST,mark,Attachment #209997                Flags,,review?(cls)
2006-01-29 21:13:54 PST,mark,Attachment #209999                Attachment is obsolete,1,0
2006-02-02 19:49:55 PST,mark,Whiteboard,[camino-1.0],
2006-02-08 11:57:33 PST,dveditz,Flags,blocking1.8.0.2+,blocking1.8.0.2?
2006-02-10 08:53:23 PST,jaas,Attachment #209493                Flags,branch-1.8.1?(joshmoz),
2006-02-10 08:54:21 PST,jaas,Attachment #209493                Flags,branch-1.8.1+,branch-1.8.1?(joshmoz)
2006-02-13 13:40:37 PST,benjamin,Attachment #210116                Flags,review+,
2006-02-13 19:31:03 PST,mark,Attachment #209998                Attachment is obsolete,1,0
2006-02-13 19:31:03 PST,mark,Attachment #211811                Flags,review?(wtchang), superreview?(cls),
2006-02-13 19:31:03 PST,mark,Attachment #209998                Flags,,review?(wtchang), superreview?(cls)
2006-02-13 20:29:13 PST,mark,Attachment #210116                Attachment is obsolete,1,0
2006-02-13 20:29:13 PST,mark,Attachment #211813                Flags,review?(cls), superreview+,
2006-02-13 20:29:13 PST,mark,Attachment #210116                Flags,,review?(cls)
2006-02-13 22:02:49 PST,bugtrap,CC,bugtrap,
2006-02-13 22:04:01 PST,samuel.sidler+old,CC,bugzilla,
2006-02-14 07:16:26 PST,cls,Attachment #211811                Flags,superreview+,superreview?(cls)
2006-02-14 07:17:33 PST,cls,Attachment #211813                Flags,review+, superreview?(wtchang),review?(cls), superreview+
2006-02-14 07:58:12 PST,cls,Attachment #211813                Flags,review-, superreview+,review+, superreview?(wtchang)
2006-02-14 14:30:31 PST,mark,Attachment #211813                Attachment is obsolete,1,0
2006-02-14 14:30:31 PST,mark,Attachment #211910                Flags,review?(cls),
2006-02-14 14:34:13 PST,mark,Attachment #209499                Flags,,review?(wtchang)
2006-02-14 14:34:13 PST,mark,Attachment #209499                Attachment is obsolete,1,0
2006-02-14 14:34:13 PST,mark,Attachment #211912                Flags,review?(wtchang),
2006-02-14 15:51:53 PST,dveditz,Attachment #209493                Flags,approval1.8.0.2+,approval1.8.0.2?
2006-02-16 13:36:23 PST,cls,Attachment #211910                Flags,review+,review?(cls)
2006-02-19 13:02:42 PST,mark,Blocks,327848,
2006-02-19 16:01:38 PST,mark,Attachment #211811                Attachment is obsolete,1,0
2006-02-19 16:01:38 PST,mark,Attachment #212422                Flags,review?(wtchang),
2006-02-19 16:01:38 PST,mark,Attachment #211811                Flags,,review?(wtchang)
2006-02-20 16:24:06 PST,mark,Attachment #211910                Attachment is obsolete,1,0
2006-02-20 16:26:17 PST,mark,Attachment #212537                Flags,review+, superreview+, approval-branch-1.8.1?(shaver), approval1.8.0.2?,
2006-02-20 16:27:32 PST,mark,Attachment #212536                Flags,approval-branch-1.8.1?(benjamin), approval1.8.0.2?,
2006-02-21 08:29:35 PST,benjamin,Attachment #212536                Flags,approval-branch-1.8.1+,approval-branch-1.8.1?(benjamin)
2006-02-21 14:16:33 PST,mark,Attachment #212537                Attachment description,JS: support ppc<->x86 cross builds (checked in),JS: support ppc<->x86 cross builds
2006-02-21 15:30:35 PST,mark,Attachment #211912                Flags,,review?(wtchang)
2006-02-21 15:30:35 PST,mark,Attachment #211912                Attachment is obsolete,1,0
2006-02-21 15:30:35 PST,mark,Attachment #212651                Flags,review?(wtchang),
2006-02-21 16:00:53 PST,wtc,Attachment #212651                Flags,review+,review?(wtchang)
2006-02-21 17:30:12 PST,wtc,Attachment #212671                Flags,review?(mark),
2006-02-21 17:42:35 PST,wtc,Attachment #212422                Flags,review+,review?(wtchang)
2006-02-21 17:59:18 PST,mark,Attachment #212671                Flags,review-,review?(mark)
2006-02-21 18:03:06 PST,mark,Attachment #212651                Attachment is obsolete,1,0
2006-02-21 18:03:06 PST,mark,Attachment #212671                Attachment is obsolete,1,0
2006-02-21 18:03:06 PST,mark,Attachment #212675                Flags,review?(wtchang),
2006-02-21 18:26:58 PST,dveditz,Attachment #212537                Flags,approval1.8.0.2+,approval1.8.0.2?
2006-02-21 18:27:07 PST,dveditz,Attachment #212536                Flags,approval1.8.0.2+,approval1.8.0.2?
2006-02-21 18:41:08 PST,wtc,Attachment #212422                Attachment is obsolete,1,0
2006-02-21 20:16:31 PST,mark,Attachment #212680                Flags,approval-branch-1.8.1?(wtchang), approval1.8.0.2?,
2006-02-21 23:13:40 PST,dveditz,Attachment #212680                Flags,approval1.8.0.2+,approval1.8.0.2?
2006-02-22 08:10:17 PST,mark,Attachment #212694                Attachment description,Core: support ppc<->x86 cross builds (v6, for 1.8.0 branch, checked in on branches),Core: support ppc<->x86 cross builds (v6, for 1.8.0 branch)
2006-02-22 14:08:19 PST,wtc,Attachment #212675                Attachment is obsolete,1,0
2006-02-22 14:08:19 PST,wtc,Attachment #212808                Flags,review?(mark),
2006-02-22 14:08:19 PST,wtc,Attachment #212675                Flags,,review?(wtchang)
2006-02-22 14:20:44 PST,mark,Attachment #212808                Flags,review+, approval-branch-1.8.1?(wtchang), approval1.8.0.2?,review?(mark)
2006-02-22 14:46:33 PST,wtc,Attachment #212808                Flags,approval-branch-1.8.1+,approval-branch-1.8.1?(wtchang)
2006-02-22 15:03:15 PST,wtc,Attachment #212680                Flags,approval-branch-1.8.1+,approval-branch-1.8.1?(wtchang)
2006-02-23 11:22:21 PST,shaver,Attachment #212537                Flags,approval-branch-1.8.1+,approval-branch-1.8.1?(shaver)
2006-02-23 11:31:26 PST,mark,Resolution,FIXED,---
2006-02-23 11:31:26 PST,mark,Last Resolved,2006-02-23 11:31:26,
2006-02-23 11:31:26 PST,mark,Keywords,fixed1.8.1,
2006-02-23 11:31:26 PST,mark,Status,RESOLVED,NEW
2006-02-23 11:32:25 PST,dveditz,Attachment #212808                Flags,approval1.8.0.2+,approval1.8.0.2?
2006-02-24 11:27:07 PST,wtc,Attachment #212808                Flags,review?(nelson),
2006-02-24 11:28:05 PST,wtc,Keywords,fixed1.8.0.2,
2006-02-24 13:26:27 PST,nelson,Attachment #212808                Flags,,review?(nelson)
2006-03-14 06:06:27 PST,benjamin,Depends on,327092,
2006-03-18 14:59:33 PST,trentm,CC,trentm,
2006-03-20 12:09:59 PST,cls,Attachment #215687                Flags,review?(mark), superreview?(benjamin),
2006-03-20 12:16:28 PST,benjamin,Attachment #215687                Flags,superreview+,superreview?(benjamin)
2006-03-20 12:48:30 PST,mark,Attachment #215687                Flags,review+,review?(mark)
2006-03-20 21:04:28 PST,cls,Attachment #215687                Attachment description,Fix jscpucfg for mingw (checked in on trunk),Fix jscpucfg for mingw
2006-03-28 18:36:28 PST,mark,Blocks,332050,
2006-04-27 09:12:28 PDT,cls,Attachment #215687                Flags,approval-branch-1.8.1?, approval1.8.0.4?,
2006-04-28 11:43:20 PDT,dveditz,Attachment #215687                Flags,approval1.8.0.4-, approval1.8.0.5?,approval1.8.0.4?
2006-04-28 13:11:34 PDT,cls,Attachment #215687                Flags,approval-branch-1.8.1?(benjamin),approval-branch-1.8.1?
2006-05-02 10:39:39 PDT,benjamin,Attachment #215687                Flags,approval-branch-1.8.1+,approval-branch-1.8.1?(benjamin)
2006-06-12 11:45:35 PDT,dveditz,Attachment #215687                Flags,approval1.8.0.5+,approval1.8.0.5?
2006-06-12 16:30:32 PDT,cls,Attachment #215687                Attachment description,Fix jscpucfg for mingw (checked in),Fix jscpucfg for mingw (checked in on trunk)
2006-06-12 16:30:56 PDT,cls,Keywords,fixed1.8.0.5,
