When, Who, What, Added, Removed
2006-01-05 13:18:29 PST,hwaara,Status,ASSIGNED,NEW
2006-01-05 13:18:29 PST,hwaara,Assignee,hwaara,nobody
2006-01-05 13:18:29 PST,hwaara,Attachment #207658                Flags,review?,
2006-01-05 13:26:16 PST,hwaara,Attachment #207658                Flags,review?(kevin),review?
2006-01-05 16:12:43 PST,gavin.sharp,CC,gavin.sharp,
2006-01-08 21:16:54 PST,ispiked,CC,ispiked,
2006-01-12 01:48:05 PST,hwaara,CC,bugs.mano,
2006-01-22 07:14:02 PST,hwaara,CC,kevin,
2006-01-22 07:19:21 PST,kevin,Attachment #207658                Flags,review+,review?(kevin)
2006-01-22 08:32:30 PST,hwaara,Status,RESOLVED,ASSIGNED
2006-01-22 08:32:30 PST,hwaara,Resolution,FIXED,---
2006-01-22 08:32:30 PST,hwaara,Last Resolved,2006-01-22 08:32:30,
2006-01-22 08:59:07 PST,hwaara,Resolution,---,FIXED
2006-01-22 08:59:07 PST,hwaara,Flags,blocking-firefox2?,
2006-01-22 08:59:07 PST,hwaara,Status,REOPENED,RESOLVED
2006-01-22 14:44:06 PST,gavin.sharp,Status,RESOLVED,REOPENED
2006-01-22 14:44:06 PST,gavin.sharp,Resolution,FIXED,---
2006-01-22 14:44:06 PST,gavin.sharp,Last Resolved,2006-01-22 14:44:06,2006-01-22 08:32:30
2006-01-22 14:44:15 PST,gavin.sharp,Attachment #207658                Flags,approval1.8.1?,
2006-01-26 11:17:28 PST,mconnor,Attachment #207658                Flags,approval1.8.1+,approval1.8.1?
2006-01-27 00:31:19 PST,gavin.sharp,Whiteboard,[checkin needed (1.8 branch)],
2006-02-08 17:21:51 PST,gavin.sharp,Whiteboard,,[checkin needed (1.8 branch)]
2006-02-08 17:21:51 PST,gavin.sharp,Target Milestone,Firefox 2 alpha1,---
2006-02-08 17:21:51 PST,gavin.sharp,Flags,,blocking-firefox2?
2006-02-08 17:21:51 PST,gavin.sharp,Keywords,fixed1.8.1,
