When, Who, What, Added, Removed
2006-01-05 12:52:09 PST,tklancer,URL,http://tklancer.net/firefoxBug.html,
2006-01-05 13:35:35 PST,martijn.martijn,Keywords,testcase,
2006-01-05 13:35:35 PST,martijn.martijn,Product,Core,Firefox
2006-01-05 13:35:35 PST,martijn.martijn,Version,Trunk,unspecified
2006-01-05 13:35:35 PST,martijn.martijn,Status,NEW,UNCONFIRMED
2006-01-05 13:35:35 PST,martijn.martijn,Component,Layout: Form Controls,General
2006-01-05 13:35:35 PST,martijn.martijn,QA Contact,layout.form-controls,general
2006-01-05 13:35:35 PST,martijn.martijn,CC,martijn.martijn,
2006-01-05 13:35:35 PST,martijn.martijn,Ever confirmed,1,0
2006-01-08 21:32:54 PST,ispiked,CC,ispiked,
2007-01-18 23:46:42 PST,bzbarsky,Depends on,300030,
2007-01-18 23:46:42 PST,bzbarsky,Last Resolved,2007-01-18 23:46:42,
2007-01-18 23:46:42 PST,bzbarsky,Status,RESOLVED,NEW
2007-01-18 23:46:42 PST,bzbarsky,Resolution,FIXED,---
2007-04-02 05:33:10 PDT,jwalden+bmo,CC,jwalden+bmo,
2007-04-02 05:33:10 PDT,jwalden+bmo,Flags,in-testsuite?,
