When, Who, What, Added, Removed
2006-01-06 16:45:19 PST,dmose,Summary,need update channels (nightly & versioned) for lightning,cant stay on top with lightning via extension-mgr
2006-01-06 16:45:19 PST,dmose,Status,NEW,UNCONFIRMED
2006-01-06 16:45:19 PST,dmose,Ever confirmed,1,0
2006-04-22 08:27:15 PDT,mmacleod,CC,mmacleod,
2006-05-29 04:32:06 PDT,ipottinger,CC,ipottinger,
2006-08-10 20:05:10 PDT,jminta,Depends on,348066,
2006-09-25 22:22:34 PDT,bmo2010,CC,bmo,
2006-10-31 21:02:12 PST,mattwillis,Summary,Lightning: Automatically deliver nightly updates,need update channels (nightly & versioned) for lightning
2006-10-31 21:02:12 PST,mattwillis,Severity,enhancement,normal
2007-03-06 05:42:09 PST,cehser,CC,cehser,
2007-10-05 15:14:11 PDT,philringnalda,CC,worcester12345,
2007-10-06 14:16:47 PDT,ipottinger,CC,,ipottinger
2007-11-29 11:36:36 PST,maxxmozilla,CC,firefox,
2008-01-25 16:48:35 PST,myk,CC,myk,
2008-01-25 16:52:24 PST,myk,CC,david.ascher,
2008-01-25 16:53:13 PST,dmose,CC,dmose,
2008-01-28 01:37:13 PST,dbo.moz,CC,daniel.boelzle,
2008-01-28 02:19:39 PST,ause,CC,ause,
2008-10-21 08:01:37 PDT,Peter,CC,Peter,
2009-06-26 14:56:17 PDT,mschroeder,Component,Build Config,Lightning Only
2009-06-26 14:56:17 PDT,mschroeder,QA Contact,build,lightning
2010-04-16 23:14:06 PDT,bugzilla.mozilla.org.sites,CC,bugzilla.mozilla.org.sites,
2011-05-02 13:28:33 PDT,blog,CC,blog,
2011-05-14 11:09:24 PDT,jeff,CC,jeff,
2011-05-22 21:41:52 PDT,myk,CC,,myk
2011-05-23 17:01:12 PDT,bmo2010,CC,,bmo2010
2011-06-10 07:49:29 PDT,philipp,CC,gozer,
2011-12-29 16:10:00 PST,dmose,CC,,dmose
2012-02-01 13:38:31 PST,philipp,Depends on,723273,
2012-02-01 13:49:12 PST,philipp,Depends on,723279,
2012-02-01 13:50:58 PST,philipp,Depends on,723280,
2012-02-01 13:54:05 PST,philipp,Keywords,meta,
2012-03-01 08:01:46 PST,dustin,CC,dustin,
2012-03-06 10:50:26 PST,philipp,Depends on,733391,
2012-03-06 15:38:37 PST,philipp,Depends on,733603,
2012-04-10 03:22:42 PDT,philipp,Depends on,743944,
2012-05-14 23:04:04 PDT,philipp,CC,dmose,
2012-05-22 08:34:02 PDT,worcester12345,Blocks,401779,
2012-05-22 08:35:24 PDT,worcester12345,Blocks,516026,
2012-05-22 08:39:01 PDT,clokep,CC,clokep,
2012-06-28 15:18:31 PDT,philipp,Status,RESOLVED,NEW
2012-06-28 15:18:31 PDT,philipp,Resolution,FIXED,---
2012-06-28 15:18:31 PDT,philipp,Last Resolved,2012-06-28 15:18:31,
2013-03-07 15:26:55 PST,dmose,CC,,dmose
