When, Who, What, Added, Removed
2006-01-09 12:09:56 PST,richm,Status,RESOLVED,NEW
2006-01-09 12:09:56 PST,richm,Resolution,FIXED,---
2006-01-09 12:09:56 PST,richm,Last Resolved,2006-01-09 12:09:56,
2006-01-11 12:52:07 PST,mcs,CC,mcs,
2006-01-13 07:47:26 PST,richm,Status,REOPENED,RESOLVED
2006-01-13 07:47:26 PST,richm,Resolution,---,FIXED
2006-01-13 15:33:35 PST,mcs,CC,ulf,
2006-01-18 06:34:08 PST,mcs,Attachment #208755                Flags,review+,
2006-01-18 11:39:11 PST,richm,Status,RESOLVED,REOPENED
2006-01-18 11:39:11 PST,richm,Resolution,FIXED,---
2006-01-18 11:39:11 PST,richm,Last Resolved,2006-01-18 11:39:11,2006-01-09 12:09:56
