When, Who, What, Added, Removed
2006-01-08 15:47:17 PST,asqueella,Summary,sliding alert (nsIAlertsService) should dismiss itself when clicked,Alert service (sliding alert) should dismiss itself when clicked to avoid blocking the status bar
2006-01-08 15:47:17 PST,asqueella,Version,Trunk,unspecified
2006-01-08 15:47:17 PST,asqueella,Status,NEW,UNCONFIRMED
2006-01-08 15:47:17 PST,asqueella,Severity,trivial,minor
2006-01-08 15:47:17 PST,asqueella,CC,asqueella,
2006-01-08 15:47:17 PST,asqueella,Ever confirmed,1,0
2006-01-08 15:47:17 PST,asqueella,Keywords,polish,
2006-01-08 15:59:44 PST,gavin.sharp,CC,gavin.sharp,
2006-01-08 18:29:12 PST,asqueella,Status,ASSIGNED,NEW
2006-01-08 18:29:12 PST,asqueella,Assignee,asqueella,nobody
2006-01-08 18:29:12 PST,asqueella,Attachment #207954                Flags,review?(mconnor),
2006-01-08 21:16:13 PST,ispiked,CC,ispiked,
2006-09-24 08:29:35 PDT,asqueella,Attachment #207954                Flags,ui-review?(beltzner),
2007-08-17 01:55:24 PDT,mbeltzner,Attachment #207954                Flags,ui-review+,ui-review?(beltzner)
2007-08-18 08:33:52 PDT,asqueella,Attachment #277232                Flags,review?(gavin.sharp),
2007-08-18 08:33:52 PDT,asqueella,Attachment #207954                Flags,,review?(mconnor)
2007-08-18 08:33:52 PDT,asqueella,Attachment #207954                Attachment is obsolete,1,0
2007-09-03 14:23:56 PDT,gavin.sharp,Attachment #277232                Flags,review+,review?(gavin.sharp)
2008-08-07 02:40:10 PDT,dtownsend,CC,dtownsend,
2008-08-07 07:17:43 PDT,dtownsend,Status,RESOLVED,ASSIGNED
2008-08-07 07:17:43 PDT,dtownsend,Resolution,FIXED,---
2008-08-07 07:17:43 PDT,dtownsend,Target Milestone,Firefox 3.1a2,---
2008-08-07 07:17:43 PDT,dtownsend,Last Resolved,2008-08-07 07:17:43,
2008-08-07 10:14:09 PDT,sdwilsh,CC,sdwilsh,
2008-08-07 10:14:09 PDT,sdwilsh,Flags,in-testsuite?,
2012-08-27 21:51:33 PDT,dao,Component,XUL Widgets,General
2012-08-27 21:51:33 PDT,dao,Product,Toolkit,Firefox
2012-08-27 21:51:33 PDT,dao,Target Milestone,---,Firefox 3.1a2
