When, Who, What, Added, Removed
2006-01-05 22:34:55 PST,evan.yan,CC,browser-china-atf,
2006-01-05 22:43:48 PST,evan.yan,Attachment #207699                Flags,review?(aaronleventhal),
2006-01-09 01:10:51 PST,ginn.chen,Status,NEW,UNCONFIRMED
2006-01-09 01:10:51 PST,ginn.chen,Assignee,Evan.Yan,nobody
2006-01-09 01:10:51 PST,ginn.chen,Ever confirmed,1,0
2006-01-24 14:16:39 PST,aaronlev,Attachment #207699                Flags,review-,review?(aaronleventhal)
2006-04-13 02:24:29 PDT,ginn.chen,Blocks,333488,
2006-04-13 02:24:29 PDT,ginn.chen,Keywords,access,
2006-04-25 21:19:55 PDT,aaronlev,Attachment #207699                Flags,review+,review-
2006-04-25 23:32:55 PDT,ginn.chen,Attachment #207699                Flags,superreview?(roc),
2006-04-27 08:29:51 PDT,roc,Attachment #207699                Flags,superreview+,superreview?(roc)
2006-04-27 20:29:47 PDT,ginn.chen,Status,RESOLVED,NEW
2006-04-27 20:29:47 PDT,ginn.chen,Resolution,FIXED,---
2006-04-27 20:29:47 PDT,ginn.chen,Last Resolved,2006-04-27 20:29:47,
2006-04-27 20:30:12 PDT,ginn.chen,Attachment #207699                Flags,approval-branch-1.8.1?(aaronleventhal),
2006-04-27 20:56:16 PDT,aaronlev,Attachment #207699                Flags,approval-branch-1.8.1+,approval-branch-1.8.1?(aaronleventhal)
2006-04-28 02:40:53 PDT,ginn.chen,Keywords,fixed1.8.1,
