When, Who, What, Added, Removed
2006-01-06 05:30:13 PST,uriber,CC,uriber,
2006-01-06 09:30:24 PST,gavin.sharp,CC,gavin.sharp,
2006-01-06 21:56:51 PST,bugzilla,URL,data:text/html,<ul><li>text text<li>text text</ul>,
2006-01-07 02:00:43 PST,uriber,Keywords,regression,
2006-01-07 02:00:43 PST,uriber,Hardware,All,PC
2006-01-07 02:00:43 PST,uriber,OS,All,Linux
2006-01-07 02:00:43 PST,uriber,CC,sharparrow1,
2006-01-07 02:00:43 PST,uriber,Depends on,200098,
2006-01-07 02:00:43 PST,uriber,Blocks,316281,
2006-07-06 04:25:38 PDT,uriber,URL,data:text/html,<li>text text<li>text text,data:text/html,<ul><li>text text<li>text text</ul>
2006-07-06 07:00:42 PDT,uriber,CC,roc,
2006-07-06 10:20:55 PDT,roc,CC,dbaron,
2006-07-12 13:14:00 PDT,uriber,Blocks,344417,
2006-09-11 03:55:27 PDT,djcater+bugzilla,CC,DJCater,
2007-01-04 11:43:15 PST,uriber,Status,RESOLVED,NEW
2007-01-04 11:43:15 PST,uriber,Resolution,FIXED,---
2007-01-04 11:43:15 PST,uriber,Last Resolved,2007-01-04 11:43:15,
2009-09-17 13:48:00 PDT,djcater+bugzilla,QA Contact,selection,
