When, Who, What, Added, Removed
2006-01-06 15:41:08 PST,jonas,Status,ASSIGNED,NEW
2006-01-06 15:41:08 PST,jonas,Assignee,bugmail,peterv
2006-01-06 15:41:08 PST,jonas,Attachment #207773                Flags,review?, superreview?(bzbarsky),
2006-01-06 15:41:33 PST,jonas,Attachment #207773                Flags,review?(bzbarsky),review?
2006-01-06 15:47:44 PST,bzbarsky,Attachment #207773                Flags,review+, superreview+,review?(bzbarsky), superreview?(bzbarsky)
2006-01-06 17:49:08 PST,jonas,Status,RESOLVED,ASSIGNED
2006-01-06 17:49:08 PST,jonas,Resolution,FIXED,---
2006-01-06 17:49:08 PST,jonas,Last Resolved,2006-01-06 17:49:08,
