When, Who, What, Added, Removed
2006-01-10 01:16:00 PST,reed,Status,NEW,UNCONFIRMED
2006-01-10 01:16:00 PST,reed,CC,wtchang, reed,
2006-01-10 01:16:00 PST,reed,Ever confirmed,1,0
2006-01-15 14:50:19 PST,samuel.sidler+old,Assignee,wtchang,www-mozilla-org
2006-01-15 14:51:04 PST,samuel.sidler+old,Status,RESOLVED,NEW
2006-01-15 14:51:04 PST,samuel.sidler+old,Resolution,FIXED,---
2006-01-15 14:51:04 PST,samuel.sidler+old,Last Resolved,2006-01-15 14:51:04,
2008-07-31 04:30:00 PDT,nobody,Product,Websites,mozilla.org
2012-08-23 00:16:07 PDT,nobody,Product,www.mozilla.org,Websites
2012-08-23 00:16:07 PDT,nobody,Component,General,www.mozilla.org
