When, Who, What, Added, Removed
2006-01-06 06:23:00 PST,spam,Status,RESOLVED,UNCONFIRMED
2006-01-06 06:23:00 PST,spam,Resolution,FIXED,---
2006-01-06 06:23:00 PST,spam,Last Resolved,2006-01-06 06:23:00,
2006-01-14 18:25:09 PST,bugzilla,Status,VERIFIED,RESOLVED
2006-01-14 18:25:09 PST,bugzilla,CC,bugzilla, bmo,
2006-01-15 13:55:51 PST,reed,Assignee,bmo,www-mozilla-org
2006-10-18 19:01:09 PDT,spam,CC,,bmo2007
2006-11-13 07:56:54 PST,bugzilla,CC,,bugzilla
2008-07-31 04:30:00 PDT,nobody,Product,Websites,mozilla.org
2012-08-23 00:16:07 PDT,nobody,Product,www.mozilla.org,Websites
2012-08-23 00:16:07 PDT,nobody,Component,General,www.mozilla.org
