When, Who, What, Added, Removed
2006-01-05 16:10:26 PST,gavin.sharp,CC,gavin.sharp,
2006-01-11 10:44:59 PST,mozillamarcia.knous,Status,ASSIGNED,NEW
2006-04-26 10:58:25 PDT,shaver,CC,brendan, bugs, shaver, darinf,
2006-04-26 10:59:23 PDT,shaver,CC,darin,darinf
2006-04-26 13:04:35 PDT,brendan,CC,peterv,
2006-04-27 12:53:12 PDT,mozillamarcia.knous,Status,NEW,ASSIGNED
2006-04-27 12:53:12 PDT,mozillamarcia.knous,Assignee,server-ops,marcia
2006-05-01 11:03:48 PDT,justdave,Status,RESOLVED,NEW
2006-05-01 11:03:48 PDT,justdave,Resolution,FIXED,---
2006-05-01 11:03:48 PDT,justdave,Last Resolved,2006-05-01 11:03:48,
2006-05-01 11:04:34 PDT,justdave,Assignee,justdave,server-ops
