When, Who, What, Added, Removed
2006-01-05 13:04:09 PST,matthew,Keywords,testcase,
2006-01-06 13:46:23 PST,gavin.sharp,CC,gavin.sharp,
2006-01-06 13:59:30 PST,gavin.sharp,URL,http://bonsai.mozilla.org/cvsblame.cgi?file=mozilla/layout/xul/base/src/nsListBoxBodyFrame.cpp&rev=1.57#826,
2006-01-06 13:59:30 PST,gavin.sharp,Product,Core,Firefox
2006-01-06 13:59:30 PST,gavin.sharp,Component,XP Toolkit/Widgets: XUL,Preferences
2006-01-06 13:59:30 PST,gavin.sharp,QA Contact,xptoolkit.xul,preferences
2006-01-06 14:42:26 PST,gavin.sharp,URL,http://bonsai.mozilla.org/cvsblame.cgi?file=mozilla/layout/xul/base/src/nsListBoxObject.cpp&rev=1.1&mark=106#103,http://bonsai.mozilla.org/cvsblame.cgi?file=mozilla/layout/xul/base/src/nsListBoxBodyFrame.cpp&rev=1.57#826
2006-01-06 15:12:53 PST,gavin.sharp,CC,bzbarsky,
2006-01-06 15:43:04 PST,ispiked,CC,ispiked,
2006-01-09 18:39:58 PST,bzbarsky,Depends on,282105,
2006-01-10 22:56:23 PST,robert,CC,rparenton,
2006-01-30 13:30:21 PST,bzbarsky,Assignee,bzbarsky,nobody
2006-01-30 13:30:44 PST,bzbarsky,Status,RESOLVED,NEW
2006-01-30 13:30:44 PST,bzbarsky,Resolution,FIXED,---
2006-01-30 13:30:44 PST,bzbarsky,Last Resolved,2006-01-30 13:30:44,
2006-02-16 14:40:00 PST,bzbarsky,Keywords,fixed-aviary1.0.8, fixed1.7.13, fixed1.8.0.2, fixed1.8.1,
2006-02-24 14:03:37 PST,mozmail,Whiteboard,[rft-dl],
2006-02-24 17:26:11 PST,jaymoz,Keywords,verified1.8.0.2,fixed1.8.0.2
2006-02-24 17:26:11 PST,jaymoz,CC,jay,
2006-03-09 10:54:20 PST,ptomli.bugzilla,CC,paul,
2006-03-12 19:04:45 PST,robert,CC,,rparenton
2006-04-04 19:11:22 PDT,dveditz,Keywords,,fixed-aviary1.0.8, fixed1.7.13
2008-07-31 03:19:59 PDT,timeless,Component,XUL,XP Toolkit/Widgets: XUL
2008-07-31 03:19:59 PDT,timeless,QA Contact,xptoolkit.widgets,xptoolkit.xul
