When, Who, What, Added, Removed
2006-01-06 12:14:26 PST,morgamic,Blocks,314019,
2006-01-06 14:29:47 PST,justdave,Assignee,justdave,server-ops
2006-01-06 14:29:47 PST,justdave,Group,,mozillaorgconfidential
2006-01-06 14:30:07 PST,justdave,Status,RESOLVED,NEW
2006-01-06 14:30:07 PST,justdave,Resolution,FIXED,---
2006-01-06 14:30:07 PST,justdave,Last Resolved,2006-01-06 14:30:07,
2006-01-27 02:33:48 PST,morgamic,Status,REOPENED,RESOLVED
2006-01-27 02:33:48 PST,morgamic,Resolution,---,FIXED
2006-02-09 12:38:14 PST,justdave,Last Resolved,2006-02-09 12:38:14,2006-01-06 14:30:07
2006-02-09 12:38:14 PST,justdave,Status,RESOLVED,REOPENED
2006-02-09 12:38:14 PST,justdave,Resolution,FIXED,---
2015-03-12 08:17:16 PDT,nobody,Product,mozilla.org Graveyard,mozilla.org
