When, Who, What, Added, Removed
2006-01-19 08:32:16 PST,coop,Summary,error: Invalid input - Invalid product,invalid input
2006-01-19 08:32:16 PST,coop,Status,NEW,UNCONFIRMED
2006-01-19 08:32:16 PST,coop,CC,walkerrunner,
2006-01-19 08:32:16 PST,coop,Ever confirmed,1,0
2006-06-04 20:30:15 PDT,coop,Status,ASSIGNED,NEW
2006-06-04 21:04:04 PDT,coop,CC,marcia,
2006-06-04 22:44:48 PDT,coop,Status,RESOLVED,ASSIGNED
2006-06-04 22:44:48 PDT,coop,Resolution,FIXED,---
2006-06-04 22:44:48 PDT,coop,Last Resolved,2006-06-04 22:44:48,
2006-07-14 14:28:25 PDT,reed,QA Contact,litmus,ccooper
