When, Who, What, Added, Removed
2006-01-06 08:49:47 PST,standard8,Attachment #207729                Flags,review?(bienvenu), superreview?(bienvenu),
2006-01-06 08:51:19 PST,mozilla,Attachment #207729                Flags,review+, superreview+,review?(bienvenu), superreview?(bienvenu)
2006-01-06 09:05:35 PST,standard8,Status,RESOLVED,NEW
2006-01-06 09:05:35 PST,standard8,Resolution,FIXED,---
2006-01-06 09:05:35 PST,standard8,Last Resolved,2006-01-06 09:05:35,
2008-07-31 04:30:00 PDT,nobody,Product,MailNews Core,Core
