When, Who, What, Added, Removed
2006-01-06 12:57:06 PST,iann_bugzilla,Status,ASSIGNED,NEW
2006-01-06 12:57:06 PST,iann_bugzilla,Assignee,iann_bugzilla,general
2006-01-06 12:57:06 PST,iann_bugzilla,Attachment #207758                Flags,review?, approval-seamonkey1.1?,
2006-01-06 12:58:02 PST,iann_bugzilla,Attachment #207758                Flags,review?(cst),review?
2006-01-06 17:40:21 PST,kairo,Attachment #207758                Flags,review+, approval-seamonkey1.1+,review?(cst), approval-seamonkey1.1?
2006-01-07 05:10:43 PST,cbiesinger,CC,cbiesinger,
2006-01-07 14:24:37 PST,iann_bugzilla,Attachment #207758                Attachment is obsolete,1,0
2006-01-07 15:04:03 PST,cbiesinger,Attachment #207851                Flags,review+, approval-seamonkey1.1+,
2006-01-07 15:08:08 PST,iann_bugzilla,Attachment #207851                Attachment description,Doing a slightly different deed v0.1a (Checked into branch 1.8),Doing a slightly different deed v0.1a
2006-01-07 15:08:38 PST,iann_bugzilla,Keywords,fixed1.8.1,
2006-01-07 15:08:38 PST,iann_bugzilla,Whiteboard,fixed-seamonkey1.1,
2006-01-07 15:08:38 PST,iann_bugzilla,Status,RESOLVED,ASSIGNED
2006-01-07 15:08:38 PST,iann_bugzilla,Resolution,FIXED,---
2006-01-07 15:08:38 PST,iann_bugzilla,Last Resolved,2006-01-07 15:08:38,
2006-01-26 15:44:05 PST,csthomas,Keywords,fixed-seamonkey1.1,
2006-01-26 15:44:05 PST,csthomas,Whiteboard,,fixed-seamonkey1.1
