When, Who, What, Added, Removed
2006-01-06 21:12:27 PST,masayuki,CC,masayuki,
2006-01-08 13:20:27 PST,neil,Status,ASSIGNED,NEW
2006-01-08 13:20:27 PST,neil,Assignee,neil.parkwaycc.co.uk,nobody
2006-01-08 13:20:27 PST,neil,Attachment #207922                Flags,review?(mconnor), superreview?(jag),
2006-01-08 17:22:12 PST,gavin.sharp,CC,gavin.sharp,
2006-01-08 21:14:40 PST,ispiked,CC,ispiked,
2006-02-27 00:57:42 PST,jag-mozilla,Attachment #207922                Flags,superreview+,superreview?(jag)
2006-07-10 05:14:45 PDT,neil,Attachment #207922                Flags,review?(enndeakin),review?(mconnor)
2006-07-10 07:24:40 PDT,enndeakin,Attachment #207922                Flags,review+,review?(enndeakin)
2006-07-12 05:37:17 PDT,neil,Attachment #207922                Attachment is obsolete,1,0
2006-07-12 05:46:31 PDT,neil,Attachment #228942                Flags,superreview?(mscott),
2006-07-12 13:24:29 PDT,mscott,Attachment #228942                Flags,superreview+,superreview?(mscott)
2006-07-12 13:49:02 PDT,neil,Resolution,FIXED,---
2006-07-12 13:49:02 PDT,neil,Last Resolved,2006-07-12 13:49:02,
2006-07-12 13:49:02 PDT,neil,Status,RESOLVED,ASSIGNED
2006-07-12 21:43:30 PDT,aaronlev,CC,aaronleventhal,
2006-08-09 10:47:59 PDT,mscott,CC,mscott,
2006-08-09 14:06:16 PDT,mscott,Attachment #228940                Flags,approval1.8.1?,
2006-08-09 14:17:12 PDT,mbeltzner,Attachment #228940                Flags,approval1.8.1+,approval1.8.1?
2006-08-09 14:18:59 PDT,mscott,Attachment #228942                Flags,approval-thunderbird2+,
2006-08-25 13:37:22 PDT,mscott,Keywords,fixed1.8.1,
2008-07-31 04:30:00 PDT,nobody,Product,MailNews Core,Core
