When, Who, What, Added, Removed
2006-01-06 15:59:21 PST,bugzilla-mozilla,Status,ASSIGNED,NEW
2006-01-06 15:59:21 PST,bugzilla-mozilla,Assignee,bugzilla-mozilla,user-accounts
2006-01-06 15:59:21 PST,bugzilla-mozilla,Attachment #207780                Flags,review?(LpSolit),
2006-01-07 07:41:09 PST,LpSolit,Attachment #207780                Flags,review+,review?(LpSolit)
2006-01-07 07:41:49 PST,LpSolit,Severity,minor,normal
2006-01-07 07:41:49 PST,LpSolit,Blocks,231570,
2006-01-07 07:41:49 PST,LpSolit,Target Milestone,Bugzilla 2.20,---
2006-01-07 07:41:49 PST,LpSolit,Flags,approval?, approval2.20?,
2006-01-08 07:37:02 PST,florian,CC,f.qu,
2006-01-09 10:56:27 PST,justdave,Flags,approval+, approval2.20+,approval?, approval2.20?
2006-01-09 11:10:02 PST,LpSolit,Status,RESOLVED,ASSIGNED
2006-01-09 11:10:02 PST,LpSolit,Resolution,FIXED,---
2006-01-09 11:10:02 PST,LpSolit,Last Resolved,2006-01-09 11:10:02,
