When, Who, What, Added, Removed
2006-01-07 07:56:11 PST,LpSolit,Flags,blocking1.8.0.1?,
2006-01-07 08:13:34 PST,gavin.sharp,OS,All,Linux
2006-01-07 08:13:34 PST,gavin.sharp,Component,Embedding: Docshell,General
2006-01-07 08:13:34 PST,gavin.sharp,Assignee,adamlock,nobody
2006-01-07 08:13:34 PST,gavin.sharp,QA Contact,adamlock,general
2006-01-07 08:13:34 PST,gavin.sharp,CC,gavin.sharp, bryner,
2006-01-07 08:13:34 PST,gavin.sharp,URL,http://bonsai.mozilla.org/cvsview2.cgi?diff_mode=context&whitespace_mode=show&subdir=mozilla/docshell/base&command=DIFF_FRAMESET&file=nsDocShell.cpp&rev1=1.719.2.21&rev2=1.719.2.21.2.1&root=/cvsroot,
2006-01-07 08:13:34 PST,gavin.sharp,Product,Core,Firefox
2006-01-07 08:13:34 PST,gavin.sharp,Version,1.8 Branch,1.5 Branch
2006-01-07 08:13:34 PST,gavin.sharp,Hardware,All,PC
2006-01-07 08:15:51 PST,benjamin,Flags,blocking1.8.0.1+,blocking1.8.0.1?
2006-01-07 08:17:28 PST,gavin.sharp,Status,ASSIGNED,NEW
2006-01-07 08:17:28 PST,gavin.sharp,Assignee,gavin.sharp,adamlock
2006-01-07 08:17:28 PST,gavin.sharp,Attachment #207822                Flags,review?(bryner), superreview?(bryner),
2006-01-07 10:08:31 PST,bryner,Attachment #207822                Flags,review+, superreview+,review?(bryner), superreview?(bryner)
2006-01-07 10:09:49 PST,gavin.sharp,Attachment #207822                Flags,approval1.8.0.1?,
2006-01-07 10:10:10 PST,benjamin,Attachment #207822                Flags,approval1.8.1+,
2006-01-07 10:13:18 PST,gavin.sharp,Status,RESOLVED,ASSIGNED
2006-01-07 10:13:18 PST,gavin.sharp,Resolution,FIXED,---
2006-01-07 10:13:18 PST,gavin.sharp,Last Resolved,2006-01-07 10:13:18,
2006-01-07 10:13:18 PST,gavin.sharp,Keywords,fixed1.8.0.1,
2006-01-07 10:14:52 PST,gavin.sharp,Attachment #207822                Flags,,approval1.8.0.1?
2006-02-05 18:04:46 PST,gavin.sharp,Attachment #207822                Flags,,approval1.8.1+
2006-07-06 16:34:38 PDT,dveditz,Whiteboard,1.8.0-only,
