When, Who, What, Added, Removed
2006-01-07 11:25:30 PST,martijn.martijn,Summary,ASSERTION: next-in-flow has different content: '!kidFrame || parentFrame->GetContent() == aParentContent',SSERTION: next-in-flow has different content: '!kidFrame || parentFrame->GetContent() == aParentContent'
2006-01-08 12:47:47 PST,mats,Hardware,All,PC
2006-01-08 12:47:47 PST,mats,OS,All,Windows XP
2006-01-08 12:47:47 PST,mats,Assignee,mats.palmgren,nobody
2006-01-08 12:47:47 PST,mats,CC,roc, bzbarsky,
2006-01-08 12:53:21 PST,mats,Attachment #207917                Flags,review?(roc), superreview?(bzbarsky),
2006-01-08 13:28:52 PST,bzbarsky,Attachment #207917                Flags,superreview+,superreview?(bzbarsky)
2006-01-08 13:35:26 PST,roc,Attachment #207917                Flags,review+,review?(roc)
2006-01-10 08:00:34 PST,gavin.sharp,CC,gavin.sharp,
2006-01-15 16:18:37 PST,mats,Status,RESOLVED,NEW
2006-01-15 16:18:37 PST,mats,Resolution,FIXED,---
2006-01-15 16:18:37 PST,mats,Last Resolved,2006-01-15 16:18:37,
