When, Who, What, Added, Removed
2006-01-08 17:32:33 PST,gavin.sharp,CC,gavin.sharp,
2006-01-08 17:48:57 PST,bzbarsky,Depends on,322348,
2006-01-08 17:50:29 PST,bzbarsky,CC,bzbarsky,
2006-01-08 17:50:29 PST,bzbarsky,Depends on,,322348
2006-01-08 18:42:18 PST,bzbarsky,CC,roc, dbaron,
2006-01-08 18:42:30 PST,bzbarsky,Blocks,294934,
2006-01-08 21:20:36 PST,ispiked,CC,ispiked,
2006-01-10 22:52:21 PST,robert,CC,rparenton,
2006-05-20 19:18:52 PDT,robert,CC,,rparenton
2007-07-06 01:33:26 PDT,jruderman,CC,jruderman,
2007-08-06 14:51:11 PDT,martijn.martijn,Attachment #275485                Flags,review?(bzbarsky),
2007-08-06 18:32:39 PDT,bzbarsky,Attachment #275485                Flags,review+, superreview+,review?(bzbarsky)
2007-08-07 02:25:02 PDT,martijn.martijn,Attachment #275485                Flags,approval1.9?,
2007-08-07 11:35:30 PDT,dbaron,Attachment #275485                Flags,approval1.9+,approval1.9?
2007-08-14 13:52:48 PDT,martijn.martijn,Status,RESOLVED,NEW
2007-08-14 13:52:48 PDT,martijn.martijn,Resolution,FIXED,---
2007-08-14 13:52:48 PDT,martijn.martijn,Last Resolved,2007-08-14 13:52:48,
