When, Who, What, Added, Removed
2006-01-06 15:16:45 PST,db48x,Attachment #207770                Flags,review?,
2006-01-06 15:17:23 PST,db48x,Attachment #207770                Flags,review?(mconnor),review?
2006-01-06 15:17:42 PST,gavin.sharp,CC,gavin.sharp,
2006-01-12 08:41:26 PST,florian,CC,f.qu,
2006-01-16 12:12:42 PST,mconnor,Attachment #207770                Flags,review+,review?(mconnor)
2006-01-17 15:46:47 PST,db48x,Attachment #207770                Attachment is obsolete,1,0
2006-01-17 15:46:47 PST,db48x,Attachment #208790                Flags,review?, superreview?(neil.parkwaycc.co.uk),
2006-01-17 15:47:38 PST,db48x,Attachment #208790                Flags,review?(mconnor),review?
2006-01-29 08:36:27 PST,neil,Attachment #208790                Flags,superreview-,superreview?(neil)
2006-03-01 19:07:03 PST,mconnor,Attachment #208790                Flags,,review?(mconnor)
2007-04-17 13:03:50 PDT,florian,Assignee,f.qu,db48x
2007-04-17 13:04:09 PDT,florian,Status,RESOLVED,NEW
2007-04-17 13:04:09 PDT,florian,Resolution,FIXED,---
2007-04-17 13:04:09 PDT,florian,Last Resolved,2007-04-17 13:04:09,
