When, Who, What, Added, Removed
2006-01-07 07:33:39 PST,rbs,Attachment #207820                Flags,review?(bzbarsky), superreview?(bzbarsky),
2006-01-07 18:02:54 PST,sendmail.to,CC,sendmail.to,
2006-01-07 19:08:57 PST,rbs,Attachment #207867                Attachment mime type,application/xhtml+xml,application/xhtml+xm
2006-01-07 20:04:09 PST,jruderman,Summary,Crash [@ nsCachedStyleData::GetStyleData] with evil MathML testcase, involving mrow:hover {display: -moz-box;},Crash [@  nsCachedStyleData::GetStyleData] with evil MathML testcase, involving mrow:hover {display: -moz-box;}
2006-01-08 15:34:46 PST,bzbarsky,Attachment #207820                Flags,review+, superreview+,review?(bzbarsky), superreview?(bzbarsky)
2006-01-08 16:37:10 PST,rbs,Status,RESOLVED,NEW
2006-01-08 16:37:10 PST,rbs,Resolution,FIXED,---
2006-01-08 16:37:10 PST,rbs,Last Resolved,2006-01-08 16:37:10,
2006-01-27 03:43:12 PST,martijn.martijn,Status,VERIFIED,RESOLVED
2011-06-09 14:58:43 PDT,nobody,Crash Signature,[@ nsCachedStyleData::GetStyleData],
