When, Who, What, Added, Removed
2006-01-07 13:16:55 PST,LpSolit,Severity,enhancement,normal
2006-01-11 19:20:30 PST,pjdemarco,CC,mkanat, bugzilla, dcalvert, justdave, myk, mschrag,
2006-02-10 09:36:21 PST,wurblzap,Blocks,321556,
2006-02-10 09:36:21 PST,wurblzap,Summary,Create a mechanism to manage multiple custom skins,Create a mechanism to manage 2 skins
2006-02-10 09:36:21 PST,wurblzap,Assignee,wurblzap,myk
2006-02-10 09:36:21 PST,wurblzap,Depends on,,321556
2006-02-10 09:44:07 PST,wurblzap,Attachment #211392                Flags,review?,
2006-02-10 10:43:05 PST,mkanat,Attachment #211392                Flags,review-,review?
2006-02-10 19:09:12 PST,wurblzap,Attachment #211392                Attachment is obsolete,1,0
2006-02-10 19:09:12 PST,wurblzap,Attachment #211454                Flags,review?(myk),
2006-02-13 12:50:02 PST,wurblzap,Keywords,relnote,
2006-03-06 17:41:20 PST,myk,Attachment #211454                Flags,review-,review?(myk)
2006-03-07 07:17:58 PST,wurblzap,Status,ASSIGNED,NEW
2006-03-23 16:22:28 PST,wurblzap,Attachment #211454                Attachment is obsolete,1,0
2006-03-23 16:22:28 PST,wurblzap,Attachment #216067                Flags,review?(myk),
2006-03-28 13:58:50 PST,wurblzap,Blocks,330600,
2006-04-25 11:35:58 PDT,after.fallout,CC,at18326,
2006-05-22 16:56:53 PDT,myk,Attachment #216067                Flags,review+,review?(myk)
2006-05-22 23:47:28 PDT,mkanat,Attachment #216067                Flags,review-,
2006-06-07 00:17:09 PDT,wurblzap,Attachment #216067                Attachment is obsolete,1,0
2006-06-07 00:17:09 PDT,wurblzap,Attachment #224665                Flags,review?(mkanat),
2006-06-07 00:17:38 PDT,wurblzap,Attachment #224665                Flags,review+,
2006-07-13 16:19:07 PDT,c_quentin,CC,c_quentin,
2006-07-19 12:32:13 PDT,mkanat,Attachment #224665                Flags,review-,review?(mkanat)
2006-07-28 02:16:10 PDT,wurblzap,Attachment #224665                Attachment is obsolete,1,0
2006-07-28 02:16:10 PDT,wurblzap,Attachment #231072                Flags,review?(mkanat),
2006-07-28 02:16:57 PDT,wurblzap,Attachment #231072                Flags,review+,
2006-08-14 13:50:27 PDT,wurblzap,Attachment #231072                Attachment is obsolete,1,0
2006-08-14 13:50:27 PDT,wurblzap,Attachment #233633                Flags,review+,
2006-08-14 13:50:27 PDT,wurblzap,Attachment #231072                Flags,,review?(mkanat)
2006-08-14 13:50:50 PDT,wurblzap,Attachment #233633                Flags,review?(mkanat),
2006-08-21 12:36:16 PDT,wurblzap,Priority,P1,--
2006-08-23 16:01:29 PDT,mkanat,Attachment #233633                Flags,review-,review?(mkanat)
2006-08-28 14:07:06 PDT,wurblzap,Attachment #233633                Attachment is obsolete,1,0
2006-08-28 14:07:06 PDT,wurblzap,Attachment #235790                Flags,review+,
2006-08-28 14:09:06 PDT,wurblzap,Attachment #235790                Flags,review?(mkanat),
2006-08-28 14:25:50 PDT,wurblzap,Attachment #235790                Attachment is obsolete,1,0
2006-08-28 14:25:50 PDT,wurblzap,Attachment #235795                Flags,review?(mkanat),
2006-08-28 14:25:50 PDT,wurblzap,Attachment #235790                Flags,,review?(mkanat)
2006-09-05 16:28:25 PDT,mkanat,Attachment #235795                Flags,review+,review?(mkanat)
2006-09-05 16:28:45 PDT,mkanat,Flags,documentation?,
2006-09-05 16:32:55 PDT,mkanat,Flags,documentation+,documentation?
2006-09-06 04:27:42 PDT,LpSolit,Flags,approval?,
2006-09-06 11:12:44 PDT,myk,Flags,approval+,approval?
2006-09-06 13:47:25 PDT,wurblzap,Status,RESOLVED,ASSIGNED
2006-09-06 13:47:25 PDT,wurblzap,Resolution,FIXED,---
2006-09-06 13:47:25 PDT,wurblzap,Last Resolved,2006-09-06 13:47:25,
2006-09-19 00:48:01 PDT,LpSolit,Blocks,351486,
2007-02-12 12:35:27 PST,dfc,CC,,dfc
2007-02-13 22:01:51 PST,mkanat,Keywords,,relnote
2013-01-11 12:49:03 PST,LpSolit,Blocks,829709,
