When, Who, What, Added, Removed
2006-01-06 17:48:08 PST,mnyromyr,CC,mnyromyr,
2006-01-06 18:22:03 PST,cbiesinger,CC,cbiesinger,
2006-01-06 19:50:01 PST,vseerror,CC,vseerror,
2006-01-19 16:21:12 PST,mscott,Attachment #208814                Flags,superreview?(bienvenu),
2006-01-19 16:21:52 PST,mscott,Attachment #209032                Flags,superreview?(bienvenu),
2006-01-19 16:59:52 PST,mozilla,Attachment #208814                Flags,superreview+,superreview?(bienvenu)
2006-01-19 17:03:57 PST,mozilla,Attachment #209032                Flags,superreview+,superreview?(bienvenu)
2006-01-20 14:44:39 PST,mscott,Attachment #209150                Flags,superreview?(bienvenu),
2006-01-20 14:44:55 PST,mscott,Attachment #209033                Attachment is obsolete,1,0
2006-01-20 15:46:43 PST,mozilla,Attachment #209150                Flags,superreview+,superreview?(bienvenu)
2006-01-20 18:36:07 PST,gordon,CC,gordon,
2006-01-24 14:21:33 PST,iann_bugzilla,CC,iann_bugzilla,
2006-01-24 14:31:58 PST,klteuscher,CC,klteuscher,
2006-01-25 03:31:55 PST,standard8,CC,bugzilla,
2006-02-08 13:16:09 PST,worcester12345,CC,worcester12345,
2006-10-21 17:29:10 PDT,domi,CC,domi,
2007-01-03 06:35:18 PST,gandb.bonnin,CC,gandb.bonnin,
2007-03-15 16:35:31 PDT,bugzilla,CC,bugzilla,
2007-04-09 09:44:22 PDT,vseerror,Keywords,relnote,
2007-04-09 09:44:22 PDT,vseerror,Flags,blocking-thunderbird2?,
2007-04-12 06:25:12 PDT,kairo,CC,kairo,
2007-04-13 09:06:23 PDT,mozilla,CC,bienvenu,
2007-04-14 08:56:20 PDT,vseerror,Severity,major,normal
2007-04-30 13:32:07 PDT,vseerror,Summary,Palm Sync Build Changes to automate build and install in profile extensions,Palm Sync Build Changes
2007-05-01 12:20:21 PDT,standard8,Attachment #263381                Flags,review?(mscott), superreview?(mscott),
2007-05-01 12:25:53 PDT,mscott,Attachment #263381                Flags,review+, superreview+,review?(mscott), superreview?(mscott)
2007-05-03 04:45:17 PDT,standard8,Depends on,379588,
2007-05-03 11:08:48 PDT,standard8,Blocks,377185,
2007-05-03 16:43:05 PDT,philringnalda,QA Contact,build,chase
2007-05-28 08:43:01 PDT,vseerror,Attachment #266394                Flags,review?(bienvenu), superreview?(bienvenu),
2007-06-01 12:23:09 PDT,vseerror,Attachment #266927                Flags,review?(bienvenu), superreview?(bienvenu),
2007-06-01 12:53:42 PDT,vseerror,Attachment #266927                Attachment mime type,text/plain,application/octet-stream
2007-06-01 12:53:42 PDT,vseerror,Attachment #266927                Attachment is patch,1,0
2007-06-01 14:12:35 PDT,vseerror,Attachment #266394                Attachment is obsolete,1,0
2007-06-01 14:12:35 PDT,vseerror,Attachment #266946                Flags,review?(bienvenu), superreview?(bienvenu),
2007-06-01 14:12:35 PDT,vseerror,Attachment #266394                Flags,,review?(bienvenu), superreview?(bienvenu)
2007-06-01 14:22:06 PDT,mozilla,Attachment #266946                Flags,review+, superreview+,review?(bienvenu), superreview?(bienvenu)
2007-06-06 06:38:15 PDT,vseerror,Assignee,nobody,mscott
2007-06-22 07:48:40 PDT,mozilla,Attachment #266927                Flags,review+, superreview+,review?(bienvenu), superreview?(bienvenu)
2007-11-29 18:25:06 PST,philringnalda,CC,philringnalda,
2007-11-29 18:25:06 PST,philringnalda,Flags,,blocking-thunderbird2?
2007-12-06 11:51:53 PST,davida,CC,david.ascher,
2007-12-06 13:21:34 PST,vseerror,Attachment #291942                Flags,review?, superreview?,
2007-12-06 13:27:32 PST,vseerror,Attachment #291942                Flags,review?(bienvenu), superreview?(bienvenu),review?, superreview?
2008-02-26 14:51:07 PST,reed,QA Contact,build-config,build
2008-05-14 14:37:05 PDT,vseerror,Attachment #291942                Attachment is obsolete,1,0
2008-05-14 14:37:05 PDT,vseerror,Attachment #291942                Flags,,review?(bienvenu), superreview?(bienvenu)
2008-05-14 14:54:43 PDT,vseerror,Attachment #320988                Flags,review?(bienvenu), superreview?(bienvenu),
2008-05-14 15:29:36 PDT,mozilla,Attachment #320988                Flags,review+, superreview+,review?(bienvenu), superreview?(bienvenu)
2008-05-14 15:31:03 PDT,mozilla,Keywords,checkin-needed,
2008-05-15 08:01:41 PDT,standard8,Keywords,,checkin-needed
2008-06-02 05:38:24 PDT,standard8,Last Resolved,2008-06-02 05:38:24,
2008-06-02 05:38:24 PDT,standard8,Keywords,,relnote
2008-06-02 05:38:24 PDT,standard8,Status,RESOLVED,NEW
2008-06-02 05:38:24 PDT,standard8,Resolution,FIXED,---
