When, Who, What, Added, Removed
2006-01-06 16:12:47 PST,cbiesinger,Component,Printing,General
2006-01-06 16:12:47 PST,cbiesinger,Assignee,printing,general
2006-01-06 16:12:47 PST,cbiesinger,QA Contact,,general
2006-01-06 16:12:47 PST,cbiesinger,Product,Core,Mozilla Application Suite
2006-01-06 16:12:47 PST,cbiesinger,Version,1.7 Branch,unspecified
2006-01-08 13:18:51 PST,kherron+mozilla,Status,ASSIGNED,UNCONFIRMED
2006-01-08 13:18:51 PST,kherron+mozilla,Ever confirmed,1,0
2006-01-08 13:19:29 PST,kherron+mozilla,Status,NEW,ASSIGNED
2006-01-08 13:19:29 PST,kherron+mozilla,Assignee,kherron+mozilla,printing
2006-01-08 14:34:36 PST,kherron+mozilla,Attachment #207928                Flags,review?,
2006-01-08 14:35:31 PST,kherron+mozilla,Attachment #207928                Flags,review?(cbiesinger),review?
2006-01-08 14:36:43 PST,kherron+mozilla,Version,Trunk,1.7 Branch
2006-01-08 14:36:43 PST,kherron+mozilla,Status,ASSIGNED,NEW
2006-01-08 16:01:57 PST,gavin.sharp,CC,gavin.sharp,
2006-01-08 21:15:09 PST,ispiked,CC,ispiked,
2006-01-13 11:06:29 PST,kherron+mozilla,Attachment #207928                Flags,review?(tor),review?(cbiesinger)
2006-01-13 13:00:56 PST,tor,Attachment #207928                Flags,review+,review?(tor)
2006-01-13 18:15:57 PST,kherron+mozilla,Attachment #207928                Flags,superreview?(roc),
2006-01-15 13:08:43 PST,roc,Attachment #207928                Flags,superreview+,superreview?(roc)
2006-01-19 11:31:11 PST,kherron+mozilla,Status,RESOLVED,ASSIGNED
2006-01-19 11:31:11 PST,kherron+mozilla,Resolution,FIXED,---
2006-01-19 11:31:11 PST,kherron+mozilla,Last Resolved,2006-01-19 11:31:11,
