When, Who, What, Added, Removed
2006-01-06 14:21:38 PST,AlexIhrig,Attachment #207764                Flags,review?(l10n),
2006-01-06 14:25:03 PST,a.topal,Blocks,317459,
2006-01-29 02:23:38 PST,AlexIhrig,Status,RESOLVED,NEW
2006-01-29 02:23:38 PST,AlexIhrig,Resolution,FIXED,---
2006-01-29 02:23:38 PST,AlexIhrig,Last Resolved,2006-01-29 02:23:38,
2006-01-29 13:55:19 PST,AlexIhrig,CC,a.topal,
2006-01-29 14:00:19 PST,AlexIhrig,Attachment #207764                Flags,,review?(l10n)
2006-01-30 04:41:30 PST,a.topal,CC,ChristophBeckerSpinne,
2006-07-05 12:25:50 PDT,a.topal,CC,michael101084,
2006-09-10 16:57:08 PDT,a.topal,Status,VERIFIED,RESOLVED
