When, Who, What, Added, Removed
2006-01-06 19:22:25 PST,rflint,Keywords,crash,
2006-01-06 19:22:25 PST,rflint,Summary,[@ nsContentUtils::ContentIsDescendantOf ] ctrl-y/redo shortcut crashes firefox in find bar/fayt,ctrl-y/redo shortcut crashes firefox in find bar/fayt
2006-01-06 19:22:25 PST,rflint,Severity,critical,normal
2006-01-06 19:23:37 PST,reed,CC,gavin.sharp,
2006-01-06 19:25:07 PST,reed,Version,1.5 Branch,unspecified
2006-01-06 19:27:17 PST,majken,OS,All,Windows XP
2006-01-06 19:51:41 PST,reed,CC,foxymonkies,
2006-01-06 20:01:30 PST,bzbarsky,CC,bzbarsky, martijn.martijn,
2006-01-07 05:12:16 PST,gavin.sharp,Summary,ctrl-y/redo shortcut crashes firefox in find bar/fayt [@ nsContentUtils::ContentIsDescendantOf],[@ nsContentUtils::ContentIsDescendantOf ] ctrl-y/redo shortcut crashes firefox in find bar/fayt
2006-01-07 05:59:57 PST,martijn.martijn,CC,masayuki,
2006-01-07 05:59:57 PST,martijn.martijn,Blocks,259454,
2006-01-07 05:59:57 PST,martijn.martijn,Flags,blocking1.8.1?, blocking1.9a1?,
2006-01-08 13:16:13 PST,bzbarsky,Version,Trunk,1.5 Branch
2006-01-08 13:16:13 PST,bzbarsky,Component,DOM,Find Toolbar / FastFind
2006-01-08 13:16:13 PST,bzbarsky,Assignee,general,nobody
2006-01-08 13:16:13 PST,bzbarsky,QA Contact,ian,fast.find
2006-01-08 13:16:13 PST,bzbarsky,CC,bugmail, peterv, jst,
2006-01-08 13:16:13 PST,bzbarsky,Product,Core,Firefox
2006-03-18 14:11:05 PST,BoxerBoi76,CC,BoxerBoi76,
2006-05-06 13:45:27 PDT,bzbarsky,Depends on,240471,
2006-05-07 14:21:07 PDT,bzbarsky,Keywords,helpwanted,
2006-05-08 07:59:06 PDT,regis.caspar+bz,CC,regis.caspar+bz,
2006-05-09 09:39:54 PDT,bzbarsky,Attachment #221409                Flags,review?(jst), superreview?(jst), approval-branch-1.8.1?(jst), approval1.8.0.5?,
2006-05-09 09:40:21 PDT,bzbarsky,Assignee,bzbarsky,general
2006-05-09 09:40:21 PDT,bzbarsky,Target Milestone,mozilla1.9alpha,---
2006-05-09 09:40:21 PDT,bzbarsky,Keywords,,helpwanted
2006-05-09 09:40:21 PDT,bzbarsky,Summary,[FIX]ctrl-y/redo shortcut crashes firefox in find bar/fayt [@ nsContentUtils::ContentIsDescendantOf],ctrl-y/redo shortcut crashes firefox in find bar/fayt [@ nsContentUtils::ContentIsDescendantOf]
2006-05-09 09:40:21 PDT,bzbarsky,Priority,P1,--
2006-05-12 21:32:00 PDT,xtc4uall,CC,xtc4uall,
2006-05-31 16:43:12 PDT,jst,Attachment #221409                Flags,review+, superreview+, approval-branch-1.8.1+,review?(jst), superreview?(jst), approval-branch-1.8.1?(jst)
2006-06-02 13:33:58 PDT,bzbarsky,Keywords,fixed1.8.1,
2006-06-02 13:33:58 PDT,bzbarsky,Status,RESOLVED,NEW
2006-06-02 13:33:58 PDT,bzbarsky,Resolution,FIXED,---
2006-06-02 13:33:58 PDT,bzbarsky,Last Resolved,2006-06-02 13:33:58,
2006-06-04 09:46:55 PDT,gavin.sharp,Flags,,blocking1.8.1?, blocking1.9a1?
2006-06-14 14:53:51 PDT,dveditz,Attachment #221409                Flags,approval1.8.0.5+,approval1.8.0.5?
2006-06-14 16:02:00 PDT,bzbarsky,Keywords,fixed1.8.0.5,
2006-06-20 13:38:30 PDT,twalker,Keywords,verified1.8.0.5,fixed1.8.0.5
2011-06-09 14:58:43 PDT,nobody,Crash Signature,[@ nsContentUtils::ContentIsDescendantOf],
