When, Who, What, Added, Removed
2006-01-07 01:34:47 PST,martijn.martijn,Blocks,321107,
2006-01-07 03:18:11 PST,Mitch,CC,Mitch,
2006-01-07 03:24:43 PST,martijn.martijn,OS,All,Windows XP
2006-01-07 05:17:31 PST,martijn.martijn,Depends on,51767,
2006-01-07 18:02:49 PST,sendmail.to,CC,sendmail.to,
2006-01-08 17:39:02 PST,bzbarsky,Depends on,322348,
2006-01-08 18:41:53 PST,gavin.sharp,CC,gavin.sharp,
2006-01-08 20:55:00 PST,ispiked,CC,ispiked,
2006-01-10 22:51:29 PST,robert,CC,rparenton,
2006-01-13 15:19:27 PST,martijn.martijn,Last Resolved,2006-01-13 15:19:27,
2006-01-13 15:19:27 PST,martijn.martijn,Status,RESOLVED,NEW
2006-01-13 15:19:27 PST,martijn.martijn,Resolution,FIXED,---
2006-03-12 19:04:46 PST,robert,CC,,rparenton
2011-06-09 14:58:43 PDT,nobody,Crash Signature,[@ nsIFrame::GetParent],
