When, Who, What, Added, Removed
2006-01-07 18:02:58 PST,sendmail.to,CC,sendmail.to,
2006-01-07 19:02:27 PST,mats,Assignee,mats.palmgren,nobody
2006-01-07 19:02:27 PST,mats,OS,All,Windows XP
2006-01-08 15:37:50 PST,bzbarsky,CC,roc, dbaron,
2006-01-08 15:38:14 PST,bzbarsky,Depends on,310638,
2006-01-08 17:20:02 PST,gavin.sharp,CC,gavin.sharp,
2006-01-08 20:55:33 PST,ispiked,CC,ispiked,
2006-01-27 18:24:04 PST,mats,Attachment #209934                Flags,review?(bzbarsky), superreview?(bzbarsky),
2006-01-28 04:16:15 PST,martijn.martijn,Blocks,325024,
2006-01-29 15:12:22 PST,ryanvm,CC,ryanvm,
2006-02-01 21:32:09 PST,bzbarsky,CC,bugmail,
2006-02-01 21:33:31 PST,bzbarsky,Depends on,,310638
2006-02-01 21:33:31 PST,bzbarsky,Blocks,325218,
2006-02-01 21:37:01 PST,bzbarsky,Attachment #209934                Flags,review-, superreview-,review?(bzbarsky), superreview?(bzbarsky)
2006-02-01 22:37:29 PST,bzbarsky,Attachment #210447                Flags,review?(mats.palmgren), superreview?(roc),
2006-02-01 22:52:48 PST,bzbarsky,Blocks,310638,
2006-02-03 22:52:17 PST,mats,Attachment #210447                Flags,review+,review?(mats.palmgren)
2006-02-03 22:52:49 PST,mats,Attachment #209934                Attachment is obsolete,1,0
2006-02-03 22:53:28 PST,mats,Assignee,bzbarsky,mats.palmgren
2006-02-03 22:53:28 PST,mats,CC,mats.palmgren,
2006-02-05 08:34:01 PST,bzbarsky,Summary,[FIX]Crash [@ nsIFrame::GetParent] with evil testcase position:relative/absolute/display:table-column, etc,Crash [@ nsIFrame::GetParent] with evil testcase position:relative/absolute/display:table-column, etc
2006-02-05 08:34:01 PST,bzbarsky,Priority,P1,--
2006-02-05 08:34:01 PST,bzbarsky,Target Milestone,mozilla1.9alpha,---
2006-02-08 19:27:00 PST,roc,Attachment #210447                Flags,superreview+,superreview?(roc)
2006-02-08 20:37:51 PST,bzbarsky,Flags,blocking1.8.1?, blocking1.8.0.2?,
2006-02-08 20:37:51 PST,bzbarsky,Last Resolved,2006-02-08 20:37:51,
2006-02-08 20:37:51 PST,bzbarsky,Status,RESOLVED,NEW
2006-02-08 20:37:51 PST,bzbarsky,Resolution,FIXED,---
2006-02-08 20:41:51 PST,bzbarsky,Attachment #210447                Flags,approval1.8.0.2?, branch-1.8.1?(roc),
2006-02-10 21:18:34 PST,dveditz,Flags,blocking1.8.1+, blocking1.8.0.2+,blocking1.8.1?, blocking1.8.0.2?
2006-02-13 13:07:05 PST,roc,Attachment #210447                Flags,approval-branch-1.8.1+,approval-branch-1.8.1?(roc)
2006-02-14 15:45:08 PST,dveditz,Attachment #210447                Flags,approval1.8.0.2+,approval1.8.0.2?
2006-02-16 09:11:57 PST,bzbarsky,Keywords,fixed1.8.0.2, fixed1.8.1,
2006-02-26 09:11:10 PST,mozmail,Whiteboard,[nvn-dl],
2006-02-26 09:13:48 PST,mozmail,Whiteboard,[rft-dl],[nvn-dl]
2006-03-01 18:06:25 PST,jaymoz,Keywords,verified1.8.0.2,fixed1.8.0.2
2006-03-01 18:06:25 PST,jaymoz,CC,jay,
2011-06-13 10:01:44 PDT,nobody,Crash Signature,[@ nsIFrame::GetParent],
