When, Who, What, Added, Removed
2006-01-07 09:25:07 PST,gavin.sharp,Version,1.8 Branch,1.5 Branch
2006-01-07 09:25:07 PST,gavin.sharp,Component,Security: CAPS,General
2006-01-07 09:25:07 PST,gavin.sharp,Assignee,dveditz,nobody
2006-01-07 09:25:07 PST,gavin.sharp,QA Contact,,general
2006-01-07 09:25:07 PST,gavin.sharp,CC,gavin.sharp,
2006-01-07 09:25:07 PST,gavin.sharp,Product,Core,Firefox
2006-01-07 09:49:32 PST,supernova00,CC,raymond.marotta,
2006-01-07 09:52:10 PST,supernova00,Keywords,crash,
2006-01-07 09:55:31 PST,supernova00,CC,supernova_00, bzbarsky,
2006-01-08 03:09:41 PST,peter.vanderwoude,CC,ria.klaassen,
2006-01-08 04:56:13 PST,michaell+bmo,CC,michaell+bmo,
2006-01-08 20:56:33 PST,ispiked,CC,ispiked,
2006-01-08 22:46:45 PST,mozilla_bugs,CC,mozilla_bugs,
2006-01-08 23:15:11 PST,gonufer,CC,gonufer,
2006-01-09 07:46:40 PST,bzbarsky,CC,bryner,
2006-01-09 07:46:40 PST,bzbarsky,Flags,blocking1.8.1?, blocking1.9a1?,
2006-01-09 07:46:57 PST,bzbarsky,Blocks,317380,
2006-01-09 18:23:03 PST,bzbarsky,Depends on,322480,
2006-01-10 11:24:29 PST,bzbarsky,Depends on,,322480
2006-01-10 11:24:29 PST,bzbarsky,Blocks,322480,
2006-01-10 11:34:36 PST,bzbarsky,CC,bugmail, peterv,
2006-01-10 11:34:36 PST,bzbarsky,Flags,blocking1.9a1+,blocking1.9a1?
2006-01-10 11:53:39 PST,bzbarsky,Attachment #208105                Flags,review?(bugmail), superreview?(bryner),
2006-01-10 11:54:34 PST,bzbarsky,Assignee,bzbarsky,dveditz
2006-01-10 11:54:34 PST,bzbarsky,Target Milestone,mozilla1.8.1,---
2006-01-10 11:54:34 PST,bzbarsky,Version,Trunk,1.8 Branch
2006-01-10 11:54:34 PST,bzbarsky,Priority,P1,--
2006-01-10 11:54:34 PST,bzbarsky,Component,XSLT,Security: CAPS
2006-01-10 11:54:52 PST,bzbarsky,Summary,[FIX] Yahoo Beta Mail related crash [@ nsScriptSecurityManager::CheckSameOriginPrincipalInternal()],Yahoo Beta Mail related crash [@ nsScriptSecurityManager::CheckSameOriginPrincipalInternal()]
2006-01-10 12:28:50 PST,jonas,Attachment #208105                Flags,review+,review?(bugmail)
2006-01-10 13:06:02 PST,bryner,Attachment #208105                Flags,superreview+,superreview?(bryner)
2006-01-10 13:59:09 PST,bzbarsky,Attachment #208105                Flags,approval1.8.1?,
2006-01-10 13:59:31 PST,bzbarsky,Status,RESOLVED,NEW
2006-01-10 13:59:31 PST,bzbarsky,Resolution,FIXED,---
2006-01-10 13:59:31 PST,bzbarsky,Target Milestone,mozilla1.9alpha,mozilla1.8.1
2006-01-10 13:59:31 PST,bzbarsky,Last Resolved,2006-01-10 13:59:31,
2006-01-10 22:56:12 PST,robert,CC,rparenton,
2006-01-31 06:30:11 PST,benjamin,Attachment #208105                Flags,branch-1.8.1?(bugmail),approval1.8.1?
2006-01-31 10:31:00 PST,jonas,Attachment #208105                Flags,branch-1.8.1?(peterv),branch-1.8.1?(bugmail)
2006-02-14 14:48:10 PST,dveditz,Whiteboard,required for 317380,
2006-02-14 14:48:10 PST,dveditz,Flags,blocking1.8.0.2+,
2006-02-14 14:59:47 PST,bzbarsky,Attachment #208105                Flags,approval1.8.0.2?,
2006-02-14 15:53:22 PST,dveditz,Attachment #208105                Flags,approval1.8.0.2+,approval1.8.0.2?
2006-02-22 19:34:23 PST,bzbarsky,Keywords,fixed1.8.0.2,
2006-03-01 16:29:36 PST,mozmail,Whiteboard,required for 317380 [rft-dl],required for 317380
2006-03-01 16:29:36 PST,mozmail,CC,davel,
2006-03-02 15:10:11 PST,jaymoz,Keywords,verified1.8.0.2,fixed1.8.0.2
2006-03-02 15:10:11 PST,jaymoz,CC,jay,
2006-03-12 19:04:48 PST,robert,CC,,rparenton
2006-03-15 07:53:12 PST,peterv,Attachment #208105                Flags,approval-branch-1.8.1+,approval-branch-1.8.1?(peterv)
2006-03-29 05:51:59 PST,steve.england,CC,jhemono,
2006-04-19 11:01:04 PDT,ratan.work,CC,ratan.work,
2006-05-05 22:03:35 PDT,alqahira,CC,alqahira,
2006-05-15 10:10:50 PDT,bzbarsky,Keywords,fixed1.8.1,
2006-05-16 14:22:54 PDT,samuel.sidler+old,Blocks,336708,
2006-11-10 12:07:34 PST,bzbarsky,Flags,,blocking1.8.1?
2006-11-10 12:13:47 PST,mozmail,CC,,davel
2011-06-13 10:01:44 PDT,nobody,Crash Signature,[@ nsScriptSecurityManager::CheckSameOriginPrincipalInternal()],
