When, Who, What, Added, Removed
2006-01-06 16:46:08 PST,jonas,CC,jruderman, roc, bzbarsky, dbaron,
2006-01-11 20:54:41 PST,jruderman,Summary,Crash [@ nsIFrame::GetParent()] involving positioned children of MathML elements,Crash [@ nsIFrame::GetParent()] involving MathML
2006-09-10 11:58:40 PDT,dveditz,Blocks,306663,
2006-09-10 11:58:40 PDT,dveditz,Keywords,crash,
2006-09-10 11:58:40 PDT,dveditz,Whiteboard,[sg:nse] null deref, stirdom testcase,
2006-09-13 12:08:38 PDT,rbs,Attachment #238250                Flags,review?, superreview?(bzbarsky),
2006-09-13 12:09:47 PDT,rbs,Attachment #238250                Flags,review?(bugmail),review?
2006-09-14 01:06:34 PDT,rbs,URL,false);function playFuns(){var command=commands[count];++count;if(command==undefined)return false;var message=fuzzerName+" (playing): origCount "+command.origCount;window.status=message;if(command.origCount%(100)==0&&!command.rest)dumpln(fuzzerName+"javascript:var settings=null;var commands=null;var fuzzerName="Stir DOM 1.8";var recordStrategy="Record without doing";var allNodes;var myRoot;var anonymousCount;function aC(q1,q2){q1.appendChild(q2);}function iB(q1,q2){q1.parentNode.insertBefore(q2'+ex);}if(!canQuitApplication()){return false;}var kAppStartup='@mozilla.org/toolkit/app-startup;1';var kAppShell='@mozilla.org/appshell/appShellService;1';var appService;var forceQuit;if(kAppStartup infalse);initFuzzer();n2index=rnd(allNodes.length);var n1=allNodes[n1index];var n2=allNodes[n2index];var commandn1="allNodes["+n1index+"]";var commandn2="allNodes["+n2index+"]";var command;if(rnd(2)==1||n1==myRoot){command="aC("+commandn1+"(playing): origCount "+command.origCount);if(command.fun){try{command.fun();}catch(e){window.status+=" bogus";}}return!(command.rest);}function playFunsChunk(){while(playFuns());setTimeout(playFunsChunkfalse);obtainSettings();dumpln(fuzzerName+" running on "+win.location.href);dumpln("var settings = ["+settings+"];");rnd=randomizer(seed);init();}functionnull);return true;}function goQuitApplication(){var privs='UniversalPreferencesRead UniversalPreferencesWrite '+'UniversalXPConnect';try{netscape.security.PrivilegeManager.enablePrivilege(privs);}catch(ex){throw('goQuitApplication: privilege failurea[rnd(a.length)];}function dumpln(s){if(window.dump)dump(s+"\n");}function giveToCopy(s){location.href="data:text/plain;charset=UTF-8false;}domWindow.close();}try{appService.quit(forceQuit);}catch(ex){throw('goQuitApplication: '+ex);}return true;}var win=(window.gSpider?gSpider.mDocument.defaultView:window);var doc=win.document;window.addEventListener("load",initFuzzerof changes (or 0 for unlimited)\n1 to record, 0 to go","0, 0, 100, 400, 0, 0");if(settings==null)throw "User hit cancel!";if(typeof settings=="string"){settings=settings.replace(/;/g,"c;if(n.tagName=="script"&&(n.getAttribute("id")=="fuzz1"||n.getAttribute("id")=="fuzz2")){if(n.previousSibling&&n.previousSibling.nodeType==Node.TEXT_NODE)alert("Warning: fuzz script found with a whitespace node before it.  This could affect nodefun: function() { "+command+" } },\n";var countAfterImmed=count-numImmediate;if((countAfterImmed>=0)&&(countAfterImmed%stepsPerInterval==0)){output+="  { origCount: "+count+", rest: true }" "));}var pauseFuzzing=false;function escPause(ev){if(ev.keyCode==27){if(!ev.shiftKey){dumpln("Pausing fuzzing.");pauseFuzzing=true;}else{dumpln("Resuming fuzzing.");pauseFuzzing=false;}}}window.addEventListener("keypress",escPauseq1);}function rM(q1){q1.parentNode.removeChild(q1);}function makeCommand(){var n1index=rnd(allNodes.length)cancelQuit=Components.classes["@mozilla.org/supports-PRBool;1"].createInstance(Components.interfaces.nsISupportsPRBool);os.notifyObservers(cancelQuit,"quit-application-requested",null);if(cancelQuit.data){return false;}}catch(ex){}os.notifyObservers(nullfuzzer?");if(settings==null)settings=getURLParam("fuzz");if(settings==null)settings=prompt(fuzzerName+" settings\n\nSeed\nNumber of changes in first chunk\nNumber of changes in each subsequent chunk\nInterval between chunks in milliseconds\nTotal number");settings=eval("["+settings+"]");}if(settings[0])seed=settings[0];if(settings[1])numImmediate=settings[1];if(settings[2])stepsPerInterval=settings[2];if(settings[3])interval=settings[3];if(settings[4])maxSteps=settings[4];if(settings[5])recordMode=settrecording.");}}var immedCount=0;function immedChunk(changes){if(!pauseFuzzing){for(var i=0;i<changes;++i){++immedCount;var x=makeCommand();window.status=fuzzerName+" ("+settings+") :classes['@mozilla.org/appshell/window-mediator;1'].getService();var windowManagerInterface=windowManager. QueryInterface(Components.interfaces.nsIWindowMediator);vargetService(Components.interfaces.nsIAppShellService);forceQuit=Components.interfaces.nsIAppShellService.eForceQuit;}else{throw 'goQuitApplication: no AppStartup/appShell';}var windowManager=Components.");}else{if(immedCount%(100)==0)dumpln(fuzzerName+": "+immedCount);}try{doCommand(x);}catch(e){}}if(dumpEachCommand)dumpln("  { origCount: "+immedCount+", rest: true },");}setTimeout(function(){immedChunk(stepsPerInterval);}replacing the first two lines:\n\n"+output);}function randomizer(seed){function rndReal(){seed=(seed*9301+49297)%(233280);return seed/(233280.0);};function rndInt(number){return Math.floor(rndReal()*number);};return rndInt;}function rndElt(a){returnComponents.classes){appService=Components.classes[kAppStartup]. getService(Components.interfaces.nsIAppStartup);forceQuit=Components.interfaces.nsIAppStartup.eForceQuit;}else if(kAppShell in Components.classes){appService=Components.classes[kAppShell].grep console output for lines containing origCount and paste that in as a commands array.");dumpEachCommand=true;immedChunk(numImmediate);break;case "Special":recordFunsSpecial();break;case "None":default:alert("This fuzzer doesn't seem to support"+commandn2+");";}else{command="iB("+commandn1+", "+commandn2+");";}return command;}function doCommand(x){eval(x);}function addNodes(n){var istartFuzzing(){if(window.commands){count=0;if(recordStrategy=="Special"){playFunsSpecial();}else{playFunsChunk();}}else{if(recordMode){recordSomehow();}else{immedChunk(numImmediate);}}}function recordSomehow(){switch(recordStrategy){case "Record withoutcounts.");return;}allNodes.push(n);for(i=0;c=n.childNodes[i];++i)addNodes(c);if(n.contentDocument){try{addNodes(n.contentDocument.documentElement);}catch(ex){}}if(n.getSVGDocument){try{if(n.getSVGDocument())addNodes(n.getSVGDocument());}catch(ex){}}}funcings[5];}function getURLParam(p){var s=win.location.search+"&";var r=new RegExp("[?&]"+p+"\\=([^&]*)\\&");if(r.exec(s)==null)return null;var raw=RegExp.$1;return unescape(raw.replace(/\+/g"+encodeURIComponent(s);}function canQuitApplication(){var os=Components.classes["@mozilla.org/observer-service;1"].getService(Components.interfaces.nsIObserverService);if(!os){return true;}try{vartion resetNodeList(){allNodes=[];anonymousCount=0;var myRoot=doc.body||doc.documentElement;addNodes(myRoot);}function init(){resetNodeList();startFuzzing();}var dumpEachCommand=false;function initFuzzer(){window.removeEventListener("load",initFuzzerdoing":recordFuns();break;case "Record as it goes":alert("This fuzzer records as it goes.  If you encounter a crash or other bug you want to reduceinterval);}function recordFuns(){var commands=[];var output="var settings = ["+settings+"];\n"+"var commands = [\n"+"// DD"+"BEGIN\n";for(var count=1;count<=maxSteps;++count){var command=makeCommand();output+="  { origCount: "+count+""+immedCount;if(maxSteps!=0&&immedCount>maxSteps){gPageCompleted=true;return;}if(dumpEachCommand){dumpln("  { origCount: "+immedCount+", fun: function() { "+x+" } }\n";}}output+="// DD"+"END\n"+"];";giveToCopy("// Paste this into the scriptenumerator=windowManagerInterface.getEnumerator(null);while(enumerator.hasMoreElements()){var domWindow=enumerator.getNext();if(("tryToClose" in domWindow)&&!domWindow.tryToClose()){returninterval);}var seed=0;var numImmediate=0;var stepsPerInterval=100;var interval=400;var maxSteps=0;var recordMode=0;function obtainSettings(){if(window.settings===undefined)alert("No settings variable declaration? No"quit-application-granted",
2006-09-15 06:43:43 PDT,rbs,Attachment #238624                Flags,review?(bugmail), superreview?(bzbarsky),
2006-09-15 06:43:43 PDT,rbs,Attachment #238250                Flags,,review?(bugmail), superreview?(bzbarsky)
2006-09-15 06:43:43 PDT,rbs,Attachment #238250                Attachment is obsolete,1,0
2006-09-24 10:31:06 PDT,bzbarsky,Depends on,330909,
2006-09-24 11:12:05 PDT,bzbarsky,Blocks,353897,
2006-09-24 14:24:45 PDT,bzbarsky,Blocks,,353897
2006-09-24 14:24:45 PDT,bzbarsky,Depends on,353894, 353897,
2006-10-04 07:36:43 PDT,bzbarsky,Attachment #238643                Flags,review?(rbs), superreview?(roc),
2006-10-04 17:55:43 PDT,bzbarsky,Attachment #238643                Attachment is obsolete,1,0
2006-10-04 17:55:43 PDT,bzbarsky,Attachment #241265                Flags,review?(rbs), superreview?(roc),
2006-10-04 17:55:43 PDT,bzbarsky,Attachment #238643                Flags,,review?(rbs), superreview?(roc)
2006-10-05 21:42:06 PDT,rbs,Attachment #241265                Flags,review+,review?(rbs)
2006-10-06 09:51:11 PDT,bzbarsky,Attachment #238624                Attachment is obsolete,1,0
2006-10-06 09:51:11 PDT,bzbarsky,Attachment #241265                Attachment is obsolete,1,0
2006-10-06 09:51:11 PDT,bzbarsky,Attachment #241459                Flags,superreview?(roc),
2006-10-06 09:51:11 PDT,bzbarsky,Attachment #238624                Flags,,review?(bugmail), superreview?(bzbarsky)
2006-10-06 09:51:11 PDT,bzbarsky,Attachment #241265                Flags,,superreview?(roc)
2006-10-08 14:15:17 PDT,roc,Attachment #241459                Flags,superreview+,superreview?(roc)
2006-10-08 15:06:46 PDT,bzbarsky,CC,rbs,
2006-10-08 15:06:46 PDT,bzbarsky,Target Milestone,mozilla1.9alpha,---
2006-10-08 15:06:46 PDT,bzbarsky,Assignee,bzbarsky,rbs
2006-10-08 15:09:21 PDT,bzbarsky,Status,RESOLVED,NEW
2006-10-08 15:09:21 PDT,bzbarsky,Resolution,FIXED,---
2006-10-08 15:09:21 PDT,bzbarsky,Flags,blocking1.8.1.1?, blocking1.8.0.9?,
2006-10-08 15:09:21 PDT,bzbarsky,Last Resolved,2006-10-08 15:09:21,
2006-10-08 15:09:47 PDT,bzbarsky,Attachment #241459                Flags,approval1.8.0.9?,
2006-10-08 15:23:44 PDT,jruderman,CC list accessible,0,1
2006-10-08 15:23:44 PDT,jruderman,Reporter accessible,0,1
2006-10-09 07:49:06 PDT,bzbarsky,Depends on,355993,
2006-10-16 09:50:35 PDT,bzbarsky,Blocks,354771,
2006-11-01 10:49:17 PST,mtschrep,Flags,blocking1.8.1.1+, blocking1.8.0.9+,blocking1.8.1.1?, blocking1.8.0.9?
2006-11-07 06:38:23 PST,mconnor,Attachment #241459                Flags,approval1.8.0.9+, approval1.8.1.1+,approval1.8.0.9?
2006-11-07 15:59:55 PST,bzbarsky,Keywords,fixed1.8.0.9, fixed1.8.1,
2006-11-13 13:39:59 PST,bzbarsky,Keywords,fixed1.8.1.1,fixed1.8.1
2007-03-18 18:54:43 PDT,martijn.martijn,Depends on,374422,
2007-06-05 18:54:15 PDT,gavin.sharp,CC,gavin.sharp,
2007-06-05 18:54:15 PDT,gavin.sharp,CC list accessible,1,0
2007-06-05 18:54:15 PDT,gavin.sharp,Reporter accessible,1,0
2011-06-13 10:01:44 PDT,nobody,Crash Signature,[@ nsIFrame::GetParent()],
2013-03-31 15:27:23 PDT,dveditz,Group,,core-security
