When, Who, What, Added, Removed
2006-01-07 10:00:51 PST,phil,CC,shaver,
2006-06-23 17:13:23 PDT,darin.moz,Assignee,nobody,darin
2006-06-23 17:13:23 PDT,darin.moz,QA Contact,networking.file,benc
2007-10-04 18:37:40 PDT,benoit.hudson+bugzilla,CC,benoit.hudson+bugzilla,
2007-12-18 11:09:31 PST,mgalli,CC,enolte,
2007-12-18 11:11:30 PST,mgalli,Status,NEW,UNCONFIRMED
2007-12-18 11:11:30 PST,mgalli,CC,mgalli,
2007-12-18 11:11:30 PST,mgalli,Ever confirmed,1,0
2007-12-18 11:13:53 PST,jorendorff,CC,jorendorff,
2008-02-25 00:09:37 PST,vladimir,CC,vladimir,
2008-02-25 00:09:37 PST,vladimir,Flags,blocking1.9?, wanted1.9.0.x+,
2008-02-27 18:28:40 PST,mconnor,CC,mconnor,
2008-02-27 18:28:40 PST,mconnor,Flags,blocking1.9?,tracking1.9?
2008-02-29 12:45:59 PST,mbeltzner,Flags,wanted-next+,blocking1.9?
2008-03-21 23:57:59 PDT,mconnor,CC,,mconnor
2008-03-30 07:44:12 PDT,gphemsley,CC,gphemsley,
2008-07-08 21:17:08 PDT,jruderman,CC,gboyce,
2008-09-16 07:19:03 PDT,vladimir,Severity,major,minor
2008-09-16 07:19:03 PDT,vladimir,Flags,blocking1.9.1?,
2008-09-16 14:39:17 PDT,jaas,Flags,blocking1.9.1+,blocking1.9.1?
2008-09-16 14:39:17 PDT,jaas,CC,joshmoz,
2008-09-17 14:20:08 PDT,jaas,Assignee,joshmoz,nobody
2008-09-17 17:17:42 PDT,jaas,Attachment #339157                Flags,review?(mstange),
2008-09-17 20:20:14 PDT,jaas,Priority,P1,--
2008-09-18 12:04:15 PDT,jaas,Depends on,455828,
2008-09-21 14:33:15 PDT,jaas,Attachment #339157                Attachment is obsolete,1,0
2008-09-21 14:33:15 PDT,jaas,Attachment #339157                Flags,,review?(mstange)
2008-09-21 14:33:48 PDT,jaas,Status,RESOLVED,NEW
2008-09-21 14:33:48 PDT,jaas,Resolution,FIXED,---
2008-09-21 14:33:48 PDT,jaas,Last Resolved,2008-09-21 14:33:48,
2008-12-10 15:57:11 PST,mbeltzner,Keywords,fixed1.9.1,
2008-12-17 17:44:33 PST,dveditz,CC,dveditz,
2008-12-17 17:44:33 PST,dveditz,Flags,wanted1.9.0.x-,wanted1.9.0.x+
2008-12-17 17:45:34 PST,samuel.sidler+old,CC,samuel.sidler,
