When, Who, What, Added, Removed
2006-01-08 17:50:34 PST,gavin.sharp,CC,gavin.sharp,
2006-01-08 21:40:53 PST,ispiked,CC,ispiked,
2006-01-23 06:30:06 PST,chpe,CC,chpe,
2006-01-23 06:39:06 PST,ispiked,Hardware,All,PC
2006-01-23 06:39:06 PST,ispiked,OS,All,Windows XP
2006-01-23 13:08:11 PST,roc,CC,mrbkap,
2006-04-18 17:34:26 PDT,martijn.martijn,Status,RESOLVED,NEW
2006-04-18 17:34:26 PDT,martijn.martijn,Resolution,FIXED,---
2006-04-18 17:34:26 PDT,martijn.martijn,CC,martijn.martijn,
2006-04-18 17:34:26 PDT,martijn.martijn,Depends on,287813,
2006-04-18 17:34:26 PDT,martijn.martijn,Last Resolved,2006-04-18 17:34:26,
2006-04-22 19:45:01 PDT,dean_tessman,Status,VERIFIED,RESOLVED
2008-07-31 03:20:01 PDT,timeless,Component,XUL,XP Toolkit/Widgets: XUL
2008-07-31 03:20:01 PDT,timeless,QA Contact,xptoolkit.widgets,xptoolkit.xul
