When, Who, What, Added, Removed
2006-01-08 09:02:51 PST,gavin.sharp,CC,gavin.sharp,
2006-01-08 10:46:40 PST,neil,Status,ASSIGNED,NEW
2006-01-08 10:46:40 PST,neil,Assignee,neil.parkwaycc.co.uk,prefs
2006-01-08 10:46:40 PST,neil,Attachment #207910                Flags,review?(darin), superreview?(darin),
2006-01-09 13:41:26 PST,darin.moz,Attachment #207910                Flags,review+, superreview+,review?(darin), superreview?(darin)
2006-01-10 04:23:18 PST,neil,Resolution,FIXED,---
2006-01-10 04:23:18 PST,neil,CC,darin,
2006-01-10 04:23:18 PST,neil,Last Resolved,2006-01-10 04:23:18,
2006-01-10 04:23:18 PST,neil,Status,RESOLVED,ASSIGNED
