When, Who, What, Added, Removed
2006-01-07 14:38:57 PST,shayne.anthony.jewers,CC,shayne.anthony.jewers,
2006-01-07 15:14:03 PST,peter.vanderwoude,Status,NEW,UNCONFIRMED
2006-01-07 15:14:03 PST,peter.vanderwoude,CC,peter.vanderwoude,
2006-01-07 15:14:03 PST,peter.vanderwoude,Ever confirmed,1,0
2006-01-07 15:16:30 PST,jconley,CC,mryosho,
2006-01-07 15:43:45 PST,peter.vanderwoude,CC,doronr,
2006-01-07 15:44:17 PST,peter.vanderwoude,Keywords,regression,
2006-01-07 16:09:16 PST,ispiked,CC,ispiked,
2006-01-07 16:50:08 PST,doronr,CC,bzbarsky, bugs,
2006-01-07 18:56:22 PST,mozilla,CC,mozilla,
2006-01-08 03:12:33 PST,f.castellana,CC,f.castellana,
2006-01-08 03:53:30 PST,xavier114fch,CC,xavier114fch,
2006-01-08 04:05:24 PST,phiw2,CC,phiw,
2006-01-08 04:08:07 PST,peter.vanderwoude,Hardware,All,PC
2006-01-08 04:08:07 PST,peter.vanderwoude,OS,All,Windows XP
2006-01-08 08:50:23 PST,supernova00,CC,supernova_00,
2006-01-08 08:53:03 PST,gavin.sharp,CC,gavin.sharp,
2006-01-08 12:11:33 PST,bugzilla,CC,bugzilla,
2006-01-08 16:16:36 PST,bugs-bmo,CC,unknown,
2006-01-08 16:18:58 PST,bzbarsky,Keywords,helpwanted,
2006-01-08 16:18:58 PST,bzbarsky,Blocks,319463,
2006-01-08 18:51:56 PST,robert,CC,rparenton,
2006-01-08 23:22:43 PST,bytor201,CC,bytor201,
2006-01-09 07:28:40 PST,polidobj,CC,polidobj,
2006-01-10 11:25:42 PST,rmp,CC,rpraetorius,
2006-01-10 13:33:13 PST,bugs,CC,smaug,
2006-01-10 14:33:30 PST,dtownsend,CC,mossop,
2006-01-11 04:47:48 PST,djcater+bugzilla,CC,DJCater,
2006-01-11 07:17:14 PST,Peter,CC,Peter,
2006-01-11 07:18:33 PST,Peter,Flags,blocking1.9a1?,
2006-01-11 16:59:11 PST,dbaron,Keywords,smoketest,
2006-01-11 16:59:11 PST,dbaron,Severity,blocker,major
2006-01-11 16:59:11 PST,dbaron,CC,dbaron,
2006-01-11 16:59:11 PST,dbaron,Flags,blocking1.9a1+,blocking1.9a1?
2006-01-11 21:28:16 PST,alex,CC,alex,
2006-01-11 21:49:39 PST,bzbarsky,Attachment #208245                Flags,review?(bugs), superreview?(dbaron),
2006-01-11 21:51:15 PST,dbaron,Attachment #208245                Flags,superreview+,superreview?(dbaron)
2006-01-12 01:16:33 PST,pike,CC,pike,
2006-01-13 20:30:45 PST,wgianopoulos,CC,wgianopoulos,
2006-01-13 21:27:55 PST,bzbarsky,Product,Core,Firefox
2006-01-13 21:27:55 PST,bzbarsky,Version,Trunk,unspecified
2006-01-13 21:27:55 PST,bzbarsky,Component,XP Toolkit/Widgets: XUL,Preferences
2006-01-13 21:27:55 PST,bzbarsky,QA Contact,xptoolkit.xul,preferences
2006-01-13 21:27:55 PST,bzbarsky,Flags,,review?(bugs)
2006-01-13 21:28:50 PST,bzbarsky,Priority,P1,--
2006-01-13 21:28:50 PST,bzbarsky,Assignee,bzbarsky,nobody
2006-01-13 21:28:50 PST,bzbarsky,Target Milestone,mozilla1.9alpha,---
2006-01-13 21:30:46 PST,bzbarsky,Last Resolved,2006-01-13 21:30:46,
2006-01-13 21:30:46 PST,bzbarsky,Status,RESOLVED,NEW
2006-01-13 21:30:46 PST,bzbarsky,Resolution,FIXED,---
2006-01-13 21:31:39 PST,bzbarsky,Attachment #208245                Flags,approval1.8.0.2?, approval1.8.1?,
2006-01-13 21:42:02 PST,bzbarsky,Attachment #208245                Flags,review?(bugs),
2006-01-14 00:33:20 PST,elmar.ludwig,CC,ulf.stroehler,
2006-01-22 14:42:17 PST,bzbarsky,Flags,blocking1.8.1+,
2006-01-24 10:12:09 PST,bugs,Attachment #208245                Flags,review+,review?(bugs)
2006-01-30 13:59:29 PST,bzbarsky,Attachment #208245                Flags,branch-1.8.1?(dbaron),approval1.8.1?
2006-01-31 22:39:08 PST,dbaron,Attachment #208245                Flags,branch-1.8.1+,branch-1.8.1?(dbaron)
2006-02-01 14:00:12 PST,bzbarsky,Keywords,fixed1.8.1,
2006-02-14 15:07:09 PST,dveditz,Flags,blocking1.8.0.2+,
2006-02-14 15:54:44 PST,dveditz,Attachment #208245                Flags,approval1.8.0.2+,approval1.8.0.2?
2006-02-14 18:48:00 PST,bzbarsky,Keywords,fixed1.8.0.2,helpwanted
2006-02-26 09:04:10 PST,mozmail,Whiteboard,[rft-dl],
2006-02-27 14:38:57 PST,twalker,Keywords,verified1.8.0.2,fixed1.8.0.2
2006-02-27 14:38:57 PST,twalker,Status,VERIFIED,RESOLVED
2006-03-12 19:04:50 PST,robert,CC,,rparenton
2006-08-22 08:20:04 PDT,twalker,Keywords,verified1.8.1,fixed1.8.1
2008-07-31 03:20:00 PDT,timeless,Component,XUL,XP Toolkit/Widgets: XUL
2008-07-31 03:20:00 PDT,timeless,QA Contact,xptoolkit.widgets,xptoolkit.xul
2008-07-31 14:17:16 PDT,f.castellana,CC,,f.castellana
