When, Who, What, Added, Removed
2006-01-10 07:42:57 PST,abwillis1,Attachment #207879                Attachment is obsolete,1,0
2006-01-10 07:42:57 PST,abwillis1,Attachment #207881                Attachment is obsolete,1,0
2006-01-10 07:44:36 PST,abwillis1,Attachment #207880                Attachment is obsolete,1,0
2006-09-02 20:53:07 PDT,abwillis1,Attachment #208088                Attachment is obsolete,1,0
2006-09-02 20:53:07 PDT,abwillis1,Attachment #236577                Flags,review?(jhpedemonte),
2006-09-02 20:53:07 PDT,abwillis1,Status,ASSIGNED,NEW
2006-09-02 20:53:07 PDT,abwillis1,Assignee,abwillis1,jhpedemonte
2006-09-02 20:53:07 PDT,abwillis1,Attachment #208085                Attachment is obsolete,1,0
2006-09-02 20:53:07 PDT,abwillis1,Attachment #208086                Attachment is obsolete,1,0
2006-09-06 12:04:04 PDT,jhpedemonte,CC,jhpedemonte,
2006-09-06 12:07:19 PDT,jhpedemonte,Attachment #236577                Flags,review+,review?(jhpedemonte)
2006-09-15 12:50:30 PDT,abwillis1,Attachment #236577                Attachment is obsolete,1,0
2006-09-15 12:50:30 PDT,abwillis1,Attachment #238660                Flags,review+,
2006-09-15 13:24:31 PDT,mozilla,Attachment #238660                Flags,superreview+,
2006-09-28 11:44:53 PDT,jhpedemonte,Attachment #238660                Attachment is obsolete,1,0
2006-09-28 11:45:46 PDT,jhpedemonte,Resolution,FIXED,---
2006-09-28 11:45:46 PDT,jhpedemonte,Last Resolved,2006-09-28 11:45:46,
2006-09-28 11:45:46 PDT,jhpedemonte,Status,RESOLVED,ASSIGNED
2006-10-03 08:51:31 PDT,jhpedemonte,Attachment #240501                Flags,approval1.8.1?,
2006-10-03 10:26:29 PDT,mconnor,Attachment #240501                Flags,approval1.8.1+,approval1.8.1?
2006-10-03 12:50:44 PDT,jhpedemonte,Keywords,fixed1.8.1,
2014-09-24 05:43:09 PDT,nobody,Product,Core Graveyard,Core
