When, Who, What, Added, Removed
2006-01-08 14:23:27 PST,LpSolit,Flags,blocking2.22?, blocking2.20.1?, blocking2.18.5?, blocking2.16.11?,
2006-01-08 14:51:11 PST,LpSolit,Attachment #207931                Flags,review?(mkanat),
2006-01-11 17:10:42 PST,mkanat,Flags,blocking2.22+, blocking2.20.1+, blocking2.18.5-, blocking2.16.11-,blocking2.22?, blocking2.20.1?, blocking2.18.5?, blocking2.16.11?
2006-01-11 17:18:07 PST,mkanat,Attachment #207931                Flags,review+,review?(mkanat)
2006-01-11 17:23:49 PST,LpSolit,Assignee,LpSolit,installation
2006-01-11 17:23:49 PST,LpSolit,Target Milestone,Bugzilla 2.20,---
2006-01-11 17:23:49 PST,LpSolit,Flags,approval?, approval2.20?,
2006-01-11 17:27:10 PST,LpSolit,Status,ASSIGNED,NEW
2006-01-11 17:41:45 PST,mkanat,Summary,PostgreSQL incorrectly detects that some summaries have control characters when they don't,PostgreSQL seems to incorrectly detect control characters... or clean_text() incorrectly fixes them
2006-01-11 17:41:45 PST,mkanat,Target Milestone,---,Bugzilla 2.20
2006-01-11 17:42:10 PST,mkanat,Version,2.20,2.21
2006-01-11 17:42:10 PST,mkanat,Target Milestone,Bugzilla 2.20,---
2006-01-11 22:59:52 PST,justdave,Flags,approval+, approval2.20+,approval?, approval2.20?
2006-01-11 23:13:28 PST,mkanat,Status,RESOLVED,ASSIGNED
2006-01-11 23:13:28 PST,mkanat,Resolution,FIXED,---
2006-01-11 23:13:28 PST,mkanat,Last Resolved,2006-01-11 23:13:28,
