When, Who, What, Added, Removed
2006-01-08 18:41:32 PST,gavin.sharp,CC,gavin.sharp,
2006-01-08 19:52:24 PST,bzbarsky,Status,ASSIGNED,NEW
2006-01-08 19:52:24 PST,bzbarsky,Assignee,bzbarsky,nobody
2006-01-08 19:52:24 PST,bzbarsky,Attachment #207959                Flags,review?(roc), superreview?(roc),
2006-01-08 19:52:46 PST,bzbarsky,Priority,P3,--
2006-01-08 19:52:46 PST,bzbarsky,Target Milestone,mozilla1.9alpha,---
2006-01-08 19:52:46 PST,bzbarsky,Summary,[FIX]ASSERTION: Could not find an adaptor! (<xul:scrollbox> inside inline element),ASSERTION: Could not find an adaptor! (<xul:scrollbox> inside inline element)
2006-01-08 19:52:46 PST,bzbarsky,Hardware,All,Macintosh
2006-01-08 19:52:46 PST,bzbarsky,OS,All,MacOS X
2006-01-08 19:54:52 PST,roc,Attachment #207959                Flags,review+, superreview+,review?(roc), superreview?(roc)
2006-01-08 20:01:52 PST,bzbarsky,Status,RESOLVED,ASSIGNED
2006-01-08 20:01:52 PST,bzbarsky,Resolution,FIXED,---
2006-01-08 20:01:52 PST,bzbarsky,Last Resolved,2006-01-08 20:01:52,
2007-12-18 17:00:31 PST,jruderman,Flags,in-testsuite+,
2008-07-31 03:20:03 PDT,timeless,Component,XUL,XP Toolkit/Widgets: XUL
2008-07-31 03:20:03 PDT,timeless,QA Contact,xptoolkit.widgets,xptoolkit.xul
