When, Who, What, Added, Removed
2006-07-19 22:58:16 PDT,justdave,Priority,P1,--
2006-07-19 22:58:16 PDT,justdave,Assignee,justdave,justdave
2006-12-02 16:37:15 PST,reed,QA Contact,despot,timeless
2006-12-02 16:37:15 PST,reed,CC,reed,
2006-12-02 22:38:47 PST,bugzilla,CC,bugzilla,
2006-12-03 14:51:11 PST,reed,Attachment #247361                Flags,review+,
2006-12-03 14:53:06 PST,reed,Status,RESOLVED,NEW
2006-12-03 14:53:06 PST,reed,Resolution,FIXED,---
2006-12-03 14:53:06 PST,reed,Last Resolved,2006-12-03 14:53:06,
