When, Who, What, Added, Removed
2006-02-27 18:35:46 PST,jminta,Status,ASSIGNED,NEW
2006-02-27 18:35:46 PST,jminta,Assignee,jminta,base
2006-02-27 18:35:46 PST,jminta,Attachment #213402                Flags,first-review?(mvl),
2006-03-06 20:55:14 PST,jminta,Blocks,329582,
2006-03-27 19:53:41 PST,jminta,Blocks,306157,
2006-04-01 05:34:53 PST,mvl,Attachment #213402                Flags,first-review+,first-review?(mvl)
2006-04-01 06:42:49 PST,jminta,Status,RESOLVED,ASSIGNED
2006-04-01 06:42:49 PST,jminta,Resolution,FIXED,---
2006-04-01 06:42:49 PST,jminta,Last Resolved,2006-04-01 06:42:49,
