When, Who, What, Added, Removed
2006-01-08 13:58:57 PST,ria.klaassen,CC,ria.klaassen,
2006-01-08 15:28:51 PST,jgreenman,Summary,Win98SE problem: Can't start trunk (1.6a1) tinderbox zip builds as of 08 Jan with old or new profile,Can't start trunk (1.6a1) tinderbox zip builds as of 08 Jan with old or new profile
2006-01-08 16:26:29 PST,bugzillamozillaorg_serge_20140323,Summary,Win98SE problem: Can't start trunk FFv1.6a1 or SMv1.5a tinderbox zip builds as of 08 Jan with old or new profile,Win98SE problem: Can't start trunk (1.6a1) tinderbox zip builds as of 08 Jan with old or new profile
2006-01-08 16:26:29 PST,bugzillamozillaorg_serge_20140323,Version,Trunk,unspecified
2006-01-08 16:26:29 PST,bugzillamozillaorg_serge_20140323,Status,NEW,UNCONFIRMED
2006-01-08 16:26:29 PST,bugzillamozillaorg_serge_20140323,Severity,blocker,critical
2006-01-08 16:26:29 PST,bugzillamozillaorg_serge_20140323,CC,gautheri, neil.parkwaycc.co.uk,
2006-01-08 16:26:29 PST,bugzillamozillaorg_serge_20140323,Ever confirmed,1,0
2006-01-08 16:47:38 PST,neil,CC,emaijala,
2006-01-08 16:50:21 PST,hhschwab,CC,hhschwab,
2006-01-08 21:27:30 PST,emaijala+moz,CC,Dainis_Jonitis,
2006-01-08 21:27:30 PST,emaijala+moz,Blocks,287179,
2006-01-08 21:39:49 PST,ispiked,CC,ispiked,
2006-01-08 23:36:44 PST,peter.vanderwoude,Flags,blocking1.9a1?,
2006-01-08 23:36:44 PST,peter.vanderwoude,CC,peter.vanderwoude,
2006-01-09 00:49:04 PST,piskozub,CC,piskozub,
2006-01-09 00:49:04 PST,piskozub,Summary,Win98SE and WinME problem: Can't start trunk FFv1.6a1 or SMv1.5a tinderbox zip builds as of 08 Jan with old or new profile,Win98SE problem: Can't start trunk FFv1.6a1 or SMv1.5a tinderbox zip builds as of 08 Jan with old or new profile
2006-01-09 01:33:28 PST,masayuki,CC,masayuki,
2006-01-09 06:34:35 PST,jgreenman,Summary,Win98SE and WinME problem: Can't start trunk FFv1.6a1 or SMv1.5a tinderbox zip or exe builds as of 08 Jan with old or new profile,Win98SE and WinME problem: Can't start trunk FFv1.6a1 or SMv1.5a tinderbox zip builds as of 08 Jan with old or new profile
2006-01-09 06:34:35 PST,jgreenman,CC,greenman,
2006-01-10 13:48:50 PST,jgreenman,Summary,Win98SE and WinME / keyboard problem: Can't start trunk FFv1.6a1 or SMv1.5a tinderbox zip or exe builds as of 08 Jan with old or new profile,Win98SE and WinME problem: Can't start trunk FFv1.6a1 or SMv1.5a tinderbox zip or exe builds as of 08 Jan with old or new profile
2006-01-10 23:26:02 PST,jonitis,Product,Core,Firefox
2006-01-10 23:26:02 PST,jonitis,Component,Widget: Win32,Startup and Profile System
2006-01-12 01:16:27 PST,pike,CC,pike,
2006-01-12 13:57:43 PST,allltaken,CC,jrt,
2006-01-14 14:40:56 PST,ispiked,Status,RESOLVED,NEW
2006-01-14 14:40:56 PST,ispiked,Resolution,FIXED,---
2006-01-14 14:40:56 PST,ispiked,Last Resolved,2006-01-14 14:40:56,
2006-01-14 15:48:48 PST,bugzillamozillaorg_serge_20140323,CC,,gautheri
2006-01-14 15:48:48 PST,bugzillamozillaorg_serge_20140323,Target Milestone,mozilla1.9alpha,---
2006-01-14 15:48:48 PST,bugzillamozillaorg_serge_20140323,Flags,,blocking1.9a1?
2006-01-14 15:48:48 PST,bugzillamozillaorg_serge_20140323,Status,VERIFIED,RESOLVED
