When, Who, What, Added, Removed
2006-01-08 15:47:19 PST,bzbarsky,CC,mrbkap, brendan, bzbarsky, jst,
2006-01-08 15:47:19 PST,bzbarsky,Blocks,286708,
2006-01-08 16:29:54 PST,jruderman,Keywords,testcase,
2006-01-08 17:19:23 PST,gavin.sharp,CC,gavin.sharp,
2006-01-08 17:21:33 PST,bzbarsky,Flags,blocking1.9a1?,
2006-01-08 17:21:52 PST,bzbarsky,Blocks,284993,
2006-01-08 17:30:55 PST,hhschwab,CC,hhschwab,
2006-01-08 21:21:22 PST,ispiked,CC,ispiked,
2006-01-10 22:54:34 PST,robert,CC,rparenton,
2006-01-15 14:01:43 PST,bzbarsky,Depends on,323380,
2006-01-17 16:13:06 PST,mrbkap,Status,ASSIGNED,NEW
2006-01-17 16:13:06 PST,mrbkap,Assignee,mrbkap,nobody
2006-01-17 16:13:06 PST,mrbkap,Attachment #208794                Flags,review?(bzbarsky),
2006-01-17 18:11:29 PST,mrbkap,Priority,P3,--
2006-01-17 18:11:29 PST,mrbkap,Target Milestone,mozilla1.9alpha,---
2006-01-17 20:58:44 PST,mrbkap,Attachment #208794                Attachment is obsolete,1,0
2006-01-17 20:58:44 PST,mrbkap,Attachment #208821                Flags,review?(bzbarsky),
2006-01-17 20:58:44 PST,mrbkap,Attachment #208794                Flags,,review?(bzbarsky)
2006-01-17 22:25:58 PST,bzbarsky,Attachment #208821                Flags,review+, superreview+,review?(bzbarsky)
2006-01-18 15:07:38 PST,mrbkap,Last Resolved,2006-01-18 15:07:38,
2006-01-18 15:07:38 PST,mrbkap,Status,RESOLVED,ASSIGNED
2006-01-18 15:07:38 PST,mrbkap,Resolution,FIXED,---
2006-03-12 19:04:52 PST,robert,CC,,rparenton
2006-11-10 12:00:31 PST,bzbarsky,Flags,,blocking1.9a1?
2008-01-26 00:29:44 PST,jruderman,Flags,in-testsuite-,
