When, Who, What, Added, Removed
2006-01-08 16:57:55 PST,jwatt,CC,jonathan.watt,
2008-02-21 12:29:07 PST,jwatt,Flags,blocking1.9?,
2008-02-27 18:32:18 PST,mconnor,CC,mconnor,
2008-02-27 18:32:18 PST,mconnor,Flags,blocking1.9?,tracking1.9?
2008-03-04 12:26:32 PST,jwatt,Priority,P2,--
2008-03-04 12:26:32 PST,jwatt,CC,roc,
2008-03-04 12:26:32 PST,jwatt,Flags,blocking1.9+,blocking1.9?
2008-03-04 12:27:12 PST,jwatt,Status,NEW,UNCONFIRMED
2008-03-04 12:27:12 PST,jwatt,Ever confirmed,1,0
2008-03-06 23:06:21 PST,gavin.sharp,CC,gavin.sharp,
2008-03-11 12:01:51 PDT,reed,CC,reed,
2008-03-22 00:03:53 PDT,mconnor,CC,,mconnor
2008-03-27 07:54:14 PDT,dsicore,CC,dsicore,
2008-03-27 16:22:14 PDT,crowderbt,CC,crowder,
2008-03-27 16:32:16 PDT,dsicore,Flags,blocking1.9-,blocking1.9+
2008-03-27 20:49:53 PDT,reed,Assignee,nobody,general
2008-03-27 20:49:53 PDT,reed,QA Contact,general,ian
2008-04-01 12:51:06 PDT,reg,CC,mozilla,
2008-04-01 14:10:08 PDT,ap,CC,ap,
2008-04-02 07:05:37 PDT,longsonr,Attachment #313082                Flags,review?(jwatt),
2008-04-02 08:38:28 PDT,longsonr,CC,longsonr,
2008-04-05 03:20:27 PDT,jwatt,Attachment #313082                Flags,review+,review?(jwatt)
2008-04-05 04:16:40 PDT,longsonr,Attachment #313082                Flags,superreview?(roc),
2008-04-05 04:18:16 PDT,longsonr,Assignee,longsonr,nobody
2008-04-06 02:24:40 PDT,roc,Attachment #313082                Flags,superreview+,superreview?(roc)
2008-04-06 07:36:06 PDT,longsonr,Attachment #313082                Flags,approval1.9?,
2008-04-07 04:14:19 PDT,jwatt,Flags,blocking1.9+,blocking1.9-
2008-04-07 06:38:50 PDT,longsonr,Attachment #313082                Flags,,approval1.9?
2008-04-07 07:11:53 PDT,longsonr,Status,RESOLVED,NEW
2008-04-07 07:11:53 PDT,longsonr,Resolution,FIXED,---
2008-04-07 07:11:53 PDT,longsonr,Last Resolved,2008-04-07 07:11:53,
