When, Who, What, Added, Removed
2006-01-08 13:19:48 PST,reed,Severity,major,normal
2006-01-08 13:19:48 PST,reed,CC,reed,
2006-01-08 17:20:29 PST,gavin.sharp,CC,gavin.sharp,
2006-01-28 11:03:01 PST,jwalden+bmo,CC,jwalden+bmo,
2006-04-17 10:17:20 PDT,nb,CC,nb,
2006-04-26 23:27:51 PDT,justdave,Status,ASSIGNED,NEW
2006-04-26 23:27:51 PDT,justdave,Assignee,justdave,justdave
2006-04-26 23:27:51 PDT,justdave,Attachment #219981                Flags,review?(dbaron),
2006-06-06 22:05:51 PDT,dbaron,Attachment #219981                Flags,review+,review?(dbaron)
2006-07-13 11:46:49 PDT,justdave,Priority,P1,--
2006-12-02 16:37:31 PST,reed,QA Contact,despot,timeless
2006-12-03 01:56:25 PST,reed,Status,NEW,ASSIGNED
2006-12-03 01:56:25 PST,reed,Assignee,reed,justdave
2006-12-03 02:05:48 PST,reed,Attachment #247319                Flags,review?(justdave),
2006-12-03 02:06:01 PST,reed,Status,ASSIGNED,NEW
2006-12-03 14:14:42 PST,timeless,Attachment #247319                Flags,review+,review?(justdave)
2006-12-03 14:17:08 PST,reed,Status,RESOLVED,ASSIGNED
2006-12-03 14:17:08 PST,reed,Resolution,FIXED,---
2006-12-03 14:17:08 PST,reed,Last Resolved,2006-12-03 14:17:08,
