When, Who, What, Added, Removed
2006-01-09 08:02:34 PST,LpSolit,Flags,blocking2.22?,
2006-01-09 08:02:34 PST,LpSolit,Keywords,dataloss,
2006-01-09 12:23:05 PST,LpSolit,Status,ASSIGNED,NEW
2006-01-09 12:23:05 PST,LpSolit,Assignee,LpSolit,karl
2006-01-09 12:23:05 PST,LpSolit,Attachment #208006                Flags,review?(myk),
2006-01-09 12:24:13 PST,myk,Attachment #208006                Flags,review+,review?(myk)
2006-01-09 12:25:37 PST,LpSolit,Flags,approval?,
2006-01-09 12:27:23 PST,myk,Flags,blocking2.22+, approval+,blocking2.22?, approval?
2006-01-09 12:40:03 PST,LpSolit,Status,RESOLVED,ASSIGNED
2006-01-09 12:40:03 PST,LpSolit,Resolution,FIXED,---
2006-01-09 12:40:03 PST,LpSolit,Last Resolved,2006-01-09 12:40:03,
