When, Who, What, Added, Removed
2006-01-08 15:21:24 PST,igor,Status,ASSIGNED,NEW
2006-01-08 15:21:24 PST,igor,Assignee,igor.bukanov,general
2006-01-08 15:21:24 PST,igor,Attachment #207932                Flags,review?(brendan),
2006-01-08 15:42:44 PST,igor,Attachment #207932                Attachment is obsolete,1,0
2006-01-08 15:42:44 PST,igor,Attachment #207934                Flags,review?(brendan),
2006-01-08 15:42:44 PST,igor,Attachment #207932                Flags,,review?(brendan)
2006-01-08 16:11:48 PST,jo.hermans,CC,mozilla.1.jhermans,
2006-01-08 17:18:53 PST,gavin.sharp,CC,gavin.sharp,
2006-01-12 08:47:59 PST,bob,Flags,testcase+,
2006-01-25 14:57:10 PST,brendan,Attachment #207934                Flags,review+,review?(brendan)
2006-01-25 15:57:41 PST,igor,Attachment #209642                Flags,review?(brendan),
2006-01-25 15:57:41 PST,igor,Attachment #207934                Attachment is obsolete,1,0
2006-01-25 16:52:12 PST,brendan,Attachment #209642                Flags,review+,review?(brendan)
2006-01-25 23:57:56 PST,igor,Attachment #209642                Attachment is obsolete,1,0
2006-01-26 00:14:51 PST,igor,Status,RESOLVED,ASSIGNED
2006-01-26 00:14:51 PST,igor,Resolution,FIXED,---
2006-01-26 00:14:51 PST,igor,Last Resolved,2006-01-26 00:14:51,
2006-01-29 14:46:53 PST,bob,Status,REOPENED,RESOLVED
2006-01-29 14:46:53 PST,bob,Resolution,---,FIXED
2006-01-29 15:39:02 PST,igor,Attachment #210087                Flags,review?(brendan),
2006-01-29 18:08:21 PST,mrbkap,Attachment #210087                Flags,review+,
2006-01-29 21:00:52 PST,brendan,Attachment #210087                Flags,review+,review?(brendan)
2006-02-02 05:55:05 PST,igor,Status,RESOLVED,REOPENED
2006-02-02 05:55:05 PST,igor,Resolution,FIXED,---
2006-02-02 05:55:05 PST,igor,Last Resolved,2006-02-02 05:55:05,2006-01-26 00:14:51
2006-03-29 09:49:28 PST,bob,Status,VERIFIED,RESOLVED
2008-08-29 17:53:54 PDT,jruderman,Keywords,perf,
2008-08-29 17:53:54 PDT,jruderman,CC,jruderman,
