When, Who, What, Added, Removed
2006-01-08 11:31:36 PST,gavin.sharp,CC,gavin.sharp,
2006-07-03 11:02:39 PDT,justdave,Assignee,justdave,justdave
2006-07-13 11:46:32 PDT,justdave,Priority,P3,--
2006-12-02 16:37:27 PST,reed,QA Contact,despot,timeless
2006-12-02 16:37:27 PST,reed,CC,reed,
2006-12-03 20:18:47 PST,nb,CC,nb,
2006-12-05 23:40:34 PST,reed,Assignee,reed,justdave
2006-12-05 23:40:34 PST,reed,Attachment #247646                Flags,review?(justdave),
2006-12-05 23:40:34 PST,reed,Status,ASSIGNED,NEW
2006-12-05 23:45:18 PST,justdave,Attachment #247646                Flags,review-,review?(justdave)
2006-12-05 23:50:22 PST,reed,Attachment #247646                Attachment is obsolete,1,0
2006-12-05 23:50:22 PST,reed,Attachment #247647                Flags,review?(justdave),
2006-12-05 23:53:09 PST,reed,Attachment #247647                Attachment is obsolete,1,0
2006-12-05 23:53:09 PST,reed,Attachment #247648                Flags,review?(justdave),
2006-12-05 23:53:09 PST,reed,Attachment #247647                Flags,,review?(justdave)
2006-12-05 23:53:47 PST,justdave,Attachment #247648                Flags,review+,review?(justdave)
2006-12-05 23:56:33 PST,reed,Status,RESOLVED,ASSIGNED
2006-12-05 23:56:33 PST,reed,Resolution,FIXED,---
2006-12-05 23:56:33 PST,reed,Last Resolved,2006-12-05 23:56:33,
