When, Who, What, Added, Removed
2006-01-08 15:40:06 PST,bzbarsky,CC,bzbarsky, martijn.martijn, jst,
2006-01-08 15:40:06 PST,bzbarsky,Blocks,155246,
2006-01-08 15:40:06 PST,bzbarsky,Keywords,helpwanted,
2006-01-08 16:29:39 PST,jruderman,Keywords,testcase,
2006-01-08 17:19:04 PST,gavin.sharp,CC,gavin.sharp,
2006-02-02 14:07:47 PST,ryanvm,CC,ryanvm,
2007-09-24 14:54:17 PDT,pavel.penaz,CC,pavel.penaz,
2008-01-26 00:29:32 PST,jruderman,Flags,in-testsuite-,
2008-09-06 18:44:27 PDT,jruderman,Status,RESOLVED,NEW
2008-09-06 18:44:27 PDT,jruderman,Resolution,FIXED,---
2008-09-06 18:44:27 PDT,jruderman,Last Resolved,2008-09-06 18:44:27,
