When, Who, What, Added, Removed
2006-01-08 19:15:35 PST,timeless,Status,ASSIGNED,NEW
2006-01-08 19:15:35 PST,timeless,Assignee,timeless,justdave
2006-01-08 19:15:35 PST,timeless,Attachment #207956                Flags,review?(justdave),
2006-07-29 05:01:18 PDT,justdave,Attachment #207956                Flags,review+,review?(justdave)
2006-12-02 16:34:43 PST,reed,Hardware,All,Macintosh
2006-12-02 16:34:43 PST,reed,OS,All,Mac OS X 10.2
2006-12-02 16:34:43 PST,reed,Status,RESOLVED,ASSIGNED
2006-12-02 16:34:43 PST,reed,Resolution,FIXED,---
2006-12-02 16:34:43 PST,reed,QA Contact,despot,timeless
2006-12-02 16:34:43 PST,reed,CC,justdave, reed,
2006-12-02 16:34:43 PST,reed,Last Resolved,2006-12-02 16:34:43,
