When, Who, What, Added, Removed
2006-01-08 04:09:58 PST,djcater+bugzilla,Status,ASSIGNED,NEW
2006-01-08 04:09:58 PST,djcater+bugzilla,Target Milestone,Firefox 3,---
2006-01-08 04:23:46 PST,djcater+bugzilla,Assignee,DJCater,nobody
2006-01-08 04:23:46 PST,djcater+bugzilla,Attachment #207891                Flags,review?(mconnor), superreview?,
2006-01-08 17:54:42 PST,gavin.sharp,CC,gavin.sharp,
2006-01-08 18:31:30 PST,mconnor,Attachment #207891                Flags,,review?(mconnor), superreview?
2006-01-08 21:13:51 PST,ispiked,CC,ispiked,
2006-01-09 00:11:23 PST,mconnor,CC,mconnor,
2006-10-20 06:50:59 PDT,omarb.public,CC,omar_public,
2009-05-03 19:43:12 PDT,vseerror,Assignee,nobody,DJCater
2009-05-03 19:43:12 PDT,vseerror,QA Contact,menus,general
2009-05-03 19:43:12 PDT,vseerror,CC,vseerror,
2009-05-03 19:43:12 PDT,vseerror,Component,Menus,General
2009-05-04 12:53:34 PDT,hskupin,CC,hskupin,
2009-05-04 12:53:34 PDT,hskupin,Target Milestone,---,Firefox 3
2009-05-04 13:15:53 PDT,hskupin,CC,r610n21,
2009-05-04 13:35:22 PDT,polidobj,URL,,http://wiki.mozilla.org/Firefox:3.0_Tabbed_Browsing#Required_Features
2009-05-04 13:35:22 PDT,polidobj,Whiteboard,[parity-IE][parity-Chrome][parity-Opera],
2009-05-04 13:35:22 PDT,polidobj,CC,polidobj,
2009-05-06 08:35:29 PDT,chris,CC,trendyhendy2000,
2009-05-15 16:53:36 PDT,tdowner,Version,Trunk,unspecified
2009-05-15 16:53:36 PDT,tdowner,Severity,trivial,enhancement
2009-05-15 16:53:36 PDT,tdowner,CC,tyler,
2009-05-15 18:28:47 PDT,mconnor,Severity,enhancement,trivial
2009-05-15 20:52:09 PDT,faaborg,CC,faaborg,
2009-06-18 09:57:14 PDT,supernova00,CC,supernova00,
2009-06-18 09:57:14 PDT,supernova00,Flags,wanted-firefox3.6?,
2009-07-01 10:19:10 PDT,supernova00,CC,francesco.cosoleto,
2009-08-17 14:53:44 PDT,highmind63,CC,highmind63,
2009-09-17 17:15:01 PDT,djcater+bugzilla,Status,NEW,ASSIGNED
2009-12-08 06:21:48 PST,jo.hermans,CC,kengggg,
2009-12-08 06:37:20 PST,xtc4uall,CC,xtc4uall,
2010-01-31 11:46:43 PST,jo.hermans,CC,stuart.liroff,
2010-02-01 03:27:02 PST,hskupin,CC,mlissner,
2010-02-01 05:27:11 PST,hidenosuke,CC,hidenosuke,
2010-02-01 09:27:29 PST,vseerror,CC,,vseerror
2010-02-24 06:26:44 PST,mconnor,CC,,mconnor
2010-03-17 03:39:44 PDT,tymerkaev,CC,tymerkaev,
2010-04-21 15:49:59 PDT,djcater+bugzilla,blocking2.0,?,---
2010-04-23 07:20:52 PDT,mbeltzner,Flags,,wanted-firefox3.6?
2010-04-25 15:44:34 PDT,eyaler,CC,eyaler,
2010-04-26 12:05:25 PDT,supernova00,Status,ASSIGNED,NEW
2010-04-26 12:05:48 PDT,supernova00,Assignee,supernova00,nobody
2010-04-26 13:23:57 PDT,dao,CC,dao,
2010-04-27 12:22:26 PDT,supernova00,Attachment #207891                Attachment is obsolete,1,0
2010-04-27 12:22:26 PDT,supernova00,Attachment #441893                Flags,review?(mconnor), ui-review?(beltzner),
2010-04-27 12:22:53 PDT,supernova00,Summary,Reorder menus to promote tabs more,Reorder menus and options to promote tabs more
2010-04-27 12:37:39 PDT,mbeltzner,Attachment #441893                Flags,ui-review+,ui-review?(beltzner)
2010-04-27 13:33:21 PDT,mconnor,Attachment #441893                Flags,review?(gavin.sharp),review?(mconnor)
2010-07-18 13:42:19 PDT,hskupin,CC,michael.monreal+moz,
2010-07-20 00:36:59 PDT,dao,Attachment #441893                Flags,review-,review?(gavin.sharp)
2010-07-20 15:16:10 PDT,supernova00,Attachment #441893                Attachment is obsolete,1,0
2010-07-20 15:16:10 PDT,supernova00,Attachment #458803                Flags,review?(dao),
2010-07-20 15:34:58 PDT,djcater+bugzilla,Attachment #458803                Attachment is patch,1,0
2010-07-20 17:36:46 PDT,mozillamarcia.knous,CC,marcia,
2010-07-20 17:36:46 PDT,mozillamarcia.knous,Flags,in-litmus?,
2010-07-21 00:39:02 PDT,dao,Attachment #458803                Flags,review+, approval2.0?,review?(dao)
2010-07-21 06:36:16 PDT,mbeltzner,Attachment #458803                Flags,approval2.0+,approval2.0?
2010-07-21 08:16:25 PDT,dao,Last Resolved,2010-07-21 08:16:25,
2010-07-21 08:16:25 PDT,dao,Status,RESOLVED,ASSIGNED
2010-07-21 08:16:25 PDT,dao,Resolution,FIXED,---
2010-07-21 23:22:23 PDT,dao,Target Milestone,Firefox 4.0b3,---
2010-07-23 13:52:02 PDT,bugzilla,CC,johnath,
2010-07-23 13:52:02 PDT,bugzilla,blocking2.0,-,?
2010-07-24 17:33:05 PDT,hskupin,Status,VERIFIED,RESOLVED
2010-07-24 17:33:05 PDT,hskupin,Flags,in-litmus+,in-litmus?
2010-07-29 10:43:42 PDT,imradyurrad,CC,imradyurrad,
2010-11-29 18:32:17 PST,mozbugzilla,CC,mozbugzilla,
2011-01-27 03:54:02 PST,joshua.anthony,CC,joshua.anthony,
2011-03-02 23:27:07 PST,amanda.groover,CC,amanda.groover,
2011-03-13 05:47:30 PDT,bugzilla.spam2,Blocks,641312,
2011-03-21 06:17:24 PDT,hskupin,Depends on,643400,
2011-03-21 06:26:06 PDT,patruns,CC,patruns,
2011-03-23 02:32:32 PDT,dpmcgee,CC,dpmcgee,
2011-03-23 06:04:51 PDT,emorley,Depends on,644033,
2011-03-23 06:54:22 PDT,hskupin,Depends on,,644033
2012-06-09 02:27:07 PDT,imradyurrad,CC,,imradyurrad
