When, Who, What, Added, Removed
2006-01-08 14:43:48 PST,martijn.martijn,Version,Trunk,unspecified
2006-01-08 14:43:48 PST,martijn.martijn,Status,NEW,UNCONFIRMED
2006-01-08 14:43:48 PST,martijn.martijn,Component,Layout,XP Apps: GUI Features
2006-01-08 14:43:48 PST,martijn.martijn,Assignee,nobody,guifeatures
2006-01-08 14:43:48 PST,martijn.martijn,QA Contact,layout,
2006-01-08 14:43:48 PST,martijn.martijn,CC,martijn.martijn,
2006-01-08 14:43:48 PST,martijn.martijn,Ever confirmed,1,0
2006-01-08 14:43:48 PST,martijn.martijn,Keywords,crash, testcase,
2006-01-08 14:43:48 PST,martijn.martijn,Product,Core,Mozilla Application Suite
2006-01-08 15:51:34 PST,hhschwab,CC,hhschwab,
2006-01-08 17:19:45 PST,gavin.sharp,CC,gavin.sharp,
2006-01-08 21:05:16 PST,ispiked,Summary,crash if define html:input of type checkbox inside listitem [@ AppendUTF8toUTF16] [@ nsSubstring::MutatePrep],crash if define html:input of type checkbox inside listitem
2006-01-08 21:05:16 PST,ispiked,CC,ispiked,
2006-01-09 09:13:14 PST,timeless,Summary,crash if define html:input of type checkbox inside listitem [@ AppendUTF8toUTF16] [@ nsSubstring::MutatePrep] Stack overflow,crash if define html:input of type checkbox inside listitem [@ AppendUTF8toUTF16] [@ nsSubstring::MutatePrep]
2006-08-26 05:19:45 PDT,martijn.martijn,Flags,blocking1.9?,
2006-11-07 21:24:19 PST,ispiked,CC,soyapim,
2006-11-07 21:26:27 PST,ispiked,Version,1.8 Branch,Trunk
2006-11-07 21:26:27 PST,ispiked,Hardware,All,PC
2006-11-07 21:26:27 PST,ispiked,OS,All,Windows 2000
2006-11-07 21:26:27 PST,ispiked,Flags,,blocking1.9?
2006-11-08 13:42:02 PST,martijn.martijn,Version,Trunk,1.8 Branch
2006-11-27 04:28:55 PST,martijn.martijn,Depends on,281147,
2006-11-27 04:50:09 PST,martijn.martijn,Whiteboard,[reflow-refactor],
2006-12-09 04:00:03 PST,peter.vanderwoude,Status,RESOLVED,NEW
2006-12-09 04:00:03 PST,peter.vanderwoude,Resolution,FIXED,---
2006-12-09 04:00:03 PST,peter.vanderwoude,CC,peter.vanderwoude,
2006-12-09 04:00:03 PST,peter.vanderwoude,Depends on,300030,
2006-12-09 04:00:03 PST,peter.vanderwoude,Last Resolved,2006-12-09 04:00:03,
2006-12-09 11:28:12 PST,martijn.martijn,Status,VERIFIED,RESOLVED
2006-12-11 13:00:36 PST,ryanvm,CC,ryanvm,
2006-12-11 13:00:36 PST,ryanvm,Flags,in-testsuite?,
2007-03-27 18:06:30 PDT,jwalden+bmo,CC,jwalden+bmo,
2011-06-13 10:01:44 PDT,nobody,Crash Signature,[@ AppendUTF8toUTF16][@ nsSubstring::MutatePrep],
2012-11-10 10:13:29 PST,ryanvm,Crash Signature,[@ AppendUTF8toUTF16][@ nsSubstring::MutatePrep],[@ AppendUTF8toUTF16][@ nsSubstring::MutatePrep]
2012-11-10 10:13:29 PST,ryanvm,Flags,,in-testsuite?
