When, Who, What, Added, Removed
2006-01-08 11:21:13 PST,mozilla,Status,ASSIGNED,NEW
2006-01-08 11:21:13 PST,mozilla,Assignee,mozilla,mostafah
2006-01-08 11:26:26 PST,mozilla,Attachment #207911                Flags,first-review?(bugzilla),
2006-01-09 01:25:50 PST,bugzilla,Attachment #207911                Flags,first-review+, second-review?(jminta),first-review?(bugzilla)
2006-01-12 13:33:17 PST,jminta,Attachment #207911                Flags,second-review+,second-review?(jminta)
2006-01-14 07:01:28 PST,mozilla,Status,RESOLVED,ASSIGNED
2006-01-14 07:01:28 PST,mozilla,Resolution,FIXED,---
2006-01-14 07:01:28 PST,mozilla,Last Resolved,2006-01-14 07:01:28,
