When, Who, What, Added, Removed
2006-01-08 08:32:10 PST,f.g.superman,Version,1.5,unspecified
2006-01-09 09:00:39 PST,mcow,Version,Trunk,1.5
2006-01-09 09:00:39 PST,mcow,Hardware,All,PC
2006-01-09 09:00:39 PST,mcow,OS,All,Windows XP
2006-01-09 09:00:39 PST,mcow,Status,NEW,UNCONFIRMED
2006-01-09 09:00:39 PST,mcow,Ever confirmed,1,0
2008-08-28 11:18:31 PDT,dmose,Assignee,nobody,mscott
2009-06-29 14:48:31 PDT,clarkbw,Last Resolved,2009-06-29 14:48:31,
2009-06-29 14:48:31 PDT,clarkbw,Status,RESOLVED,NEW
2009-06-29 14:48:31 PDT,clarkbw,Resolution,FIXED,---
2009-06-29 14:48:31 PDT,clarkbw,CC,clarkbw,
