When, Who, What, Added, Removed
2006-01-08 11:28:40 PST,gavin.sharp,CC,gavin.sharp,
2006-12-02 16:37:23 PST,reed,QA Contact,despot,timeless
2006-12-02 16:37:23 PST,reed,CC,reed,
2006-12-03 00:49:09 PST,reed,Assignee,reed,justdave
2006-12-03 00:54:00 PST,reed,Attachment #247316                Flags,review?(justdave),
2006-12-03 01:03:29 PST,reed,Status,ASSIGNED,NEW
2006-12-03 13:47:47 PST,timeless,Attachment #247316                Flags,review+,review?(justdave)
2006-12-03 14:07:28 PST,reed,Status,RESOLVED,ASSIGNED
2006-12-03 14:07:28 PST,reed,Resolution,FIXED,---
2006-12-03 14:07:28 PST,reed,Last Resolved,2006-12-03 14:07:28,
2006-12-08 20:43:20 PST,bugzilla,CC,bugzilla,
