When, Who, What, Added, Removed
2006-01-08 04:37:30 PST,bernd_mozilla,CC,cbiesinger,
2006-01-08 05:59:29 PST,cbiesinger,Hardware,All,Macintosh
2006-01-08 05:59:29 PST,cbiesinger,OS,All,MacOS X
2006-01-08 06:16:33 PST,cbiesinger,Status,ASSIGNED,NEW
2006-01-08 06:16:33 PST,cbiesinger,Assignee,cbiesinger,nobody
2006-01-08 06:16:33 PST,cbiesinger,Attachment #207894                Flags,review?, superreview?(bzbarsky),
2006-01-08 06:16:51 PST,cbiesinger,Attachment #207894                Flags,review?(bryner),review?
2006-01-08 13:37:22 PST,bryner,Attachment #207894                Flags,review+,review?(bryner)
2006-01-08 15:33:11 PST,bzbarsky,Attachment #207894                Flags,superreview+,superreview?(bzbarsky)
2006-01-15 05:31:47 PST,cbiesinger,Status,RESOLVED,ASSIGNED
2006-01-15 05:31:47 PST,cbiesinger,Resolution,FIXED,---
2006-01-15 05:31:47 PST,cbiesinger,Target Milestone,mozilla1.9alpha,---
2006-01-15 05:31:47 PST,cbiesinger,Last Resolved,2006-01-15 05:31:47,
2006-01-17 03:45:01 PST,jruderman,Group,,security
2008-07-31 02:49:14 PDT,timeless,Component,Document Navigation,History: Session
2008-07-31 02:49:14 PDT,timeless,QA Contact,docshell,history.session
2011-06-09 14:58:43 PDT,nobody,Crash Signature,[@ PresShell::EnumeratePlugins][@ StartPluginInstance],
