When, Who, What, Added, Removed
2006-01-13 13:55:15 PST,alex,Assignee,polvi,server-ops
2006-01-19 14:53:25 PST,asa,Group,,mozillaorgconfidential
2006-02-05 13:51:07 PST,asa,Status,RESOLVED,NEW
2006-02-05 13:51:07 PST,asa,Resolution,FIXED,---
2006-02-05 13:51:07 PST,asa,Last Resolved,2006-02-05 13:51:07,
2006-02-10 08:33:29 PST,asa,Status,REOPENED,RESOLVED
2006-02-10 08:33:29 PST,asa,Resolution,---,FIXED
2006-02-10 10:05:28 PST,alex,Status,RESOLVED,REOPENED
2006-02-10 10:05:28 PST,alex,Resolution,FIXED,---
2006-02-10 10:05:28 PST,alex,Last Resolved,2006-02-10 10:05:28,2006-02-05 13:51:07
2015-03-12 08:17:16 PDT,nobody,Product,mozilla.org Graveyard,mozilla.org
