When, Who, What, Added, Removed
2006-01-09 19:06:38 PST,dmose,Blocks,298366,
2006-01-27 13:10:56 PST,dmose,Blocks,,298366
2006-01-27 13:10:56 PST,dmose,Target Milestone,Lightning 0.2,---
2006-06-30 12:23:44 PDT,jminta,Flags,blocking0.3+,
2006-07-19 21:13:46 PDT,reed,Assignee,nobody,base
2006-08-01 13:34:02 PDT,jminta,Whiteboard,[swag:2d],
2006-08-10 18:27:10 PDT,jminta,Attachment #233193                Flags,first-review?(mattwillis), second-review?(dmose),
2006-08-10 19:26:43 PDT,mattwillis,Attachment #233193                Flags,first-review+,first-review?(mattwillis)
2006-08-10 20:02:32 PDT,dmose,Attachment #233193                Flags,second-review+,second-review?(dmose)
2006-08-11 09:35:21 PDT,jminta,Attachment #233193                Attachment description,part one (checked in),part one
2006-08-11 09:36:15 PDT,jminta,Whiteboard,[swag:1d],[swag:2d]
2006-08-11 09:36:15 PDT,jminta,Summary,All X-Compnents are serialized with BEGIN:X, rather than BEGIN:X-FOO,Failure to serialize X-Components
2006-08-13 06:25:08 PDT,ssitter,Summary,All X-Components are serialized with BEGIN:X, rather than BEGIN:X-FOO,All X-Compnents are serialized with BEGIN:X, rather than BEGIN:X-FOO
2006-08-19 11:57:30 PDT,mvl,Attachment #234605                Flags,first-review?(dmose),
2006-08-25 11:03:28 PDT,jminta,Whiteboard,[swag:1d][patch in hand],[swag:1d]
2006-08-31 06:04:03 PDT,mattwillis,Whiteboard,[swag:1d][patch in hand][needs review dmose],[swag:1d][patch in hand]
2006-09-02 11:40:39 PDT,mattwillis,Whiteboard,[swag:1d][patch in hand][needs review dmose][no l10n impact],[swag:1d][patch in hand][needs review dmose]
2006-09-07 09:58:43 PDT,mvl,Attachment #234605                Flags,first-review?(daniel.boelzle), second-review?(dmose),first-review?(dmose)
2006-09-08 00:58:48 PDT,dbo.moz,Attachment #234605                Flags,first-review+,first-review?(daniel.boelzle)
2006-09-11 15:54:48 PDT,dmose,Attachment #234605                Flags,second-review+,second-review?(dmose)
2006-09-11 15:55:28 PDT,dmose,Whiteboard,[swag:1d][patch in hand][needs updated patch][no l10n impact],[swag:1d][patch in hand][needs review dmose][no l10n impact]
2006-09-13 16:44:28 PDT,dmose,Whiteboard,[needs updated patch],[swag:1d][patch in hand][needs updated patch][no l10n impact]
2006-09-13 16:44:28 PDT,dmose,Assignee,mvl,nobody
2006-09-14 15:36:44 PDT,mattwillis,Whiteboard,[needs updated patch and checkin],[needs updated patch]
2006-09-18 04:39:29 PDT,mvl,Attachment #234605                Attachment is obsolete,1,0
2006-09-18 04:39:29 PDT,mvl,Attachment #238998                Flags,first-review+, second-review+,
2006-09-18 04:39:57 PDT,mvl,Whiteboard,[needs checkin mvl],[needs updated patch and checkin]
2006-09-18 13:49:30 PDT,mvl,Status,RESOLVED,NEW
2006-09-18 13:49:30 PDT,mvl,Resolution,FIXED,---
2006-09-18 13:49:30 PDT,mvl,Last Resolved,2006-09-18 13:49:30,
2006-09-18 13:55:44 PDT,mattwillis,Whiteboard,,[needs checkin mvl]
2011-11-27 15:03:45 PST,philipp,Whiteboard,[libical-upstream?],
