When, Who, What, Added, Removed
2006-01-09 08:23:06 PST,iann_bugzilla,Summary,Move tier_94 and tier_98 into tier_99,Move tier_94 and tier_95 into tier_99
2006-01-09 08:33:03 PST,iann_bugzilla,Summary,Merge tier_94, tier_97 and tier_98 into tier_99,Move tier_94 and tier_98 into tier_99
2006-01-09 08:37:02 PST,iann_bugzilla,Status,ASSIGNED,NEW
2006-01-09 08:37:02 PST,iann_bugzilla,Assignee,iann_bugzilla,nobody
2006-01-09 08:41:49 PST,bzbarsky,CC,benjamin,
2006-01-09 13:09:40 PST,gavin.sharp,CC,gavin.sharp,
2006-01-09 14:55:13 PST,iann_bugzilla,Attachment #207983                Flags,review?(benjamin),
2006-01-10 12:13:24 PST,benjamin,Attachment #207983                Flags,review+,review?(benjamin)
2006-01-10 15:11:02 PST,iann_bugzilla,Attachment #207983                Flags,approval1.8.1?,
2006-01-10 15:11:02 PST,iann_bugzilla,Attachment #207983                Attachment description,Provisional Patch v0.1 (Checked into trunk),Provisional Patch v0.1
2006-01-10 15:11:21 PST,iann_bugzilla,Status,RESOLVED,ASSIGNED
2006-01-10 15:11:21 PST,iann_bugzilla,Resolution,FIXED,---
2006-01-10 15:11:21 PST,iann_bugzilla,Last Resolved,2006-01-10 15:11:21,
2006-01-12 14:56:02 PST,mscott,CC,mscott,
2006-01-30 12:41:20 PST,benjamin,Attachment #207983                Flags,branch-1.8.1+,approval1.8.1?
2006-01-30 15:59:29 PST,iann_bugzilla,Keywords,fixed1.8.1,
