When, Who, What, Added, Removed
2006-01-09 10:54:24 PST,steve.england,CC,steve.england,
2006-01-09 11:28:42 PST,bugzilla,CC,bugzilla,
2006-01-09 13:07:54 PST,gavin.sharp,CC,gavin.sharp,
2006-01-09 13:19:07 PST,bzbarsky,Flags,blocking1.9a1?,
2006-01-09 13:42:14 PST,doronr,Assignee,doronr,nobody
2006-01-09 14:10:34 PST,doronr,Attachment #208016                Flags,review?,
2006-01-09 17:09:36 PST,martijn.martijn,CC,martijn.martijn,
2006-01-09 18:09:13 PST,doronr,Attachment #208016                Flags,review?(mconnor),review?
2006-01-10 12:35:38 PST,ispiked,CC,ispiked,
2006-01-10 22:55:50 PST,robert,CC,rparenton,
2006-01-12 07:42:24 PST,alex,CC,alex,
2006-01-21 08:08:59 PST,asaf,CC,bugs.mano,
2006-01-21 23:44:38 PST,gavin.sharp,CC,emaijala,
2006-01-23 16:30:45 PST,supernova00,CC,supernova_00,
2006-01-25 19:52:36 PST,jruderman,Summary,Can't install plugins with Plugin Finder - gets stuck at license,Can't install plugins
2006-01-26 23:05:05 PST,mrbkap,CC,mrbkap,
2006-01-27 21:11:56 PST,bugs-bmo,CC,unknown,
2006-01-28 05:20:50 PST,pike,CC,pike,
2006-01-30 03:44:57 PST,peteweb,CC,peteweb,
2006-02-03 20:49:23 PST,ryanvm,CC,ryanvm,
2006-02-05 12:37:38 PST,doronr,CC,robert.bugzilla,
2006-02-06 11:33:53 PST,robert.strong.bugs,Attachment #208016                Flags,review+,review?(mconnor)
2006-02-06 13:59:24 PST,doronr,Status,RESOLVED,NEW
2006-02-06 13:59:24 PST,doronr,Resolution,FIXED,---
2006-02-06 13:59:24 PST,doronr,Last Resolved,2006-02-06 13:59:24,
2006-02-28 16:50:13 PST,gavin.sharp,Flags,,blocking1.9a1?
2006-02-28 17:21:05 PST,gavin.sharp,Attachment #208016                Flags,approval-branch-1.8.1?(mconnor),
2006-02-28 17:21:48 PST,gavin.sharp,CC,easterlingman,
2006-02-28 17:23:30 PST,gavin.sharp,Flags,blocking-firefox2?,
2006-03-01 10:26:10 PST,mconnor,Attachment #208016                Flags,approval-branch-1.8.1+,approval-branch-1.8.1?(mconnor)
2006-03-01 10:26:22 PST,mconnor,Flags,blocking-firefox2+,blocking-firefox2?
2006-03-01 10:31:54 PST,gavin.sharp,OS,All,Windows 2000
2006-03-01 10:31:54 PST,gavin.sharp,Target Milestone,Firefox 2 alpha1,---
2006-03-01 10:31:54 PST,gavin.sharp,Keywords,fixed1.8.1,
2006-03-01 10:31:54 PST,gavin.sharp,Version,2.0 Branch,Trunk
2006-03-01 10:31:54 PST,gavin.sharp,Hardware,All,PC
2006-03-12 19:04:55 PST,robert,CC,,rparenton
2006-08-29 13:23:09 PDT,cbook,Status,VERIFIED,RESOLVED
2006-08-29 13:23:09 PDT,cbook,CC,carstenbook,
2006-08-29 13:56:56 PDT,cbook,Keywords,verified1.8.1,fixed1.8.1
2008-07-31 04:30:00 PDT,nobody,Product,Toolkit,Firefox
2014-09-24 05:45:32 PDT,nobody,Product,Toolkit Graveyard,Toolkit
