When, Who, What, Added, Removed
2006-01-09 11:19:34 PST,mscott,Status,ASSIGNED,UNCONFIRMED
2006-01-09 11:19:34 PST,mscott,Target Milestone,Thunderbird2.0,---
2006-01-09 11:19:34 PST,mscott,Ever confirmed,1,0
2006-01-09 13:06:35 PST,mscott,Severity,normal,enhancement
2006-04-18 12:54:52 PDT,mscott,Attachment #218869                Flags,superreview?(benjamin),
2006-04-20 13:40:21 PDT,bob,CC,bclary,
2006-04-21 13:28:52 PDT,benjamin,Attachment #218869                Flags,superreview+,superreview?(benjamin)
2006-04-21 13:36:02 PDT,mscott,Attachment #218869                Flags,approval1.8.0.3?,
2006-04-21 13:43:02 PDT,mscott,Keywords,fixed1.8.1,
2006-04-21 13:43:02 PDT,mscott,Status,RESOLVED,ASSIGNED
2006-04-21 13:43:02 PDT,mscott,Resolution,FIXED,---
2006-04-21 13:43:02 PDT,mscott,Last Resolved,2006-04-21 13:43:02,
2006-04-24 16:25:13 PDT,dveditz,Attachment #218869                Flags,approval1.8.0.3+,approval1.8.0.3?
2006-04-25 20:49:45 PDT,mscott,Keywords,fixed1.8.0.4,
2007-02-20 10:44:30 PST,bob,CC,,bclary
