When, Who, What, Added, Removed
2006-01-09 19:29:20 PST,mtschrep,CC,polvi,
2006-01-09 19:30:05 PST,mtschrep,CC,cbeard, morgamic, darin,
2006-01-09 19:30:23 PST,mtschrep,Assignee,cbeard,Bugzilla-alanjstrBugs
2006-01-09 21:02:41 PST,Bugzilla-alanjstrBugs,CC,Bugzilla-alanjstrBugs,
2006-01-10 05:44:27 PST,gavin.sharp,CC,gavin.sharp,
2006-01-10 13:03:47 PST,djcater+bugzilla,CC,DJCater,
2006-01-10 18:26:29 PST,vhaarr+bmo,CC,vhaarr+bmo,
2006-01-10 18:32:52 PST,morgamic,Assignee,morgamic,cbeard
2006-01-10 18:32:52 PST,morgamic,CC,,morgamic
2006-01-10 18:47:06 PST,morgamic,Status,ASSIGNED,NEW
2006-01-17 11:06:36 PST,rebron,CC,rebron,
2006-01-26 22:25:36 PST,morgamic,URL,https://update-staging.mozilla.org/~morgamic/survey/webroot/,
2006-02-28 10:40:34 PST,l10n,CC,l10n,
2006-02-28 18:03:09 PST,brianr,CC,brianr,
2006-03-01 06:25:00 PST,awpoon,CC,awpoon,
2006-03-01 17:56:51 PST,pkim,CC,pkim,
2006-03-07 11:24:14 PST,morgamic,Product,mozilla.org,Update
2006-03-07 11:24:14 PST,morgamic,Version,other,unspecified
2006-03-07 11:24:14 PST,morgamic,Status,NEW,ASSIGNED
2006-03-07 11:24:14 PST,morgamic,Component,Server Operations,Web Site
2006-03-07 11:24:14 PST,morgamic,Assignee,server-ops,morgamic
2006-03-07 11:24:14 PST,morgamic,Target Milestone,---,1.0
2006-03-09 10:29:06 PST,morgamic,CC,davel,
2006-03-09 10:32:51 PST,mozmail,Severity,blocker,normal
2006-03-09 10:32:51 PST,mozmail,CC,dveditz, timr,
2006-03-09 14:55:17 PST,aravind,Assignee,aravind,server-ops
2006-03-10 13:16:33 PST,aravind,Status,RESOLVED,NEW
2006-03-10 13:16:33 PST,aravind,Resolution,FIXED,---
2006-03-10 13:16:33 PST,aravind,Last Resolved,2006-03-10 13:16:33,
2006-03-13 12:14:24 PST,mozmail,Resolution,---,FIXED
2006-03-13 12:14:24 PST,mozmail,Status,REOPENED,RESOLVED
2006-03-13 15:40:44 PST,sherman,CC,sherman,
2006-03-14 05:31:18 PST,mbeltzner,CC,beltzner,
2006-03-19 08:27:49 PST,asqueella,CC,asqueella,
2006-03-21 20:36:09 PST,aravind,Status,RESOLVED,REOPENED
2006-03-21 20:36:09 PST,aravind,Resolution,FIXED,---
2006-03-21 20:36:09 PST,aravind,Last Resolved,2006-03-21 20:36:09,2006-03-10 13:16:33
2006-03-24 13:48:38 PST,mozmail,CC,marcia,
2006-03-24 13:52:13 PST,mozmail,Status,REOPENED,RESOLVED
2006-03-24 13:52:13 PST,mozmail,Resolution,---,FIXED
2006-03-24 14:22:38 PST,reed,CC,reed,
2006-03-24 14:28:40 PST,morgamic,Status,NEW,REOPENED
2006-03-24 14:28:40 PST,morgamic,Assignee,morgamic,aravind
2006-03-24 15:55:34 PST,mscott,CC,mscott,
2006-03-24 16:01:39 PST,morgamic,Status,ASSIGNED,NEW
2006-03-29 21:18:26 PST,justin,Status,RESOLVED,ASSIGNED
2006-03-29 21:18:26 PST,justin,Resolution,FIXED,---
2006-03-29 21:18:26 PST,justin,CC,justin,
2006-03-29 21:18:26 PST,justin,Last Resolved,2006-03-29 21:18:26,2006-03-21 20:36:09
2006-11-10 12:13:50 PST,mozmail,CC,,davel
2015-03-12 08:17:16 PDT,nobody,Product,mozilla.org Graveyard,mozilla.org
