When, Who, What, Added, Removed
2006-01-09 05:27:40 PST,peter.vanderwoude,CC,peter.vanderwoude,
2006-01-09 06:38:31 PST,peter.vanderwoude,Keywords,regression,
2006-01-09 07:06:40 PST,supernova00,Summary,CTRL++ (+= key) to Increase text size does not work,CTRL++ and View->Text size->Increase does not work
2006-01-09 07:13:09 PST,supernova00,Summary,CTRL+(+= key) to increase text size does not work,CTRL++ (+= key) to Increase text size does not work
2006-01-09 07:24:18 PST,peter.vanderwoude,CC,Dainis_Jonitis, emaijala,
2006-01-09 07:25:56 PST,polidobj,CC,polidobj,
2006-01-09 08:25:04 PST,supernova00,Blocks,287179,
2006-01-09 08:29:48 PST,masayuki,CC,masayuki,
2006-01-09 08:57:22 PST,jonitis,Assignee,Dainis_Jonitis,general
2006-01-09 13:10:27 PST,gavin.sharp,CC,gavin.sharp,
2006-01-09 14:44:58 PST,jonitis,Attachment #208022                Flags,review?(emaijala),
2006-01-09 14:45:50 PST,jonitis,Component,Widget: Win32,DOM: Views and Formatting
2006-01-09 14:45:50 PST,jonitis,Status,ASSIGNED,NEW
2006-01-10 07:47:22 PST,emaijala+moz,Attachment #208022                Flags,review+,review?(emaijala)
2006-01-10 10:16:46 PST,rmp,CC,rpraetorius,
2006-01-10 12:42:47 PST,ispiked,CC,ispiked,
2006-01-11 21:28:33 PST,alex,CC,alex,
2006-01-13 02:42:57 PST,raj,CC,raj,
2006-01-14 07:21:27 PST,jonitis,Status,RESOLVED,ASSIGNED
2006-01-14 07:21:27 PST,jonitis,Resolution,FIXED,---
2006-01-14 07:21:27 PST,jonitis,Last Resolved,2006-01-14 07:21:27,
2006-01-16 16:22:38 PST,robert,CC,rparenton,
2006-03-12 19:04:53 PST,robert,CC,,rparenton
