When, Who, What, Added, Removed
2006-01-09 23:45:19 PST,tatjanaj,Attachment #208065                Flags,approval-l10n?,
2006-01-09 23:47:40 PST,tatjanaj,Attachment #208066                Flags,approval-l10n?,
2006-01-09 23:48:28 PST,tatjanaj,CC,grigas,
2006-01-10 08:13:39 PST,l10n,Attachment #208065                Flags,approval-l10n+,approval-l10n?
2006-01-10 08:18:13 PST,l10n,Attachment #208066                Flags,approval-l10n+,approval-l10n?
2006-01-11 00:20:15 PST,tatjanaj,Attachment #208065                Attachment description,lt patches [fixed 1.8],lt patches
2006-01-11 00:21:03 PST,tatjanaj,Attachment #208066                Attachment description,lt bookmarks [fixed 1.8],lt bookmarks
2007-01-23 01:42:19 PST,tatjanaj,Status,RESOLVED,NEW
2007-01-23 01:42:19 PST,tatjanaj,Resolution,FIXED,---
2007-01-23 01:42:19 PST,tatjanaj,Last Resolved,2007-01-23 01:42:19,
2007-01-23 02:50:46 PST,rimas,Component,lt-LT / Lithuanian,Other
