When, Who, What, Added, Removed
2006-01-09 13:11:02 PST,gavin.sharp,CC,gavin.sharp,
2006-01-10 12:34:49 PST,ispiked,CC,ispiked,
2006-01-15 17:29:19 PST,bzbarsky,Depends on,317275,
2006-01-17 12:03:05 PST,jaymoz,CC,jay,
2006-01-18 21:26:10 PST,bzbarsky,Assignee,bzbarsky,nobody
2006-01-18 21:26:40 PST,bzbarsky,Resolution,FIXED,---
2006-01-18 21:26:40 PST,bzbarsky,Target Milestone,mozilla1.9alpha,---
2006-01-18 21:26:40 PST,bzbarsky,Last Resolved,2006-01-18 21:26:40,
2006-01-18 21:26:40 PST,bzbarsky,Status,RESOLVED,NEW
2006-01-27 03:42:18 PST,martijn.martijn,Status,VERIFIED,RESOLVED
2011-06-09 14:58:43 PDT,nobody,Crash Signature,[@ nsCSSFrameConstructor::RemoveFirstLetterFrames],
