When, Who, What, Added, Removed
2006-01-09 01:16:14 PST,wurblzap,Whiteboard,[Good Intro Bug],
2006-01-09 01:16:14 PST,wurblzap,Summary,Spelling mistake in docs, section "Searching for Bugs",a spelling's mistake
2006-01-09 01:16:14 PST,wurblzap,Version,2.21,unspecified
2006-01-09 01:16:14 PST,wurblzap,Status,NEW,UNCONFIRMED
2006-01-09 01:16:14 PST,wurblzap,Severity,trivial,enhancement
2006-01-09 01:16:14 PST,wurblzap,Target Milestone,Bugzilla 2.22,---
2006-01-09 01:16:14 PST,wurblzap,Ever confirmed,1,0
2006-01-09 15:42:30 PST,supernova00,Status,ASSIGNED,NEW
2006-01-09 15:42:30 PST,supernova00,Assignee,supernova_00,documentation
2006-01-09 15:42:30 PST,supernova00,Attachment #208030                Flags,review?,
2006-01-09 15:43:27 PST,supernova00,Attachment #208030                Flags,review?(LpSolit),review?
2006-01-09 15:45:19 PST,LpSolit,Attachment #208030                Flags,review+,review?(LpSolit)
2006-01-09 15:52:02 PST,supernova00,Whiteboard,[checkin needed],[Good Intro Bug]
2006-01-11 18:37:38 PST,LpSolit,Whiteboard,,[checkin needed]
2006-01-11 18:37:38 PST,LpSolit,Status,RESOLVED,ASSIGNED
2006-01-11 18:37:38 PST,LpSolit,Resolution,FIXED,---
2006-01-11 18:37:38 PST,LpSolit,Target Milestone,Bugzilla 2.20,Bugzilla 2.22
2006-01-11 18:37:38 PST,LpSolit,Last Resolved,2006-01-11 18:37:38,
