When, Who, What, Added, Removed
2006-01-11 10:33:55 PST,mozillamarcia.knous,Status,RESOLVED,NEW
2006-01-11 10:33:55 PST,mozillamarcia.knous,Resolution,FIXED,---
2006-01-11 10:33:55 PST,mozillamarcia.knous,Last Resolved,2006-01-11 10:33:55,
2006-01-12 02:36:03 PST,bob,Status,REOPENED,RESOLVED
2006-01-12 02:36:03 PST,bob,Resolution,---,FIXED
2006-01-12 12:05:43 PST,mozillamarcia.knous,Status,NEW,REOPENED
2006-01-12 12:05:43 PST,mozillamarcia.knous,Assignee,justdave,marcia
2006-01-12 13:47:29 PST,justdave,CC,marcia,
2006-01-12 13:47:29 PST,justdave,Assignee,server-ops,justdave
2006-01-16 00:54:46 PST,aravind,Assignee,aravind,server-ops
2006-01-16 00:55:25 PST,aravind,Status,RESOLVED,NEW
2006-01-16 00:55:25 PST,aravind,Resolution,FIXED,---
2006-01-16 00:55:25 PST,aravind,Last Resolved,2006-01-16 00:55:25,2006-01-11 10:33:55
2006-01-16 11:27:43 PST,bob,Status,VERIFIED,RESOLVED
