When, Who, What, Added, Removed
2006-01-09 12:34:58 PST,aqualon,Attachment #207976                Flags,review?(dbaron),
2006-01-09 15:35:23 PST,aqualon,Attachment #208027                Flags,review?,
2006-01-09 15:35:23 PST,aqualon,Attachment #207976                Flags,,review?(dbaron)
2006-01-09 15:35:23 PST,aqualon,Attachment #207976                Attachment is obsolete,1,0
2006-01-09 15:36:30 PST,aqualon,Attachment #208027                Flags,review?(dbaron),review?
2006-01-09 15:42:55 PST,dbaron,Attachment #208027                Flags,review+,review?(dbaron)
2006-01-10 01:01:43 PST,reed,Status,NEW,UNCONFIRMED
2006-01-10 01:01:43 PST,reed,Assignee,mozilla,mozilla.webmaster
2006-01-10 01:01:43 PST,reed,CC,reed,
2006-01-10 01:01:43 PST,reed,Ever confirmed,1,0
2006-01-10 01:02:16 PST,reed,Status,ASSIGNED,NEW
2006-01-10 13:02:37 PST,reed,Status,RESOLVED,ASSIGNED
2006-01-10 13:02:37 PST,reed,Resolution,FIXED,---
2006-01-10 13:02:37 PST,reed,Last Resolved,2006-01-10 13:02:37,
2006-01-10 15:06:39 PST,reed,Status,VERIFIED,RESOLVED
2008-07-31 04:30:00 PDT,nobody,Product,Websites,mozilla.org
2012-08-23 00:16:07 PDT,nobody,Product,www.mozilla.org,Websites
2012-08-23 00:16:07 PDT,nobody,Component,General,www.mozilla.org
