When, Who, What, Added, Removed
2006-01-09 10:01:56 PST,joseph.wright,CC,joseph.wright,
2006-06-27 15:08:24 PDT,aaronlev,Assignee,hwaara,nobody
2006-06-27 15:40:45 PDT,hwaara,Status,NEW,UNCONFIRMED
2006-06-27 15:40:45 PDT,hwaara,Ever confirmed,1,0
2006-06-28 08:46:03 PDT,hwaara,Blocks,342989,
2006-06-30 07:25:01 PDT,aaronlev,Keywords,access,
2006-11-28 04:43:09 PST,hwaara,Status,RESOLVED,NEW
2006-11-28 04:43:09 PST,hwaara,Resolution,FIXED,---
2006-11-28 04:43:09 PST,hwaara,Last Resolved,2006-11-28 04:43:09,
