When, Who, What, Added, Removed
2006-01-10 06:10:48 PST,benjamin,CC,brendan, shaver,
2006-01-10 06:48:40 PST,gavin.sharp,CC,gavin.sharp,
2006-01-10 08:32:47 PST,bob,CC,bob,
2006-01-22 21:05:59 PST,mozmail,Attachment #209327                Flags,review?,
2006-01-23 10:54:46 PST,matthew.gertner,CC,matthew,
2006-01-23 22:07:40 PST,mozmail,Attachment #209327                Flags,,review?
2006-01-23 22:09:16 PST,mozmail,Attachment #208231                Attachment is obsolete,1,0
2006-01-23 22:09:16 PST,mozmail,Attachment #209327                Attachment is obsolete,1,0
2006-01-23 22:09:16 PST,mozmail,Attachment #209422                Flags,review?(darin),
2006-01-23 22:10:39 PST,mozmail,Attachment #209422                Flags,review?(bzbarsky),
2006-01-23 22:19:19 PST,bzbarsky,Attachment #209422                Flags,review+,review?(bzbarsky)
2006-01-25 18:42:53 PST,darin.moz,Attachment #209422                Flags,review+,review?(darin)
2006-01-25 19:43:24 PST,mozmail,Attachment #209422                Flags,superreview?(benjamin),
2006-01-27 12:21:48 PST,benjamin,Attachment #209422                Flags,superreview+,superreview?(benjamin)
2006-01-30 15:18:13 PST,mozmail,Status,RESOLVED,NEW
2006-01-30 15:18:13 PST,mozmail,Resolution,FIXED,---
2006-01-30 15:18:13 PST,mozmail,Last Resolved,2006-01-30 15:18:13,
2006-01-30 15:22:42 PST,mozmail,Attachment #210185                Flags,review?(darin), branch-1.8.1?(darin),
2006-01-31 06:18:48 PST,darin.moz,Attachment #210185                Flags,review+, branch-1.8.1+,review?(darin), branch-1.8.1?(darin)
2006-01-31 22:04:13 PST,mozmail,Keywords,fixed1.8.1,
2006-11-09 14:21:04 PST,mi+mozilla,CC,mi+mozilla,
