When, Who, What, Added, Removed
2006-01-09 16:07:33 PST,asqueella,CC,asqueella,
2006-01-09 16:07:33 PST,asqueella,Keywords,crash,
2006-01-09 16:07:33 PST,asqueella,Summary,ARM crash [@ XPTC_InvokeByIndex],ARM XPTC_InvokeByIndex
2006-01-09 16:07:33 PST,asqueella,Product,Core,Firefox
2006-01-09 16:07:33 PST,asqueella,Version,1.8 Branch,unspecified
2006-01-09 16:07:33 PST,asqueella,Severity,critical,normal
2006-01-09 16:07:33 PST,asqueella,Component,XPCOM,General
2006-01-09 16:07:33 PST,asqueella,Assignee,dougt,nobody
2006-01-09 16:07:33 PST,asqueella,QA Contact,xpcom,general
2006-01-09 16:16:15 PST,gavin.sharp,CC,gavin.sharp,
2006-01-09 16:27:11 PST,timeless,CC,jeroen.dobbelaere, rmk, sh990154, crichton,
2006-01-09 16:27:11 PST,timeless,Depends on,106864,
2006-05-31 23:34:33 PDT,timeless,CC,gdx,
2006-05-31 23:46:56 PDT,timeless,Attachment #208034                Flags,review+, superreview?(shaver),
2006-06-22 15:18:28 PDT,s_j_newbury,CC,s_j_newbury,
2006-10-30 13:38:45 PST,shaver,Attachment #208034                Flags,,superreview?(shaver)
2006-12-05 19:15:46 PST,ajschult,Status,NEW,UNCONFIRMED
2006-12-05 19:15:46 PST,ajschult,Ever confirmed,1,0
2006-12-08 02:25:48 PST,timeless,Attachment #208034                Attachment is obsolete,1,0
2007-01-07 02:46:50 PST,timeless,Status,RESOLVED,NEW
2007-01-07 02:46:50 PST,timeless,Resolution,FIXED,---
2007-01-07 02:46:50 PST,timeless,Last Resolved,2007-01-07 02:46:50,
2007-01-07 02:48:11 PST,timeless,Assignee,apm,dougt
2011-06-09 14:58:43 PDT,nobody,Crash Signature,[@ XPTC_InvokeByIndex],
