When, Who, What, Added, Removed
2006-01-09 13:53:28 PST,alqahira,Flags,camino1.0?,
2006-01-12 01:34:19 PST,ludovic,Status,ASSIGNED,NEW
2006-01-12 01:35:14 PST,ludovic,Status,NEW,ASSIGNED
2006-01-12 01:35:14 PST,ludovic,Assignee,qa-mozilla,mikepinkerton
2006-01-12 01:51:08 PST,alqahira,CC,mikepinkerton,
2006-01-15 05:33:35 PST,ludovic,Status,RESOLVED,NEW
2006-01-15 05:33:35 PST,ludovic,Resolution,INVALID,---
2006-01-15 05:33:35 PST,ludovic,Last Resolved,2006-01-15 05:33:35,
2006-01-15 21:41:53 PST,alqahira,Status,VERIFIED,RESOLVED
2006-01-15 21:41:53 PST,alqahira,Flags,,camino1.0?
2009-07-07 12:07:00 PDT,alqahira,Resolution,FIXED,INVALID
2009-07-07 12:07:00 PDT,alqahira,Component,Translations,General
2009-07-07 12:07:00 PDT,alqahira,QA Contact,translations,
