When, Who, What, Added, Removed
2006-01-09 01:27:41 PST,m.testi,CC,sfraser_bugs,
2006-01-09 07:53:28 PST,stuart.morgan+bugzilla,CC,stuart.morgan,
2006-01-09 07:53:28 PST,stuart.morgan+bugzilla,Ever confirmed,1,0
2006-01-09 07:53:28 PST,stuart.morgan+bugzilla,Status,NEW,UNCONFIRMED
2006-01-09 08:27:55 PST,sfraser_bugs,Assignee,sfraser_bugs,mikepinkerton
2006-01-09 09:18:05 PST,alqahira,CC,bugzilla,
2006-01-09 09:18:05 PST,alqahira,Target Milestone,Camino1.0,---
2006-01-09 09:18:05 PST,alqahira,Flags,camino1.0?,
2006-01-12 22:07:56 PST,samuel.sidler+old,Flags,camino1.0+,camino1.0?
2006-01-12 22:09:18 PST,alqahira,Keywords,regression,
2006-01-15 13:20:30 PST,sfraser_bugs,Keywords,fixed1.8.0.1, fixed1.8.1,
2006-01-15 13:20:30 PST,sfraser_bugs,Status,RESOLVED,NEW
2006-01-15 13:20:30 PST,sfraser_bugs,Resolution,FIXED,---
2006-01-15 13:20:30 PST,sfraser_bugs,Last Resolved,2006-01-15 13:20:30,
