When, Who, What, Added, Removed
2006-01-09 21:51:53 PST,bugzilla-graveyard,Assignee,alqahira,mikepinkerton
2006-01-09 21:51:53 PST,bugzilla-graveyard,CC,mikepinkerton,
2006-01-09 23:30:32 PST,alqahira,Attachment #208062                Attachment is obsolete,1,0
2006-01-09 23:54:22 PST,alqahira,Attachment #208064                Attachment is obsolete,1,0
2006-01-10 22:23:54 PST,bugzilla-graveyard,Attachment #208056                Attachment is obsolete,1,0
2006-01-10 23:12:37 PST,bugzilla-graveyard,Attachment #208175                Attachment is obsolete,1,0
2006-01-10 23:13:45 PST,bugzilla-graveyard,Summary,Input type="file" and disabled input type="image" has opaque/white background in Camino,Input type="file" has opaque/white background in Camino
2006-01-11 17:16:47 PST,bugzilla-graveyard,Version,Trunk,unspecified
2006-01-11 17:16:47 PST,bugzilla-graveyard,Component,Layout: Form Controls,HTML Form Controls
2006-01-11 17:16:47 PST,bugzilla-graveyard,Product,Core,Camino
2006-01-11 17:18:37 PST,bugzilla-graveyard,Hardware,All,Macintosh
2006-01-11 17:18:37 PST,bugzilla-graveyard,OS,All,MacOS X
2006-01-11 17:29:09 PST,bugzilla-graveyard,CC,bzbarsky,
2006-01-11 19:17:51 PST,bugzilla-graveyard,CC,dbaron,
2006-01-12 01:31:19 PST,alqahira,Assignee,nobody,alqahira
2006-01-12 01:31:19 PST,alqahira,QA Contact,layout.form-controls,
2006-01-12 22:37:48 PST,bugzilla-graveyard,Attachment #208354                Flags,review?,
2006-01-12 22:42:24 PST,samuel.sidler+old,Attachment #208354                Flags,review?(bzbarsky), superreview?(dbaron),review?
2006-01-12 22:47:25 PST,bzbarsky,Attachment #208354                Flags,review?(dbaron),review?(bzbarsky)
2006-01-13 23:46:43 PST,bugzilla-graveyard,Summary,Input type="file" has opaque/white background,Input type="file" and disabled input type="image" has opaque/white background in Camino
2006-01-24 21:09:21 PST,dbaron,Attachment #208354                Flags,review-, superreview-,review?(dbaron), superreview?(dbaron)
2006-01-24 21:30:34 PST,bzbarsky,Attachment #208354                Flags,review?(dbaron), superreview?(dbaron),review-, superreview-
2006-01-24 22:01:42 PST,dbaron,Attachment #208354                Flags,review+, superreview+,review?(dbaron), superreview?(dbaron)
2006-01-24 22:03:26 PST,samuel.sidler+old,Attachment #208354                Flags,approval1.8.0.2?, approval1.8.1?,
2006-01-24 22:06:13 PST,samuel.sidler+old,Assignee,bzbarsky,nobody
2006-01-30 11:47:28 PST,samuel.sidler+old,Attachment #208354                Flags,branch-1.8.1?(dbaron),approval1.8.1?
2006-02-02 20:41:01 PST,mark,Whiteboard,[camino-1.0],
2006-02-05 11:56:44 PST,dbaron,Attachment #210774                Flags,branch-1.8.1+,
2006-02-05 11:57:03 PST,dbaron,Attachment #208354                Flags,branch-1.8.1-,branch-1.8.1?(dbaron)
2006-02-05 12:11:21 PST,gavin.sharp,CC,gavin.sharp,
2006-02-05 14:58:03 PST,bzbarsky,Status,RESOLVED,NEW
2006-02-05 14:58:03 PST,bzbarsky,Resolution,FIXED,---
2006-02-05 14:58:03 PST,bzbarsky,Target Milestone,mozilla1.8.1,---
2006-02-05 14:58:03 PST,bzbarsky,Last Resolved,2006-02-05 14:58:03,
2006-02-05 14:58:03 PST,bzbarsky,Keywords,fixed1.8.1,
2006-02-05 15:05:33 PST,samuel.sidler+old,Attachment #208354                Flags,,approval1.8.0.2?
2006-02-05 15:06:36 PST,samuel.sidler+old,Attachment #210774                Flags,approval1.8.0.2?,
2006-02-22 11:56:11 PST,dveditz,Attachment #210774                Flags,approval1.8.0.2-,approval1.8.0.2?
2006-03-07 16:25:26 PST,samuel.sidler+old,CC,mark,
2006-03-07 17:01:43 PST,samuel.sidler+old,Attachment #210774                Flags,approval1.8.0.3?,
2006-04-05 11:58:42 PDT,timr,Attachment #210774                Flags,approval1.8.0.3+,approval1.8.0.3?
2006-04-05 12:01:58 PDT,dbaron,CC,roc,
2006-04-05 16:55:50 PDT,bzbarsky,Attachment #217354                Flags,review?(roc), superreview?(roc), approval-branch-1.8.1?(roc), approval1.8.0.3?,
2006-04-06 01:31:18 PDT,roc,Attachment #217354                Flags,review+, superreview+, approval-branch-1.8.1+,review?(roc), superreview?(roc), approval-branch-1.8.1?(roc)
2006-04-07 13:22:30 PDT,bzbarsky,Flags,blocking1.8.0.3?,
2006-04-10 11:58:12 PDT,jaymoz,Flags,blocking1.8.0.3+,blocking1.8.0.3?
2006-04-10 12:06:48 PDT,bzbarsky,CC,darin,
2006-04-18 15:14:54 PDT,mark,Whiteboard,[camino-1.0][camino-1.0.1],[camino-1.0]
2006-04-19 12:17:17 PDT,dveditz,Attachment #217354                Flags,approval1.8.0.3+,approval1.8.0.3?
2006-04-19 19:43:15 PDT,bzbarsky,Keywords,fixed1.8.0.3,
2006-08-15 17:23:10 PDT,bzbarsky,Version,1.8 Branch,Trunk
