When, Who, What, Added, Removed
2006-01-09 15:51:35 PST,engel,Status,ASSIGNED,NEW
2006-01-09 15:51:35 PST,engel,CC,stephen.donner,
2006-01-09 15:53:07 PST,engel,Depends on,312599,
2006-01-09 15:54:40 PST,engel,Depends on,,312599
2006-01-09 15:54:40 PST,engel,Blocks,312599,
2006-01-09 15:56:43 PST,engel,Attachment #208032                Flags,review?(bienvenu),
2006-01-09 15:57:05 PST,engel,CC,bienvenu,
2006-02-17 14:58:07 PST,mozilla,Status,RESOLVED,ASSIGNED
2006-02-17 14:58:07 PST,mozilla,Resolution,FIXED,---
2006-02-17 14:58:07 PST,mozilla,Last Resolved,2006-02-17 14:58:07,
2006-02-18 12:33:59 PST,bugzilla,CC,bugzilla,
2006-02-18 12:38:43 PST,stephen.donner,Attachment #208032                Flags,,review?(bienvenu)
2006-02-19 14:07:27 PST,engel,Depends on,327754,
2006-02-24 10:12:58 PST,mozilla,Keywords,fixed1.8.1,
2009-01-22 10:17:27 PST,nobody,Product,MailNews Core,Core
