When, Who, What, Added, Removed
2006-01-09 15:48:21 PST,wtc,Severity,trivial,normal
2006-03-28 11:33:53 PST,nelson,Whiteboard,FIPS,
2006-03-28 11:33:53 PST,nelson,Priority,P3,--
2006-03-30 15:33:39 PST,nelson,QA Contact,libraries,jason.m.reid
2008-10-09 14:16:30 PDT,glenbeasley,Blocks,459298,
2008-10-14 14:58:00 PDT,nelson,Whiteboard,,FIPS
2008-10-14 15:04:58 PDT,glenbeasley,Blocks,,459298
2010-09-27 18:12:52 PDT,brian,CC,bsmith,
2015-02-22 10:28:26 PST,cykesiopka.bmo,Status,RESOLVED,NEW
2015-02-22 10:28:26 PST,cykesiopka.bmo,CC,cykesiopka.bmo,
2015-02-22 10:28:26 PST,cykesiopka.bmo,Resolution,FIXED,---
2015-02-22 10:28:26 PST,cykesiopka.bmo,Assignee,rrelyea,wtc
2015-02-22 10:28:26 PST,cykesiopka.bmo,Target Milestone,3.11.1,---
2015-02-22 10:28:26 PST,cykesiopka.bmo,Last Resolved,2015-02-22 10:28:26,
