When, Who, What, Added, Removed
2006-01-09 15:39:55 PST,jminta,Assignee,jminta,base
2006-01-09 18:56:50 PST,dmose,Attachment #208049                Flags,first-review?(jminta),
2006-01-09 18:57:54 PST,dmose,Blocks,298366,
2006-01-09 19:00:27 PST,jminta,Attachment #208049                Flags,first-review+,first-review?(jminta)
2006-01-09 19:04:09 PST,dmose,Status,RESOLVED,NEW
2006-01-09 19:04:09 PST,dmose,Resolution,FIXED,---
2006-01-09 19:04:09 PST,dmose,Last Resolved,2006-01-09 19:04:09,
2006-01-21 16:13:34 PST,ssitter,Status,REOPENED,RESOLVED
2006-01-21 16:13:34 PST,ssitter,Resolution,---,FIXED
2006-01-27 13:43:30 PST,dmose,Blocks,,298366
2006-01-27 13:43:30 PST,dmose,Target Milestone,Lightning 0.2,---
2006-02-19 10:11:50 PST,jminta,Attachment #212393                Flags,first-review?(mvl),
2006-02-19 12:04:15 PST,mvl,Attachment #212393                Flags,first-review+,first-review?(mvl)
2006-02-22 20:00:48 PST,jminta,Status,RESOLVED,REOPENED
2006-02-22 20:00:48 PST,jminta,Resolution,FIXED,---
2006-02-22 20:00:48 PST,jminta,Last Resolved,2006-02-22 20:00:48,2006-01-09 19:04:09
2006-06-29 10:37:06 PDT,ssitter,Keywords,testcase,
