When, Who, What, Added, Removed
2006-01-09 14:03:02 PST,chris,CC,LpSolit,
2006-01-09 14:10:03 PST,bugzilla-mozilla,CC,bugzilla-mozilla,
2006-01-09 14:56:33 PST,wurblzap,CC,wurblzap,
2006-01-09 16:01:47 PST,LpSolit,Keywords,perf,
2006-01-09 16:01:47 PST,LpSolit,Version,2.21,unspecified
2006-01-09 16:01:47 PST,LpSolit,Hardware,All,PC
2006-01-09 16:01:47 PST,LpSolit,OS,All,Windows 2000
2006-01-09 16:01:47 PST,LpSolit,Status,NEW,UNCONFIRMED
2006-01-09 16:01:47 PST,LpSolit,Blocks,75488,
2006-01-09 16:01:47 PST,LpSolit,Target Milestone,Bugzilla 2.22,---
2006-01-09 16:01:47 PST,LpSolit,Ever confirmed,1,0
2006-01-10 11:52:49 PST,mkanat,Assignee,mkanat,general
2006-01-10 11:52:49 PST,mkanat,CC,mkanat,
2006-01-11 17:05:45 PST,dfc,CC,dcalvert,
2006-01-11 17:29:36 PST,mkanat,Priority,P1,--
2006-01-16 13:48:17 PST,LpSolit,Attachment #208665                Attachment description,Performance optimization for a lot of products, patch for 2.20,Performance optimization for a lot of products
2006-01-16 13:48:17 PST,LpSolit,Attachment #208665                Flags,review?,
2006-02-19 10:32:29 PST,vladd,Summary,Extremely slow performance with a lot of products (~1800) and security groups for each,Extremly slow performance with a lot of products (~1800) and security groups for each
2006-02-19 15:18:06 PST,reed,CC,reed,
2006-02-19 15:47:07 PST,bugreport,CC,bugreport,
2006-02-22 00:49:05 PST,mkanat,Attachment #208665                Attachment is obsolete,1,0
2006-02-22 00:49:05 PST,mkanat,Attachment #212708                Flags,review?(LpSolit),
2006-02-22 00:49:05 PST,mkanat,Attachment #208665                Flags,,review?
2006-02-22 00:49:25 PST,mkanat,Attachment #212708                Flags,review?(bugreport),
2006-02-22 01:03:17 PST,mkanat,Attachment #212708                Attachment is obsolete,1,0
2006-02-22 01:03:17 PST,mkanat,Attachment #212711                Flags,review?(bugreport),
2006-02-22 01:03:17 PST,mkanat,Attachment #212708                Flags,,review?(LpSolit), review?(bugreport)
2006-02-24 05:15:39 PST,bugreport,Attachment #212711                Flags,review-,review?(bugreport)
2006-02-24 05:42:16 PST,vladd,Severity,enhancement,normal
2006-02-24 05:45:13 PST,LpSolit,Status,ASSIGNED,NEW
2006-02-24 05:45:13 PST,LpSolit,Severity,normal,enhancement
2006-07-18 14:21:07 PDT,mkanat,Depends on,339379,
2006-07-20 14:36:19 PDT,mkanat,Attachment #212711                Attachment is obsolete,1,0
2006-07-20 14:36:19 PDT,mkanat,Attachment #230013                Flags,review?(LpSolit),
2006-07-20 14:44:42 PDT,mkanat,Attachment #230014                Flags,review?(LpSolit),
2006-07-20 14:44:42 PDT,mkanat,Attachment #230013                Flags,,review?(LpSolit)
2006-07-20 14:44:42 PDT,mkanat,Attachment #230013                Attachment is obsolete,1,0
2006-07-20 18:13:09 PDT,LpSolit,Attachment #230014                Flags,review-,review?(LpSolit)
2006-07-20 18:43:22 PDT,mkanat,Attachment #230014                Attachment is obsolete,1,0
2006-07-20 18:43:22 PDT,mkanat,Attachment #230062                Flags,review?(LpSolit),
2006-07-20 19:16:15 PDT,LpSolit,Attachment #230062                Flags,review+,review?(LpSolit)
2006-07-20 19:17:03 PDT,LpSolit,Target Milestone,Bugzilla 2.24,Bugzilla 2.22
2006-07-20 19:17:03 PDT,LpSolit,Flags,approval?,
2006-07-20 20:45:49 PDT,myk,Flags,approval+,approval?
2006-07-21 01:34:54 PDT,mkanat,Status,RESOLVED,ASSIGNED
2006-07-21 01:34:54 PDT,mkanat,Resolution,FIXED,---
2006-07-21 01:34:54 PDT,mkanat,Last Resolved,2006-07-21 01:34:54,
2007-02-12 12:34:51 PST,dfc,CC,,dfc
2007-03-21 15:07:48 PDT,chris,Status,REOPENED,RESOLVED
2007-03-21 15:07:48 PDT,chris,Resolution,---,FIXED
2007-03-21 15:09:32 PDT,mkanat,Status,RESOLVED,REOPENED
2007-03-21 15:09:32 PDT,mkanat,Resolution,FIXED,---
2007-03-21 15:09:32 PDT,mkanat,Last Resolved,2007-03-21 15:09:32,2006-07-21 01:34:54
2009-11-03 10:33:17 PST,LpSolit,Blocks,526271,
