When, Who, What, Added, Removed
2006-06-13 18:11:20 PDT,mattwillis,Flags,blocking0.3?(jminta),
2006-06-15 16:37:53 PDT,jminta,Flags,blocking0.3+,blocking0.3?(jminta)
2006-07-19 21:13:54 PDT,reed,Assignee,nobody,base
2006-08-01 13:34:25 PDT,jminta,Whiteboard,[swag: 1d],
2006-08-10 16:31:20 PDT,jminta,Assignee,jminta,nobody
2006-08-10 16:31:20 PDT,jminta,Attachment #233174                Flags,first-review?(mattwillis), second-review?(dmose),
2006-08-10 16:31:20 PDT,jminta,Status,ASSIGNED,NEW
2006-08-10 18:02:32 PDT,mattwillis,Attachment #233174                Flags,first-review+,first-review?(mattwillis)
2006-08-14 16:51:31 PDT,jminta,Whiteboard,[swag: 1d][patch in hand],[swag: 1d]
2006-08-22 19:43:38 PDT,dmose,Attachment #233174                Flags,second-review-,second-review?(dmose)
2006-08-24 17:23:46 PDT,jminta,Attachment #233174                Attachment is obsolete,1,0
2006-08-24 17:23:46 PDT,jminta,Attachment #235335                Flags,first-review+, second-review?(dmose),
2006-08-25 18:35:08 PDT,dmose,Attachment #235335                Flags,second-review+,second-review?(dmose)
2006-08-31 06:08:48 PDT,mattwillis,Status,RESOLVED,ASSIGNED
2006-08-31 06:08:48 PDT,mattwillis,Resolution,FIXED,---
2006-08-31 06:08:48 PDT,mattwillis,Last Resolved,2006-08-31 06:08:48,
