When, Who, What, Added, Removed
2006-01-09 13:09:18 PST,gavin.sharp,CC,gavin.sharp,
2006-01-09 14:56:14 PST,mrbkap,Priority,P3,--
2006-01-09 14:56:14 PST,mrbkap,CC,bob,
2006-01-09 14:56:14 PST,mrbkap,Target Milestone,mozilla1.9alpha,---
2006-01-09 15:24:09 PST,mrbkap,Whiteboard,[patch],
2006-01-09 15:24:09 PST,mrbkap,Status,ASSIGNED,NEW
2006-01-09 15:27:29 PST,mrbkap,Attachment #208025                Flags,review?(brendan),
2006-01-09 15:52:33 PST,brendan,Attachment #208025                Flags,review-,review?(brendan)
2006-01-09 21:09:19 PST,mrbkap,Attachment #208054                Flags,review?(brendan),
2006-01-09 21:09:19 PST,mrbkap,Attachment #208025                Attachment is obsolete,1,0
2006-01-09 21:29:57 PST,brendan,Attachment #208054                Flags,review+,review?(brendan)
2006-01-10 10:35:39 PST,mrbkap,Status,RESOLVED,ASSIGNED
2006-01-10 10:35:39 PST,mrbkap,Resolution,FIXED,---
2006-01-10 10:35:39 PST,mrbkap,Last Resolved,2006-01-10 10:35:39,
2006-01-10 22:56:36 PST,robert,CC,rparenton,
2006-01-13 06:33:55 PST,bob,CC,mitchell,
2006-01-13 06:33:55 PST,bob,Flags,testcase+,
2006-01-13 08:30:51 PST,brendan,CC,gerv,
2006-03-12 19:04:58 PST,robert,CC,,rparenton
2006-03-29 22:19:36 PST,bob,Status,VERIFIED,RESOLVED
