When, Who, What, Added, Removed
2006-01-09 10:17:40 PST,moz,CC,mozilla,
2006-01-09 10:17:40 PST,moz,Ever confirmed,1,0
2006-01-09 10:17:40 PST,moz,Status,NEW,UNCONFIRMED
2006-01-09 11:23:48 PST,alqahira,CC,sfraser_bugs, bugzilla, alqahira,
2006-01-28 17:23:24 PST,moz,Status,ASSIGNED,NEW
2006-01-28 17:23:24 PST,moz,Assignee,mozilla,mikepinkerton
2006-01-28 17:23:24 PST,moz,Attachment #210008                Flags,review?,
2006-01-28 17:24:12 PST,moz,Attachment #210008                Flags,review?(sfraser_bugs),review?
2006-01-28 18:52:30 PST,moz,Attachment #210008                Attachment is obsolete,1,0
2006-01-28 18:52:30 PST,moz,Attachment #210013                Flags,review?,
2006-01-28 18:52:30 PST,moz,Attachment #210008                Flags,,review?(sfraser_bugs)
2006-01-28 18:53:12 PST,moz,Attachment #210013                Flags,review?(sfraser_bugs),review?
2006-01-28 21:26:08 PST,sfraser_bugs,Target Milestone,Camino1.0,---
2006-01-28 21:26:08 PST,sfraser_bugs,Flags,camino1.0+,
2006-01-28 22:12:53 PST,sfraser_bugs,Attachment #210013                Flags,review?(mark), superreview+,review?(sfraser_bugs)
2006-01-29 23:39:18 PST,alqahira,CC,DekuDekuplex,
2006-01-29 23:51:31 PST,alqahira,Attachment #210013                Flags,review+, approval1.8.0.2?, approval1.8.1?,review?(mark)
2006-01-30 10:32:44 PST,samuel.sidler+old,Attachment #210013                Flags,branch-1.8.1?,approval1.8.1?
2006-01-30 11:37:02 PST,jaas,Attachment #210013                Flags,branch-1.8.1+,branch-1.8.1?
2006-02-02 20:36:08 PST,mark,Keywords,fixed1.8.1,
2006-02-02 20:36:08 PST,mark,Whiteboard,[camino-1.0],
2006-02-02 20:36:08 PST,mark,Status,RESOLVED,ASSIGNED
2006-02-02 20:36:08 PST,mark,Resolution,FIXED,---
2006-02-02 20:36:08 PST,mark,Last Resolved,2006-02-02 20:36:08,
2006-02-16 00:19:39 PST,samuel.sidler+old,Status,VERIFIED,RESOLVED
2006-02-16 17:12:47 PST,dveditz,Attachment #210013                Flags,approval1.8.0.2+,approval1.8.0.2?
2006-02-17 13:27:25 PST,mark,Keywords,fixed1.8.0.2,
2006-02-17 14:31:40 PST,samuel.sidler+old,CC,wswingle,
