When, Who, What, Added, Removed
2006-01-10 05:50:09 PST,gavin.sharp,CC,gavin.sharp,
2006-01-10 12:39:32 PST,ispiked,CC,ispiked,
2006-01-10 15:37:51 PST,asqueella,CC,asqueella,
2006-02-08 22:20:20 PST,bryner,Assignee,bryner,bugs.mano
2006-02-08 22:24:57 PST,bryner,Attachment #211237                Flags,first-review?(bugs),
2006-02-09 09:43:55 PST,bugs,Attachment #211237                Flags,first-review-,first-review?(bugs)
2006-02-12 13:05:14 PST,bryner,Attachment #211237                Attachment is obsolete,1,0
2006-02-12 13:05:14 PST,bryner,Attachment #211633                Flags,first-review?(bugs),
2006-02-20 22:00:38 PST,mconnor,Attachment #211633                Attachment is obsolete,1,0
2006-02-20 22:00:38 PST,mconnor,Attachment #211633                Flags,,first-review?(bugs)
2006-02-20 22:02:14 PST,mconnor,Depends on,254021,
2006-02-20 22:22:36 PST,bryner,Assignee,mconnor,bryner
2006-02-21 01:20:27 PST,mconnor,Status,ASSIGNED,NEW
2006-02-21 01:20:27 PST,mconnor,Priority,P2,--
2006-02-21 01:20:27 PST,mconnor,Target Milestone,mozilla1.8.1,---
2006-02-21 01:20:27 PST,mconnor,Flags,blocking-firefox2+,
2006-02-24 16:28:41 PST,BoxerBoi76,CC,BoxerBoi76,
2006-03-06 07:43:37 PST,asaf,CC,asaf,
2006-03-06 08:21:01 PST,dtownsend,CC,mossop,
2006-03-08 15:09:27 PST,dtownsend,CC,bugs,
2006-03-15 14:46:29 PST,db48x,CC,db48x,
2006-03-23 13:02:39 PST,mconnor,Blocks,331443,
2006-03-28 10:14:32 PST,mconnor,Whiteboard,SWAG: 0.25d,
2006-03-28 14:17:10 PST,mconnor,Blocks,318168,
2006-04-11 16:07:07 PDT,ryanvm,CC,ryanvm,
2006-04-20 11:00:45 PDT,dietrich,Blocks,334839,
2006-04-21 00:49:16 PDT,steffen.wilberg,CC,steffen.wilberg,
2006-04-21 01:41:53 PDT,pike,CC,pike,
2006-05-07 08:20:46 PDT,djcater+bugzilla,CC,DJCater,
2006-05-08 09:20:33 PDT,supernova00,CC,supernova_00,
2006-05-12 20:46:42 PDT,xtc4uall,CC,xtc4uall,
2006-05-24 12:53:15 PDT,mconnor,Status,NEW,ASSIGNED
2006-05-24 12:53:15 PDT,mconnor,Assignee,sspitzer,mconnor
2006-05-24 12:57:01 PDT,mconnor,Assignee,sspitzer,sspitzer
2006-05-24 13:06:31 PDT,csthomas,CC,jag, cst, neil,
2006-06-02 10:38:50 PDT,dietrich,CC,dietrich,
2006-06-02 18:48:25 PDT,moco,Whiteboard,SWAG: 1d,SWAG: 0.25d
2006-06-02 18:48:25 PDT,moco,Status,ASSIGNED,NEW
2006-06-06 03:15:08 PDT,neil,CC,Olli.Pettay,
2006-06-20 11:49:12 PDT,dietrich,Depends on,,254021
2006-06-26 12:48:23 PDT,dtownsend,CC,hle,
2006-06-26 16:09:08 PDT,moco,Attachment #224502                Attachment is obsolete,1,0
2006-06-26 16:22:04 PDT,moco,Status,RESOLVED,ASSIGNED
2006-06-26 16:22:04 PDT,moco,Resolution,FIXED,---
2006-06-26 16:22:04 PDT,moco,Last Resolved,2006-06-26 16:22:04,
2006-06-27 21:15:42 PDT,mtschrep,Whiteboard,SWAG: 1d 181b1+,SWAG: 1d
2006-06-29 03:14:15 PDT,asaf,Depends on,343096,
2006-06-30 11:58:39 PDT,mbeltzner,Keywords,fixed1.8.1,
2006-06-30 11:58:39 PDT,mbeltzner,Whiteboard,,SWAG: 1d 181b1+
2006-07-02 04:13:08 PDT,moz.jomel,CC,bugzilla.20.jomel,
2006-09-01 16:42:01 PDT,asaf,CC,,asaf
