When, Who, What, Added, Removed
2006-01-09 21:22:36 PST,brendan,Status,ASSIGNED,NEW
2006-01-09 21:22:36 PST,brendan,Priority,P2,--
2006-01-10 05:48:13 PST,gavin.sharp,CC,gavin.sharp,
2006-01-10 07:40:39 PST,brendan,Blocks,101964,
2006-01-10 07:42:15 PST,brendan,Blocks,171262,
2006-01-10 07:46:32 PST,markushuebner,CC,markushuebner,
2006-01-12 08:08:51 PST,bob,Flags,testcase-,
2006-01-29 07:51:07 PST,ryanvm,CC,ryanvm,
2006-02-28 17:08:13 PST,gandalf,CC,gandalf,
2006-03-07 10:37:25 PST,brendan,Status,NEW,ASSIGNED
2006-03-07 10:37:25 PST,brendan,Assignee,mrbkap,brendan
2006-03-07 10:37:25 PST,brendan,CC,brendan,
2006-03-11 06:25:29 PST,cbiesinger,CC,cbiesinger,
2006-03-13 22:33:15 PST,samuel,CC,samuel,
2006-05-02 20:55:54 PDT,BijuMailList,Blocks,334935,
2006-05-02 22:21:46 PDT,alex,CC,alex,
2006-11-07 11:06:37 PST,ajvincent,CC,ajvincent,
2006-12-30 19:20:56 PST,igor,Blocks,,334935
2007-07-03 12:53:50 PDT,mtschrep,CC,mtschrep,
2007-07-03 12:53:50 PDT,mtschrep,Flags,blocking1.9?,
2007-09-01 10:50:24 PDT,brendan,CC,victor.grishchenko,
2007-09-01 21:10:37 PDT,BijuMailList,CC,BijuMailList,
2007-10-19 22:13:18 PDT,ajvincent,CC,,ajvincent
2007-11-08 10:22:07 PST,crowderbt,CC,crowder,
2007-11-09 13:33:29 PST,mtschrep,Flags,blocking1.9+,blocking1.9?
2007-11-13 19:50:16 PST,crowderbt,Assignee,crowder,mrbkap
2008-01-02 02:47:26 PST,shaver,Attachment #295074                Attachment is obsolete,1,0
2008-01-03 22:21:10 PST,shaver,Attachment #295077                Attachment is obsolete,1,0
2008-01-04 01:45:05 PST,shaver,Attachment #295338                Attachment is obsolete,1,0
2008-01-04 10:53:10 PST,crowderbt,Blocks,200505,
2008-01-05 20:17:11 PST,sayrer,Blocks,410994,
2008-01-13 03:05:06 PST,shaver,Attachment #295347                Attachment is obsolete,1,0
2008-01-13 22:39:39 PST,shaver,Attachment #296808                Attachment is obsolete,1,0
2008-01-13 22:39:39 PST,shaver,Attachment #296809                Attachment is obsolete,1,0
2008-01-13 23:13:25 PST,shaver,Attachment #296906                Attachment is patch,1,0
2008-01-14 12:13:02 PST,sayrer,Attachment #297029                Attachment mime type,image/png,text/plain
2008-01-14 12:13:02 PST,sayrer,Attachment #297029                Attachment is patch,0,1
2008-01-14 12:15:54 PST,crowderbt,Blocks,374740,
2008-01-18 14:28:17 PST,pavlov,CC,pavlov,
2008-01-18 19:55:32 PST,shaver,Alias,native-arrays,
2008-01-19 09:28:31 PST,shaver,Status,ASSIGNED,NEW
2008-01-19 09:28:31 PST,shaver,Assignee,shaver,crowder
2008-01-19 09:28:31 PST,shaver,Attachment #296906                Attachment is obsolete,1,0
2008-01-19 10:41:14 PST,shaver,Attachment #297979                Attachment is obsolete,1,0
2008-01-19 10:42:20 PST,shaver,Attachment #297989                Attachment is obsolete,1,0
2008-01-19 10:44:09 PST,shaver,Attachment #297991                Attachment is patch,1,0
2008-01-19 10:52:22 PST,shaver,Attachment #297991                Attachment is obsolete,1,0
2008-01-19 12:20:34 PST,shaver,Blocks,260106,
2008-01-19 12:31:37 PST,igor,Blocks,,260106
2008-01-19 22:05:09 PST,shaver,Attachment #297995                Attachment is obsolete,1,0
2008-01-20 12:28:10 PST,shaver,Blocks,260106,
2008-01-21 05:12:50 PST,shaver,Attachment #298065                Attachment is obsolete,1,0
2008-01-21 05:46:39 PST,shaver,Attachment #298247                Attachment is obsolete,1,0
2008-01-21 09:20:51 PST,shaver,Attachment #298251                Attachment is obsolete,1,0
2008-01-24 07:51:17 PST,jeresig,CC,jresig,
2008-01-24 07:53:41 PST,mark.finkle,CC,mark.finkle,
2008-01-25 15:30:26 PST,crowderbt,Attachment #298280                Attachment is obsolete,1,0
2008-01-28 10:47:29 PST,shaver,Attachment #299317                Attachment is obsolete,1,0
2008-01-28 10:47:29 PST,shaver,Attachment #299796                Flags,review?,
2008-01-28 18:08:29 PST,shaver,Attachment #299796                Flags,,review?
2008-01-28 18:08:29 PST,shaver,Attachment #299796                Attachment is obsolete,1,0
2008-01-29 21:42:38 PST,brendan,Depends on,408416,
2008-01-30 00:21:30 PST,steve.england,CC,steve.england,
2008-02-09 20:20:18 PST,sayrer,CC,sayrer,
2008-02-10 07:10:40 PST,shaver,Attachment #299901                Attachment is obsolete,1,0
2008-02-10 07:23:31 PST,shaver,Depends on,416675,
2008-02-10 20:07:13 PST,shaver,Attachment #302408                Attachment is obsolete,1,0
2008-02-10 20:07:13 PST,shaver,Attachment #302514                Flags,review?(brendan),
2008-02-10 23:27:42 PST,shaver,Attachment #302514                Attachment is obsolete,1,0
2008-02-10 23:27:42 PST,shaver,Attachment #302538                Flags,review?(brendan),
2008-02-10 23:27:42 PST,shaver,Attachment #302514                Flags,,review?(brendan)
2008-02-14 11:34:24 PST,shaver,Attachment #302538                Flags,,review?(brendan)
2008-02-14 11:34:24 PST,shaver,Attachment #302538                Attachment is obsolete,1,0
2008-02-14 11:34:24 PST,shaver,Attachment #303324                Flags,review?(brendan),
2008-02-14 12:22:00 PST,shaver,Attachment #303324                Attachment is obsolete,1,0
2008-02-14 12:22:00 PST,shaver,Attachment #303340                Flags,review?(brendan),
2008-02-14 12:22:00 PST,shaver,Attachment #303324                Flags,,review?(brendan)
2008-02-14 13:51:57 PST,shaver,Attachment #303340                Attachment is obsolete,1,0
2008-02-14 13:51:57 PST,shaver,Attachment #303360                Flags,review?(brendan),
2008-02-14 13:51:57 PST,shaver,Attachment #303340                Flags,,review?(brendan)
2008-02-14 16:39:04 PST,shaver,Attachment #303360                Attachment is obsolete,1,0
2008-02-14 16:39:04 PST,shaver,Attachment #303413                Flags,review?(brendan),
2008-02-14 16:39:04 PST,shaver,Attachment #303360                Flags,,review?(brendan)
2008-02-14 17:10:59 PST,shaver,Attachment #303414                Attachment is obsolete,1,0
2008-02-14 17:10:59 PST,shaver,Attachment #303422                Flags,review+,
2008-02-14 17:10:59 PST,shaver,Attachment #303413                Flags,,review?(brendan)
2008-02-14 17:10:59 PST,shaver,Attachment #303413                Attachment is obsolete,1,0
2008-02-14 17:11:44 PST,shaver,Status,RESOLVED,ASSIGNED
2008-02-14 17:11:44 PST,shaver,Resolution,FIXED,---
2008-02-14 17:11:44 PST,shaver,Last Resolved,2008-02-14 17:11:44,
2008-02-14 18:44:52 PST,gavin.sharp,Status,REOPENED,RESOLVED
2008-02-14 18:44:52 PST,gavin.sharp,Resolution,---,FIXED
2008-02-14 18:48:53 PST,reed,CC,reed,
2008-02-14 19:10:56 PST,bob,CC,bclary,
2008-02-14 20:22:44 PST,reed,Target Milestone,mozilla1.9beta4,mozilla1.9alpha1
2008-02-15 00:54:38 PST,shaver,Attachment #303422                Attachment is obsolete,1,0
2008-02-15 00:54:38 PST,shaver,Attachment #303486                Flags,review?(brendan),
2008-02-15 01:21:45 PST,shaver,Attachment #303486                Attachment is obsolete,1,0
2008-02-15 01:21:45 PST,shaver,Attachment #303486                Flags,,review?(brendan)
2008-02-15 01:32:06 PST,shaver,Attachment #303493                Flags,review?(brendan),
2008-02-15 01:37:06 PST,brendan,Attachment #303493                Flags,review+, approval1.9+,review?(brendan)
2008-02-15 01:50:05 PST,shaver,Status,RESOLVED,REOPENED
2008-02-15 01:50:05 PST,shaver,Resolution,FIXED,---
2008-02-15 01:50:05 PST,shaver,Last Resolved,2008-02-15 01:50:05,2008-02-14 17:11:44
2008-02-15 01:51:00 PST,shaver,Attachment #303496                Flags,review+,
2008-02-15 02:33:14 PST,shaver,Status,REOPENED,RESOLVED
2008-02-15 02:33:14 PST,shaver,Resolution,---,FIXED
2008-02-15 07:32:23 PST,shaver,Attachment #303493                Attachment is obsolete,1,0
2008-02-15 07:32:23 PST,shaver,Attachment #303496                Attachment is obsolete,1,0
2008-02-15 07:32:23 PST,shaver,Attachment #303533                Flags,review?(brendan),
2008-02-16 13:39:37 PST,shaver,Depends on,417981,
2008-02-17 16:32:55 PST,jruderman,Keywords,perf,
2008-02-17 16:32:55 PST,jruderman,CC,jruderman,
2008-02-18 05:58:10 PST,shaver,Attachment #303533                Attachment is obsolete,1,0
2008-02-18 05:58:10 PST,shaver,Attachment #303533                Flags,,review?(brendan)
2008-02-18 11:36:51 PST,shaver,Attachment #304029                Flags,review?(brendan),
2008-02-18 12:42:00 PST,brendan,Attachment #304029                Flags,review+, approval1.9+,review?(brendan)
2008-02-18 13:02:35 PST,shaver,Status,RESOLVED,REOPENED
2008-02-18 13:02:35 PST,shaver,Resolution,FIXED,---
2008-02-18 13:02:35 PST,shaver,Last Resolved,2008-02-18 13:02:35,2008-02-15 01:50:05
2008-02-18 15:30:22 PST,igor,Resolution,---,FIXED
2008-02-18 15:30:22 PST,igor,Status,REOPENED,RESOLVED
2008-02-18 15:39:28 PST,igor,Depends on,418314,
2008-02-18 15:42:50 PST,shaver,Status,RESOLVED,REOPENED
2008-02-18 15:42:50 PST,shaver,Resolution,FIXED,---
2008-02-18 15:42:50 PST,shaver,Depends on,,418314
2008-02-18 15:42:50 PST,shaver,Last Resolved,2008-02-18 15:42:50,2008-02-18 13:02:35
2008-02-18 15:45:29 PST,shaver,Depends on,418314,
2008-02-19 05:07:36 PST,misak.bugzilla,CC,misak,
2008-02-19 12:15:31 PST,pavel.penaz,CC,pavel.penaz,
2008-02-25 15:07:27 PST,crowderbt,Blocks,419537,
2008-02-25 15:12:28 PST,crowderbt,Depends on,419537,
2008-02-25 15:12:28 PST,crowderbt,Blocks,,419537
2008-02-28 10:06:31 PST,igor,Depends on,418737,
2008-03-11 18:09:44 PDT,dbaron,Depends on,422286,
2008-03-16 17:55:27 PDT,jruderman,Depends on,423342,
2009-01-09 14:16:54 PST,bob,Depends on,472619,
2009-02-02 10:07:26 PST,bob,Depends on,476447,
2009-02-06 11:35:59 PST,brendan,Depends on,417501,419537
2009-03-10 10:29:00 PDT,bob,Depends on,474402,
2010-04-18 08:46:55 PDT,torres.dark,CC,torres.dark,
