When, Who, What, Added, Removed
2006-01-09 12:03:00 PST,bugzilla2,Version,1.8 Branch,unspecified
2006-01-10 08:04:07 PST,hhschwab,CC,hhschwab,
2006-01-10 08:04:07 PST,hhschwab,Ever confirmed,1,0
2006-01-10 08:04:07 PST,hhschwab,Status,NEW,UNCONFIRMED
2006-01-10 13:56:42 PST,ajschult,CC,kairo,
2006-01-10 14:10:19 PST,hhschwab,Severity,blocker,normal
2006-01-10 14:10:19 PST,hhschwab,CC,mnyromyr,
2006-01-10 14:10:19 PST,hhschwab,Flags,blocking-seamonkey1.0?,
2006-01-10 15:24:36 PST,hhschwab,Keywords,regression,
2006-01-11 11:49:11 PST,kairo,Flags,,blocking-seamonkey1.0?
2006-01-11 12:30:08 PST,bugzilla2,Attachment #208218                Flags,approval-seamonkey1.1?,
2006-01-11 12:47:57 PST,kairo,Attachment #208218                Flags,approval-seamonkey1.1+,approval-seamonkey1.1?
2006-01-11 14:39:02 PST,iann_bugzilla,CC,iann_bugzilla,
2006-01-12 17:32:58 PST,iann_bugzilla,Attachment #208218                Flags,review+, superreview?(neil.parkwaycc.co.uk),
2006-01-12 20:16:07 PST,ajschult,Assignee,bugzilla,general
2006-01-12 22:05:37 PST,bugzilla2,Status,ASSIGNED,NEW
2006-01-14 13:35:21 PST,neil,Attachment #208218                Flags,superreview+,superreview?(neil.parkwaycc.co.uk)
2006-01-14 16:38:42 PST,iann_bugzilla,Attachment #208218                Attachment description,patch for version.txt (Checked in branch 1.8),patch for version.txt
2006-01-14 16:39:10 PST,iann_bugzilla,Keywords,fixed1.8.1,
2006-01-14 16:39:10 PST,iann_bugzilla,Whiteboard,fixed-seamonkey1.1,
2006-01-14 16:39:20 PST,iann_bugzilla,Status,RESOLVED,ASSIGNED
2006-01-14 16:39:20 PST,iann_bugzilla,Resolution,FIXED,---
2006-01-14 16:39:20 PST,iann_bugzilla,Last Resolved,2006-01-14 16:39:20,
2006-01-26 15:44:10 PST,csthomas,Keywords,fixed-seamonkey1.1,
2006-01-26 15:44:10 PST,csthomas,Whiteboard,,fixed-seamonkey1.1
