When, Who, What, Added, Removed
2006-01-10 05:49:24 PST,gavin.sharp,CC,gavin.sharp,
2006-01-10 08:22:44 PST,bzbarsky,Hardware,All,PC
2006-01-10 08:22:44 PST,bzbarsky,OS,All,Windows XP
2006-01-10 08:22:44 PST,bzbarsky,Component,XPCOM,Layout: Form Controls
2006-01-10 08:22:44 PST,bzbarsky,Assignee,dougt,nobody
2006-01-10 08:22:44 PST,bzbarsky,QA Contact,xpcom,layout.form-controls
2006-01-10 08:22:44 PST,bzbarsky,CC,cbiesinger, darin,
2006-01-10 08:22:44 PST,bzbarsky,Flags,blocking1.9a1?,
2006-01-10 08:23:07 PST,bzbarsky,Assignee,darin,dougt
2006-01-10 08:23:07 PST,bzbarsky,Blocks,318193,
2006-01-10 09:19:48 PST,darin.moz,Status,ASSIGNED,NEW
2006-01-10 09:19:48 PST,darin.moz,CC,benjamin,
2006-01-10 09:19:48 PST,darin.moz,Target Milestone,mozilla1.9alpha,---
2006-01-10 09:21:02 PST,darin.moz,Attachment #208096                Flags,review?(benjamin),
2006-01-10 09:25:03 PST,darin.moz,Attachment #208096                Attachment is obsolete,1,0
2006-01-10 09:25:03 PST,darin.moz,Attachment #208097                Flags,review?(benjamin),
2006-01-10 09:25:03 PST,darin.moz,Attachment #208096                Flags,,review?(benjamin)
2006-01-10 10:11:48 PST,bugs-bmo,CC,unknown,
2006-01-10 12:15:46 PST,benjamin,Attachment #208097                Flags,review+,review?(benjamin)
2006-01-10 12:39:46 PST,darin.moz,Last Resolved,2006-01-10 12:39:46,
2006-01-10 12:39:46 PST,darin.moz,Status,RESOLVED,ASSIGNED
2006-01-10 12:39:46 PST,darin.moz,Resolution,FIXED,---
2006-01-10 22:57:04 PST,robert,CC,rparenton,
2006-02-05 17:56:16 PST,gavin.sharp,Flags,,blocking1.9a1?
2006-03-12 19:04:59 PST,robert,CC,,rparenton
