When, Who, What, Added, Removed
2006-01-10 12:25:50 PST,philipp,Attachment #208108                Flags,review?(bienvenu),
2006-01-10 12:29:33 PST,mozilla,Attachment #208108                Flags,,review?(bienvenu)
2006-01-10 12:32:13 PST,gavin.sharp,CC,gavin.sharp,
2006-01-10 12:32:13 PST,gavin.sharp,Product,NSPR,Thunderbird
2006-01-10 12:32:13 PST,gavin.sharp,Version,other,unspecified
2006-01-10 12:32:13 PST,gavin.sharp,Component,NSPR,General
2006-01-10 12:32:13 PST,gavin.sharp,Assignee,wtchang,mscott
2006-01-10 12:32:13 PST,gavin.sharp,QA Contact,wtchang,general
2006-01-10 12:32:50 PST,gavin.sharp,Blocks,279525,
2006-01-10 12:42:36 PST,philipp,Attachment #208108                Flags,review?(darin),
2006-01-10 13:31:59 PST,mozilla,CC,mozilla,
2006-01-11 00:47:36 PST,philipp,Attachment #208108                Attachment is obsolete,1,0
2006-01-11 00:47:36 PST,philipp,Attachment #208184                Flags,review?(wtchang),
2006-01-11 00:47:36 PST,philipp,Attachment #208108                Flags,,review?(darin)
2006-01-12 15:34:46 PST,wtc,Attachment #208184                Flags,review+,review?(wtchang)
2006-01-13 00:52:46 PST,philipp,Summary,The PR_GetSystemInfo/ needs hook to return untruncated hostname,The PR_GetSystemInfo/PR_SI_HOSTNAME interface truncates the hostname
2006-01-13 16:33:20 PST,philipp,Attachment #208433                Flags,review?(wtchang),
2006-01-13 16:36:49 PST,philipp,Attachment #208184                Attachment is obsolete,1,0
2006-01-16 15:45:53 PST,wtc,Attachment #208433                Flags,review+,review?(wtchang)
2006-01-16 16:03:04 PST,wtc,Attachment #208433                Attachment is obsolete,1,0
2006-01-16 16:03:04 PST,wtc,Attachment #208678                Flags,review?(philipp), superreview?(darin),
2006-01-18 15:16:17 PST,gavin.sharp,Status,NEW,UNCONFIRMED
2006-01-18 15:16:17 PST,gavin.sharp,Ever confirmed,1,0
2006-01-18 16:00:34 PST,philipp,Attachment #208678                Flags,review+,review?(philipp)
2006-01-19 10:50:24 PST,darin.moz,Attachment #208678                Flags,superreview+,superreview?(darin)
2006-01-19 14:15:58 PST,wtc,Status,RESOLVED,NEW
2006-01-19 14:15:58 PST,wtc,Resolution,FIXED,---
2006-01-19 14:15:58 PST,wtc,Severity,enhancement,normal
2006-01-19 14:15:58 PST,wtc,Target Milestone,4.7,---
2006-01-19 14:15:58 PST,wtc,Last Resolved,2006-01-19 14:15:58,
2006-07-13 13:10:28 PDT,mozilla,Attachment #208678                Flags,approval1.8.1?,
2006-07-13 13:12:24 PDT,mozilla,CC,bienvenu,
2006-07-14 11:25:42 PDT,dbaron,Attachment #208678                Flags,approval1.8.1+,approval1.8.1?
2006-07-14 15:36:49 PDT,wtc,Keywords,fixed1.8.1,
2006-07-14 15:36:49 PDT,wtc,Target Milestone,4.6.3,4.7
