When, Who, What, Added, Removed
2006-01-10 09:50:01 PST,pavlov,Blocks,322938,305649
2006-01-10 12:41:22 PST,ispiked,CC,ispiked,
2006-01-10 14:08:07 PST,djcater+bugzilla,CC,DJCater,
2006-01-11 10:18:40 PST,pavlov,Product,mozilla.org,Core
2006-01-11 10:18:40 PST,pavlov,Version,other,Trunk
2006-01-11 10:18:40 PST,pavlov,Component,CVS: Copy,GFX
2006-01-11 10:21:00 PST,pavlov,Assignee,cvs-moves,pavlov
2006-01-11 10:21:00 PST,pavlov,QA Contact,chase,ian
2006-01-11 10:46:56 PST,gavin.sharp,CC,gavin.sharp,
2006-01-11 15:21:58 PST,cbiesinger,CC,cbiesinger, sergei_d,
2006-01-12 04:31:39 PST,pavlov,Status,RESOLVED,NEW
2006-01-12 04:31:39 PST,pavlov,Resolution,FIXED,---
2006-01-12 04:31:39 PST,pavlov,Last Resolved,2006-01-12 04:31:39,
2006-01-13 21:15:11 PST,doug,CC,doug,
2006-01-15 06:26:20 PST,cbiesinger,Depends on,323352,
2006-01-15 08:48:32 PST,cbiesinger,Depends on,323485,
2006-01-16 16:21:55 PST,cbiesinger,Depends on,323254,
