When, Who, What, Added, Removed
2006-01-10 16:30:31 PST,Sandeep.Konchady,Status,ASSIGNED,NEW
2006-01-10 16:30:31 PST,Sandeep.Konchady,Target Milestone,4.2.3,---
2006-01-12 14:13:33 PST,Sandeep.Konchady,Attachment #208304                Flags,review?(alexei.volkov.bugs), superreview?(glen.beasley),
2006-01-12 15:38:37 PST,alvolkov.bgs,Attachment #208304                Flags,review-,review?(alexei.volkov.bugs)
2006-01-13 11:21:11 PST,Sandeep.Konchady,Attachment #208304                Attachment is obsolete,1,0
2006-01-13 11:21:11 PST,Sandeep.Konchady,Attachment #208399                Flags,review?(alexei.volkov.bugs), superreview?(glen.beasley),
2006-01-13 11:21:11 PST,Sandeep.Konchady,Attachment #208304                Flags,,superreview?(glen.beasley)
2006-01-17 11:02:43 PST,alvolkov.bgs,Attachment #208399                Flags,review+,review?(alexei.volkov.bugs)
2006-01-17 15:11:27 PST,glenbeasley,Attachment #208399                Flags,superreview+,superreview?(glen.beasley)
2006-01-18 11:33:44 PST,Sandeep.Konchady,CC,alexei.volkov.bugs, Sandeep.Konchady,
2006-01-30 11:33:31 PST,Sandeep.Konchady,Attachment #210158                Flags,review?(alexei.volkov.bugs), superreview?(wtchang),
2006-01-30 17:09:43 PST,alvolkov.bgs,Attachment #210158                Flags,review-,review?(alexei.volkov.bugs)
2006-01-31 15:07:23 PST,Sandeep.Konchady,Attachment #210158                Attachment is obsolete,1,0
2006-01-31 15:07:23 PST,Sandeep.Konchady,Attachment #210287                Flags,review?(alexei.volkov.bugs), superreview?(wtchang),
2006-01-31 15:07:23 PST,Sandeep.Konchady,Attachment #210158                Flags,,superreview?(wtchang)
2006-02-01 10:19:53 PST,alvolkov.bgs,Attachment #210287                Flags,review+,review?(alexei.volkov.bugs)
2006-02-03 11:58:58 PST,Sandeep.Konchady,Attachment #210287                Attachment is obsolete,1,0
2006-02-03 11:58:58 PST,Sandeep.Konchady,Attachment #210632                Flags,review?(alexei.volkov.bugs), superreview?(wtchang),
2006-02-03 11:58:58 PST,Sandeep.Konchady,Attachment #210287                Flags,,superreview?(wtchang)
2006-02-21 11:15:05 PST,wtc,Attachment #210632                Flags,superreview+,superreview?(wtchang)
2006-02-21 14:13:28 PST,alvolkov.bgs,Attachment #210632                Flags,review+,review?(alexei.volkov.bugs)
2006-02-21 14:44:04 PST,Sandeep.Konchady,Status,RESOLVED,ASSIGNED
2006-02-21 14:44:04 PST,Sandeep.Konchady,Resolution,FIXED,---
2006-02-21 14:44:04 PST,Sandeep.Konchady,Last Resolved,2006-02-21 14:44:04,
