When, Who, What, Added, Removed
2006-01-10 02:55:28 PST,timeless,Assignee,timeless,attach-and-request
2006-01-10 02:55:28 PST,timeless,Attachment #208071                Flags,review?(LpSolit),
2006-01-10 02:55:28 PST,timeless,Status,ASSIGNED,UNCONFIRMED
2006-01-10 05:49:53 PST,gavin.sharp,CC,gavin.sharp,
2006-01-11 18:04:10 PST,mkanat,Hardware,All,Macintosh
2006-01-11 18:04:10 PST,mkanat,OS,All,MacOS X
2006-01-11 18:04:10 PST,mkanat,Target Milestone,Bugzilla 2.22,---
2006-01-11 18:22:52 PST,LpSolit,Attachment #208071                Flags,review+,review?(LpSolit)
2006-01-11 18:23:16 PST,LpSolit,Flags,approval?,
2006-01-21 04:43:19 PST,justdave,Flags,approval+,approval?
2006-01-21 06:07:23 PST,LpSolit,Last Resolved,2006-01-21 06:07:23,
2006-01-21 06:07:23 PST,LpSolit,Status,RESOLVED,ASSIGNED
2006-01-21 06:07:23 PST,LpSolit,Resolution,FIXED,---
