When, Who, What, Added, Removed
2006-01-10 14:01:56 PST,justdave,Assignee,justdave,server-ops
2006-01-10 14:01:56 PST,justdave,CC,gerv,
2006-01-10 15:09:39 PST,gavin.sharp,CC,gavin.sharp,
2006-01-10 21:59:32 PST,rinaldij,CC,montessir,
2006-01-11 02:40:07 PST,mnordhoff,CC,mnordhoff,
2006-01-11 16:17:26 PST,justdave,CC,hecker,
2006-01-11 19:49:03 PST,jsabash,CC,jsabash,
2006-01-14 07:29:53 PST,allrodnstuff,CC,allrodnstuff,
2006-01-14 22:29:30 PST,killjay,CC,killjay,
2006-01-16 09:22:41 PST,gerv,CC,,gerv
2006-01-18 01:22:24 PST,justdave,Resolution,FIXED,---
2006-01-18 01:22:24 PST,justdave,Last Resolved,2006-01-18 01:22:24,
2006-01-18 01:22:24 PST,justdave,Status,RESOLVED,NEW
2006-01-19 01:05:23 PST,bmo2010,Status,VERIFIED,RESOLVED
2006-02-01 20:01:32 PST,allrodnstuff,CC,,allrodnstuff
2006-02-01 20:05:09 PST,killjay,CC,,killjay
2015-03-12 08:17:16 PDT,nobody,Product,mozilla.org Graveyard,mozilla.org
