When, Who, What, Added, Removed
2006-01-10 15:09:22 PST,bugs,Severity,blocker,normal
2006-01-10 15:09:22 PST,bugs,Priority,P1,--
2006-01-17 11:44:22 PST,dtownsend,CC,mossop,
2006-01-30 09:47:32 PST,bugs,Target Milestone,Firefox 2 alpha1,---
2006-01-31 16:51:13 PST,mozilla,Attachment #210303                Flags,review?(bugs),
2006-01-31 17:16:41 PST,mozilla,Status,ASSIGNED,NEW
2006-01-31 17:16:41 PST,mozilla,Target Milestone,Firefox 2 alpha2,Firefox 2 alpha1
2006-02-06 13:25:55 PST,beng,Attachment #210303                Flags,review-,review?(bugs)
2006-02-06 16:01:20 PST,mozilla,Attachment #210303                Attachment is obsolete,1,0
2006-02-06 16:01:20 PST,mozilla,Attachment #210938                Flags,review?, superreview?(bryner),
2006-02-06 16:36:52 PST,beng,Attachment #210938                Flags,review+,review?
2006-02-07 14:24:32 PST,bugs,Attachment #210938                Flags,review?(annie.sullivan), superreview+,review+, superreview?(bryner)
2006-02-07 15:50:02 PST,annie.sullivan,Attachment #210938                Flags,review+,review?(annie.sullivan)
2006-02-14 10:40:12 PST,brettw,Depends on,327167,
2006-02-14 16:43:31 PST,mozilla,Attachment #211926                Flags,review?(annie.sullivan), superreview?(bugs),
2006-02-14 17:01:31 PST,annie.sullivan,Attachment #211926                Flags,review+,review?(annie.sullivan)
2006-02-15 11:00:51 PST,bugs,Attachment #211926                Flags,superreview-,superreview?(bugs)
2006-02-15 15:33:51 PST,bugs,CC,ria.klaassen,
2006-02-15 15:37:54 PST,mozilla,Attachment #211926                Attachment is obsolete,1,0
2006-02-15 15:37:54 PST,mozilla,Attachment #212046                Flags,superreview?(bugs),
2006-02-15 15:45:24 PST,bugs,Attachment #212046                Flags,superreview+,superreview?(bugs)
2006-02-15 16:19:19 PST,mozilla,Attachment #212046                Attachment is obsolete,1,0
2006-02-15 17:02:53 PST,mozilla,Status,RESOLVED,ASSIGNED
2006-02-15 17:02:53 PST,mozilla,Resolution,FIXED,---
2006-02-15 17:02:53 PST,mozilla,Last Resolved,2006-02-15 17:02:53,
2006-02-16 01:43:04 PST,dtownsend,CC,buchner.johannes,
2006-02-16 08:15:24 PST,rflint,CC,ml,
2006-03-19 15:50:30 PST,melindaeveritt,CC,melindaeveritt,
2009-11-26 06:35:14 PST,gerv,Component,Bookmarks & History,Places
2009-11-26 06:35:14 PST,gerv,QA Contact,bookmarks,places
2009-11-26 16:24:35 PST,bugmozz,CC,,palmozilla
