When, Who, What, Added, Removed
2006-01-10 12:11:02 PST,roc,Attachment #208087                Flags,review+, superreview+,
2006-01-10 12:40:34 PST,ispiked,Whiteboard,[checkin needed],
2006-01-10 12:40:34 PST,ispiked,CC,ispiked,
2006-01-10 13:02:26 PST,roc,Status,RESOLVED,NEW
2006-01-10 13:02:26 PST,roc,Resolution,FIXED,---
2006-01-10 13:02:26 PST,roc,Last Resolved,2006-01-10 13:02:26,
2006-02-20 11:18:34 PST,caillon,Attachment #208087                Flags,approval-branch-1.8.1?, approval1.8.0.2?,
2006-02-22 12:28:14 PST,dveditz,Attachment #208087                Flags,approval-branch-1.8.1+, approval1.8.0.2+,approval-branch-1.8.1?, approval1.8.0.2?
2006-02-22 12:28:28 PST,dveditz,Flags,blocking1.8.0.2+,
2006-02-22 18:46:00 PST,roc,Keywords,fixed1.8.0.2, fixed1.8.1,
2006-02-22 18:46:00 PST,roc,Whiteboard,,[checkin needed]
2006-03-01 16:21:28 PST,mozmail,Whiteboard,[nvn-dl],
2009-01-22 10:17:58 PST,nobody,Product,Core Graveyard,Core
