When, Who, What, Added, Removed
2006-01-10 14:51:05 PST,bugs,Attachment #208140                Flags,review?(jst), superreview?(jst),
2006-01-10 14:51:05 PST,bugs,Status,ASSIGNED,NEW
2006-01-10 14:51:05 PST,bugs,Assignee,smaug,events
2006-01-10 15:09:24 PST,gavin.sharp,CC,gavin.sharp,
2006-01-11 16:55:19 PST,jst,Attachment #208140                Flags,review+, superreview+,review?(jst), superreview?(jst)
2006-01-12 11:15:11 PST,bugs,Status,RESOLVED,ASSIGNED
2006-01-12 11:15:11 PST,bugs,Resolution,FIXED,---
2006-01-12 11:15:11 PST,bugs,Last Resolved,2006-01-12 11:15:11,
2006-06-06 17:20:55 PDT,dbaron,Blocks,336791,
2006-06-14 21:00:56 PDT,dbaron,Keywords,fixed1.8.1,
