When, Who, What, Added, Removed
2006-01-10 14:00:06 PST,coop,Attachment #208123                Flags,review?,
2006-01-10 14:00:29 PST,coop,Status,ASSIGNED,NEW
2006-01-10 14:04:08 PST,chase,Attachment #208123                Flags,review-,review?
2006-01-10 14:29:12 PST,coop,Attachment #208123                Attachment is obsolete,1,0
2006-01-10 14:29:12 PST,coop,Attachment #208136                Flags,review?(chase),
2006-01-10 14:30:38 PST,chase,Attachment #208136                Flags,review+,review?(chase)
2006-01-11 14:56:16 PST,coop,Status,RESOLVED,ASSIGNED
2006-01-11 14:56:16 PST,coop,Resolution,FIXED,---
2006-01-11 14:56:16 PST,coop,Last Resolved,2006-01-11 14:56:16,
2006-01-12 14:00:56 PST,chase,Status,REOPENED,RESOLVED
2006-01-12 14:00:56 PST,chase,Resolution,---,FIXED
2006-01-13 12:30:28 PST,coop,Status,ASSIGNED,REOPENED
2006-01-13 14:21:50 PST,coop,Last Resolved,2006-01-13 14:21:50,2006-01-11 14:56:16
2006-01-13 14:21:50 PST,coop,Status,RESOLVED,ASSIGNED
2006-01-13 14:21:50 PST,coop,Resolution,FIXED,---
2009-05-27 10:48:30 PDT,timeless,Component,Talkback Client,Talkback Client
2009-05-27 10:48:30 PDT,timeless,Product,Core Graveyard,Core
