When, Who, What, Added, Removed
2006-01-10 08:38:32 PST,bzbarsky,Summary,[FIX]Add some more use of AttrValueIs to layout,Add some more use of AttrValueIs to layout
2006-01-10 08:38:32 PST,bzbarsky,Priority,P3,--
2006-01-10 08:38:32 PST,bzbarsky,Target Milestone,mozilla1.9alpha,---
2006-01-10 08:39:10 PST,bzbarsky,Status,ASSIGNED,NEW
2006-01-10 08:39:10 PST,bzbarsky,Assignee,bzbarsky,nobody
2006-01-10 08:39:10 PST,bzbarsky,Attachment #208093                Flags,review?(roc), superreview?(roc),
2006-01-10 11:23:53 PST,roc,Attachment #208093                Flags,review+, superreview+,review?(roc), superreview?(roc)
2006-01-10 12:13:54 PST,gavin.sharp,CC,gavin.sharp,
2006-01-10 13:53:24 PST,bzbarsky,Status,RESOLVED,ASSIGNED
2006-01-10 13:53:24 PST,bzbarsky,Resolution,FIXED,---
2006-01-10 13:53:24 PST,bzbarsky,Last Resolved,2006-01-10 13:53:24,
2006-01-10 18:48:55 PST,bzbarsky,CC,neil.parkwaycc.co.uk,
