When, Who, What, Added, Removed
2006-01-10 11:04:21 PST,joshbirnbaum-mozil,Product,mozilla.org,Mozilla Application Suite
2006-01-10 11:04:21 PST,joshbirnbaum-mozil,Version,other,unspecified
2006-01-10 11:04:21 PST,joshbirnbaum-mozil,Component,Bugzilla: Keywords & Components,General
2006-01-10 11:04:21 PST,joshbirnbaum-mozil,Assignee,asa,general
2006-01-10 11:04:21 PST,joshbirnbaum-mozil,QA Contact,timeless,general
2006-01-10 11:04:21 PST,joshbirnbaum-mozil,CC,joshbirnbaum-mozi,
2006-02-13 15:30:37 PST,reed,Assignee,marcia,asa
2007-05-21 23:34:41 PDT,reed,Status,NEW,UNCONFIRMED
2007-05-21 23:34:41 PDT,reed,Assignee,reed,marcia
2007-05-21 23:34:41 PDT,reed,CC,reed,
2007-05-21 23:34:41 PDT,reed,Ever confirmed,1,0
2007-05-21 23:36:11 PDT,reed,Status,RESOLVED,NEW
2007-05-21 23:36:11 PDT,reed,Resolution,FIXED,---
2007-05-21 23:36:11 PDT,reed,Last Resolved,2007-05-21 23:36:11,
2011-06-26 22:54:48 PDT,nobody,Product,bugzilla.mozilla.org,mozilla.org
2011-06-26 22:54:48 PDT,nobody,Component,Administration,Bugzilla: Keywords & Components
