When, Who, What, Added, Removed
2006-01-10 07:02:55 PST,iann_bugzilla,CC,mnyromyr,
2006-01-10 07:15:49 PST,iann_bugzilla,Status,ASSIGNED,NEW
2006-01-10 07:15:49 PST,iann_bugzilla,Assignee,iann_bugzilla,mail
2006-01-10 07:42:02 PST,gavin.sharp,CC,gavin.sharp,
2006-01-12 13:41:03 PST,stefanh,CC,mark,
2006-01-23 08:31:59 PST,iann_bugzilla,Attachment #208084                Attachment is obsolete,1,0
2006-01-24 15:13:58 PST,iann_bugzilla,Attachment #209361                Flags,review?(mnyromyr), superreview?(neil.parkwaycc.co.uk),
2006-01-29 08:03:06 PST,neil,Attachment #209361                Flags,superreview+,superreview?(neil)
2006-01-31 15:16:46 PST,iann_bugzilla,Attachment #209361                Flags,,review?(mnyromyr)
2006-01-31 15:19:17 PST,iann_bugzilla,Attachment #209361                Attachment is obsolete,1,0
2006-01-31 15:19:17 PST,iann_bugzilla,Attachment #210290                Flags,review?(mnyromyr), superreview?(neil),
2006-01-31 15:44:11 PST,iann_bugzilla,Attachment #210294                Flags,review?(stefanh),
2006-02-01 07:16:39 PST,iann_bugzilla,Attachment #210290                Flags,,review?(mnyromyr), superreview?(neil)
2006-02-01 07:18:03 PST,iann_bugzilla,Attachment #210290                Attachment is obsolete,1,0
2006-02-01 07:18:03 PST,iann_bugzilla,Attachment #210350                Flags,review?(mnyromyr), superreview?(neil),
2006-02-01 16:49:21 PST,neil,Attachment #210350                Flags,superreview+,superreview?(neil)
2006-02-02 13:27:07 PST,iann_bugzilla,Attachment #210294                Flags,,review?(stefanh)
2006-02-02 13:28:40 PST,iann_bugzilla,Attachment #210294                Attachment is obsolete,1,0
2006-02-02 13:28:40 PST,iann_bugzilla,Attachment #210517                Flags,review?(stefanh),
2006-02-02 14:00:55 PST,stefanh,Attachment #210517                Flags,review+,review?(stefanh)
2006-03-01 15:23:00 PST,mnyromyr,Attachment #210350                Flags,review+,review?(mnyromyr)
2006-03-02 07:52:50 PST,iann_bugzilla,Attachment #210350                Attachment is obsolete,1,0
2006-03-02 07:52:50 PST,iann_bugzilla,Attachment #210517                Attachment is obsolete,1,0
2006-03-02 07:52:50 PST,iann_bugzilla,Attachment #213751                Flags,review+, superreview+,
2006-03-02 07:53:14 PST,iann_bugzilla,Status,RESOLVED,ASSIGNED
2006-03-02 07:53:14 PST,iann_bugzilla,Resolution,FIXED,---
2006-03-02 07:53:14 PST,iann_bugzilla,Last Resolved,2006-03-02 07:53:14,
2006-03-02 07:55:09 PST,iann_bugzilla,Attachment #213751                Flags,approval-branch-1.8.1?(mscott), approval-seamonkey1.1a?,
2006-03-02 10:17:43 PST,kairo,Attachment #213751                Flags,approval-seamonkey1.1a+,approval-seamonkey1.1a?
2006-03-09 18:42:46 PST,mscott,Attachment #213751                Flags,approval-branch-1.8.1+,approval-branch-1.8.1?(mscott)
2006-03-10 18:08:30 PST,iann_bugzilla,Attachment #213751                Attachment description,Checked in patch v0.1b2 (Checked into trunk / branch 1.8.1),Checked in patch v0.1b2 (Checked into trunk)
2006-03-10 18:08:49 PST,iann_bugzilla,Keywords,fixed-seamonkey1.1a, fixed1.8.1,
