When, Who, What, Added, Removed
2006-03-20 20:00:55 PST,browning,Attachment #215742                Flags,first-review?(jminta),
2006-03-21 13:52:44 PST,jminta,Attachment #215742                Flags,first-review-,first-review?(jminta)
2006-03-21 19:37:48 PST,browning,Attachment #215742                Attachment is obsolete,1,0
2006-03-21 19:37:48 PST,browning,Attachment #215841                Flags,first-review?(jminta),
2006-03-21 20:29:53 PST,jminta,Attachment #215841                Flags,first-review-,first-review?(jminta)
2006-03-21 21:59:57 PST,browning,Attachment #215841                Attachment is obsolete,1,0
2006-03-21 21:59:57 PST,browning,Attachment #215848                Flags,first-review?(jminta),
2006-03-22 19:58:51 PST,jminta,Attachment #215848                Flags,first-review+,first-review?(jminta)
2006-03-22 20:02:34 PST,jminta,Status,RESOLVED,NEW
2006-03-22 20:02:34 PST,jminta,Resolution,FIXED,---
2006-03-22 20:02:34 PST,jminta,Last Resolved,2006-03-22 20:02:34,
