When, Who, What, Added, Removed
2006-01-10 13:13:44 PST,gavin.sharp,CC,gavin.sharp,
2006-01-10 13:22:18 PST,benjamin,Attachment #208118                Flags,first-review?(dougt),
2006-01-10 21:08:51 PST,ispiked,CC,ispiked,
2006-01-13 17:19:14 PST,benjamin,Priority,P1,--
2006-01-24 11:03:41 PST,jwalden+bmo,CC,jwalden+bmo,
2006-01-24 11:33:28 PST,benjamin,Attachment #208118                Flags,,first-review?(dougt)
2006-01-24 11:33:46 PST,benjamin,Resolution,FIXED,---
2006-01-24 11:33:46 PST,benjamin,Last Resolved,2006-01-24 11:33:46,
2006-01-24 11:33:46 PST,benjamin,Status,RESOLVED,NEW
2006-01-24 12:11:40 PST,benjamin,Attachment #208118                Flags,approval1.8.1?,
2006-01-24 20:46:36 PST,pavlov,Status,REOPENED,RESOLVED
2006-01-24 20:46:36 PST,pavlov,Resolution,---,FIXED
2006-01-25 02:17:18 PST,jruderman,CC,jruderman,
2006-01-25 13:26:44 PST,benjamin,Status,RESOLVED,REOPENED
2006-01-25 13:26:44 PST,benjamin,Resolution,FIXED,---
2006-01-25 13:26:44 PST,benjamin,Last Resolved,2006-01-25 13:26:44,2006-01-24 11:33:46
2006-01-25 16:16:18 PST,steve.england,CC,steve.england,
2006-01-25 16:21:36 PST,steve.england,Depends on,324715,
2006-01-25 17:46:27 PST,darin.moz,Status,REOPENED,RESOLVED
2006-01-25 17:46:27 PST,darin.moz,Resolution,---,FIXED
2006-01-25 17:46:27 PST,darin.moz,CC,annie.sullivan,
2006-01-26 05:25:57 PST,benjamin,Status,RESOLVED,REOPENED
2006-01-26 05:25:57 PST,benjamin,Resolution,FIXED,---
2006-01-26 05:25:57 PST,benjamin,Last Resolved,2006-01-26 05:25:57,2006-01-25 13:26:44
2006-01-31 06:31:42 PST,benjamin,Attachment #208118                Flags,branch-1.8.1?(bryner),approval1.8.1?
2006-02-01 14:31:21 PST,tonikitoo,CC,tonikitoo,
2006-02-16 17:47:48 PST,bryner,Attachment #208118                Flags,approval-branch-1.8.1+,approval-branch-1.8.1?(bryner)
