When, Who, What, Added, Removed
2006-04-01 18:18:04 PST,jminta,Assignee,jminta,nobody
2006-04-01 18:18:04 PST,jminta,Attachment #216941                Flags,first-review?(dmose),
2006-04-01 18:18:04 PST,jminta,Status,ASSIGNED,NEW
2006-04-16 08:49:35 PDT,browning,CC,browning,
2006-04-21 17:26:44 PDT,dmose,Attachment #216941                Flags,first-review-,first-review?(dmose)
2006-05-04 18:44:39 PDT,jminta,Attachment #216941                Attachment is obsolete,1,0
2006-05-04 18:44:39 PDT,jminta,Attachment #220869                Flags,first-review?(dmose),
2006-05-04 18:45:27 PDT,dmose,Attachment #220869                Flags,first-review+,first-review?(dmose)
2006-05-04 19:06:33 PDT,jminta,Status,RESOLVED,ASSIGNED
2006-05-04 19:06:33 PDT,jminta,Resolution,FIXED,---
2006-05-04 19:06:33 PDT,jminta,Last Resolved,2006-05-04 19:06:33,
2006-09-10 00:57:01 PDT,damian.publicemail,Status,VERIFIED,RESOLVED
2006-09-10 00:57:01 PDT,damian.publicemail,CC,dszczepanik,
