When, Who, What, Added, Removed
2006-01-18 13:01:02 PST,jminta,Assignee,jminta,mostafah
2006-01-18 13:01:02 PST,jminta,Attachment #208891                Flags,first-review?(dmose),
2006-01-18 13:01:02 PST,jminta,Status,ASSIGNED,NEW
2006-01-18 13:02:18 PST,dmose,Attachment #208891                Flags,first-review+,first-review?(dmose)
2006-01-18 13:06:25 PST,jminta,Status,RESOLVED,ASSIGNED
2006-01-18 13:06:25 PST,jminta,Resolution,FIXED,---
2006-01-18 13:06:25 PST,jminta,Last Resolved,2006-01-18 13:06:25,
2006-09-10 00:56:54 PDT,damian.publicemail,Status,VERIFIED,RESOLVED
2006-09-10 00:56:54 PDT,damian.publicemail,CC,dszczepanik,
