When, Who, What, Added, Removed
2006-01-10 15:57:45 PST,gerv,Attachment #208151                Flags,approval1.8.0.1?,
2006-01-10 16:00:29 PST,reed,Version,1.8 Branch,Trunk
2006-01-10 16:00:29 PST,reed,CC,reed,
2006-01-10 17:19:36 PST,gavin.sharp,CC,gavin.sharp,
2006-01-10 17:21:50 PST,reed,Attachment #208151                Flags,approval1.8.1?,
2006-01-10 18:27:54 PST,mtschrep,Attachment #208151                Flags,approval1.8.0.1-, approval1.8.0.2?,approval1.8.0.1?
2006-01-10 18:38:14 PST,gavin.sharp,CC,mtschrep,
2006-01-10 18:48:47 PST,mtschrep,Attachment #208151                Flags,approval1.8.0.1+,approval1.8.0.1-
2006-01-10 18:49:04 PST,mtschrep,Attachment #208151                Flags,approval1.8.1+,approval1.8.1?
2006-01-10 18:59:04 PST,gavin.sharp,Attachment #208151                Flags,,approval1.8.0.2?
2006-01-10 18:59:59 PST,gavin.sharp,Keywords,fixed1.8.0.1, fixed1.8.1,
2006-01-10 18:59:59 PST,gavin.sharp,Target Milestone,mozilla1.8.1,---
2006-01-10 19:02:45 PST,gavin.sharp,Status,RESOLVED,NEW
2006-01-10 19:02:45 PST,gavin.sharp,Resolution,FIXED,---
2006-01-10 19:02:45 PST,gavin.sharp,Last Resolved,2006-01-10 19:02:45,
