When, Who, What, Added, Removed
2006-02-06 07:44:07 PST,dfc,CC,dcalvert,
2006-02-10 18:01:44 PST,mkanat,URL,https://bugzilla.mozilla.org/buglist.cgi?query_format=advanced&product=Bugzilla&keywords_type=allwords&keywords=relnote,
2006-02-10 18:07:26 PST,mkanat,Assignee,mkanat,documentation
2006-02-10 18:19:54 PST,mkanat,Status,ASSIGNED,NEW
2006-02-12 17:12:22 PST,mkanat,Attachment #211456                Attachment is obsolete,1,0
2006-02-12 17:12:22 PST,mkanat,Attachment #211657                Flags,review?(LpSolit),
2006-02-12 17:19:59 PST,mkanat,Attachment #211657                Attachment is obsolete,1,0
2006-02-12 17:19:59 PST,mkanat,Attachment #211658                Flags,review?(LpSolit),
2006-02-12 17:19:59 PST,mkanat,Attachment #211657                Flags,,review?(LpSolit)
2006-02-12 17:31:26 PST,mkanat,Attachment #211658                Attachment is obsolete,1,0
2006-02-12 17:31:26 PST,mkanat,Attachment #211659                Flags,review?(LpSolit),
2006-02-12 17:31:26 PST,mkanat,Attachment #211658                Flags,,review?(LpSolit)
2006-02-12 17:48:26 PST,mkanat,Attachment #211659                Flags,,review?(LpSolit)
2006-02-12 17:48:26 PST,mkanat,Attachment #211659                Attachment is obsolete,1,0
2006-02-12 17:48:26 PST,mkanat,Attachment #211662                Flags,review?(LpSolit),
2006-02-12 18:04:30 PST,mkanat,Attachment #211662                Attachment is obsolete,1,0
2006-02-12 18:04:30 PST,mkanat,Attachment #211666                Flags,review?(LpSolit),
2006-02-12 18:04:30 PST,mkanat,Attachment #211662                Flags,,review?(LpSolit)
2006-02-12 19:07:12 PST,LpSolit,Attachment #211666                Flags,review-,review?(LpSolit)
2006-02-13 12:34:50 PST,wurblzap,CC,wurblzap,
2006-02-18 20:44:44 PST,mkanat,Attachment #211666                Attachment is obsolete,1,0
2006-02-18 20:44:44 PST,mkanat,Attachment #212365                Flags,review?(LpSolit),
2006-02-19 05:49:47 PST,LpSolit,Attachment #212365                Flags,review+,review?(LpSolit)
2006-02-19 14:42:58 PST,mkanat,Status,RESOLVED,ASSIGNED
2006-02-19 14:42:58 PST,mkanat,Resolution,FIXED,---
2006-02-19 14:42:58 PST,mkanat,Last Resolved,2006-02-19 14:42:58,
2006-02-20 10:39:59 PST,kbenton,Attachment #212365                Flags,review+,
2006-03-01 01:22:05 PST,mkanat,CC,skip_spm,
2006-10-18 19:01:20 PDT,spam,CC,,bmo2007
2007-02-12 12:30:44 PST,dfc,CC,,dfc
