When, Who, What, Added, Removed
2006-01-10 12:17:55 PST,bugzilla-mozilla,CC,bugzilla-mozilla,
2006-01-11 17:11:44 PST,dfc,CC,dcalvert,
2006-09-14 11:30:31 PDT,kgc,CC,kgc,
2006-10-09 23:51:40 PDT,converter42,CC,converter42,
2006-10-16 23:55:10 PDT,mkanat,Depends on,356924,
2007-02-03 14:31:34 PST,valorbugzilla,CC,gbn,
2007-02-12 12:08:40 PST,dfc,CC,,dfc
2007-08-20 15:09:08 PDT,LpSolit,Depends on,328484,
2007-08-20 20:27:30 PDT,mkanat,Component,Incoming Email,Bug Import/Export & Moving
2007-08-20 20:27:51 PDT,mkanat,Assignee,incoming.email,import-export
2008-04-09 08:37:35 PDT,LpSolit,Severity,normal,major
2009-01-23 13:13:01 PST,mkanat,Status,RESOLVED,NEW
2009-01-23 13:13:01 PST,mkanat,Resolution,FIXED,---
2009-01-23 13:13:01 PST,mkanat,Assignee,mkanat,incoming.email
2009-01-23 13:13:01 PST,mkanat,Target Milestone,Bugzilla 3.0,---
2009-01-23 13:13:01 PST,mkanat,Last Resolved,2009-01-23 13:13:01,
