When, Who, What, Added, Removed
2006-01-10 11:18:48 PST,ria.klaassen,CC,ria.klaassen,
2006-01-10 11:20:31 PST,ria.klaassen,Keywords,regression,
2006-01-10 11:20:31 PST,ria.klaassen,CC,emaijala,
2006-01-10 12:29:59 PST,ispiked,Summary,Page scrolls up when clicking the middle mouse button in frame,Middle button click -> Site scrolls up
2006-01-10 12:29:59 PST,ispiked,Version,1.5 Branch,unspecified
2006-01-10 12:29:59 PST,ispiked,Severity,normal,minor
2006-01-10 12:29:59 PST,ispiked,CC,ispiked,
2006-01-10 12:29:59 PST,ispiked,Blocks,312566,
2006-01-10 12:34:15 PST,gavin.sharp,CC,gavin.sharp,
2006-01-10 12:34:15 PST,gavin.sharp,Product,Core,Firefox
2006-01-10 12:34:15 PST,gavin.sharp,Version,Trunk,1.5 Branch
2006-01-10 12:34:15 PST,gavin.sharp,Component,Widget: Win32,General
2006-01-10 12:34:15 PST,gavin.sharp,Assignee,win32,nobody
2006-01-10 12:34:15 PST,gavin.sharp,QA Contact,ian,general
2006-01-10 14:51:52 PST,martijn.martijn,CC,martijn.martijn,
2006-01-10 14:51:52 PST,martijn.martijn,Ever confirmed,1,0
2006-01-10 14:51:52 PST,martijn.martijn,Keywords,testcase,
2006-01-10 14:51:52 PST,martijn.martijn,Status,NEW,UNCONFIRMED
2006-01-10 19:16:59 PST,hhschwab,CC,hhschwab,
2006-01-10 22:58:12 PST,robert,CC,rparenton,
2006-01-11 05:37:08 PST,xanthor+bz,CC,xanthor,
2006-01-11 11:05:47 PST,emaijala+moz,Status,ASSIGNED,NEW
2006-01-11 11:05:47 PST,emaijala+moz,Assignee,emaijala,win32
2006-01-11 11:05:47 PST,emaijala+moz,Attachment #208214                Flags,review?(roc), superreview?(roc),
2006-01-20 11:14:16 PST,roc,Attachment #208214                Flags,review+, superreview+,review?(roc), superreview?(roc)
2006-01-22 04:01:23 PST,emaijala+moz,Status,RESOLVED,ASSIGNED
2006-01-22 04:01:23 PST,emaijala+moz,Resolution,FIXED,---
2006-01-22 04:01:23 PST,emaijala+moz,Last Resolved,2006-01-22 04:01:23,
2006-03-12 19:05:00 PST,robert,CC,,rparenton
