When, Who, What, Added, Removed
2006-01-10 15:08:58 PST,gavin.sharp,CC,gavin.sharp,
2006-01-10 15:37:25 PST,mkanat,Severity,blocker,normal
2006-01-27 14:29:50 PST,mkanat,Summary,Enable SSL on landfill.bugzilla.org (for QA testing),https://landfill.bugzilla.org should be turned on (for QA testing)
2006-01-27 14:54:43 PST,mkanat,Status,ASSIGNED,NEW
2006-01-27 15:00:42 PST,mkanat,Version,other,unspecified
2006-01-27 15:00:42 PST,mkanat,Status,NEW,ASSIGNED
2006-01-27 15:00:42 PST,mkanat,Component,Server Operations,bugzilla.org
2006-01-27 15:00:42 PST,mkanat,Assignee,server-ops,mkanat
2006-01-27 15:00:42 PST,mkanat,QA Contact,justin,default-qa
2006-01-27 15:00:42 PST,mkanat,Product,mozilla.org,Bugzilla
2006-01-27 15:01:11 PST,mkanat,CC,mkanat,
2006-01-27 15:09:57 PST,mozilla+bmo,CC,colin.ogilvie,
2006-01-27 15:28:58 PST,justin,Assignee,justin,server-ops
2006-01-30 10:22:23 PST,justin,Last Resolved,2006-01-30 10:22:23,
2006-01-30 10:22:23 PST,justin,Status,RESOLVED,NEW
2006-01-30 10:22:23 PST,justin,Resolution,FIXED,---
2007-01-26 18:22:53 PST,justdave,Attachment #209910                Attachment mime type,text/plain,application/octet-stream
2015-03-12 08:17:16 PDT,nobody,Product,mozilla.org Graveyard,mozilla.org
