When, Who, What, Added, Removed
2006-01-12 12:21:15 PST,aaronr,Attachment #208291                Flags,review?(smaug),
2006-01-12 12:21:49 PST,aaronr,Attachment #208291                Flags,review?(doronr),
2006-01-12 12:39:38 PST,bugs,Attachment #208291                Flags,review+,review?(smaug)
2006-01-12 13:08:07 PST,doronr,Attachment #208291                Flags,review+,review?(doronr)
2006-01-12 13:10:44 PST,doronr,Whiteboard,xf-to-branch,
2006-02-02 17:31:42 PST,aaronr,Status,ASSIGNED,NEW
2006-02-07 04:01:37 PST,allan,Whiteboard,,xf-to-branch
2006-02-07 04:04:27 PST,allan,Keywords,fixed1.8.0.2,
2006-02-07 04:04:27 PST,allan,Status,RESOLVED,ASSIGNED
2006-02-07 04:04:27 PST,allan,Resolution,FIXED,---
2006-02-07 04:04:27 PST,allan,Last Resolved,2006-02-07 04:04:27,
2006-07-07 09:49:15 PDT,aaronr,Keywords,fixed1.8.1,
