When, Who, What, Added, Removed
2006-01-19 01:15:47 PST,nian.liu,Attachment #208947                Flags,review?(aaronleventhal),
2006-01-19 02:18:09 PST,ginn.chen,Attachment #208947                Attachment is obsolete,1,0
2006-01-19 02:18:09 PST,ginn.chen,Attachment #208947                Flags,,review?(aaronleventhal)
2006-01-20 11:39:53 PST,aaronlev,Severity,blocker,normal
2006-01-20 11:39:53 PST,aaronlev,Keywords,access, sec508,
2006-04-10 14:17:42 PDT,aaronlev,Blocks,333488,
2006-04-17 12:25:28 PDT,aaronlev,CC,aaronleventhal,
2006-05-08 01:01:58 PDT,ginn.chen,Attachment #221282                Flags,review?(aaronleventhal),
2006-05-08 06:17:17 PDT,aaronlev,Attachment #221282                Flags,review+, superreview?(neil),review?(aaronleventhal)
2006-05-08 07:17:09 PDT,neil,Attachment #221282                Flags,superreview+,superreview?(neil)
2006-05-08 07:59:40 PDT,aaronlev,Attachment #221282                Flags,approval-branch-1.8.1+,
2006-05-16 20:21:42 PDT,aaronlev,Blocks,,333488
2006-06-23 21:44:44 PDT,aaronlev,Status,RESOLVED,NEW
2006-06-23 21:44:44 PDT,aaronlev,Resolution,FIXED,---
2006-06-23 21:44:44 PDT,aaronlev,Blocks,333492,
2006-06-23 21:44:44 PDT,aaronlev,Last Resolved,2006-06-23 21:44:44,
