When, Who, What, Added, Removed
2006-01-10 16:40:10 PST,martijn.martijn,Attachment #208154                Flags,review?(cbiesinger),
2006-01-10 20:51:49 PST,jruderman,Whiteboard,[sg:want P4],
2006-01-10 22:59:18 PST,robert,CC,rparenton,
2006-01-11 09:28:51 PST,gavin.sharp,CC,gavin.sharp,
2006-01-11 13:38:50 PST,cbiesinger,Attachment #208154                Flags,review+,review?(cbiesinger)
2006-01-11 15:26:26 PST,martijn.martijn,Attachment #208154                Flags,superreview?(bzbarsky),
2006-01-11 15:35:30 PST,bzbarsky,Attachment #208154                Flags,superreview+,superreview?(bzbarsky)
2006-01-11 17:17:54 PST,gavin.sharp,Hardware,All,PC
2006-01-11 17:17:54 PST,gavin.sharp,OS,All,Windows XP
2006-01-11 17:17:54 PST,gavin.sharp,Assignee,martijn.martijn,nobody
2006-01-11 17:17:54 PST,gavin.sharp,Target Milestone,mozilla1.9alpha,---
2006-01-11 17:19:14 PST,gavin.sharp,Status,RESOLVED,NEW
2006-01-11 17:19:14 PST,gavin.sharp,Resolution,FIXED,---
2006-01-11 17:19:14 PST,gavin.sharp,Last Resolved,2006-01-11 17:19:14,
2006-03-12 19:05:07 PST,robert,CC,,rparenton
2007-12-21 15:00:37 PST,dveditz,CC,dveditz,
2007-12-21 15:00:37 PST,dveditz,Flags,wanted1.8.1.x-,
