When, Who, What, Added, Removed
2006-01-10 13:40:16 PST,mrbkap,Attachment #208119                Flags,review?(shaver), superreview?(shaver),
2006-01-10 13:41:21 PST,shaver,Attachment #208119                Flags,review+, superreview+,review?(shaver), superreview?(shaver)
2006-01-10 13:41:43 PST,gavin.sharp,CC,gavin.sharp,
2006-01-10 13:43:41 PST,mrbkap,Status,RESOLVED,NEW
2006-01-10 13:43:41 PST,mrbkap,Resolution,FIXED,---
2006-01-10 13:43:41 PST,mrbkap,Priority,P1,--
2006-01-10 13:43:41 PST,mrbkap,Last Resolved,2006-01-10 13:43:41,
2006-01-10 22:58:24 PST,robert,CC,rparenton,
2006-03-12 19:05:02 PST,robert,CC,,rparenton
