When, Who, What, Added, Removed
2006-01-10 09:04:31 PST,vladimir,CC,roc, tor,
2006-01-10 09:05:07 PST,vladimir,Flags,blocking1.9a1?,
2006-01-10 09:05:54 PST,vladimir,Blocks,161179,
2006-01-10 09:08:40 PST,gavin.sharp,CC,gavin.sharp,
2006-01-10 09:18:20 PST,bzbarsky,Depends on,305649,
2006-01-10 09:50:01 PST,pavlov,Depends on,322942,
2006-01-10 11:37:54 PST,mozilla_bugs,CC,mozilla_bugs,
2006-01-10 12:00:03 PST,shaver,CC,blizzard,
2006-01-10 12:41:00 PST,ispiked,CC,ispiked,
2006-01-10 14:09:53 PST,djcater+bugzilla,CC,DJCater,
2006-01-10 18:59:10 PST,sekundes,CC,sekundes,
2006-01-10 21:15:20 PST,jruderman,CC,jruderman,
2006-01-11 16:59:39 PST,asqueella,CC,asqueella,
2006-01-12 11:42:45 PST,d-bugs,CC,d-bugs,
2006-01-12 14:40:43 PST,steve.england,CC,steve.england,
2006-01-12 15:04:06 PST,supernova00,CC,supernova_00,
2006-01-12 15:49:58 PST,chris.blore,CC,chris.blore,
2006-01-12 15:54:30 PST,shayne.anthony.jewers,CC,shayne.anthony.jewers,
2006-01-12 19:26:23 PST,alex,CC,alex,
2006-01-13 11:09:03 PST,jwalden+fxhelp,CC,jwalden+bmo,
2006-01-13 14:43:24 PST,amotohiko_mozillafirebird,CC,amotohiko_mozillafirebird,
2006-01-13 16:10:43 PST,pike,CC,pike,
2006-01-14 03:06:28 PST,fredbezies,CC,fredbezies,
2006-01-14 03:49:18 PST,bugzilla,CC,bugzilla,
2006-01-18 13:31:27 PST,pavlov,Depends on,323923,
2006-01-18 13:33:25 PST,pavlov,Depends on,323925,
2006-01-18 13:57:01 PST,pavlov,Depends on,323934,
2006-01-18 14:40:12 PST,pavlov,Depends on,323936,
2006-01-18 14:41:12 PST,pavlov,Depends on,,323936
2006-01-21 22:36:02 PST,robert,CC,robert,
2006-01-23 12:45:31 PST,mpillard,CC,mat,
2006-01-24 21:13:10 PST,wlevine,CC,wlevine,
2006-02-01 11:10:15 PST,worcester12345,CC,worcester12345,
2006-02-04 11:16:14 PST,ryanvm,CC,ryanvm,
2006-02-05 10:25:37 PST,basic,CC,basic,
2006-02-06 08:41:50 PST,megabyte,CC,ask,
2006-02-11 05:38:07 PST,squadron76,CC,squadron76,
2006-02-11 17:57:24 PST,rishi.maharaj,CC,rishi_maharaj,
2006-02-21 07:03:43 PST,steffen.wilberg,CC,steffen.wilberg,
2006-02-22 18:01:33 PST,kaneuchi+bugzilla,CC,tetsuyak,
2006-02-23 01:51:57 PST,tuukka.tolvanen,CC,tuukka.tolvanen,
2006-02-23 04:19:05 PST,ray,CC,bugzilla.mozilla,
2006-02-23 22:37:09 PST,petrovicky,CC,petrovicky,
2006-03-08 05:55:36 PST,martijn.martijn,CC,martijn.martijn,
2006-03-08 08:15:11 PST,jcea,CC,jcea,
2006-04-04 14:32:24 PDT,pavlov,Depends on,332743,
2006-04-04 14:33:17 PDT,pavlov,Depends on,,332743
2006-04-05 17:39:06 PDT,pavlov,Depends on,,305649
2006-04-08 13:49:44 PDT,ogi,CC,ogi,
2006-04-16 14:07:27 PDT,bking,CC,brian,
2006-05-24 00:25:50 PDT,uriber,CC,uriber,
2006-05-25 08:01:20 PDT,thesuckiestemail,CC,thesuckiestemail,
2006-09-21 15:15:10 PDT,pavlov,Whiteboard,[blocking1.9a1+],
2006-09-21 15:15:10 PDT,pavlov,Flags,blocking1.9+,blocking1.9a1?
2006-10-02 14:55:43 PDT,amotohiko_mozillafirebird,CC,,amotohiko_mozillafirebird
2006-10-13 17:48:23 PDT,jwatt,CC,jwatt,
2006-11-09 15:51:06 PST,vladimir,Assignee,vladimir,nobody
2006-11-21 17:04:38 PST,pavlov,Status,RESOLVED,NEW
2006-11-21 17:04:38 PST,pavlov,Resolution,FIXED,---
2006-11-21 17:04:38 PST,pavlov,Last Resolved,2006-11-21 17:04:38,
2006-11-21 18:16:20 PST,jruderman,Summary,turn on thebes/cairo as default rendering back end on all primary platforms,turn on thebes/cairo as default rendering back end
2006-11-25 23:03:40 PST,jruderman,Blocks,177805,
2006-11-26 07:08:33 PST,sendmail.to,CC,sendmail.to,
2006-12-11 19:22:42 PST,d-bugs,CC,,d-bugs
2007-06-03 02:55:03 PDT,smontagu,CC,jshin1987,
2007-06-03 08:25:54 PDT,riccardo.cretti,CC,,squadron76
2007-07-28 11:47:27 PDT,jc,CC,jc,
2007-07-31 12:50:53 PDT,smontagu,CC,smontagu,
2014-04-26 02:22:22 PDT,basic,CC,,basic
