When, Who, What, Added, Removed
2006-01-10 06:25:00 PST,sendmail.to,CC,sendmail.to,
2006-01-10 06:57:36 PST,antonyk,Summary,Incorect print preview of embeded SVG documents,Incorec print preview of embeded SVG documents
2006-02-18 03:22:56 PST,steffen.wilberg,Product,Core,Firefox
2006-02-18 03:22:56 PST,steffen.wilberg,Version,1.8 Branch,unspecified
2006-02-18 03:22:56 PST,steffen.wilberg,Component,SVG,General
2006-02-18 04:04:52 PST,steffen.wilberg,Assignee,general,nobody
2006-02-18 04:04:52 PST,steffen.wilberg,QA Contact,ian,general
2006-02-23 00:17:15 PST,jwatt,CC,jwatt,
2006-03-09 01:41:40 PST,jay,CC,j.chetwynd,
2007-10-19 12:12:12 PDT,jamiesonc,CC,jamiesonc,
2007-11-26 07:55:06 PST,jwatt,Version,Trunk,1.8 Branch
2007-12-07 03:40:39 PST,longsonr,Last Resolved,2007-12-07 03:40:39,
2007-12-07 03:40:39 PST,longsonr,Status,RESOLVED,UNCONFIRMED
2007-12-07 03:40:39 PST,longsonr,Resolution,FIXED,---
2007-12-07 03:40:39 PST,longsonr,CC,longsonr,
