When, Who, What, Added, Removed
2006-01-10 15:02:41 PST,bugs,Severity,blocker,normal
2006-01-10 15:02:41 PST,bugs,Priority,P1,--
2006-01-24 13:56:54 PST,annie.sullivan,Attachment #209500                Flags,review?(bugs),
2006-01-25 17:01:19 PST,annie.sullivan,Attachment #209500                Attachment is obsolete,1,0
2006-01-25 17:01:19 PST,annie.sullivan,Attachment #209649                Flags,review?(bugs),
2006-01-25 17:01:19 PST,annie.sullivan,Attachment #209500                Flags,,review?(bugs)
2006-01-25 17:07:14 PST,bugs,Attachment #209649                Flags,review+,review?(bugs)
2006-01-26 21:41:40 PST,annie.sullivan,Status,RESOLVED,NEW
2006-01-26 21:41:40 PST,annie.sullivan,Resolution,FIXED,---
2006-01-26 21:41:40 PST,annie.sullivan,Last Resolved,2006-01-26 21:41:40,
2006-01-31 06:50:58 PST,jshin1987,CC,jshin1987,
2006-03-07 09:31:26 PST,gavin.sharp,Keywords,fixed1.8.1,
2009-11-26 05:34:36 PST,gerv,QA Contact,bookmarks,places
2009-11-26 05:34:36 PST,gerv,Component,Bookmarks & History,Places
