When, Who, What, Added, Removed
2006-01-12 04:50:07 PST,bugzilla,Component,Base,Help Documentation
2006-01-23 06:22:08 PST,calum.mackay,CC,calum.mackay,
2006-02-02 05:24:18 PST,gekacheka,CC,gekacheka,
2006-02-02 05:24:18 PST,gekacheka,Blocks,321164,
2006-02-07 13:16:34 PST,dmose,Depends on,304741,
2006-02-16 02:13:14 PST,ssitter,CC,jefdriesen,
2006-07-19 21:14:18 PDT,reed,Assignee,nobody,base
2006-10-08 14:57:06 PDT,mschroeder,Component,Calendar Views,Internal Components
2006-10-08 14:57:06 PDT,mschroeder,QA Contact,views,base
2007-03-22 15:50:26 PDT,omarb.public,CC,omar_public,
2008-05-06 11:51:20 PDT,ovidiu.grigorescu,CC,ovidiu.grigorescu,
2008-05-07 02:45:47 PDT,philipp,Status,ASSIGNED,NEW
2008-05-07 02:45:47 PDT,philipp,Assignee,philipp,nobody
2008-05-07 02:45:47 PDT,philipp,Attachment #319745                Flags,review?(Berend.Cornelius),
2008-05-07 05:17:40 PDT,berend.cornelius09,Attachment #319745                Flags,review+,review?(Berend.Cornelius)
2008-05-07 05:27:40 PDT,philipp,Status,RESOLVED,ASSIGNED
2008-05-07 05:27:40 PDT,philipp,Resolution,FIXED,---
2008-05-07 05:27:40 PDT,philipp,Target Milestone,0.9,---
2008-05-07 05:27:40 PDT,philipp,Last Resolved,2008-05-07 05:27:40,
2008-05-07 05:40:26 PDT,berend.cornelius09,CC,Berend.Cornelius,
2008-05-07 08:35:09 PDT,mschroeder,Version,unspecified,Trunk
2008-05-07 13:36:23 PDT,ssitter,Blocks,391281,
2008-05-14 09:16:36 PDT,ssitter,Depends on,432701,
2008-08-21 04:29:41 PDT,andreas.treumann,Status,VERIFIED,RESOLVED
2008-08-21 04:29:41 PDT,andreas.treumann,CC,andreas.treumann,
