When, Who, What, Added, Removed
2006-01-10 15:08:16 PST,bugs,Severity,blocker,normal
2006-01-10 15:08:16 PST,bugs,Priority,P1,--
2006-01-17 08:47:28 PST,annie.sullivan,Assignee,joe,annie.sullivan
2006-01-20 22:52:20 PST,robert,CC,rparenton,
2006-01-30 09:47:20 PST,bugs,Target Milestone,Firefox 2 alpha1,---
2006-01-30 23:09:16 PST,fredrik.henrysson,CC,fredrik.henrysson,
2006-01-31 17:18:02 PST,mozilla,Status,ASSIGNED,NEW
2006-01-31 17:18:02 PST,mozilla,Target Milestone,Firefox 2 alpha2,Firefox 2 alpha1
2006-02-15 22:19:29 PST,ipottinger,CC,ipottinger,
2006-02-16 09:05:49 PST,vseerror,CC,vseerror,
2006-02-16 09:05:49 PST,vseerror,Summary,Info Panel for individual entries (properties),Info Panel for individual entries
2006-02-16 10:33:25 PST,mozilla,Summary,Bookmark properties should be available for pages other than the currently-viewed page,Info Panel for individual entries (properties)
2006-02-16 12:16:51 PST,shayne.anthony.jewers,CC,shayne.anthony.jewers,
2006-02-16 13:18:53 PST,zim1026,CC,zim1026,
2006-02-20 23:23:48 PST,scanorama346,CC,cathay346,
2006-02-24 05:51:43 PST,hidenosuke,CC,hidenosuke,
2006-03-02 11:07:32 PST,brettw,CC,hsumen,
2006-03-02 13:03:04 PST,toscha,CC,toscha,
2006-03-03 06:32:18 PST,sugar.waffle,CC,crot0,
2006-03-03 13:48:24 PST,mozilla,Attachment #213926                Flags,superreview?(bugs),
2006-03-03 14:03:12 PST,bugs,Attachment #213926                Flags,superreview-,superreview?(bugs)
2006-03-04 03:10:24 PST,tenebrarum,CC,tenebrarum,
2006-03-04 06:05:52 PST,w.woods,CC,w.woods,
2006-03-04 08:34:33 PST,djcater+bugzilla,CC,DJCater,
2006-03-04 18:32:22 PST,mozilla,Attachment #213926                Attachment is obsolete,1,0
2006-03-04 18:32:22 PST,mozilla,Attachment #214050                Flags,superreview?(bugs),
2006-03-06 00:33:57 PST,tuukka.tolvanen,CC,tuukka.tolvanen,
2006-03-06 10:02:04 PST,bugs,Attachment #214050                Flags,superreview-,superreview?(bugs)
2006-03-06 13:24:08 PST,jmccabe,CC,jmccabe,
2006-03-06 13:57:17 PST,mozilla,Attachment #214223                Flags,superreview?(bugs),
2006-03-06 13:57:17 PST,mozilla,Attachment #214050                Attachment is obsolete,1,0
2006-03-06 14:07:33 PST,mozilla,Attachment #214223                Flags,review?(annie.sullivan),
2006-03-06 14:38:40 PST,bugs,Attachment #214223                Flags,superreview+,superreview?(bugs)
2006-03-06 14:43:22 PST,annie.sullivan,Attachment #214223                Flags,superreview?(bugs), review+,superreview+, review?(annie.sullivan)
2006-03-06 15:12:40 PST,bugs,CC,joseph.wright,
2006-03-06 15:21:06 PST,bugzilla-mozilla-20000923,CC,silver,
2006-03-06 16:54:19 PST,mozilla,Attachment #214223                Attachment is obsolete,1,0
2006-03-06 16:54:19 PST,mozilla,Attachment #214223                Flags,,superreview?(bugs)
2006-03-06 16:57:15 PST,BoxerBoi76,CC,BoxerBoi76,
2006-03-06 16:58:19 PST,bugs,Attachment #214223                Flags,superreview+,
2006-03-06 17:00:31 PST,mozilla,Status,RESOLVED,ASSIGNED
2006-03-06 17:00:31 PST,mozilla,Resolution,FIXED,---
2006-03-06 17:00:31 PST,mozilla,Last Resolved,2006-03-06 17:00:31,
2006-03-07 18:09:59 PST,mozilla,Keywords,fixed1.8.1,
2006-03-08 02:14:52 PST,Peter,CC,Peter,
2006-03-12 19:05:04 PST,robert,CC,,rparenton
2009-11-26 05:42:19 PST,gerv,Component,Bookmarks & History,Places
2009-11-26 05:42:19 PST,gerv,QA Contact,bookmarks,places
