When, Who, What, Added, Removed
2006-01-19 13:59:49 PST,cbook,CC,carstenbook,
2006-07-14 14:28:29 PDT,reed,QA Contact,litmus,ccooper
2007-04-17 14:32:53 PDT,coop,Status,ASSIGNED,NEW
2007-04-17 20:39:53 PDT,coop,Status,RESOLVED,ASSIGNED
2007-04-17 20:39:53 PDT,coop,Resolution,FIXED,---
2007-04-17 20:39:53 PDT,coop,Last Resolved,2007-04-17 20:39:53,
2007-04-18 10:39:34 PDT,twalker,Status,REOPENED,RESOLVED
2007-04-18 10:39:34 PDT,twalker,Resolution,---,FIXED
2007-04-18 12:48:02 PDT,deletesoftware+moz,CC,deletesoftware,
2007-04-24 08:20:19 PDT,coop,CC,marcia,
2007-04-24 08:20:19 PDT,coop,Status,ASSIGNED,REOPENED
2007-04-24 11:29:48 PDT,coop,Status,RESOLVED,ASSIGNED
2007-04-24 11:29:48 PDT,coop,Resolution,FIXED,---
2007-04-24 11:29:48 PDT,coop,Last Resolved,2007-04-24 11:29:48,2007-04-17 20:39:53
2007-04-25 08:38:44 PDT,twalker,Status,VERIFIED,RESOLVED
2007-05-21 06:08:18 PDT,deletesoftware+moz,CC,,deletesoftware
