When, Who, What, Added, Removed
2006-01-11 15:19:32 PST,jminta,Depends on,293766,
2006-01-11 16:11:58 PST,dmose,Depends on,,293766
2006-01-11 16:11:58 PST,dmose,Blocks,298366,
2006-01-11 16:11:58 PST,dmose,Target Milestone,Lightning 0.1,Lightning 0.2
2006-01-12 09:57:09 PST,ssitter,Blocks,323183,
2006-01-14 08:44:40 PST,jminta,Status,ASSIGNED,NEW
2006-01-14 08:44:40 PST,jminta,Assignee,jminta,nobody
2006-01-14 08:46:35 PST,jminta,Attachment #208480                Flags,first-review?(mvl),
2006-01-14 08:52:07 PST,ssitter,Blocks,,323183
2006-01-17 12:39:45 PST,Tobias.Besemer,CC,mozilla.bugzilla,
2006-01-19 16:34:28 PST,dmose,CC,mconnor, beltzner,
2006-02-08 10:25:42 PST,worcester12345,CC,worcester12345,
2006-02-10 07:56:00 PST,jminta,Attachment #208479                Attachment is obsolete,1,0
2006-02-10 07:56:00 PST,jminta,Attachment #208480                Attachment is obsolete,1,0
2006-02-10 07:56:00 PST,jminta,Attachment #211382                Flags,first-review?(mvl),
2006-02-10 07:56:00 PST,jminta,Attachment #208480                Flags,,first-review?(mvl)
2006-02-10 08:09:07 PST,jminta,Blocks,325475,
2006-02-13 11:49:29 PST,jminta,Attachment #211382                Attachment is obsolete,1,0
2006-02-13 11:49:29 PST,jminta,Attachment #211750                Flags,first-review?(mvl),
2006-02-13 11:49:29 PST,jminta,Attachment #211382                Flags,,first-review?(mvl)
2006-02-16 14:00:07 PST,mvl,Attachment #211750                Flags,first-review+,first-review?(mvl)
2006-02-18 14:44:32 PST,jminta,Status,RESOLVED,ASSIGNED
2006-02-18 14:44:32 PST,jminta,Resolution,FIXED,---
2006-02-18 14:44:32 PST,jminta,Last Resolved,2006-02-18 14:44:32,
