When, Who, What, Added, Removed
2006-02-07 22:31:00 PST,dougt,Status,RESOLVED,NEW
2006-02-07 22:31:00 PST,dougt,Resolution,FIXED,---
2006-02-07 22:31:00 PST,dougt,Last Resolved,2006-02-07 22:31:00,
2006-02-15 00:48:11 PST,romeojava,Status,REOPENED,RESOLVED
2006-02-15 00:48:11 PST,romeojava,Resolution,---,FIXED
2006-08-01 13:59:11 PDT,dougt,Status,RESOLVED,REOPENED
2006-08-01 13:59:11 PDT,dougt,Resolution,FIXED,---
2006-08-01 13:59:11 PDT,dougt,Last Resolved,2006-08-01 13:59:11,2006-02-07 22:31:00
