When, Who, What, Added, Removed
2006-01-12 00:16:03 PST,domi,CC,domi,
2006-01-12 05:49:46 PST,calum.mackay,CC,calum.mackay,
2006-01-27 13:55:57 PST,dmose,Assignee,dmose,base
2006-01-31 01:30:59 PST,thomas.benisch,Assignee,thomas.benisch,dmose
2006-01-31 19:12:15 PST,dmose,CC,majken, beltzner, mconnor,
2006-02-01 22:04:41 PST,dmose,CC,mconnor, gekacheka,
2006-02-01 22:05:00 PST,dmose,CC,,mconnor
2006-02-08 10:26:06 PST,worcester12345,CC,worcester12345,
2006-02-14 04:46:52 PST,thomas.benisch,Attachment #211845                Flags,first-review?(dmose),
2006-02-21 09:05:43 PST,stephan.schaefer,Whiteboard,[ETA 2/22],
2006-02-22 10:17:43 PST,thomas.benisch,Attachment #212775                Flags,first-review?(dmose),
2006-02-22 22:32:55 PST,dmose,Attachment #212775                Flags,,first-review?(dmose)
2006-02-22 22:55:35 PST,dmose,Whiteboard,[ETA 2/23],[ETA 2/22]
2006-02-23 23:53:48 PST,dmose,Whiteboard,[ETA 2/24],[ETA 2/23]
2006-02-27 17:08:43 PST,dmose,Whiteboard,[ETA 2/28],[ETA 2/24]
2006-02-28 00:12:42 PST,dmose,Attachment #212775                Attachment is obsolete,1,0
2006-02-28 16:47:35 PST,dmose,Attachment #213429                Attachment is obsolete,1,0
2006-02-28 16:47:35 PST,dmose,Attachment #213517                Flags,first-review?(jminta), second-review?(thomas.benisch),
2006-02-28 16:52:27 PST,dmose,Whiteboard,[ETA 2/29],[ETA 2/28]
2006-02-28 16:55:05 PST,dmose,Whiteboard,[ETA 3/1],[ETA 2/29]
2006-02-28 20:33:30 PST,jminta,Attachment #213517                Flags,first-review+,first-review?(jminta)
2006-03-01 05:25:54 PST,thomas.benisch,Attachment #213517                Flags,second-review+,second-review?(thomas.benisch)
2006-03-01 14:46:01 PST,dmose,Attachment #213517                Attachment is obsolete,1,0
2006-03-01 14:46:01 PST,dmose,Attachment #213666                Flags,first-review+, second-review+,
2006-03-01 15:19:51 PST,dmose,Blocks,,298366, 321164
2006-03-01 15:21:43 PST,dmose,Whiteboard,,[ETA 3/1]
2006-04-18 19:59:19 PDT,dmose,Attachment #211845                Flags,,first-review?(dmose)
2006-05-31 18:29:56 PDT,dmose,CC,enndeakin,
2006-06-05 18:02:27 PDT,dmose,Summary,24-hours views,views don't autoexpand to guarantee that out-of-sight events are displayed
2006-06-05 18:20:31 PDT,dmose,CC,roc,
2006-06-23 08:48:32 PDT,thomas.benisch,Attachment #226791                Flags,first-review?(dmose),
2006-06-30 03:07:02 PDT,thomas.benisch,Attachment #226791                Attachment is obsolete,1,0
2006-06-30 03:07:02 PDT,thomas.benisch,Attachment #227676                Flags,first-review?(dmose),
2006-06-30 03:07:02 PDT,thomas.benisch,Attachment #226791                Flags,,first-review?(dmose)
2006-06-30 16:34:01 PDT,jminta,Attachment #227676                Flags,first-review?(jminta),first-review?(dmose)
2006-06-30 17:27:22 PDT,jminta,Attachment #227676                Flags,first-review-,first-review?(jminta)
2006-07-04 08:57:19 PDT,thomas.benisch,Attachment #227676                Attachment is obsolete,1,0
2006-07-04 08:57:19 PDT,thomas.benisch,Attachment #228050                Flags,first-review?(jminta),
2006-07-05 13:55:38 PDT,jminta,Attachment #228050                Flags,first-review+,first-review?(jminta)
2006-07-06 08:36:46 PDT,thomas.benisch,Attachment #228050                Attachment is obsolete,1,0
2006-07-06 08:36:46 PDT,thomas.benisch,Attachment #228292                Flags,first-review?(jminta),
2006-07-11 10:45:45 PDT,jminta,Attachment #228292                Flags,first-review+,first-review?(jminta)
2006-07-12 03:00:41 PDT,thomas.benisch,Attachment #228292                Attachment is obsolete,1,0
2006-07-12 03:00:41 PDT,thomas.benisch,Attachment #228933                Flags,first-review+,
2006-07-12 13:44:29 PDT,jminta,Status,RESOLVED,NEW
2006-07-12 13:44:29 PDT,jminta,Resolution,FIXED,---
2006-07-12 13:44:29 PDT,jminta,Last Resolved,2006-07-12 13:44:29,
2006-08-12 04:07:10 PDT,bugzilla,CC,mruxton,
