When, Who, What, Added, Removed
2006-01-10 22:32:28 PST,mozilla,CC,benjamin, kairo,
2006-01-10 22:33:30 PST,mozilla,Summary,tinderbox build name generation (Linux),tinderbox build name generation
2006-01-11 00:23:48 PST,timeless,Attachment #208176                Flags,review?(dbaron),
2006-01-24 21:05:09 PST,dbaron,Attachment #208176                Flags,review?(chase),review?(dbaron)
2006-02-07 11:51:07 PST,chase,Assignee,build,chase
2006-12-03 11:08:36 PST,reed,QA Contact,tinderbox,timeless
2007-06-18 09:28:47 PDT,john+bugzilla,Priority,P3,--
2007-06-18 09:28:47 PDT,john+bugzilla,CC,joduinn,
2007-06-18 09:32:56 PDT,mozpreed,CC,preed, dbaron,
2008-01-22 11:42:51 PST,rhelmer,Attachment #208176                Flags,review?(ccooper),review?(chase)
2008-01-22 12:45:35 PST,coop,Attachment #208176                Flags,review+,review?(ccooper)
2008-01-22 13:14:32 PST,rhelmer,Product,mozilla.org,Webtools
2008-01-22 13:14:32 PST,rhelmer,Version,other,Trunk
2008-01-22 13:14:32 PST,rhelmer,Component,Build & Release,Tinderbox
2008-01-22 13:14:32 PST,rhelmer,Assignee,nobody,build
2008-01-22 13:14:32 PST,rhelmer,QA Contact,build,tinderbox
2008-01-22 13:14:32 PST,rhelmer,CC,rhelmer,
2008-02-28 12:33:31 PST,coop,Attachment #208176                Attachment description,patch [checked in],patch
2008-02-28 12:33:45 PST,coop,CC,ccooper,
2008-02-28 12:33:45 PST,coop,Last Resolved,2008-02-28 12:33:45,
2008-02-28 12:33:45 PST,coop,Status,RESOLVED,NEW
2008-02-28 12:33:45 PST,coop,Resolution,FIXED,---
2013-08-12 21:54:08 PDT,nobody,Product,Release Engineering,mozilla.org
