When, Who, What, Added, Removed
2006-01-11 11:21:30 PST,jhpedemonte,CC,jhpedemonte,
2007-03-27 01:44:45 PDT,jaas,Attachment #259778                Flags,review?(stuart.morgan),
2007-03-27 01:45:57 PDT,jaas,CC,stuart.morgan,
2007-03-27 07:17:19 PDT,stuart.morgan+bugzilla,Attachment #259778                Flags,review+,review?(stuart.morgan)
2007-03-27 10:36:46 PDT,jaas,Attachment #259778                Flags,superreview?(benjamin),
2007-03-30 09:38:40 PDT,benjamin,Attachment #259778                Flags,superreview+,superreview?(benjamin)
2007-03-30 12:52:53 PDT,jaas,Resolution,FIXED,---
2007-03-30 12:52:53 PDT,jaas,Last Resolved,2007-03-30 12:52:53,
2007-03-30 12:52:53 PDT,jaas,Status,RESOLVED,NEW
