When, Who, What, Added, Removed
2006-01-11 07:52:43 PST,LpSolit,CC,bugreport,
2006-01-11 07:52:43 PST,LpSolit,Target Milestone,Bugzilla 2.22,---
2006-06-18 15:15:37 PDT,LpSolit,Keywords,crash,
2006-06-18 15:15:37 PDT,LpSolit,Summary,process_bug.cgi crashes when encountering a deleted user account and when strict_isolation is on,process_bug.cgi crashes when encountering a deleted user
2006-11-08 07:26:20 PST,LpSolit,Status,ASSIGNED,NEW
2006-11-08 07:26:20 PST,LpSolit,Assignee,LpSolit,create-and-change
2006-11-08 07:26:20 PST,LpSolit,Attachment #244999                Flags,review?(wicked+bz),
2006-11-14 06:00:04 PST,wicked,Attachment #244999                Flags,review+,review?(wicked+bz)
2006-11-14 06:00:23 PST,wicked,Flags,approval?, approval2.22?,
2006-11-14 10:16:28 PST,justdave,Flags,approval+, approval2.22+,approval?, approval2.22?
2006-11-14 12:38:40 PST,LpSolit,Status,RESOLVED,ASSIGNED
2006-11-14 12:38:40 PST,LpSolit,Resolution,FIXED,---
2006-11-14 12:38:40 PST,LpSolit,Last Resolved,2006-11-14 12:38:40,
