When, Who, What, Added, Removed
2006-01-11 16:15:26 PST,samuel.sidler+old,Whiteboard,[mozilla.com],
2006-01-11 16:15:26 PST,samuel.sidler+old,Status,RESOLVED,UNCONFIRMED
2006-01-11 16:15:26 PST,samuel.sidler+old,Resolution,FIXED,---
2006-01-11 16:15:26 PST,samuel.sidler+old,Last Resolved,2006-01-11 16:15:26,
2006-03-01 15:01:34 PST,dmose,Blocks,329035,
2006-03-01 15:39:48 PST,reed,Blocks,,329035
2008-07-31 04:30:00 PDT,nobody,Product,Websites,mozilla.org
2012-08-23 00:16:07 PDT,nobody,Product,www.mozilla.org,Websites
2012-08-23 00:16:07 PDT,nobody,Component,General,www.mozilla.org
