When, Who, What, Added, Removed
2006-02-07 22:39:35 PST,dougt,Assignee,mgalli,dougt
2006-02-07 22:39:35 PST,dougt,CC,mgalli,
2006-04-13 13:09:27 PDT,mgalli,Status,ASSIGNED,NEW
2006-04-13 13:39:05 PDT,mgalli,Assignee,dougt,mgalli
2006-04-13 13:39:05 PDT,mgalli,Status,NEW,ASSIGNED
2006-04-13 13:39:25 PDT,mgalli,Assignee,mgalli,dougt
2006-04-13 14:30:24 PDT,mgalli,Status,RESOLVED,NEW
2006-04-13 14:30:24 PDT,mgalli,Resolution,FIXED,---
2006-04-13 14:30:24 PDT,mgalli,Last Resolved,2006-04-13 14:30:24,
