When, Who, What, Added, Removed
2006-01-11 12:36:48 PST,dmose,CC,dmose, bugzilla,
2006-01-12 01:56:46 PST,damiano.albani,CC,damiano.albani,
2006-01-12 02:02:04 PST,anton.bobrov,CC,anton.bobrov,
2006-05-01 14:05:27 PDT,standard8,CC,,bugzilla
2006-07-31 13:18:34 PDT,richm,Attachment #231474                Flags,review?(mcs),
2006-07-31 14:39:06 PDT,mcs,Attachment #231474                Flags,review+,review?(mcs)
2006-07-31 15:07:08 PDT,richm,Attachment #231474                Attachment is obsolete,1,0
2006-07-31 15:07:08 PDT,richm,Attachment #231496                Flags,review?(mcs), superreview?(dmose),
2006-08-01 06:06:33 PDT,mcs,Attachment #231496                Flags,review+,review?(mcs)
2006-08-01 08:01:05 PDT,richm,Summary,Honor scope when chasing referrals,Honor scope and filter when chasing referrals
2006-08-01 08:01:05 PDT,richm,Status,RESOLVED,NEW
2006-08-01 08:01:05 PDT,richm,Resolution,FIXED,---
2006-08-01 08:01:05 PDT,richm,Last Resolved,2006-08-01 08:01:05,
2007-03-07 13:40:30 PST,dmose,Attachment #231496                Flags,,superreview?(dmose)
