When, Who, What, Added, Removed
2006-01-11 17:13:44 PST,bugs,Attachment #208239                Flags,review?(brettw),
2006-01-11 17:46:49 PST,bugs,Attachment #208239                Attachment is obsolete,1,0
2006-01-11 17:46:49 PST,bugs,Attachment #208242                Flags,review?(brettw),
2006-01-11 17:46:49 PST,bugs,Attachment #208239                Flags,,review?(brettw)
2006-01-12 11:42:43 PST,brettw,Attachment #208242                Flags,review+,review?(brettw)
2006-01-17 17:23:23 PST,bugs,Status,RESOLVED,NEW
2006-01-17 17:23:23 PST,bugs,Resolution,FIXED,---
2006-01-17 17:23:23 PST,bugs,Priority,P2,--
2006-01-17 17:23:23 PST,bugs,Last Resolved,2006-01-17 17:23:23,
2009-11-26 05:49:57 PST,gerv,Component,Bookmarks & History,Places
2009-11-26 05:49:57 PST,gerv,QA Contact,bookmarks,places
