When, Who, What, Added, Removed
2006-01-11 21:40:43 PST,ispiked,OS,All,Windows XP
2006-01-11 21:40:43 PST,ispiked,Component,Style System (CSS),General
2006-01-11 21:40:43 PST,ispiked,Assignee,dbaron,nobody
2006-01-11 21:40:43 PST,ispiked,QA Contact,ian,general
2006-01-11 21:40:43 PST,ispiked,CC,ispiked,
2006-01-11 21:40:43 PST,ispiked,Keywords,testcase,
2006-01-11 21:40:43 PST,ispiked,Product,Core,Firefox
2006-01-11 21:40:43 PST,ispiked,Version,1.8 Branch,unspecified
2006-01-11 21:40:43 PST,ispiked,Hardware,All,PC
2006-01-11 21:41:06 PST,ispiked,Status,RESOLVED,UNCONFIRMED
2006-01-11 21:41:06 PST,ispiked,Resolution,DUPLICATE,---
2006-01-11 21:41:06 PST,ispiked,Last Resolved,2006-01-11 21:41:06,
2006-01-11 21:43:30 PST,dbaron,CC,h.verhagen,
2006-01-12 13:33:03 PST,dbaron,Status,UNCONFIRMED,RESOLVED
2006-01-12 13:33:03 PST,dbaron,Resolution,---,DUPLICATE
2006-01-12 13:33:03 PST,dbaron,Depends on,98997,
2006-01-12 13:34:18 PST,dbaron,Status,NEW,UNCONFIRMED
2006-01-12 13:34:18 PST,dbaron,Priority,P1,--
2006-01-12 13:34:18 PST,dbaron,Ever confirmed,1,0
2006-01-12 14:52:24 PST,gavin.sharp,CC,gavin.sharp,
2006-01-13 14:39:19 PST,bugspam.Callek,CC,bugspam.Callek,
2006-01-15 23:36:30 PST,robert,CC,rparenton,
2006-05-20 19:19:02 PDT,robert,CC,,rparenton
2007-05-21 23:16:58 PDT,dbaron,QA Contact,style-system,ian
2007-10-26 11:43:34 PDT,andrewm715+bugzilla,CC,andrewm715+bugzilla,
2008-01-07 01:56:50 PST,jwalden+bmo,CC,jwalden+bmo,
2008-01-07 04:01:56 PST,ryanvm,CC,ryanvm,
2008-02-19 12:58:17 PST,dbaron,Last Resolved,2008-02-19 12:58:17,2006-01-11 21:41:06
2008-02-19 12:58:17 PST,dbaron,Status,RESOLVED,NEW
2008-02-19 12:58:17 PST,dbaron,Resolution,FIXED,---
2008-02-19 12:58:17 PST,dbaron,Target Milestone,mozilla1.9beta4,---
