When, Who, What, Added, Removed
2006-01-10 20:41:32 PST,jwalden+bmo,Attachment #208171                Flags,review?(dveditz), superreview?(dveditz),
2006-01-10 22:54:07 PST,dveditz,Attachment #208171                Flags,review+, superreview+,review?(dveditz), superreview?(dveditz)
2006-01-11 09:29:17 PST,gavin.sharp,CC,gavin.sharp,
2006-01-25 17:07:12 PST,gavin.sharp,Status,RESOLVED,NEW
2006-01-25 17:07:12 PST,gavin.sharp,Resolution,FIXED,---
2006-01-25 17:07:12 PST,gavin.sharp,Last Resolved,2006-01-25 17:07:12,
2006-01-31 05:06:04 PST,kaie,Attachment #208171                Flags,branch-1.8.1+,
2006-02-05 17:52:18 PST,gavin.sharp,OS,All,Windows XP
2006-02-05 17:52:18 PST,gavin.sharp,Target Milestone,mozilla1.8.1,mozilla1.9alpha
2006-02-05 17:52:18 PST,gavin.sharp,Keywords,fixed1.8.1,
2006-02-05 17:52:18 PST,gavin.sharp,Hardware,All,PC
