When, Who, What, Added, Removed
2006-01-11 14:40:27 PST,wtc,Attachment #208226                Flags,review?(julien.pierre.bugs), superreview?(rrelyea),
2006-01-11 16:08:31 PST,julien.pierre,Attachment #208226                Flags,review-,review?(julien.pierre.bugs)
2006-01-11 16:28:54 PST,kaie,Blocks,317620,
2006-01-11 16:31:05 PST,rrelyea,Attachment #208226                Flags,superreview+,superreview?(rrelyea)
2006-01-11 17:07:41 PST,julien.pierre,Attachment #208226                Flags,review+,review-
2006-01-11 19:21:27 PST,wtc,Status,ASSIGNED,NEW
2006-01-11 19:21:27 PST,wtc,Priority,P1,--
2006-01-11 19:21:27 PST,wtc,Target Milestone,3.11.1,---
2006-01-12 15:49:58 PST,wtc,Resolution,FIXED,---
2006-01-12 15:49:58 PST,wtc,Last Resolved,2006-01-12 15:49:58,
2006-01-12 15:49:58 PST,wtc,Status,RESOLVED,ASSIGNED
2006-03-28 12:45:30 PST,mark,Blocks,332012,
