When, Who, What, Added, Removed
2006-01-11 15:46:33 PST,wellander2,OS,All,Windows 2000
2006-01-15 14:01:57 PST,reed,Status,NEW,UNCONFIRMED
2006-01-15 14:01:57 PST,reed,Assignee,mscott,www-mozilla-org
2006-01-15 14:01:57 PST,reed,CC,reed,
2006-01-15 14:01:57 PST,reed,Ever confirmed,1,0
2006-01-15 14:02:55 PST,reed,QA Contact,www-mozilla-org,danielwang
2006-01-15 14:04:43 PST,reed,Summary,Thunderbird link on homepage should be removed,Links needs removing
2006-01-15 15:33:51 PST,reed,QA Contact,danielwang,www-mozilla-org
2006-01-21 11:52:24 PST,reed,QA Contact,www-mozilla-org,danielwang
2008-07-31 04:30:00 PDT,nobody,Product,Websites,mozilla.org
2008-08-28 10:08:22 PDT,davidwboswell,CC,david,
2008-08-28 10:08:22 PDT,davidwboswell,Last Resolved,2008-08-28 10:08:22,
2008-08-28 10:08:22 PDT,davidwboswell,Status,RESOLVED,NEW
2008-08-28 10:08:22 PDT,davidwboswell,Resolution,FIXED,---
2012-08-23 00:16:07 PDT,nobody,Component,General,www.mozilla.org
2012-08-23 00:16:07 PDT,nobody,Product,www.mozilla.org,Websites
