When, Who, What, Added, Removed
2006-01-11 15:46:51 PST,wellander2,OS,All,Windows 2000
2006-01-11 15:59:48 PST,samuel.sidler+old,Whiteboard,[mozilla.com],
2006-01-11 15:59:48 PST,samuel.sidler+old,Summary,[mozilla.com] A wrong link in this page.,A wrong link in this page.
2006-01-11 15:59:48 PST,samuel.sidler+old,CC,bugzilla,
2006-01-11 16:30:24 PST,dbaron,Status,RESOLVED,UNCONFIRMED
2006-01-11 16:30:24 PST,dbaron,Resolution,FIXED,---
2006-01-11 16:30:24 PST,dbaron,Last Resolved,2006-01-11 16:30:24,
2006-01-11 16:33:01 PST,wellander2,Status,UNCONFIRMED,RESOLVED
2006-01-11 16:33:01 PST,wellander2,Resolution,---,FIXED
2006-01-11 16:35:35 PST,samuel.sidler+old,Status,RESOLVED,UNCONFIRMED
2006-01-11 16:35:35 PST,samuel.sidler+old,Resolution,FIXED,---
2006-01-11 16:35:35 PST,samuel.sidler+old,Last Resolved,2006-01-11 16:35:35,2006-01-11 16:30:24
2006-01-11 17:01:02 PST,samuel.sidler+old,CC,kbrosnan,
2008-07-31 04:30:00 PDT,nobody,Product,Websites,mozilla.org
2012-08-23 00:16:07 PDT,nobody,Product,www.mozilla.org,Websites
2012-08-23 00:16:07 PDT,nobody,Component,General,www.mozilla.org
