When, Who, What, Added, Removed
2006-01-11 09:17:44 PST,gavin.sharp,CC,gavin.sharp,
2006-01-11 10:50:30 PST,dbaron,Component,XP Toolkit/Widgets: Trees,Style System (CSS)
2006-01-11 10:50:30 PST,dbaron,Assignee,Jan.Varga,dbaron
2006-01-11 10:50:30 PST,dbaron,QA Contact,xptoolkit.trees,ian
2006-01-11 21:17:41 PST,ispiked,CC,ispiked,
2006-01-23 10:58:11 PST,matthew.gertner,CC,bzbarsky,
2006-01-24 02:02:32 PST,matthew.gertner,Attachment #209374                Attachment is obsolete,1,0
2006-01-24 08:31:12 PST,bzbarsky,Attachment #208192                Attachment is obsolete,1,0
2006-01-24 08:32:59 PST,bzbarsky,Attachment #209433                Attachment is obsolete,1,0
2006-01-24 08:35:22 PST,bzbarsky,CC,martijn.martijn,
2006-01-25 08:05:46 PST,matthew.gertner,Attachment #209449                Attachment is obsolete,1,0
2006-01-25 08:08:18 PST,matthew.gertner,Attachment #209450                Attachment is obsolete,1,0
2006-01-26 07:25:57 PST,martijn.martijn,Status,NEW,UNCONFIRMED
2006-01-26 07:25:57 PST,martijn.martijn,Ever confirmed,1,0
2006-01-26 07:25:57 PST,martijn.martijn,Flags,blocking1.8.1?, blocking1.9a1?,
2006-01-26 07:25:57 PST,martijn.martijn,Keywords,regression, testcase,
2006-01-26 08:37:15 PST,bzbarsky,Blocks,259139,
2006-01-26 08:51:17 PST,bzbarsky,Status,ASSIGNED,NEW
2006-01-26 08:51:17 PST,bzbarsky,Assignee,bzbarsky,Jan.Varga
2006-01-26 08:51:17 PST,bzbarsky,Attachment #209711                Flags,review?(dbaron), superreview?(dbaron),
2006-01-26 08:51:47 PST,bzbarsky,Target Milestone,mozilla1.9alpha,---
2006-01-26 08:51:47 PST,bzbarsky,Summary,[FIX]Using background-image CSS style for treechildren::-moz-tree-row causes excessive CPU load,Using background-image CSS style for treechildren::-moz-tree-row causes excessive CPU load
2006-01-26 08:51:47 PST,bzbarsky,Hardware,All,PC
2006-01-26 08:51:47 PST,bzbarsky,OS,All,Windows XP
2006-01-26 08:51:47 PST,bzbarsky,Priority,P1,--
2006-01-26 10:01:31 PST,dbaron,Attachment #209711                Flags,review+, superreview+,review?(dbaron), superreview?(dbaron)
2006-01-26 17:10:12 PST,bzbarsky,Attachment #209711                Attachment is obsolete,1,0
2006-01-26 19:07:44 PST,bzbarsky,Status,RESOLVED,ASSIGNED
2006-01-26 19:07:44 PST,bzbarsky,Resolution,FIXED,---
2006-01-26 19:07:44 PST,bzbarsky,Last Resolved,2006-01-26 19:07:44,
2006-01-26 19:07:58 PST,bzbarsky,Attachment #209781                Flags,approval1.8.1?,
2006-01-26 19:08:06 PST,bzbarsky,Flags,,blocking1.9a1?
2006-01-31 06:32:05 PST,benjamin,Attachment #209781                Flags,branch-1.8.1?(dbaron),approval1.8.1?
2006-01-31 22:14:27 PST,bzbarsky,Attachment #209781                Flags,approval1.8.0.2?,
2006-01-31 22:36:59 PST,dbaron,Attachment #209781                Flags,branch-1.8.1+,branch-1.8.1?(dbaron)
2006-02-01 11:24:54 PST,bzbarsky,Keywords,fixed1.8.1,
2006-02-22 00:29:06 PST,dveditz,Flags,blocking1.8.0.2+,
2006-02-22 00:29:09 PST,dveditz,Attachment #209781                Flags,approval1.8.0.2+,approval1.8.0.2?
2006-02-22 18:46:58 PST,bzbarsky,Keywords,fixed1.8.0.2,
2006-03-01 16:22:20 PST,mozmail,Whiteboard,[rft-dl],
2006-03-08 16:45:42 PST,jaymoz,Keywords,verified1.8.0.2,fixed1.8.0.2
2006-03-08 16:45:42 PST,jaymoz,CC,jay,
2008-07-31 03:20:03 PDT,timeless,Component,XUL,XP Toolkit/Widgets: Trees
2008-07-31 03:20:03 PDT,timeless,QA Contact,xptoolkit.widgets,xptoolkit.trees
