When, Who, What, Added, Removed
2006-01-11 09:31:37 PST,gavin.sharp,CC,gavin.sharp,
2006-01-11 09:58:12 PST,darin.moz,CC,beng, bent.mozilla,
2006-01-11 12:10:38 PST,jruderman,CC,jruderman,
2006-01-11 21:51:07 PST,ispiked,CC,ispiked,
2006-05-01 01:17:58 PDT,rowanjl,CC,rowanjl,
2006-05-03 06:49:24 PDT,liquidcoooled,CC,liquidcoooled,
2006-05-03 18:48:54 PDT,bugzilla,CC,bugzilla,
2006-08-22 14:49:47 PDT,moco,CC,sspitzer, mconnor, beltzner,
2007-03-04 03:03:28 PST,hskupin,CC,hskupin, robert.bugzilla,
2007-06-08 04:04:11 PDT,spencerselander,CC,spencerselander,
2007-07-30 21:41:59 PDT,mats,Keywords,dataloss,
2007-07-30 21:41:59 PDT,mats,Severity,critical,normal
2007-07-30 21:41:59 PDT,mats,CC,mats.palmgren,
2007-07-31 02:06:00 PDT,robert.strong.bugs,Depends on,347585,
2007-07-31 02:17:24 PDT,fullmetaljacket.xp+bugmail,CC,fullmetaljacket.xp+bugmail,
2007-08-01 07:46:18 PDT,djcater+bugzilla,CC,DJCater,
2007-08-01 10:55:41 PDT,bugzilla-mozilla-20000923,CC,silver,
2007-08-14 15:22:45 PDT,moco,Hardware,All,PC
2007-08-14 15:22:45 PDT,moco,OS,All,Windows XP
2007-08-14 15:22:45 PDT,moco,CC,jay, madhava,
2007-08-14 15:22:45 PDT,moco,Flags,blocking-firefox3?,
2007-09-13 07:58:10 PDT,mbeltzner,Flags,blocking-firefox3+,blocking-firefox3?
2007-09-17 15:45:03 PDT,mconnor,Target Milestone,Firefox 3 M9,---
2007-09-18 19:56:26 PDT,andrewm715+bugzilla,CC,deliriousgreen24,
2007-09-21 13:17:25 PDT,mconnor,Assignee,sspitzer,nobody
2007-09-21 13:17:25 PDT,mconnor,Depends on,391598,347585
2007-09-21 13:17:25 PDT,mconnor,Target Milestone,Firefox 3 M10,Firefox 3 M9
2007-09-21 13:18:14 PDT,cbook,CC,cbook,
2007-09-21 13:23:24 PDT,dao,CC,dao,
2007-09-21 13:45:24 PDT,mconnor,Depends on,,391598
2007-09-24 14:31:06 PDT,moco,Summary,Software update dialog steals focus / wait for idle before prompting,Software update dialog steals focus
2007-09-24 14:31:06 PDT,moco,Status,ASSIGNED,NEW
2007-09-25 10:48:47 PDT,maxxmozilla,CC,firefox,
2007-09-25 11:06:45 PDT,dao,Blocks,394021,
2007-11-08 12:41:24 PST,mconnor,Target Milestone,Firefox 3 M11,Firefox 3 M10
2007-11-10 10:43:30 PST,mconnor,Priority,P4,--
2007-11-10 15:26:51 PST,bugzilla,CC,,bugzilla
2007-11-19 08:27:06 PST,dao,Attachment #289321                Flags,review?(sspitzer),
2007-11-19 08:31:00 PST,dao,Attachment #289321                Attachment is obsolete,1,0
2007-11-19 08:31:00 PST,dao,Attachment #289322                Flags,review?(sspitzer),
2007-11-19 08:31:00 PST,dao,Attachment #289321                Flags,,review?(sspitzer)
2007-11-19 09:22:16 PST,moco,Attachment #289322                Flags,review+,review?(sspitzer)
2007-11-19 15:54:04 PST,dao,Attachment #289322                Attachment is obsolete,1,0
2007-11-19 16:05:27 PST,moco,Attachment #289403                Flags,review+,
2007-11-19 16:09:42 PST,moco,CC,tkeenan, faaborg,
2007-11-19 16:31:47 PST,dao,Attachment #289403                Attachment is obsolete,1,0
2007-11-19 16:31:47 PST,dao,Attachment #289408                Flags,review?(sspitzer),
2007-11-19 16:37:57 PST,moco,Attachment #289408                Flags,review+,review?(sspitzer)
2007-11-19 16:51:09 PST,dao,Keywords,checkin-needed,
2007-11-19 22:35:41 PST,hskupin,CC,bugzilla, kairo,
2007-11-20 01:23:53 PST,reed,Status,NEW,ASSIGNED
2007-11-20 01:23:53 PST,reed,Assignee,dao,sspitzer
2007-11-20 01:23:53 PST,reed,CC,reed,
2007-11-20 02:09:14 PST,reed,Resolution,FIXED,---
2007-11-20 02:09:14 PST,reed,Target Milestone,Firefox 3 M10,Firefox 3 M11
2007-11-20 02:09:14 PST,reed,Last Resolved,2007-11-20 02:09:14,
2007-11-20 02:09:14 PST,reed,Keywords,,checkin-needed
2007-11-20 02:09:14 PST,reed,Status,RESOLVED,NEW
2007-11-20 11:14:46 PST,moco,Flags,in-litmus?,
2007-11-23 11:32:48 PST,philringnalda,Depends on,405078,
2007-11-28 21:48:57 PST,bfrisch,CC,bfrisch,
2007-12-07 17:29:52 PST,cbook,Flags,in-litmus+,in-litmus?
2007-12-11 05:58:16 PST,robert,CC,robert,
2008-01-08 15:07:53 PST,alex,CC,polvi,
2008-01-11 11:44:07 PST,kkovash,CC,kkovash,
2008-03-25 17:45:18 PDT,jruderman,CC,anton,
2008-07-31 04:30:00 PDT,nobody,Product,Toolkit,Firefox
2008-10-31 12:50:12 PDT,hskupin,CC,orangenormal,
2010-10-19 10:33:59 PDT,bugzilla,CC,,bugzilla
