When, Who, What, Added, Removed
2006-07-10 07:42:00 PDT,mattwillis,Assignee,nobody,mostafah
2006-09-25 05:42:08 PDT,philipp,CC,bugzilla,
2007-01-23 10:23:38 PST,mschroeder,Status,NEW,UNCONFIRMED
2007-01-23 10:23:38 PST,mschroeder,Ever confirmed,1,0
2007-11-02 13:17:55 PDT,mschroeder,Version,unspecified,Trunk
2007-11-02 13:17:55 PDT,mschroeder,Component,General,Sunbird Only
2007-11-02 13:17:55 PDT,mschroeder,QA Contact,general,sunbird
2007-11-11 22:44:09 PST,mozilla,CC,temp2000,
2007-12-27 08:38:57 PST,dbo.moz,Flags,blocking-calendar0.8+,
2007-12-31 10:28:18 PST,bvdbos,CC,bvdbos,
2008-01-02 09:57:25 PST,mvl,CC,christian.jansen,
2008-01-08 04:28:16 PST,philipp,Status,ASSIGNED,NEW
2008-01-08 04:28:16 PST,philipp,Assignee,philipp,nobody
2008-01-08 04:28:16 PST,philipp,Attachment #295920                Flags,review?(daniel.boelzle),
2008-01-08 04:47:33 PST,dbo.moz,Attachment #295920                Flags,review+, ui-review+,review?(daniel.boelzle)
2008-01-08 06:12:35 PST,philipp,Status,RESOLVED,ASSIGNED
2008-01-08 06:12:35 PST,philipp,Resolution,FIXED,---
2008-01-08 06:12:35 PST,philipp,Target Milestone,0.8,---
2008-01-08 06:12:35 PST,philipp,Last Resolved,2008-01-08 06:12:35,
2008-01-10 02:52:25 PST,andreas.treumann,Status,VERIFIED,RESOLVED
2008-01-10 02:52:25 PST,andreas.treumann,CC,andreas.treumann,
2008-01-24 12:26:37 PST,arenam,CC,arenam,
