When, Who, What, Added, Removed
2007-02-03 14:32:27 PST,valorbugzilla,CC,gbn,
2008-03-16 18:43:20 PDT,LpSolit,Assignee,LpSolit,import-export
2008-03-16 18:43:20 PDT,LpSolit,Target Milestone,Bugzilla 3.2,---
2008-03-16 19:48:39 PDT,LpSolit,Attachment #309852                Flags,review?(ghendricks),
2008-03-17 09:29:33 PDT,gregaryh,Attachment #309852                Flags,review+,review?(ghendricks)
2008-03-17 09:34:29 PDT,LpSolit,Flags,approval+,
2008-03-17 09:34:29 PDT,LpSolit,Status,ASSIGNED,NEW
2008-03-17 09:37:27 PDT,LpSolit,Keywords,relnote,
2008-03-17 09:37:27 PDT,LpSolit,Status,RESOLVED,ASSIGNED
2008-03-17 09:37:27 PDT,LpSolit,Resolution,FIXED,---
2008-03-17 09:37:27 PDT,LpSolit,Last Resolved,2008-03-17 09:37:27,
2008-06-27 09:39:09 PDT,LpSolit,CC,bugs,
2008-07-01 00:07:29 PDT,mkanat,Keywords,,relnote
