When, Who, What, Added, Removed
2006-01-11 11:19:01 PST,mconnor,Severity,enhancement,minor
2006-01-11 11:19:01 PST,mconnor,CC,mconnor, roc,
2006-01-11 13:24:03 PST,roc,Depends on,66057,
2007-01-30 05:50:23 PST,alfred.peng,CC,alfred.peng,
2007-02-13 02:21:40 PST,yang.chen,CC,emily.chen,
2007-02-13 02:27:24 PST,yang.chen,Ever confirmed,1,0
2007-02-13 02:27:24 PST,yang.chen,Status,NEW,UNCONFIRMED
2007-02-13 02:28:08 PST,yang.chen,CC,mozilla-sun,
2008-02-21 03:13:28 PST,ginn.chen,CC,ginn.chen,
2008-02-22 00:48:21 PST,ginn.chen,Status,RESOLVED,NEW
2008-02-22 00:48:21 PST,ginn.chen,Resolution,FIXED,---
2008-02-22 00:48:21 PST,ginn.chen,Last Resolved,2008-02-22 00:48:21,
