When, Who, What, Added, Removed
2006-01-11 09:10:17 PST,jo.hermans,Summary,addons.mozilla.org search error,www.mozilla.com search error
2006-01-11 09:10:17 PST,jo.hermans,Product,Update,Firefox
2006-01-11 09:10:17 PST,jo.hermans,Component,Web Site,General
2006-01-11 09:10:17 PST,jo.hermans,Assignee,Bugzilla-alanjstrBugs,nobody
2006-01-11 09:10:17 PST,jo.hermans,QA Contact,web-ui,general
2006-02-15 06:33:51 PST,Bugzilla-alanjstrBugs,Summary,search box on front page does not pick up application URI param,addons.mozilla.org search error
2006-02-15 06:33:51 PST,Bugzilla-alanjstrBugs,Status,NEW,UNCONFIRMED
2006-02-15 06:33:51 PST,Bugzilla-alanjstrBugs,Assignee,morgamic,Bugzilla-alanjstrBugs
2006-02-15 06:33:51 PST,Bugzilla-alanjstrBugs,Ever confirmed,1,0
2006-02-20 18:47:10 PST,Bugzilla-alanjstrBugs,CC,Jens.Rutschmann,
2007-04-28 08:33:36 PDT,fwenzel,Status,RESOLVED,NEW
2007-04-28 08:33:36 PDT,fwenzel,Resolution,FIXED,---
2007-04-28 08:33:36 PDT,fwenzel,CC,fwenzel,
2007-04-28 08:33:36 PDT,fwenzel,Last Resolved,2007-04-28 08:33:36,
