When, Who, What, Added, Removed
2006-01-11 15:14:08 PST,shadowhyphen-mozilla,CC,mpoli,
2006-01-11 15:46:03 PST,enzomatrix,Status,ASSIGNED,UNCONFIRMED
2006-01-11 15:46:03 PST,enzomatrix,Ever confirmed,1,0
2007-01-08 11:52:24 PST,shadowhyphen-mozilla,URL,http://lxr.mozilla.org/l10n/source/es-AR/browser/chrome/browser/preferences/connection.dtd#1,http://lxr.mozilla.org/l10n-mozilla1.8/source/es-AR/browser/chrome/browser/preferences/connection.dtd#1
2007-01-08 11:52:24 PST,shadowhyphen-mozilla,Hardware,All,PC
2007-01-08 11:52:24 PST,shadowhyphen-mozilla,OS,All,Windows XP
2007-01-08 11:52:24 PST,shadowhyphen-mozilla,Component,es-AR / Spanish, Argentina,Other
2007-01-08 11:52:24 PST,shadowhyphen-mozilla,CC,shadowhyphen-mozilla,
2007-01-09 17:23:36 PST,enzomatrix,Status,NEW,ASSIGNED
2007-01-09 17:23:36 PST,enzomatrix,Assignee,mpoli,nobody
2007-01-09 17:23:36 PST,enzomatrix,QA Contact,mpoli,
2008-02-19 08:41:39 PST,pascalc,CC,pascalc,
2008-02-19 15:18:46 PST,enzomatrix,Status,RESOLVED,NEW
2008-02-19 15:18:46 PST,enzomatrix,Resolution,FIXED,---
2008-02-19 15:18:46 PST,enzomatrix,Last Resolved,2008-02-19 15:18:46,
2008-04-16 17:30:51 PDT,shadowhyphen-mozilla,CC,,shadowhyphen-mozilla
