When, Who, What, Added, Removed
2006-01-10 18:45:49 PST,surkov.alexander,Depends on,323005,
2006-01-11 09:09:14 PST,aaronr,CC,doronr, allan, smaug,
2006-02-14 02:43:43 PST,surkov.alexander,Status,RESOLVED,UNCONFIRMED
2006-02-14 02:43:43 PST,surkov.alexander,Resolution,DUPLICATE,---
2006-02-14 02:43:43 PST,surkov.alexander,Last Resolved,2006-02-14 02:43:43,
2006-03-15 18:59:14 PST,surkov.alexander,Status,UNCONFIRMED,RESOLVED
2006-03-15 18:59:14 PST,surkov.alexander,Resolution,---,DUPLICATE
2006-03-15 19:01:48 PST,surkov.alexander,Status,NEW,UNCONFIRMED
2006-03-15 19:01:48 PST,surkov.alexander,Assignee,surkov,aaronr
2006-03-15 19:01:48 PST,surkov.alexander,Ever confirmed,1,0
2006-03-15 19:02:48 PST,surkov.alexander,Attachment #215204                Flags,review?(allan),
2006-03-15 19:03:18 PST,surkov.alexander,Attachment #215204                Flags,review?(smaug),
2006-03-15 19:03:30 PST,surkov.alexander,Status,ASSIGNED,NEW
2006-03-19 05:59:56 PST,bugs,Attachment #215204                Flags,review+,review?(smaug)
2006-03-20 03:03:20 PST,allan,Attachment #215204                Flags,review+,review?(allan)
2006-03-20 03:05:02 PST,allan,Whiteboard,xf-to-branch,
2006-03-20 03:05:02 PST,allan,Status,RESOLVED,ASSIGNED
2006-03-20 03:05:02 PST,allan,Resolution,FIXED,---
2006-03-20 03:05:02 PST,allan,Last Resolved,2006-03-20 03:05:02,2006-02-14 02:43:43
2006-04-07 03:28:18 PDT,allan,Blocks,332853,
2006-04-07 03:38:41 PDT,allan,Keywords,fixed1.8.0.3, fixed1.8.1,
2006-04-07 04:40:40 PDT,allan,Whiteboard,,xf-to-branch
