When, Who, What, Added, Removed
2006-01-11 09:11:56 PST,bugzilla,CC,iann_bugzilla,
2006-01-11 09:28:59 PST,mnordhoff,CC,mnordhoff,
2006-01-11 09:41:03 PST,bugzilla,Status,ASSIGNED,NEW
2006-01-11 09:41:03 PST,bugzilla,Assignee,bugzilla,mail
2006-01-11 09:41:03 PST,bugzilla,Attachment #208203                Flags,review?,
2006-01-11 09:41:24 PST,bugzilla,Attachment #208203                Flags,review?(iann_bugzilla),review?
2006-01-11 09:51:54 PST,iann_bugzilla,Attachment #208203                Flags,review+, approval-seamonkey1.0?, approval-seamonkey1.1+,review?(iann_bugzilla)
2006-01-11 09:53:46 PST,bugzilla,Attachment #208203                Flags,superreview?(bienvenu),
2006-01-11 09:59:02 PST,kairo,Attachment #208203                Flags,approval-seamonkey1.0+,approval-seamonkey1.0?
2006-01-11 21:59:41 PST,mozilla,Attachment #208203                Flags,superreview+,superreview?(bienvenu)
2006-01-12 06:05:00 PST,iann_bugzilla,Attachment #208203                Attachment description,Patch (Checked in trunk, branch 1.8 & 1.8.0),Patch
2006-01-12 06:05:54 PST,iann_bugzilla,Resolution,FIXED,---
2006-01-12 06:05:54 PST,iann_bugzilla,Last Resolved,2006-01-12 06:05:54,
2006-01-12 06:05:54 PST,iann_bugzilla,Keywords,fixed1.8.0.1, fixed1.8.1,
2006-01-12 06:05:54 PST,iann_bugzilla,Whiteboard,fixed-seamonkey1.0,
2006-01-12 06:05:54 PST,iann_bugzilla,Status,RESOLVED,ASSIGNED
2006-01-22 06:49:16 PST,stefanh,Keywords,verified1.8.0.1,fixed1.8.0.1
2006-03-25 04:17:55 PST,bugzillamozillaorg_serge_20140323,Whiteboard,,fixed-seamonkey1.0
2006-03-25 04:17:55 PST,bugzillamozillaorg_serge_20140323,Keywords,fixed-seamonkey1.0,
2006-08-20 09:24:49 PDT,bugzilla,Keywords,fixed-seamonkey1.1a,
