When, Who, What, Added, Removed
2006-01-11 06:41:54 PST,uriber,Status,ASSIGNED,NEW
2006-01-11 06:41:54 PST,uriber,Assignee,uriber,nobody
2006-01-11 06:41:54 PST,uriber,Attachment #208198                Flags,review?(dbaron), superreview?(dbaron),
2006-01-14 13:24:07 PST,smontagu,CC,smontagu,
2006-01-19 15:12:43 PST,dbaron,Attachment #208198                Flags,review+, superreview+,review?(dbaron), superreview?(dbaron)
2006-01-19 15:20:53 PST,uriber,Attachment #208198                Flags,approval1.8.1?,
2006-01-19 22:47:23 PST,uriber,Status,RESOLVED,ASSIGNED
2006-01-19 22:47:23 PST,uriber,Resolution,FIXED,---
2006-01-19 22:47:23 PST,uriber,Target Milestone,mozilla1.9alpha,---
2006-01-19 22:47:23 PST,uriber,Last Resolved,2006-01-19 22:47:23,
2006-01-30 11:12:52 PST,uriber,Attachment #208198                Flags,branch-1.8.1?(dbaron),approval1.8.1?
2006-02-07 15:25:55 PST,dbaron,Attachment #208198                Flags,branch-1.8.1+,branch-1.8.1?(dbaron)
2006-02-07 15:45:05 PST,uriber,Keywords,fixed1.8.1,
2008-04-07 13:58:22 PDT,ehsan,Keywords,rtl,
2008-04-07 13:58:22 PDT,ehsan,CC,ehsan.akhgari,
