When, Who, What, Added, Removed
2006-01-11 10:38:05 PST,mozillamarcia.knous,Status,ASSIGNED,NEW
2006-01-11 14:54:53 PST,mozillamarcia.knous,Status,NEW,ASSIGNED
2006-01-11 14:54:53 PST,mozillamarcia.knous,Assignee,server-ops,marcia
2006-01-12 09:22:13 PST,morgamic,CC,marcia,
2006-01-12 10:47:56 PST,mozillamarcia.knous,Status,ASSIGNED,NEW
2006-01-16 01:05:44 PST,aravind,Status,NEW,ASSIGNED
2006-01-16 01:05:44 PST,aravind,Assignee,aravind,server-ops
2006-01-16 01:06:13 PST,aravind,Status,RESOLVED,NEW
2006-01-16 01:06:13 PST,aravind,Resolution,FIXED,---
2006-01-16 01:06:13 PST,aravind,Last Resolved,2006-01-16 01:06:13,
2006-01-16 18:56:08 PST,morgamic,Status,VERIFIED,RESOLVED
