When, Who, What, Added, Removed
2006-01-11 17:00:43 PST,jonas,Assignee,bugmail,general
2006-01-11 17:00:43 PST,jonas,Attachment #208238                Flags,review?(roc), superreview?(roc),
2006-01-11 17:00:43 PST,jonas,Status,ASSIGNED,NEW
2006-01-11 17:03:57 PST,roc,Attachment #208238                Flags,review?(bzbarsky), superreview?(bzbarsky),review?(roc), superreview?(roc)
2006-01-11 17:16:49 PST,gavin.sharp,CC,gavin.sharp,
2006-01-11 21:30:10 PST,bzbarsky,Attachment #208238                Flags,review+, superreview+,review?(bzbarsky), superreview?(bzbarsky)
2006-01-11 22:51:31 PST,jonas,Status,RESOLVED,ASSIGNED
2006-01-11 22:51:31 PST,jonas,Resolution,FIXED,---
2006-01-11 22:51:31 PST,jonas,Last Resolved,2006-01-11 22:51:31,
2006-02-24 07:36:34 PST,martijn.martijn,Depends on,328468,
