When, Who, What, Added, Removed
2006-01-11 10:23:51 PST,ssitter,Status,ASSIGNED,NEW
2006-01-11 10:23:51 PST,ssitter,Assignee,ssitter,mostafah
2006-01-11 10:23:51 PST,ssitter,Attachment #208210                Flags,first-review?(jminta),
2006-01-12 13:10:49 PST,jminta,Attachment #208210                Flags,first-review-,first-review?(jminta)
2006-01-12 14:00:28 PST,ssitter,Attachment #208210                Attachment is obsolete,1,0
2006-01-12 14:00:28 PST,ssitter,Attachment #208301                Flags,first-review?(jminta),
2006-01-12 15:23:07 PST,jminta,Attachment #208301                Flags,first-review+,first-review?(jminta)
2006-01-12 15:29:32 PST,jminta,Status,RESOLVED,ASSIGNED
2006-01-12 15:29:32 PST,jminta,Resolution,FIXED,---
2006-01-12 15:29:32 PST,jminta,Last Resolved,2006-01-12 15:29:32,
2006-09-10 00:57:19 PDT,damian.publicemail,Status,VERIFIED,RESOLVED
2006-09-10 00:57:19 PDT,damian.publicemail,CC,dszczepanik,
