When, Who, What, Added, Removed
2006-06-20 01:28:24 PDT,morgamic,Priority,P5,--
2006-06-20 01:28:24 PDT,morgamic,Assignee,nobody,Bugzilla-alanjstrBugs
2006-06-24 03:40:31 PDT,cameron,Ever confirmed,1,0
2006-06-24 03:40:31 PDT,cameron,Status,NEW,UNCONFIRMED
2006-06-24 03:40:31 PDT,cameron,CC,bugs.cameron,
2006-06-25 10:38:34 PDT,cameron,Priority,--,P5
2006-11-19 03:41:30 PST,dongato,CC,dongato,
2006-11-29 22:25:36 PST,shaver,Target Milestone,Future,2.0
2008-07-03 10:27:47 PDT,bhashem,Status,RESOLVED,NEW
2008-07-03 10:27:47 PDT,bhashem,Resolution,FIXED,---
2008-07-03 10:27:47 PDT,bhashem,CC,basil,
2008-07-03 10:27:47 PDT,bhashem,Last Resolved,2008-07-03 10:27:47,
2008-07-03 13:00:20 PDT,stephen.donner,Status,VERIFIED,RESOLVED
2008-07-03 13:00:20 PDT,stephen.donner,CC,stephen.donner,
