When, Who, What, Added, Removed
2006-01-11 11:59:50 PST,ajvincent,CC,bzbarsky,
2006-01-11 12:01:43 PST,gavin.sharp,CC,gavin.sharp,
2006-01-11 12:21:59 PST,mscott,CC,brettw,
2006-01-11 15:28:39 PST,bzbarsky,Blocks,252706,
2006-01-11 15:28:39 PST,bzbarsky,Flags,blocking1.9a1?,
2006-05-16 15:23:31 PDT,brettw,Resolution,FIXED,---
2006-05-16 15:23:31 PDT,brettw,Last Resolved,2006-05-16 15:23:31,
2006-05-16 15:23:31 PDT,brettw,Status,RESOLVED,NEW
2006-05-17 05:07:59 PDT,jasonb,CC,jasonb,
2006-05-17 09:00:49 PDT,ajvincent,Status,VERIFIED,RESOLVED
2006-05-17 09:04:05 PDT,jasonb,CC,,jasonb
2006-11-10 12:00:17 PST,bzbarsky,Flags,,blocking1.9a1?
