When, Who, What, Added, Removed
2006-01-12 15:25:45 PST,asqueella,Product,Core,Firefox
2006-01-12 15:25:45 PST,asqueella,Version,Trunk,unspecified
2006-01-12 15:25:45 PST,asqueella,Status,NEW,UNCONFIRMED
2006-01-12 15:25:45 PST,asqueella,Component,XPConnect,General
2006-01-12 15:25:45 PST,asqueella,Assignee,dbradley,nobody
2006-01-12 15:25:45 PST,asqueella,QA Contact,pschwartau,general
2006-01-12 15:25:45 PST,asqueella,CC,asqueella,
2006-01-12 15:25:45 PST,asqueella,Ever confirmed,1,0
2006-01-12 15:45:04 PST,gavin.sharp,CC,gavin.sharp, dbaron, shaver,
2006-01-12 17:27:52 PST,calum.mackay,CC,calum.mackay,
2006-01-13 11:35:44 PST,dbaron,Attachment #208244                Flags,review+,
2006-01-14 12:26:13 PST,gavin.sharp,Assignee,zackw,dbradley
2006-01-14 12:44:52 PST,dbaron,Status,RESOLVED,NEW
2006-01-14 12:44:52 PST,dbaron,Resolution,FIXED,---
2006-01-14 12:44:52 PST,dbaron,Last Resolved,2006-01-14 12:44:52,
2006-01-14 14:54:18 PST,zackw,Attachment #208244                Flags,approval1.8.0.2?, approval1.8.1?,
2006-01-31 06:32:21 PST,benjamin,Attachment #208244                Flags,branch-1.8.1?(dbaron),approval1.8.1?
2006-02-22 00:46:19 PST,dveditz,Attachment #208244                Flags,approval1.8.0.2-,approval1.8.0.2?
2006-06-14 14:58:24 PDT,dbaron,Attachment #208244                Flags,approval-branch-1.8.1-,approval-branch-1.8.1?(dbaron)
2006-08-28 07:35:44 PDT,mh+mozilla,CC,mh+mozilla,
