When, Who, What, Added, Removed
2006-01-12 12:24:34 PST,ria.klaassen,CC,ria.klaassen,
2006-01-12 13:16:52 PST,martijn.martijn,Status,NEW,UNCONFIRMED
2006-01-12 13:16:52 PST,martijn.martijn,Component,Layout: Form Controls,General
2006-01-12 13:16:52 PST,martijn.martijn,QA Contact,layout.form-controls,general
2006-01-12 13:16:52 PST,martijn.martijn,CC,roc, martijn.martijn,
2006-01-12 13:16:52 PST,martijn.martijn,Ever confirmed,1,0
2006-01-12 13:16:52 PST,martijn.martijn,Keywords,regression, testcase,
2006-01-12 13:16:52 PST,martijn.martijn,Product,Core,Firefox
2006-01-12 13:16:52 PST,martijn.martijn,Version,Trunk,unspecified
2006-01-13 07:51:33 PST,ispiked,CC,ispiked,
2006-01-14 01:39:34 PST,mozilla_bugs,CC,mozilla_bugs,
2006-01-14 14:15:35 PST,gavin.sharp,CC,gavin.sharp,
2007-01-18 22:07:12 PST,bzbarsky,CC,bzbarsky,
2007-01-19 04:19:41 PST,martijn.martijn,Status,RESOLVED,NEW
2007-01-19 04:19:41 PST,martijn.martijn,Resolution,FIXED,---
2007-01-19 04:19:41 PST,martijn.martijn,Depends on,300030,
2007-01-19 04:19:41 PST,martijn.martijn,Last Resolved,2007-01-19 04:19:41,
2007-01-22 15:42:02 PST,jcea,CC,jcea,
2007-03-11 16:08:22 PDT,jwalden+bmo,CC,jwalden+bmo,
2007-03-11 16:08:22 PDT,jwalden+bmo,Flags,in-testsuite?,
