When, Who, What, Added, Removed
2006-01-13 08:39:31 PST,ssitter,Status,ASSIGNED,NEW
2006-01-13 08:39:31 PST,ssitter,Assignee,ssitter,nobody
2006-01-13 08:39:31 PST,ssitter,Attachment #208384                Flags,first-review?(jminta),
2006-01-14 08:52:07 PST,ssitter,Depends on,,323085
2006-01-14 10:18:19 PST,jminta,Attachment #208384                Flags,first-review+, second-review?(dmose),first-review?(jminta)
2006-01-16 17:03:57 PST,dmose,Attachment #208384                Flags,second-review-,second-review?(dmose)
2006-01-17 15:28:51 PST,dmose,Attachment #208384                Flags,second-review+,second-review-
2006-01-18 05:57:24 PST,jminta,Status,RESOLVED,ASSIGNED
2006-01-18 05:57:24 PST,jminta,Resolution,FIXED,---
2006-01-18 05:57:24 PST,jminta,Last Resolved,2006-01-18 05:57:24,
