When, Who, What, Added, Removed
2006-01-12 09:42:52 PST,db48x,Attachment #208275                Flags,review+,
2006-01-12 11:46:51 PST,florian,Attachment #208275                Flags,superreview?(neil.parkwaycc.co.uk),
2006-01-12 18:33:13 PST,gavin.sharp,CC,gavin.sharp,
2006-01-13 07:52:13 PST,ispiked,CC,ispiked,
2006-01-14 13:17:14 PST,neil,Summary,Add a stringbundleset element in pageinfo.xul so that overlays can add stringbundles more easily,Add a stringbundleset element in pageinfo.xul so that overlays can add stringbundles easier
2006-01-14 13:18:04 PST,neil,Attachment #208275                Flags,superreview+,superreview?(neil.parkwaycc.co.uk)
2006-01-17 15:35:58 PST,florian,Attachment #208275                Flags,approval1.8.1?,
2006-01-31 06:32:47 PST,benjamin,Attachment #208275                Flags,branch-1.8.1?(mconnor),approval1.8.1?
2006-02-02 14:50:55 PST,mconnor,Attachment #208275                Flags,branch-1.8.1+,branch-1.8.1?(mconnor)
2006-02-02 14:52:02 PST,gavin.sharp,Whiteboard,[checkin needed (1.8 branch)],
2006-02-22 07:45:30 PST,gavin.sharp,Status,RESOLVED,NEW
2006-02-22 07:45:30 PST,gavin.sharp,Resolution,FIXED,---
2006-02-22 07:45:30 PST,gavin.sharp,Target Milestone,Firefox 2 alpha1,---
2006-02-22 07:45:30 PST,gavin.sharp,Last Resolved,2006-02-22 07:45:30,
2006-02-22 07:45:30 PST,gavin.sharp,Version,2.0 Branch,Trunk
2006-02-22 07:45:30 PST,gavin.sharp,Hardware,All,PC
2006-02-22 08:07:55 PST,gavin.sharp,Keywords,fixed-seamonkey1.1a, fixed1.8.1,
2006-02-22 08:07:55 PST,gavin.sharp,Whiteboard,,[checkin needed (1.8 branch)]
