When, Who, What, Added, Removed
2006-01-12 14:43:48 PST,wuno,Product,Core,Firefox
2006-01-12 14:43:48 PST,wuno,Version,Trunk,unspecified
2006-01-12 14:43:48 PST,wuno,Component,GFX: Thebes,General
2006-01-13 02:51:00 PST,cbiesinger,CC,cbiesinger,
2006-01-18 15:16:19 PST,cbiesinger,Status,NEW,UNCONFIRMED
2006-01-18 15:16:19 PST,cbiesinger,Ever confirmed,1,0
2006-01-18 15:17:53 PST,cbiesinger,Attachment #208772                Flags,review?(benjamin),
2006-01-20 12:04:58 PST,benjamin,Attachment #208772                Flags,review+,review?(benjamin)
2006-01-21 08:25:47 PST,cbiesinger,Last Resolved,2006-01-21 08:25:47,
2006-01-21 08:25:47 PST,cbiesinger,Status,RESOLVED,NEW
2006-01-21 08:25:47 PST,cbiesinger,Resolution,FIXED,---
2006-01-22 03:02:35 PST,wuno,CC,wuno,
2010-02-21 00:59:32 PST,wuno,Assignee,wuno,nobody
