When, Who, What, Added, Removed
2006-01-12 06:39:32 PST,iann_bugzilla,Depends on,306209,
2006-01-12 07:59:13 PST,ajschult,CC,VYV03354, roc,
2006-01-12 19:06:20 PST,gavin.sharp,CC,gavin.sharp,
2006-01-13 07:53:30 PST,ispiked,CC,ispiked,
2006-01-25 03:22:11 PST,iann_bugzilla,Attachment #209566                Flags,review?(emaijala), superreview?(roc),
2006-01-25 08:31:55 PST,masayuki,Whiteboard,needs simple testcase,
2006-01-25 08:32:12 PST,masayuki,Attachment #209566                Flags,,review?(emaijala), superreview?(roc)
2006-01-25 08:34:23 PST,emaijala+moz,Attachment #209566                Flags,review+,
2006-01-25 08:34:42 PST,emaijala+moz,CC,emaijala,
2006-01-28 23:22:09 PST,VYV03354,Status,ASSIGNED,NEW
2006-01-28 23:22:09 PST,VYV03354,Assignee,VYV03354,nobody
2006-01-28 23:22:09 PST,VYV03354,Attachment #209566                Attachment is obsolete,1,0
2006-01-28 23:22:09 PST,VYV03354,Attachment #210027                Flags,review?(emaijala),
2006-01-29 01:32:05 PST,emaijala+moz,Attachment #210027                Flags,review+,review?(emaijala)
2006-01-29 01:56:04 PST,VYV03354,Attachment #210027                Attachment is obsolete,1,0
2006-01-29 01:56:04 PST,VYV03354,Attachment #210028                Flags,review+, superreview?(roc),
2006-01-31 10:48:26 PST,roc,Attachment #210028                Flags,superreview+,superreview?(roc)
2006-02-01 07:37:37 PST,masayuki,Status,RESOLVED,ASSIGNED
2006-02-01 07:37:37 PST,masayuki,Resolution,FIXED,---
2006-02-01 07:37:37 PST,masayuki,Last Resolved,2006-02-01 07:37:37,
2007-03-17 22:44:31 PDT,mats,Depends on,374229,
