When, Who, What, Added, Removed
2006-01-12 09:39:48 PST,ssitter,Status,NEW,UNCONFIRMED
2006-01-12 09:39:48 PST,ssitter,Assignee,ssitter,mostafah
2006-01-12 09:39:48 PST,ssitter,Ever confirmed,1,0
2006-01-12 09:41:51 PST,ssitter,CC,edemkim_edoham,
2006-01-12 09:43:14 PST,ssitter,Status,ASSIGNED,NEW
2006-01-16 14:35:32 PST,ssitter,Attachment #208673                Flags,first-review?(jminta),
2006-01-16 15:08:03 PST,jminta,Attachment #208673                Flags,first-review-,first-review?(jminta)
2006-01-16 15:35:16 PST,ssitter,Attachment #208673                Attachment is obsolete,1,0
2006-01-16 15:35:16 PST,ssitter,Attachment #208676                Flags,first-review?(jminta),
2006-01-16 16:07:31 PST,jminta,Attachment #208676                Flags,first-review+,first-review?(jminta)
2006-01-18 06:15:13 PST,jminta,Status,RESOLVED,ASSIGNED
2006-01-18 06:15:13 PST,jminta,Resolution,FIXED,---
2006-01-18 06:15:13 PST,jminta,Last Resolved,2006-01-18 06:15:13,
