When, Who, What, Added, Removed
2006-01-11 17:57:48 PST,justdave,CC,dmose,
2006-01-11 18:21:16 PST,gavin.sharp,CC,gavin.sharp,
2006-01-12 13:36:45 PST,mscott,CC,bienvenu,
2006-01-25 13:47:24 PST,mscott,Status,ASSIGNED,NEW
2006-01-25 13:47:24 PST,mscott,Target Milestone,Thunderbird2.0,---
2006-06-21 12:49:22 PDT,mscott,Attachment #226525                Flags,superreview?(bienvenu),
2006-06-21 14:22:31 PDT,mozilla,Attachment #226525                Flags,superreview+,superreview?(bienvenu)
2006-06-21 14:29:38 PDT,mscott,Keywords,fixed1.8.1,
2006-06-21 14:29:38 PDT,mscott,Status,RESOLVED,ASSIGNED
2006-06-21 14:29:38 PDT,mscott,Resolution,FIXED,---
2006-06-21 14:29:38 PDT,mscott,Last Resolved,2006-06-21 14:29:38,
2007-03-30 04:26:25 PDT,cbook,CC,carstenbook,
2007-03-30 04:26:25 PDT,cbook,Keywords,verified1.8.1.3,fixed1.8.1
