When, Who, What, Added, Removed
2006-01-12 06:44:51 PST,bob,Flags,blocking1.8.1?, blocking1.8.0.1?,
2006-01-12 08:04:47 PST,bob,Flags,testcase+,
2006-01-12 11:07:56 PST,dveditz,Whiteboard,regression from 1.5,
2006-01-12 11:48:55 PST,brendan,CC,mrbkap, igor.bukanov, shaver,
2006-01-12 19:07:00 PST,gavin.sharp,CC,gavin.sharp,
2006-01-12 22:40:28 PST,brendan,CC,timeless,
2006-01-19 12:03:11 PST,dveditz,Flags,blocking1.8.0.1-, blocking1.8.0.2?,blocking1.8.0.1?
2006-01-20 03:07:50 PST,igor,Depends on,324117,
2006-02-08 12:03:26 PST,dveditz,Flags,blocking1.8.0.2-,blocking1.8.0.2?
2006-03-18 14:11:13 PST,BoxerBoi76,CC,BoxerBoi76,
2006-06-20 12:57:02 PDT,darin.moz,Flags,blocking1.8.1+,blocking1.8.1?
2006-06-26 13:05:58 PDT,mtschrep,Flags,blocking1.8.1-,blocking1.8.1+
2006-11-10 22:12:13 PST,bob,Status,RESOLVED,NEW
2006-11-10 22:12:13 PST,bob,Resolution,WORKSFORME,---
2006-11-10 22:12:13 PST,bob,Last Resolved,2006-11-10 22:12:13,
2006-11-11 08:57:07 PST,igor,Depends on,324278,
2006-11-11 15:35:51 PST,bob,Status,REOPENED,RESOLVED
2006-11-11 15:35:51 PST,bob,Resolution,---,WORKSFORME
2006-11-11 15:37:06 PST,bob,Last Resolved,2006-11-11 15:37:06,2006-11-10 22:12:13
2006-11-11 15:37:06 PST,bob,Status,RESOLVED,REOPENED
2006-11-11 15:37:06 PST,bob,Resolution,FIXED,---
2006-11-23 02:01:59 PST,bob,Status,VERIFIED,RESOLVED
