When, Who, What, Added, Removed
2006-01-12 11:39:14 PST,matthew.gertner,Attachment #208284                Flags,review?(brendan),
2006-01-12 11:51:14 PST,brendan,CC,brendan, darin, dougt, shaver,
2006-01-12 11:52:54 PST,brendan,Status,NEW,UNCONFIRMED
2006-01-12 11:52:54 PST,brendan,Ever confirmed,1,0
2006-01-12 19:05:08 PST,gavin.sharp,CC,gavin.sharp,
2006-01-17 18:12:22 PST,brendan,Attachment #208284                Flags,,review?(brendan)
2006-01-26 04:59:18 PST,matthew.gertner,Attachment #209694                Flags,review?(brendan),
2006-01-26 04:59:18 PST,matthew.gertner,Status,ASSIGNED,NEW
2006-01-26 04:59:18 PST,matthew.gertner,Assignee,matthew,dbradley
2006-01-26 04:59:18 PST,matthew.gertner,Attachment #208284                Attachment is obsolete,1,0
2006-01-26 14:00:28 PST,brendan,Attachment #209694                Flags,review+,review?(brendan)
2006-07-03 05:06:01 PDT,matthew.gertner,Flags,blocking1.8.1?,
2006-07-11 10:23:14 PDT,mtschrep,Attachment #209694                Flags,approval1.8.1?,
2006-07-11 10:23:33 PDT,mtschrep,Flags,blocking1.8.1+,blocking1.8.1?
2006-07-13 11:02:43 PDT,mtschrep,Attachment #209694                Flags,approval1.8.1+,approval1.8.1?
2006-07-25 15:48:48 PDT,dbaron,Whiteboard,[checkin needed],
2006-07-29 07:46:33 PDT,martijn.martijn,Status,RESOLVED,ASSIGNED
2006-07-29 07:46:33 PDT,martijn.martijn,Resolution,FIXED,---
2006-07-29 07:46:33 PDT,martijn.martijn,CC,martijn.martijn,
2006-07-29 07:46:33 PDT,martijn.martijn,Last Resolved,2006-07-29 07:46:33,
2006-07-29 07:48:15 PDT,gavin.sharp,Whiteboard,,[checkin needed]
2006-07-29 07:51:09 PDT,martijn.martijn,Keywords,fixed1.8.1,
