When, Who, What, Added, Removed
2006-01-12 11:06:47 PST,tranle,Version,Trunk,unspecified
2006-01-12 14:27:31 PST,supernova00,CC,supernova_00,
2006-01-13 20:17:38 PST,wgianopoulos,Status,NEW,UNCONFIRMED
2006-01-13 20:17:38 PST,wgianopoulos,Blocks,307296,
2006-01-13 20:17:38 PST,wgianopoulos,Ever confirmed,1,0
2006-01-13 20:29:55 PST,wgianopoulos,CC,wgianopoulos,
2006-01-14 08:35:22 PST,gavin.sharp,CC,gavin.sharp,
2006-01-23 15:49:19 PST,philip.puryear,CC,tmpjjl,
2006-02-26 18:51:20 PST,tranle,Last Resolved,2006-02-26 18:51:20,
2006-02-26 18:51:20 PST,tranle,Status,RESOLVED,NEW
2006-02-26 18:51:20 PST,tranle,Resolution,FIXED,---
2008-07-09 15:43:29 PDT,vseerror,CC,nadine.de-loore,
2008-07-09 17:10:37 PDT,wgianopoulos,CC,,bill
