When, Who, What, Added, Removed
2006-03-23 19:36:32 PST,justdave,Assignee,marcia,justdave
2006-03-23 19:36:32 PST,justdave,QA Contact,justdave,chase
2006-03-23 19:36:32 PST,justdave,Component,CVS Account Request,CVS: Administration
2006-03-23 19:37:00 PST,justdave,Assignee,server-ops,marcia
2006-04-10 09:54:36 PDT,justdave,Assignee,justdave,server-ops
2006-04-10 09:56:30 PDT,justdave,Status,RESOLVED,NEW
2006-04-10 09:56:30 PDT,justdave,Resolution,FIXED,---
2006-04-10 09:56:30 PDT,justdave,Last Resolved,2006-04-10 09:56:30,
