When, Who, What, Added, Removed
2006-01-12 01:03:05 PST,LpSolit,CC,wicked,
2006-01-12 11:55:53 PST,mkanat,Summary,create-series JavaScript Error: 'options' is null or not an object.,create-series Error: 'options' is null or not an object.
2006-01-12 11:55:53 PST,mkanat,Hardware,All,PC
2006-02-02 09:35:19 PST,wicked,Assignee,wicked,gerv
2006-02-02 09:35:19 PST,wicked,Target Milestone,Bugzilla 2.20,---
2006-02-02 09:35:19 PST,wicked,Ever confirmed,1,0
2006-02-02 09:35:19 PST,wicked,Keywords,regression,
2006-02-02 09:35:19 PST,wicked,Version,2.18,2.20
2006-02-02 09:35:19 PST,wicked,OS,All,Windows XP
2006-02-02 09:35:19 PST,wicked,Status,NEW,UNCONFIRMED
2006-03-08 16:04:55 PST,wicked,Status,ASSIGNED,NEW
2006-03-08 16:04:55 PST,wicked,Flags,blocking2.22?, blocking2.20.2?,
2006-03-08 17:23:08 PST,wicked,Attachment #214504                Flags,review?,
2006-03-11 06:33:46 PST,wicked,Attachment #214504                Flags,review?(myk),review?
2006-03-14 11:29:32 PST,mkanat,Flags,blocking2.22-, blocking2.20.2-,blocking2.22?, blocking2.20.2?
2006-04-06 16:43:58 PDT,myk,CC,myk,
2006-05-22 16:57:55 PDT,myk,Attachment #214504                Flags,review+,review?(myk)
2006-05-22 17:02:48 PDT,LpSolit,Flags,approval?, approval2.22?, approval2.20?,
2006-05-22 17:06:32 PDT,myk,Flags,approval+, approval2.22+, approval2.20+,approval?, approval2.22?, approval2.20?
2006-05-22 17:24:02 PDT,LpSolit,Status,RESOLVED,ASSIGNED
2006-05-22 17:24:02 PDT,LpSolit,Resolution,FIXED,---
2006-05-22 17:24:02 PDT,LpSolit,Last Resolved,2006-05-22 17:24:02,
