When, Who, What, Added, Removed
2006-01-12 07:23:29 PST,worcester12345,Keywords,mail3, mail6,
2006-01-12 07:24:38 PST,worcester12345,Version,1.5,unspecified
2006-01-12 15:34:10 PST,worcester12345,Summary,"Trust junk mail headers set by:" should be consistent in UI and log location/access,"Trust junk mail headers set by:" should be logged in Junk Mail Log, not message filter log
2006-05-22 14:27:38 PDT,worcester12345,Depends on,257990,
2007-04-30 13:38:59 PDT,philringnalda,QA Contact,front-end,
2007-05-01 13:27:43 PDT,worcester12345,Flags,blocking-thunderbird3?,
2007-09-22 14:08:53 PDT,vseerror,Severity,minor,normal
2007-09-22 14:08:53 PDT,vseerror,CC,vseerror,
2007-09-22 14:08:53 PDT,vseerror,Depends on,,257990
2007-11-06 09:29:42 PST,worcester12345,CC,worcester12345,
2007-11-06 09:31:00 PST,worcester12345,Version,2.0,1.5
2007-12-04 13:50:59 PST,worcester12345,Version,Trunk,2.0
2008-02-01 04:49:54 PST,vseerror,Hardware,All,PC
2008-02-01 04:49:54 PST,vseerror,OS,All,Windows XP
2008-02-01 04:49:54 PST,vseerror,Severity,enhancement,minor
2008-02-01 04:49:54 PST,vseerror,Component,Account Manager,Mail Window Front End
2008-02-01 04:49:54 PST,vseerror,Assignee,nobody,mscott
2008-02-01 04:49:54 PST,vseerror,QA Contact,account-manager,front-end
2008-02-01 04:49:54 PST,vseerror,CC,mkmelin+mozilla,
2008-02-01 04:49:54 PST,vseerror,Version,unspecified,Trunk
2008-04-17 13:20:09 PDT,worcester12345,Flags,wanted-thunderbird3?,
2008-05-20 08:49:08 PDT,worcester12345,Blocks,352428,
2008-05-20 08:50:53 PDT,worcester12345,Blocks,232486,
2008-08-15 02:35:40 PDT,standard8,CC,clarkbw,
2008-08-15 02:35:40 PDT,standard8,Flags,blocking-thunderbird3-,blocking-thunderbird3?
2008-08-19 08:23:06 PDT,worcester12345,Version,Trunk,unspecified
2008-08-19 08:23:06 PDT,worcester12345,Severity,normal,enhancement
2008-08-19 08:23:06 PDT,worcester12345,Blocks,448716,
2008-08-20 14:17:11 PDT,mkmelin+mozilla,Blocks,,232486, 352428, 448716
2009-04-15 19:16:25 PDT,klonos,CC,klonos,
2009-10-10 14:22:30 PDT,johnlgalt,CC,johnlgalt,
2009-11-30 03:48:39 PST,bugzilla2007,Blocks,531787,
2012-04-03 13:48:25 PDT,acelists,Status,ASSIGNED,UNCONFIRMED
2012-04-03 13:48:25 PDT,acelists,Assignee,acelists,nobody
2012-04-03 13:48:25 PDT,acelists,CC,bwinton,
2012-04-03 13:48:25 PDT,acelists,Ever confirmed,1,0
2012-04-03 13:48:25 PDT,acelists,Attachment #611965                Flags,ui-review?(bwinton),
2012-04-03 13:50:38 PDT,acelists,Keywords,polish, uiwanted, ux-discovery,
2012-04-03 13:50:38 PDT,acelists,Summary,Make obvious that "Junk mail log" is only for the "adaptive junk mail control" ("Trust junk mail headers set by:" should be consistent in UI and log location/access),"Trust junk mail headers set by:" should be consistent in UI and log location/access
2012-04-03 13:50:38 PDT,acelists,Flags,,wanted-thunderbird3?
2012-04-17 11:14:01 PDT,bwinton,Attachment #611965                Flags,ui-review+,ui-review?(bwinton)
2012-04-17 13:39:55 PDT,acelists,CC,mconley,
2012-04-17 13:39:55 PDT,acelists,Attachment #611965                Flags,review?(mconley),
2012-04-18 12:02:56 PDT,mconley,Attachment #611965                Flags,review+,review?(mconley)
2012-04-18 12:08:29 PDT,acelists,Keywords,checkin-needed,
2012-04-18 16:02:17 PDT,ryanvm,Target Milestone,Thunderbird 14.0,---
2012-04-18 16:02:17 PDT,ryanvm,Flags,in-testsuite-,
2012-04-18 16:02:17 PDT,ryanvm,Last Resolved,2012-04-18 16:02:17,
2012-04-18 16:02:17 PDT,ryanvm,Keywords,,checkin-needed
2012-04-18 16:02:17 PDT,ryanvm,Status,RESOLVED,ASSIGNED
2012-04-18 16:02:17 PDT,ryanvm,Resolution,FIXED,---
2012-04-18 16:02:17 PDT,ryanvm,CC,ryanvm,
2012-08-13 11:48:17 PDT,acelists,Status,VERIFIED,RESOLVED
