When, Who, What, Added, Removed
2006-01-12 11:05:07 PST,christophe.ravel.bugs,CC,nelson, julien.pierre.bugs,
2006-01-12 11:39:39 PST,christophe.ravel.bugs,Status,ASSIGNED,NEW
2006-01-12 11:39:39 PST,christophe.ravel.bugs,Assignee,christophe.ravel.bugs,wtchang
2006-01-12 11:39:39 PST,christophe.ravel.bugs,Attachment #208285                Flags,review?(julien.pierre.bugs), superreview?(wtchang),
2006-01-12 12:00:24 PST,wtc,Attachment #208285                Flags,superreview+,superreview?(wtchang)
2006-01-12 13:28:02 PST,julien.pierre,Attachment #208285                Flags,review-,review?(julien.pierre.bugs)
2006-01-12 19:15:29 PST,wtc,Attachment #208342                Attachment is obsolete,1,0
2006-01-13 15:30:19 PST,wtc,Attachment #208343                Attachment is obsolete,1,0
2006-01-13 15:50:30 PST,wtc,Attachment #208417                Attachment is obsolete,1,0
2006-02-24 17:19:28 PST,wtc,Target Milestone,3.11.1,3.11
2006-03-28 11:39:43 PST,nelson,Priority,P2,--
2006-03-28 15:04:35 PST,christophe.ravel.bugs,Status,RESOLVED,ASSIGNED
2006-03-28 15:04:35 PST,christophe.ravel.bugs,Resolution,FIXED,---
2006-03-28 15:04:35 PST,christophe.ravel.bugs,Last Resolved,2006-03-28 15:04:35,
2009-07-24 17:36:32 PDT,christophe.ravel.bugs,Status,REOPENED,RESOLVED
2009-07-24 17:36:32 PDT,christophe.ravel.bugs,Resolution,---,FIXED
2009-07-27 10:47:30 PDT,christophe.ravel.bugs,Attachment #208425                Flags,review?(julien.pierre.boogz),
2009-07-27 10:47:44 PDT,christophe.ravel.bugs,CC,christophe.ravel.bugs,
2009-07-27 12:31:30 PDT,julien.pierre,Attachment #208425                Flags,review+,review?(julien.pierre.boogz)
2009-07-27 12:32:44 PDT,julien.pierre,Attachment #390867                Flags,review?(christophe.ravel.bugs),
2009-07-27 12:45:59 PDT,christophe.ravel.bugs,Attachment #390867                Flags,review+,review?(christophe.ravel.bugs)
2009-07-27 13:30:34 PDT,wtc,QA Contact,build,wtc
2009-07-27 13:34:04 PDT,christophe.ravel.bugs,Status,RESOLVED,REOPENED
2009-07-27 13:34:04 PDT,christophe.ravel.bugs,Resolution,FIXED,---
2009-07-27 13:34:04 PDT,christophe.ravel.bugs,Last Resolved,2009-07-27 13:34:04,2006-03-28 15:04:35
