When, Who, What, Added, Removed
2006-01-12 07:30:06 PST,gdavis,Attachment #208273                Flags,review?(dbradley), superreview?(jst),
2006-01-12 07:32:57 PST,gdavis,CC,gdavis,
2006-01-12 07:58:02 PST,dbradley,Attachment #208273                Flags,review+,review?(dbradley)
2006-01-12 15:11:48 PST,jst,Attachment #208273                Flags,superreview+,superreview?(jst)
2006-01-12 15:15:35 PST,gavin.sharp,Ever confirmed,1,0
2006-01-12 15:15:35 PST,gavin.sharp,Hardware,All,PC
2006-01-12 15:15:35 PST,gavin.sharp,OS,All,Windows XP
2006-01-12 15:15:35 PST,gavin.sharp,Status,NEW,UNCONFIRMED
2006-01-12 15:15:35 PST,gavin.sharp,Assignee,gdavis,dbradley
2006-01-12 15:15:35 PST,gavin.sharp,CC,gavin.sharp,
2006-01-26 12:20:11 PST,gdavis,Attachment #208273                Flags,approval1.8.0.1?,
2006-01-26 12:30:15 PST,gdavis,Attachment #208273                Flags,approval1.8.0.2?,approval1.8.0.1?
2006-01-30 17:47:29 PST,jst,Status,RESOLVED,NEW
2006-01-30 17:47:29 PST,jst,Resolution,FIXED,---
2006-01-30 17:47:29 PST,jst,Last Resolved,2006-01-30 17:47:29,
2006-02-22 11:48:05 PST,dveditz,Attachment #208273                Flags,approval1.8.0.2-, approval-branch-1.8.1?(jst),approval1.8.0.2?
2006-02-22 15:10:24 PST,jst,Attachment #208273                Flags,approval-branch-1.8.1+,approval-branch-1.8.1?(jst)
