When, Who, What, Added, Removed
2006-01-12 02:44:17 PST,jakub.kalas,Version,1.5,unspecified
2006-01-12 14:00:24 PST,mkmelin+mozilla,CC,mkmelin+bugzilla,
2006-01-12 14:00:24 PST,mkmelin+mozilla,Ever confirmed,1,0
2006-01-12 14:00:24 PST,mkmelin+mozilla,Keywords,crash,
2006-01-12 14:00:24 PST,mkmelin+mozilla,OS,Linux,Windows XP
2006-01-12 14:00:24 PST,mkmelin+mozilla,Status,NEW,UNCONFIRMED
2006-01-13 02:30:36 PST,timeless,Summary,crash after saving all attachments [@ nsMessenger::SaveAllAttachments],crash after saving all attachments
2006-01-13 02:30:36 PST,timeless,Product,Core,Thunderbird
2006-01-13 02:30:36 PST,timeless,Version,Trunk,1.5
2006-01-13 02:30:36 PST,timeless,Component,MailNews: Backend,Mail Window Front End
2006-01-13 02:30:36 PST,timeless,Assignee,nobody,mscott
2006-01-13 02:58:12 PST,timeless,Status,ASSIGNED,NEW
2006-01-13 02:58:12 PST,timeless,Assignee,timeless,nobody
2006-01-13 02:58:12 PST,timeless,Attachment #208364                Flags,review?(neil.parkwaycc.co.uk), superreview?(neil.parkwaycc.co.uk),
2006-01-13 03:02:37 PST,magicdice,CC,magicdice,
2006-01-13 07:41:40 PST,ispiked,CC,ispiked,
2006-01-14 13:47:36 PST,neil,Attachment #208364                Flags,superreview+,review?(neil.parkwaycc.co.uk), superreview?(neil.parkwaycc.co.uk)
2006-01-15 06:08:22 PST,allblue,CC,allblue,
2006-01-15 14:36:17 PST,mozilla.org,CC,mozilla.org,
2006-01-15 16:33:44 PST,mozilla,Assignee,bienvenu,timeless
2006-01-15 16:33:44 PST,mozilla,Attachment #208609                Flags,superreview?(mscott),
2006-01-19 17:09:58 PST,ostgote,OS,All,Linux
2006-01-20 14:33:34 PST,mscott,Attachment #208609                Flags,superreview+,superreview?(mscott)
2006-01-20 14:38:59 PST,mozilla,Status,RESOLVED,ASSIGNED
2006-01-20 14:38:59 PST,mozilla,Resolution,FIXED,---
2006-01-20 14:38:59 PST,mozilla,Last Resolved,2006-01-20 14:38:59,
2006-01-20 14:39:37 PST,mozilla,Attachment #208609                Flags,approval1.8.0.2?, approval1.8.1?,
2006-01-25 13:40:54 PST,mscott,Attachment #208609                Flags,approval1.8.1+,approval1.8.1?
2006-01-25 14:04:49 PST,mozilla,Keywords,fixed1.8,
2006-01-26 13:05:37 PST,mscott,Keywords,fixed1.8.1,fixed1.8
2006-01-31 12:00:38 PST,mscott,Attachment #208609                Flags,approval1.8.0.2+,approval1.8.0.2?
2006-01-31 12:02:30 PST,mscott,Keywords,fixed1.8.0.2,
2006-02-01 08:05:53 PST,jcea,CC,jcea,
2006-03-16 10:24:12 PST,twalker,Whiteboard,[qa:verified-tb-1802],
2007-04-05 16:12:45 PDT,cbook,Keywords,verified1.8.1.3,
2007-04-05 16:12:45 PDT,cbook,CC,carstenbook,
2008-07-31 04:30:00 PDT,nobody,Product,MailNews Core,Core
2011-06-13 10:01:44 PDT,nobody,Crash Signature,[@ nsMessenger::SaveAllAttachments],
