When, Who, What, Added, Removed
2006-02-13 13:06:28 PST,standard8,Attachment #211584                Attachment is obsolete,1,0
2006-02-17 11:20:55 PST,standard8,Attachment #211762                Attachment is obsolete,1,0
2006-02-21 14:03:26 PST,standard8,Summary,nsIAbLDAPReplicationQuery.idl should use nsIAb*Directory instead of DIR_Server as a member.,nsIAbLDAPReplicationQuery.idl should us nsIAb*Directory instead of DIR_Server as a member.
2006-02-23 13:32:01 PST,standard8,Attachment #212239                Attachment is obsolete,1,0
2006-02-23 13:44:50 PST,standard8,Depends on,328358,
2006-02-24 07:23:18 PST,standard8,Attachment #212525                Flags,review?(bienvenu),
2006-03-12 09:49:27 PST,standard8,Attachment #212525                Attachment is obsolete,1,0
2006-03-12 09:49:27 PST,standard8,Attachment #212525                Flags,,review?(bienvenu)
2006-03-16 11:13:49 PST,standard8,Attachment #215303                Flags,review?(bienvenu),
2006-03-16 11:32:16 PST,mozilla,Attachment #215303                Flags,review+,review?(bienvenu)
2006-03-20 09:55:53 PST,standard8,Attachment #215303                Attachment is obsolete,1,0
2006-03-20 09:55:53 PST,standard8,Attachment #215668                Flags,review+, superreview?(neil),
2006-03-21 14:12:35 PST,iann_bugzilla,CC,iann_bugzilla,
2006-03-22 09:14:29 PST,neil,Attachment #215668                Flags,superreview+,superreview?(neil)
2006-03-22 11:39:02 PST,standard8,Attachment #215923                Flags,review+, superreview+,
2006-03-22 11:39:02 PST,standard8,Attachment #215668                Attachment is obsolete,1,0
2006-03-22 11:47:44 PST,standard8,Attachment #215925                Flags,review?(bienvenu),
2006-03-23 10:11:18 PST,standard8,Attachment #215923                Attachment description,Patch v4 (checked in),Patch v4
2006-03-23 13:11:19 PST,standard8,Status,ASSIGNED,NEW
2006-03-24 00:22:05 PST,standard8,Blocks,331557,
2006-03-24 08:55:44 PST,standard8,Attachment #215925                Flags,,review?(bienvenu)
2006-03-25 13:10:11 PST,standard8,Status,RESOLVED,ASSIGNED
2006-03-25 13:10:11 PST,standard8,Resolution,FIXED,---
2006-03-25 13:10:11 PST,standard8,Last Resolved,2006-03-25 13:10:11,
2006-03-25 13:11:47 PST,standard8,Depends on,,328358
2008-07-31 04:30:00 PDT,nobody,Product,MailNews Core,Core
