When, Who, What, Added, Removed
2008-08-28 11:18:35 PDT,dmose,Assignee,nobody,mscott
2009-11-30 03:48:39 PST,bugzilla2007,Blocks,531787,
2011-09-19 11:07:10 PDT,ludovic,Depends on,687520,
2011-12-02 03:59:03 PST,standard8,Whiteboard,[Fixed by bug 687520],
2011-12-02 03:59:03 PST,standard8,Status,RESOLVED,NEW
2011-12-02 03:59:03 PST,standard8,Resolution,FIXED,---
2011-12-02 03:59:03 PST,standard8,Target Milestone,Thunderbird 11.0,---
2011-12-02 03:59:03 PST,standard8,Last Resolved,2011-12-02 03:59:03,
