When, Who, What, Added, Removed
2006-02-13 09:35:40 PST,netdragon,Status,RESOLVED,NEW
2006-02-13 09:35:40 PST,netdragon,Resolution,DUPLICATE,---
2006-02-13 09:35:40 PST,netdragon,CC,netdragon,
2006-02-13 09:35:40 PST,netdragon,Last Resolved,2006-02-13 09:35:40,
2006-02-13 12:59:28 PST,netdragon,Status,REOPENED,RESOLVED
2006-02-13 12:59:28 PST,netdragon,Resolution,---,DUPLICATE
2006-06-21 12:40:30 PDT,dougt,Status,RESOLVED,REOPENED
2006-06-21 12:40:30 PDT,dougt,Resolution,FIXED,---
2006-06-21 12:40:30 PDT,dougt,Last Resolved,2006-06-21 12:40:30,2006-02-13 09:35:40
