When, Who, What, Added, Removed
2006-01-12 11:17:48 PST,benjamin,Blocks,302101,
2006-01-12 11:18:54 PST,benjamin,Summary,XULRunner 1.8.0 tinderboxen or release builds need MOZ_MILESTONE_RELEASE,XULRunner 1.8.0 tinderboxen need
2006-01-12 11:21:07 PST,gavin.sharp,CC,gavin.sharp,
2006-01-12 11:21:52 PST,djcater+bugzilla,CC,DJCater,
2006-01-12 16:16:52 PST,worcester12345,CC,worcester12345,
2006-01-24 11:50:25 PST,mtschrep,Assignee,preed,chase
2006-01-24 14:48:21 PST,mozpreed,Status,ASSIGNED,NEW
2006-01-25 19:27:49 PST,benjamin,Status,RESOLVED,ASSIGNED
2006-01-25 19:27:49 PST,benjamin,Resolution,FIXED,---
2006-01-25 19:27:49 PST,benjamin,Last Resolved,2006-01-25 19:27:49,
2011-03-26 12:06:01 PDT,timeless,Product,Webtools,mozilla.org
2011-03-26 12:06:01 PDT,timeless,Component,Tinderbox,Tinderbox Configuration
2014-06-16 14:00:49 PDT,nobody,Product,Webtools Graveyard,Webtools
