When, Who, What, Added, Removed
2006-01-12 12:10:22 PST,omgs,Attachment #208288                Flags,approval-l10n?,
2006-01-12 12:10:54 PST,omgs,CC,knocte,
2006-01-12 12:11:51 PST,omgs,Assignee,knocte,bmo
2006-01-13 09:37:13 PST,striptm,CC,striptm,
2006-01-15 13:40:38 PST,knocte,Hardware,All,PC
2006-01-15 13:40:38 PST,knocte,OS,All,Linux
2006-01-15 13:40:38 PST,knocte,Status,ASSIGNED,UNCONFIRMED
2006-01-15 13:40:38 PST,knocte,Ever confirmed,1,0
2006-03-22 03:14:52 PST,l10n,Attachment #208288                Flags,approval-l10n-,approval-l10n?
2006-08-23 16:19:07 PDT,rpmdisguise-nave,Status,RESOLVED,ASSIGNED
2006-08-23 16:19:07 PDT,rpmdisguise-nave,Resolution,FIXED,---
2006-08-23 16:19:07 PDT,rpmdisguise-nave,Last Resolved,2006-08-23 16:19:07,
