When, Who, What, Added, Removed
2006-01-12 22:53:28 PST,bugzilla,CC,bugzilla,
2006-02-13 07:38:11 PST,ray,Assignee,nobody,p_ch
2006-05-04 02:28:34 PDT,nomax,CC,nomax,
2006-08-08 12:17:47 PDT,bugzilla,Status,RESOLVED,UNCONFIRMED
2006-08-08 12:17:47 PDT,bugzilla,Resolution,FIXED,---
2006-08-08 12:17:47 PDT,bugzilla,Last Resolved,2006-08-08 12:17:47,
2006-08-08 12:17:47 PDT,bugzilla,Summary,Personal toolbar doesn't show overflow extension "chevron" icon after restarting,Personal toolbar doesn't show "more items"-icon after restarting
2006-08-08 12:19:01 PDT,bugzilla,OS,All,Linux
