When, Who, What, Added, Removed
2006-01-13 05:16:03 PST,ria.klaassen,CC,ria.klaassen,
2006-01-13 21:18:20 PST,bzbarsky,CC,bzbarsky, chofmann,
2006-01-13 21:18:20 PST,bzbarsky,Summary,webmail.aol.com - Bad redirect or cookies when visiting AOL web mail,Bad redirect or cookies when visiting AOL web mail
2006-01-13 21:18:20 PST,bzbarsky,Product,Tech Evangelism,Core
2006-01-13 21:18:20 PST,bzbarsky,Version,unspecified,Trunk
2006-01-13 21:18:20 PST,bzbarsky,Component,English US,Networking: Cookies
2006-01-13 21:18:20 PST,bzbarsky,Assignee,english-us,darin
2006-01-13 21:18:20 PST,bzbarsky,QA Contact,english-us,networking.cookies
2006-01-13 21:21:08 PST,jruderman,Summary,webmail.aol.com - Bad redirect with any 2006 Gecko build,webmail.aol.com - Bad redirect or cookies when visiting AOL web mail
2006-01-13 21:28:38 PST,brendan,CC,judvaleski,
2006-01-14 11:08:56 PST,gavin.sharp,CC,gavin.sharp,
2006-01-14 19:36:18 PST,dveditz,CC,rebron,
2006-01-15 09:51:59 PST,bzbarsky,CC,mtschrep, dveditz,
2006-01-17 22:35:01 PST,rebron,Whiteboard,ETA: week of 23rd,
2006-01-27 11:02:56 PST,bmo,CC,bmo,
2006-01-28 23:28:55 PST,samuel.sidler+old,CC,njgorra,
2006-01-29 19:53:21 PST,bugzilla-graveyard,CC,chipdorman1,
2006-02-03 10:28:06 PST,rebron,Status,RESOLVED,NEW
2006-02-03 10:28:06 PST,rebron,Resolution,FIXED,---
2006-02-03 10:28:06 PST,rebron,Last Resolved,2006-02-03 10:28:06,
2015-04-19 23:39:42 PDT,nobody,Product,Tech Evangelism Graveyard,Tech Evangelism
