When, Who, What, Added, Removed
2006-01-13 01:17:30 PST,stephan.schaefer,Attachment #208360                Flags,first-review?(jminta),
2006-01-15 07:53:42 PST,stephan.schaefer,Attachment #208360                Flags,,first-review?(jminta)
2006-01-15 07:53:42 PST,stephan.schaefer,Attachment #208360                Attachment is obsolete,1,0
2006-01-15 07:53:42 PST,stephan.schaefer,Attachment #208560                Flags,first-review?(jminta),
2006-01-16 09:58:08 PST,stephan.schaefer,Attachment #208560                Attachment is obsolete,1,0
2006-01-16 09:58:08 PST,stephan.schaefer,Attachment #208646                Flags,first-review?(jminta),
2006-01-16 09:58:08 PST,stephan.schaefer,Attachment #208560                Flags,,first-review?(jminta)
2006-01-16 12:43:43 PST,jminta,Attachment #208646                Flags,first-review+,first-review?(jminta)
2006-01-16 14:04:33 PST,jminta,Status,RESOLVED,UNCONFIRMED
2006-01-16 14:04:33 PST,jminta,Resolution,FIXED,---
2006-01-16 14:04:33 PST,jminta,Last Resolved,2006-01-16 14:04:33,
