When, Who, What, Added, Removed
2006-03-30 07:03:09 PST,batosti,Status,ASSIGNED,NEW
2006-03-30 07:03:09 PST,batosti,Assignee,batosti,create-and-change
2006-03-30 07:03:09 PST,batosti,Attachment #216749                Flags,review?(mkanat),
2006-04-06 13:43:42 PDT,batosti,Attachment #216749                Attachment is obsolete,1,0
2006-04-06 13:43:42 PDT,batosti,Attachment #217475                Flags,review?(mkanat),
2006-04-06 13:43:42 PDT,batosti,Attachment #216749                Flags,,review?(mkanat)
2006-05-05 06:12:53 PDT,mkanat,Attachment #217475                Flags,review-,review?(mkanat)
2006-05-05 15:40:05 PDT,batosti,Attachment #217475                Attachment is obsolete,1,0
2006-05-05 15:40:05 PDT,batosti,Attachment #220998                Flags,review?(mkanat),
2006-05-28 10:16:45 PDT,LpSolit,Attachment #220998                Flags,review-,review?(mkanat)
2006-05-29 15:07:49 PDT,batosti,Attachment #220998                Attachment is obsolete,1,0
2006-05-29 15:07:49 PDT,batosti,Attachment #223728                Flags,review?(LpSolit),
2006-05-29 15:10:10 PDT,batosti,Attachment #223728                Flags,review?(mkanat),review?(LpSolit)
2006-06-18 11:27:25 PDT,vladd,Attachment #223728                Flags,review-,review?(mkanat)
2006-07-17 14:27:23 PDT,batosti,Attachment #223728                Attachment is obsolete,1,0
2006-07-17 14:27:23 PDT,batosti,Attachment #229542                Flags,review?(vladd),
2006-07-17 15:11:51 PDT,mkanat,CC,LpSolit,
2006-07-23 11:42:22 PDT,vladd,Attachment #229542                Flags,review?,review?(vladd)
2006-09-03 03:25:10 PDT,LpSolit,Attachment #229542                Flags,review-,review?
2006-09-03 04:06:50 PDT,bugzilla,CC,bugzilla,
2006-09-04 10:38:49 PDT,mkanat,Assignee,mkanat,batosti
2006-09-04 10:38:49 PDT,mkanat,Summary,Move CC insertion from post_bug.cgi to Bugzilla::Bug,Create Bugzilla::Bug::add_cc_list and make post_bug.cgi use it
2006-09-04 10:38:49 PDT,mkanat,Status,NEW,ASSIGNED
2006-09-04 11:23:36 PDT,mkanat,Attachment #229542                Attachment is obsolete,1,0
2006-09-04 11:23:36 PDT,mkanat,Attachment #236720                Flags,review?(bugzilla-mozilla),
2006-09-04 14:37:01 PDT,mkanat,Blocks,351339,
2006-09-04 14:43:16 PDT,bugzilla-mozilla,Attachment #236720                Flags,review+, review?(LpSolit),review?(bugzilla-mozilla)
2006-09-04 14:56:01 PDT,mkanat,Blocks,351345,
2006-09-05 02:53:38 PDT,LpSolit,Attachment #236720                Flags,review-,review?(LpSolit)
2006-09-05 12:34:59 PDT,mkanat,Attachment #236720                Attachment is obsolete,1,0
2006-09-05 12:34:59 PDT,mkanat,Attachment #236837                Flags,review?(LpSolit),
2006-09-05 12:35:27 PDT,mkanat,Status,ASSIGNED,NEW
2006-09-08 12:58:19 PDT,LpSolit,Attachment #236837                Flags,review+,review?(LpSolit)
2006-09-08 12:58:38 PDT,LpSolit,Flags,approval?,
2006-09-08 14:58:20 PDT,myk,Flags,approval+,approval?
2006-09-08 15:01:36 PDT,mkanat,Status,RESOLVED,ASSIGNED
2006-09-08 15:01:36 PDT,mkanat,Resolution,FIXED,---
2006-09-08 15:01:36 PDT,mkanat,Last Resolved,2006-09-08 15:01:36,
