When, Who, What, Added, Removed
2006-01-13 04:54:47 PST,martijn.martijn,CC,bzbarsky,
2006-01-13 04:54:47 PST,martijn.martijn,Blocks,243882,
2006-01-13 07:44:26 PST,ispiked,Hardware,All,PC
2006-01-13 07:44:26 PST,ispiked,OS,All,Windows XP
2006-01-13 07:44:26 PST,ispiked,CC,ispiked,
2006-01-13 10:28:58 PST,gavin.sharp,CC,gavin.sharp,
2006-01-13 15:01:48 PST,steve.england,CC,steve.england,
2006-01-14 03:18:26 PST,bugzilla,CC,bugzilla,
2006-01-15 16:23:28 PST,roc,Attachment #208608                Flags,review?(bzbarsky), superreview?(bzbarsky),
2006-01-15 17:39:16 PST,bzbarsky,Attachment #208608                Flags,review+, superreview+,review?(bzbarsky), superreview?(bzbarsky)
2006-01-15 23:37:21 PST,robert,CC,rparenton,
2006-01-16 12:27:11 PST,roc,Status,RESOLVED,NEW
2006-01-16 12:27:11 PST,roc,Resolution,FIXED,---
2006-01-16 12:27:11 PST,roc,Last Resolved,2006-01-16 12:27:11,
2006-01-17 12:00:07 PST,martijn.martijn,CC,worcester12345,
2006-03-12 19:05:08 PST,robert,CC,,rparenton
