When, Who, What, Added, Removed
2006-01-13 05:23:29 PST,l10n,Attachment #208372                Flags,first-review?(chase), second-review?(gandalf),
2006-01-13 06:30:35 PST,gandalf,Attachment #208372                Flags,second-review+,second-review?(gandalf)
2006-01-14 23:26:41 PST,gavin.sharp,CC,gavin.sharp,
2006-02-07 17:46:41 PST,l10n,Attachment #208372                Attachment is obsolete,1,0
2006-02-07 17:46:41 PST,l10n,Attachment #208372                Flags,,first-review?(chase)
2006-02-08 00:18:25 PST,davidf,CC,davidf,
2006-02-08 05:12:23 PST,l10n,Attachment #211118                Flags,first-review?(gandalf), second-review?,
2006-02-08 05:13:28 PST,l10n,CC,preed,
2006-02-08 05:14:19 PST,l10n,Attachment #211118                Flags,second-review?(preed),second-review?
2006-02-08 11:53:21 PST,mozpreed,Attachment #211118                Flags,second-review-,second-review?(preed)
2006-02-12 05:07:36 PST,l10n,Attachment #211118                Attachment is obsolete,1,0
2006-02-12 05:07:36 PST,l10n,Attachment #211585                Flags,first-review?(gandalf), second-review?(preed),
2006-02-12 05:07:36 PST,l10n,Attachment #211118                Flags,,first-review?(gandalf)
2006-02-13 11:25:20 PST,mozpreed,Attachment #211585                Flags,second-review+,second-review?(preed)
2006-02-13 15:51:16 PST,gandalf,Attachment #211585                Flags,first-review+,first-review?(gandalf)
2006-02-14 05:29:36 PST,l10n,Status,RESOLVED,NEW
2006-02-14 05:29:36 PST,l10n,Resolution,FIXED,---
2006-02-14 05:29:36 PST,l10n,Last Resolved,2006-02-14 05:29:36,
2006-02-14 05:29:36 PST,l10n,Keywords,fixed1.8.1,
