When, Who, What, Added, Removed
2006-01-12 15:15:53 PST,gavin.sharp,CC,gavin.sharp,
2006-01-31 12:25:55 PST,mnordhoff,CC,mnordhoff,
2006-02-18 13:30:39 PST,bugzilla-mozilla-20000923,Status,ASSIGNED,NEW
2006-02-18 13:33:44 PST,bugzilla-mozilla-20000923,Attachment #212344                Flags,review?(samuel),
2006-02-18 15:19:32 PST,samuel,Attachment #212344                Flags,review+,review?(samuel)
2006-02-20 12:52:17 PST,bugzilla-mozilla-20000923,Status,RESOLVED,ASSIGNED
2006-02-20 12:52:17 PST,bugzilla-mozilla-20000923,Resolution,FIXED,---
2006-02-20 12:52:17 PST,bugzilla-mozilla-20000923,Last Resolved,2006-02-20 12:52:17,
2006-02-23 07:48:36 PST,bugzilla-mozilla-20000923,Whiteboard,[cz-0.9.71],
