When, Who, What, Added, Removed
2006-01-12 22:06:26 PST,darin.moz,CC,alfredkayser,
2006-01-12 22:16:57 PST,stephen.donner,Summary,crash on exit after reloading a page,crash on exit after reloading a pgae
2006-01-13 07:45:26 PST,ispiked,CC,ispiked,
2006-01-13 08:57:24 PST,ajschult,CC,benjamin,
2006-01-13 08:57:24 PST,ajschult,Blocks,316414,
2006-01-14 01:41:53 PST,mozilla_bugs,CC,mozilla_bugs,
2006-01-14 23:29:44 PST,gavin.sharp,CC,gavin.sharp,
2006-01-15 12:12:21 PST,ajschult,Flags,blocking1.9a1?,
2006-02-02 13:45:36 PST,ryanvm,CC,ryanvm,
2006-05-12 21:32:07 PDT,xtc4uall,CC,xtc4uall,
2006-05-13 20:10:03 PDT,ajschult,Status,RESOLVED,NEW
2006-05-13 20:10:03 PDT,ajschult,Resolution,FIXED,---
2006-05-13 20:10:03 PDT,ajschult,Depends on,326273,
2006-05-13 20:10:03 PDT,ajschult,Flags,,blocking1.9a1?
2006-05-13 20:10:03 PDT,ajschult,Last Resolved,2006-05-13 20:10:03,
