When, Who, What, Added, Removed
2006-01-13 06:10:21 PST,peterv,Attachment #208375                Flags,review?(bzbarsky),
2006-01-14 23:25:32 PST,gavin.sharp,CC,gavin.sharp,
2006-01-19 07:22:55 PST,peterv,Status,ASSIGNED,NEW
2006-01-19 07:22:55 PST,peterv,Priority,P3,--
2006-01-19 08:47:27 PST,bzbarsky,Attachment #208375                Flags,review+,review?(bzbarsky)
2006-01-20 03:48:20 PST,peterv,Attachment #209084                Flags,review+, superreview?(jst),
2006-01-23 16:41:47 PST,jst,Attachment #209084                Flags,superreview+,superreview?(jst)
2006-01-25 08:51:24 PST,steve.england,CC,steve.england,
2006-01-25 09:30:09 PST,steve.england,Depends on,324641,
2006-01-25 11:05:13 PST,vladimir,CC,vladimir,
2006-01-25 11:08:03 PST,dtownsend,CC,mossop,
2006-01-25 11:31:49 PST,peter.vanderwoude,CC,peter.vanderwoude,
2006-01-25 12:00:10 PST,magicdice,CC,magicdice,
2006-01-25 12:06:29 PST,chris.blore,CC,chris.blore,
2006-01-25 21:31:36 PST,mozilla_bugs,CC,mozilla_bugs,
2006-01-26 09:37:38 PST,alex,CC,alex,
2006-01-27 06:44:30 PST,peterv,Attachment #208375                Attachment is obsolete,1,0
2006-01-27 06:44:30 PST,peterv,Attachment #209084                Attachment is obsolete,1,0
2006-01-27 06:44:30 PST,peterv,Attachment #209839                Flags,review+, superreview+,
2006-01-27 08:26:36 PST,peterv,Status,RESOLVED,ASSIGNED
2006-01-27 08:26:36 PST,peterv,Resolution,FIXED,---
2006-01-27 08:26:36 PST,peterv,Last Resolved,2006-01-27 08:26:36,
2006-01-27 13:00:24 PST,benjamin,CC,benjamin,
2006-01-27 17:32:09 PST,mrbkap,Depends on,324667,
2006-02-11 15:43:46 PST,bzbarsky,Depends on,326741,
2006-02-19 20:09:17 PST,jonas,CC,bugmail,
2006-02-20 10:25:06 PST,peterv,Depends on,325733,
