When, Who, What, Added, Removed
2006-01-13 11:20:14 PST,ssitter,Attachment #208398                Flags,first-review?(dmose),
2006-01-14 18:20:53 PST,bugzilla,Status,NEW,UNCONFIRMED
2006-01-14 18:20:53 PST,bugzilla,Assignee,ssitter,mostafah
2006-01-14 18:20:53 PST,bugzilla,Ever confirmed,1,0
2006-01-14 18:21:09 PST,bugzilla,CC,nbardhan,
2006-01-16 15:39:17 PST,dmose,Attachment #208398                Flags,first-review+,first-review?(dmose)
2006-01-16 16:27:38 PST,dmose,Status,RESOLVED,NEW
2006-01-16 16:27:38 PST,dmose,Resolution,FIXED,---
2006-01-16 16:27:38 PST,dmose,Last Resolved,2006-01-16 16:27:38,
2006-01-21 11:46:03 PST,ssitter,Status,REOPENED,RESOLVED
2006-01-21 11:46:03 PST,ssitter,Resolution,---,FIXED
2006-01-21 11:53:16 PST,ssitter,Attachment #209216                Flags,first-review?(dmose),
2006-01-21 12:18:49 PST,dmose,Attachment #209216                Flags,first-review+,first-review?(dmose)
2006-01-21 12:24:00 PST,dmose,Status,RESOLVED,REOPENED
2006-01-21 12:24:00 PST,dmose,Resolution,FIXED,---
2006-01-21 12:24:00 PST,dmose,Last Resolved,2006-01-21 12:24:00,2006-01-16 16:27:38
2006-01-23 11:48:34 PST,dmose,CC,resimmons,
2006-03-06 12:49:02 PST,mark,Status,REOPENED,RESOLVED
2006-03-06 12:49:02 PST,mark,Resolution,---,FIXED
2006-03-06 12:49:02 PST,mark,CC,sfraser_bugs, mikepinkerton, mark,
2006-03-10 23:01:10 PST,ssitter,Summary,MOZB/MOZC creator code already used for Firefox/Camino,MOZB creator code clashes with Firefox
2006-03-10 23:01:10 PST,ssitter,Version,Trunk,unspecified
2006-03-10 23:01:10 PST,ssitter,CC,ssitter,
2006-03-22 18:44:30 PST,mattwillis,CC,mattwillis,
2006-03-28 15:38:43 PST,mattwillis,Attachment #208398                Attachment is obsolete,1,0
2006-03-28 15:38:43 PST,mattwillis,Attachment #209216                Attachment is obsolete,1,0
2006-03-28 15:38:43 PST,mattwillis,Attachment #216584                Flags,first-review?,
2006-03-28 19:33:38 PST,mattwillis,Attachment #216584                Flags,first-review?(dmose),first-review?
2006-03-29 10:34:03 PST,ssitter,Status,NEW,REOPENED
2006-03-29 10:34:03 PST,ssitter,Assignee,nobody,ssitter
2006-03-30 08:51:37 PST,mattwillis,Status,ASSIGNED,NEW
2006-03-30 09:55:05 PST,ssitter,Blocks,330188,
2006-03-31 10:15:53 PST,dmose,Attachment #216584                Flags,first-review+,first-review?(dmose)
2006-03-31 10:29:27 PST,mattwillis,Status,NEW,ASSIGNED
2006-03-31 10:29:27 PST,mattwillis,Assignee,mattwillis,nobody
2006-03-31 10:38:24 PST,mattwillis,Assignee,shaver,mattwillis
2006-03-31 11:02:10 PST,mvl,Blocks,,330188
2006-04-03 10:04:55 PDT,jscheinf,CC,jscheinf,
2006-04-11 15:03:29 PDT,mattwillis,Status,ASSIGNED,NEW
2006-07-10 11:33:29 PDT,resimmons,CC,,resimmons
2006-07-10 13:25:41 PDT,mark,CC,shaver,
2006-07-10 13:25:41 PDT,mark,Status,NEW,ASSIGNED
2006-07-10 13:25:41 PDT,mark,Assignee,hecker,shaver
2006-07-12 14:43:18 PDT,hecker,Status,ASSIGNED,NEW
2006-07-24 10:09:19 PDT,mattwillis,Status,RESOLVED,ASSIGNED
2006-07-24 10:09:19 PDT,mattwillis,Resolution,FIXED,---
2006-07-24 10:09:19 PDT,mattwillis,Last Resolved,2006-07-24 10:09:19,2006-01-21 12:24:00
2006-07-24 10:09:46 PDT,mattwillis,Status,VERIFIED,RESOLVED
