When, Who, What, Added, Removed
2006-01-12 14:48:31 PST,gavin.sharp,CC,gavin.sharp,
2006-01-12 15:14:10 PST,mrbkap,Whiteboard,[patch],
2006-01-12 15:14:10 PST,mrbkap,Status,ASSIGNED,NEW
2006-01-12 15:14:10 PST,mrbkap,Priority,P4,--
2006-01-12 15:14:10 PST,mrbkap,CC,jst,
2006-01-12 15:14:10 PST,mrbkap,Target Milestone,mozilla1.9alpha,---
2006-01-12 15:16:28 PST,mrbkap,Attachment #208309                Flags,review?(jst), superreview?(jst),
2006-01-12 15:22:26 PST,mrbkap,CC,bzbarsky,
2006-01-12 15:25:27 PST,mrbkap,Attachment #208313                Flags,review?(jst), superreview?(jst),
2006-01-12 15:28:46 PST,mrbkap,Attachment #208309                Flags,,review?(jst), superreview?(jst)
2006-01-12 15:29:05 PST,mrbkap,Attachment #208313                Flags,,review?(jst), superreview?(jst)
2006-01-13 03:08:14 PST,magicdice,CC,magicdice,
2006-01-13 07:40:40 PST,ispiked,CC,ispiked,
2006-05-04 00:32:45 PDT,mrbkap,Target Milestone,Future,mozilla1.9alpha
2009-07-28 14:08:06 PDT,mrbkap,Assignee,nobody,mrbkap
2010-05-06 02:48:37 PDT,hsivonen,Last Resolved,2010-05-06 02:48:37,
2010-05-06 02:48:37 PDT,hsivonen,Whiteboard,[fixed by the HTML5 parser],[patch]
2010-05-06 02:48:37 PDT,hsivonen,Status,RESOLVED,ASSIGNED
2010-05-06 02:48:37 PDT,hsivonen,Resolution,FIXED,---
2010-05-06 02:48:37 PDT,hsivonen,CC,hsivonen,
