When, Who, What, Added, Removed
2006-01-15 10:34:08 PST,standard8,Attachment #208572                Flags,review?(bienvenu),
2006-01-15 16:06:38 PST,mozilla,Attachment #208572                Flags,review+,review?(bienvenu)
2006-01-16 01:16:29 PST,standard8,Attachment #208572                Flags,superreview?(dmose),
2006-01-20 14:22:12 PST,dmose,Attachment #208572                Flags,superreview-,superreview?(dmose)
2006-01-21 14:07:53 PST,standard8,CC,dmose,
2006-01-28 14:27:41 PST,standard8,Attachment #209994                Flags,review?(bienvenu), superreview?(dmose),
2006-01-28 19:15:18 PST,mozilla,CC,bienvenu,
2006-01-29 05:06:45 PST,standard8,Status,ASSIGNED,NEW
2006-01-29 08:59:59 PST,mozilla,Attachment #209994                Flags,review+,review?(bienvenu)
2006-02-21 04:57:06 PST,standard8,Attachment #209994                Flags,superreview?(mscott),superreview?(dmose)
2006-03-26 11:17:16 PST,standard8,Attachment #209994                Flags,superreview?(dmose),superreview?(mscott)
2006-04-01 00:35:22 PST,standard8,CC,mscott,
2006-04-14 03:04:09 PDT,hwaara,CC,hwaara,
2006-04-14 05:13:34 PDT,standard8,Status,NEW,ASSIGNED
2006-04-14 05:13:34 PDT,standard8,Assignee,nobody,bugzilla
2006-04-14 08:46:20 PDT,mscott,Attachment #209994                Flags,superreview+,superreview?(dmose)
2006-04-16 09:01:02 PDT,standard8,Attachment #208572                Attachment is obsolete,1,0
2006-04-16 09:01:22 PDT,standard8,Attachment #208573                Attachment is obsolete,1,0
2006-04-23 02:21:06 PDT,standard8,Attachment #209994                Attachment description,Part 1 v2 (-w) (normal patch checked in),Part 1 v2 (-w)
2006-04-23 02:21:47 PDT,standard8,Attachment #209995                Attachment description,Part 1 v2 (normal patch - checked in),Part 1 v2 (normal patch)
2006-05-03 13:30:06 PDT,hwaara,Attachment #220697                Flags,review?(bugzilla), superreview?(bienvenu),
2006-05-03 13:34:06 PDT,hwaara,Attachment #220697                Flags,,review?(bugzilla)
2006-05-03 22:18:35 PDT,mozilla,Attachment #220697                Flags,superreview+,superreview?(bienvenu)
2006-05-04 00:39:56 PDT,hwaara,Attachment #220697                Attachment description,Change EscapeFromSpaceLine() away from filespec (checked in),Change EscapeFromSpaceLine() away from filespec
2006-05-20 17:49:31 PDT,gavin.sharp,CC,gavin.sharp,
2007-02-24 12:55:26 PST,standard8,Depends on,371542,
2007-03-27 17:03:09 PDT,mozilla,Assignee,bienvenu,nobody
2007-05-01 20:04:16 PDT,VYV03354,Last Resolved,2007-05-01 20:04:16,
2007-05-01 20:04:16 PDT,VYV03354,Status,RESOLVED,NEW
2007-05-01 20:04:16 PDT,VYV03354,Resolution,FIXED,---
2007-05-01 20:04:16 PDT,VYV03354,CC,VYV03354,
2008-07-31 04:30:00 PDT,nobody,Product,MailNews Core,Core
