When, Who, What, Added, Removed
2006-02-27 19:04:23 PST,qzwang,CC,qzwang,
2006-05-08 10:21:55 PDT,jhpedemonte,CC,michal.ceresna,
2006-05-09 00:39:12 PDT,michal.ceresna,Attachment #221366                Attachment is obsolete,1,0
2006-05-09 08:19:17 PDT,jhpedemonte,Attachment #221426                Flags,review-,
2006-05-10 01:08:48 PDT,michal.ceresna,Attachment #221426                Attachment is obsolete,1,0
2006-05-10 08:44:29 PDT,jhpedemonte,Attachment #221558                Flags,review+,
2006-05-11 14:13:50 PDT,michal.ceresna,Attachment #221558                Attachment is obsolete,1,0
2006-05-12 11:32:45 PDT,michal.ceresna,Attachment #221745                Attachment is obsolete,1,0
2006-05-12 14:45:42 PDT,jhpedemonte,Attachment #221831                Flags,review+,
2006-05-17 12:56:48 PDT,jhpedemonte,Attachment #221831                Flags,review?(benjamin),
2006-06-08 13:53:16 PDT,benjamin,Attachment #221831                Flags,review+,review?(benjamin)
2006-06-09 06:57:00 PDT,jhpedemonte,Status,RESOLVED,NEW
2006-06-09 06:57:00 PDT,jhpedemonte,Resolution,FIXED,---
2006-06-09 06:57:00 PDT,jhpedemonte,Last Resolved,2006-06-09 06:57:00,
2014-09-24 05:43:09 PDT,nobody,Product,Core Graveyard,Core
