When, Who, What, Added, Removed
2006-01-13 07:58:45 PST,ispiked,Keywords,crash, stackwanted,
2006-01-13 07:58:45 PST,ispiked,Summary,Browser crashes when I press enter in a text input that should submit a form,Browser craches when I press enter in a text input, that should submit a form.
2006-01-13 07:58:45 PST,ispiked,Severity,critical,normal
2006-01-13 07:58:45 PST,ispiked,CC,ispiked,
2006-01-13 09:37:27 PST,hhschwab,Assignee,nobody,general
2006-01-13 09:37:27 PST,hhschwab,QA Contact,general,general
2006-01-13 09:37:27 PST,hhschwab,Ever confirmed,1,0
2006-01-13 09:37:27 PST,hhschwab,Product,Firefox,Mozilla Application Suite
2006-01-13 09:37:27 PST,hhschwab,Status,NEW,UNCONFIRMED
2006-01-13 09:37:27 PST,hhschwab,Component,General,General
2006-01-13 09:41:21 PST,hhschwab,Component,Location Bar and Autocomplete,General
2006-01-13 09:56:01 PST,hhschwab,Version,1.5 Branch,unspecified
2006-01-13 09:56:01 PST,hhschwab,Hardware,Other,PC
2006-01-13 09:56:01 PST,hhschwab,CC,hhschwab,
2006-01-13 13:06:32 PST,martijn.martijn,CC,martijn.martijn,
2006-01-13 14:47:23 PST,steve.england,Summary,Browser crashes when I press enter in a text input that should submit a form [@ GetScreenOrigin ccfcbe01],Browser crashes when I press enter in a text input that should submit a form
2006-01-13 14:47:23 PST,steve.england,CC,steve.england,
2006-05-28 00:30:10 PDT,philringnalda,Component,Form Manager,Location Bar and Autocomplete
2006-05-28 00:30:10 PDT,philringnalda,QA Contact,form.manager,general
2006-08-12 11:47:43 PDT,ispiked,CC,leo,
2006-08-12 11:50:13 PDT,ispiked,Keywords,testcase,stackwanted
2006-08-12 11:50:13 PDT,ispiked,Summary,crash when I press enter in a form (<input>) that has display: none set [@ GetScreenOrigin],Browser crashes when I press enter in a text input that should submit a form [@ GetScreenOrigin ccfcbe01]
2006-08-12 11:50:13 PDT,ispiked,Version,2.0 Branch,1.5.0.x Branch
2006-08-12 11:50:13 PDT,ispiked,Hardware,All,Other
2006-09-04 07:49:26 PDT,martijn.martijn,Attachment #236707                Flags,review?(mconnor), approval1.8.0.8?, approval1.8.1?,
2006-09-05 01:55:43 PDT,martijn.martijn,Attachment #236707                Attachment is obsolete,1,0
2006-09-05 01:55:43 PDT,martijn.martijn,Attachment #236781                Flags,review?(mconnor), approval1.8.0.8?, approval1.8.1?,
2006-09-05 01:55:43 PDT,martijn.martijn,Attachment #236707                Flags,,review?(mconnor), approval1.8.0.8?, approval1.8.1?
2006-09-05 11:32:23 PDT,mconnor,Attachment #236781                Flags,review+, approval1.8.1+,review?(mconnor), approval1.8.1?
2006-09-06 08:45:31 PDT,martijn.martijn,Keywords,fixed1.8.1,
2006-09-12 19:09:16 PDT,ispiked,Keywords,verified1.8.1,fixed1.8.1
2006-09-12 19:09:16 PDT,ispiked,Assignee,martijn.martijn,nobody
2006-11-27 11:35:13 PST,dveditz,Status,RESOLVED,NEW
2006-11-27 11:35:13 PST,dveditz,Resolution,FIXED,---
2006-11-27 11:35:13 PST,dveditz,Last Resolved,2006-11-27 11:35:13,
2006-11-27 11:35:24 PST,dveditz,Attachment #236781                Flags,approval1.8.0.9+,approval1.8.0.9?
2006-11-28 04:10:55 PST,martijn.martijn,Keywords,fixed1.8.0.9,
2006-11-28 13:42:36 PST,jbecerra,Keywords,verified1.8.0.9,fixed1.8.0.9
2006-11-28 13:42:36 PST,jbecerra,Status,VERIFIED,RESOLVED
2008-07-31 04:30:00 PDT,nobody,Product,Toolkit,Firefox
2011-06-09 14:58:43 PDT,nobody,Crash Signature,[@ GetScreenOrigin],
