When, Who, What, Added, Removed
2006-01-12 14:49:41 PST,gavin.sharp,CC,gavin.sharp,
2006-01-13 07:49:30 PST,ispiked,CC,ispiked,
2006-01-15 19:28:08 PST,roc,Attachment #208621                Flags,review?, superreview?(bzbarsky),
2006-01-15 19:31:59 PST,roc,Attachment #208621                Flags,review?(bugmail),review?
2006-01-16 08:34:35 PST,bzbarsky,Attachment #208621                Flags,superreview+,superreview?(bzbarsky)
2006-01-17 18:01:53 PST,jonas,Attachment #208621                Flags,review+,review?(bugmail)
2006-01-17 19:28:16 PST,jwatt,CC,jonathan.watt,
2006-01-17 20:10:06 PST,roc,Status,RESOLVED,NEW
2006-01-17 20:10:06 PST,roc,Resolution,FIXED,---
2006-01-17 20:10:06 PST,roc,Last Resolved,2006-01-17 20:10:06,
2008-07-31 02:44:05 PDT,timeless,Component,DOM: Core & HTML,DOM: Core
2008-07-31 02:44:05 PDT,timeless,QA Contact,general,ian
