When, Who, What, Added, Removed
2006-01-12 23:20:42 PST,bugzilla-graveyard,Status,ASSIGNED,NEW
2006-01-12 23:20:42 PST,bugzilla-graveyard,Assignee,bugzilla,mikepinkerton
2006-01-12 23:20:42 PST,bugzilla-graveyard,Attachment #208356                Flags,review?,
2006-01-12 23:23:58 PST,samuel.sidler+old,CC,mikepinkerton,
2006-01-12 23:39:37 PST,alqahira,Attachment #208356                Flags,superreview?(sfraser_bugs),
2006-01-13 08:55:30 PST,sfraser_bugs,Attachment #208356                Flags,superreview+,superreview?(sfraser_bugs)
2006-01-13 22:38:58 PST,stuart.morgan+bugzilla,Attachment #208356                Flags,review+,review?
2006-01-13 22:50:48 PST,samuel.sidler+old,Attachment #208356                Flags,approval1.8.0.1?, approval1.8.1?,
2006-01-13 23:36:42 PST,stuart.morgan+bugzilla,CC,stuart.morgan,
2006-01-26 11:13:22 PST,dveditz,Attachment #208356                Flags,approval1.8.0.2?,approval1.8.0.1?
2006-01-29 23:57:59 PST,alqahira,Target Milestone,Camino1.1,---
2006-01-29 23:57:59 PST,alqahira,Flags,camino1.0?,
2006-01-30 10:32:58 PST,samuel.sidler+old,Attachment #208356                Flags,branch-1.8.1?,approval1.8.1?
2006-01-30 11:43:04 PST,jaas,Attachment #208356                Flags,branch-1.8.1+,branch-1.8.1?
2006-02-02 20:36:00 PST,mark,Keywords,fixed1.8.1,
2006-02-02 20:36:00 PST,mark,Whiteboard,[camino-1.0],
2006-02-02 20:36:00 PST,mark,Status,RESOLVED,ASSIGNED
2006-02-02 20:36:00 PST,mark,Resolution,FIXED,---
2006-02-02 20:36:00 PST,mark,Last Resolved,2006-02-02 20:36:00,
2006-02-05 21:10:09 PST,mark,Flags,camino1.0+,camino1.0?
2006-02-05 21:10:28 PST,mark,Version,1.8 Branch,unspecified
2006-02-05 21:10:28 PST,mark,Target Milestone,Camino1.0,Camino1.1
2006-02-14 04:42:06 PST,e048,CC,e048,
2006-02-16 00:18:59 PST,samuel.sidler+old,Status,VERIFIED,RESOLVED
2006-02-16 17:12:22 PST,dveditz,Attachment #208356                Flags,approval1.8.0.2+,approval1.8.0.2?
2006-02-17 13:27:11 PST,mark,Keywords,fixed1.8.0.2,
