When, Who, What, Added, Removed
2006-01-12 12:42:55 PST,eyalroz,Whiteboard,dupene,
2006-01-12 12:42:55 PST,eyalroz,Version,Trunk,unspecified
2006-01-12 21:33:03 PST,serge,CC,serge,
2006-01-13 00:46:59 PST,jonitis,Status,NEW,UNCONFIRMED
2006-01-13 00:46:59 PST,jonitis,Ever confirmed,1,0
2006-01-13 00:47:33 PST,jonitis,CC,Dainis_Jonitis,
2006-01-13 01:07:47 PST,eyalroz,Component,Keyboard: Navigation,General
2006-01-13 01:07:47 PST,eyalroz,Keywords,4xp, mail4, pp, regression,
2006-01-13 01:07:47 PST,eyalroz,Whiteboard,,dupene
2006-01-13 01:07:47 PST,eyalroz,Product,Core,Mozilla Application Suite
2006-01-13 01:21:54 PST,eyalroz,Summary,Ctrl+c, Ctrl+v have become keyboard-layout-dependent,ctrl+c, ctrl+v become keyboard-layout-dependent
2006-01-13 07:50:41 PST,ispiked,CC,ispiked,
2006-01-14 01:56:42 PST,mozilla_bugs,CC,mozilla_bugs,
2006-01-14 14:35:03 PST,ispiked,Status,RESOLVED,NEW
2006-01-14 14:35:03 PST,ispiked,Resolution,FIXED,---
2006-01-14 14:35:03 PST,ispiked,Last Resolved,2006-01-14 14:35:03,
