When, Who, What, Added, Removed
2006-01-13 05:58:57 PST,deb,Assignee,polvi,sysadmins
2006-01-14 21:07:36 PST,alex,Status,RESOLVED,NEW
2006-01-14 21:07:36 PST,alex,Resolution,FIXED,---
2006-01-14 21:07:36 PST,alex,Last Resolved,2006-01-14 21:07:36,
2006-04-12 15:33:05 PDT,reed,Product,Mozilla Developer Center,mozilla.org
2006-04-12 15:33:05 PDT,reed,Version,unspecified,other
2006-04-12 15:33:05 PDT,reed,Component,Infrastructure,developer.mozilla.org
2006-04-12 15:33:05 PDT,reed,QA Contact,infrastructure,qa
2012-09-18 23:12:50 PDT,nobody,Product,Mozilla Developer Network,Mozilla Developer Network
2012-09-18 23:12:50 PDT,nobody,Component,Other,Deki Infrastructure
