When, Who, What, Added, Removed
2006-01-12 18:26:10 PST,abwillis1,Status,ASSIGNED,NEW
2006-01-12 18:26:10 PST,abwillis1,Assignee,abwillis1,mozilla
2006-01-12 21:01:54 PST,abwillis1,Attachment #208340                Attachment is obsolete,1,0
2006-01-12 21:55:41 PST,abwillis1,Attachment #208348                Attachment is obsolete,1,0
2006-01-12 21:55:41 PST,abwillis1,Attachment #208352                Flags,review?(mozilla),
2006-01-13 00:22:23 PST,daveryeo,CC,dave_yeo,
2006-01-13 10:04:27 PST,mozilla,Status,RESOLVED,ASSIGNED
2006-01-13 10:04:27 PST,mozilla,Resolution,FIXED,---
2006-01-13 10:04:27 PST,mozilla,Last Resolved,2006-01-13 10:04:27,
2006-01-13 10:04:43 PST,mozilla,Attachment #208352                Flags,,review?(mozilla)
2006-01-16 16:21:55 PST,cbiesinger,Blocks,322942,
2014-12-09 11:27:40 PST,nobody,Product,Core Graveyard,Core
