When, Who, What, Added, Removed
2006-01-13 07:03:42 PST,bugs,Status,ASSIGNED,UNCONFIRMED
2006-01-13 07:03:42 PST,bugs,Assignee,smaug,aaronr
2006-01-13 07:03:42 PST,bugs,Attachment #208376                Flags,review?(aaronr),
2006-01-13 07:04:05 PST,bugs,Attachment #208376                Flags,review?(doronr),
2006-01-13 07:04:33 PST,bugs,CC,doronr, aaronr, allan,
2006-01-13 07:04:47 PST,bugs,CC,smaug,
2006-01-13 07:40:04 PST,ispiked,CC,ispiked,
2006-01-13 09:10:14 PST,aaronr,Attachment #208376                Flags,review+,review?(aaronr)
2006-01-13 09:16:06 PST,doronr,Attachment #208376                Flags,review+,review?(doronr)
2006-01-13 09:39:36 PST,bugs,Whiteboard,xf-to-branch,
2006-02-07 04:01:40 PST,allan,Whiteboard,,xf-to-branch
2006-02-07 04:04:30 PST,allan,Status,RESOLVED,ASSIGNED
2006-02-07 04:04:30 PST,allan,Resolution,FIXED,---
2006-02-07 04:04:30 PST,allan,Last Resolved,2006-02-07 04:04:30,
2006-02-07 04:04:30 PST,allan,Keywords,fixed1.8.0.2,
2006-07-07 09:47:42 PDT,aaronr,Keywords,fixed1.8.1,
