When, Who, What, Added, Removed
2006-01-12 16:15:35 PST,Volmarias,Keywords,dom0, testcase,
2006-01-12 16:15:35 PST,Volmarias,Flags,testcase+,
2006-01-12 16:17:15 PST,Volmarias,Attachment #208315                Attachment mime type,application/zip,text/html
2006-01-12 17:41:49 PST,aqualon,CC,mozilla,
2006-01-12 18:30:52 PST,jruderman,Summary,Attempting to read screen.availHeight from a display:none iframe throws (NS_ERROR_FAILURE),An iframe with a style of "display:none" that targets a page that attempts to read screen.availHeight will crash
2006-01-12 18:33:06 PST,jruderman,Hardware,All,PC
2006-01-12 18:33:06 PST,jruderman,OS,All,Windows 2000
2006-01-12 18:33:06 PST,jruderman,Status,NEW,UNCONFIRMED
2006-01-12 18:33:06 PST,jruderman,Ever confirmed,1,0
2006-01-12 18:55:21 PST,gavin.sharp,CC,gavin.sharp,
2006-01-12 18:55:21 PST,gavin.sharp,Flags,,testcase+
2006-01-13 03:08:52 PST,timeless,URL,http://bonsai.mozilla.org/cvsblame.cgi?file=mozilla/dom/src/base/nsScreen.cpp&rev=1.24&mark=166,169,247,249,199,201-202,205-209,251-252,173#195,
2006-01-13 03:08:52 PST,timeless,Assignee,jst,general
2006-01-13 07:46:35 PST,ispiked,CC,ispiked,
2006-01-26 22:54:12 PST,jruderman,CC,mozilla,
2009-08-22 21:05:45 PDT,philringnalda,QA Contact,general,ian
2010-08-16 02:03:08 PDT,jayvdb,Status,RESOLVED,NEW
2010-08-16 02:03:08 PDT,jayvdb,Resolution,FIXED,---
2010-08-16 02:03:08 PDT,jayvdb,CC,jayvdb,
2010-08-16 02:03:08 PDT,jayvdb,Last Resolved,2010-08-16 02:03:08,
