When, Who, What, Added, Removed
2006-01-13 15:09:08 PST,igor,Status,ASSIGNED,UNCONFIRMED
2006-01-13 15:09:08 PST,igor,Assignee,igor.bukanov,general
2006-01-13 15:09:08 PST,igor,Attachment #208416                Flags,review?(brendan),
2006-01-13 15:25:25 PST,brendan,CC,mrbkap, brendan, shaver,
2006-01-13 15:25:25 PST,brendan,Flags,blocking1.8.0.2+,
2006-01-13 15:28:57 PST,brendan,Attachment #208416                Flags,review+,review?(brendan)
2006-01-13 18:31:31 PST,igor,Status,RESOLVED,ASSIGNED
2006-01-13 18:31:31 PST,igor,Resolution,FIXED,---
2006-01-13 18:31:31 PST,igor,Last Resolved,2006-01-13 18:31:31,
2006-01-13 18:41:43 PST,igor,Attachment #208437                Attachment is obsolete,1,0
2006-01-13 20:49:27 PST,brendan,Attachment #208436                Flags,review+, approval1.8.0.2?, approval1.8.1?,
2006-01-19 00:22:40 PST,daphne,CC,daphne,
2006-01-31 06:33:05 PST,benjamin,Attachment #208436                Flags,branch-1.8.1?(brendan),approval1.8.1?
2006-01-31 12:45:07 PST,brendan,Attachment #208436                Flags,approval1.8.0.2+, branch-1.8.1+,approval1.8.0.2?, branch-1.8.1?(brendan)
2006-02-13 12:36:02 PST,bob,Flags,testcase-,
2006-02-14 16:07:38 PST,gavin.sharp,CC,gavin.sharp,
2006-02-26 11:15:33 PST,dveditz,Keywords,fixed1.8.0.2, fixed1.8.1,
2006-03-02 14:11:04 PST,mozmail,Whiteboard,[rft-dl],
2006-03-02 14:11:04 PST,mozmail,CC,bclary,
