When, Who, What, Added, Removed
2006-01-13 12:27:00 PST,mark,Attachment #208403                Flags,review?(joshmoz),
2006-01-14 00:25:59 PST,jaas,Attachment #208403                Flags,review+,review?(joshmoz)
2006-01-14 14:12:57 PST,gavin.sharp,CC,gavin.sharp,
2006-01-23 12:11:55 PST,mark,Last Resolved,2006-01-23 12:11:55,
2006-01-23 12:11:55 PST,mark,Status,RESOLVED,NEW
2006-01-23 12:11:55 PST,mark,Resolution,FIXED,---
2006-01-23 12:12:16 PST,mark,Attachment #208403                Flags,approval1.8.0.2?,
2006-01-25 08:17:34 PST,mark,Blocks,324651,
2006-02-02 19:45:18 PST,mark,Whiteboard,[camino-1.0],
2006-02-21 15:18:36 PST,dveditz,Attachment #208403                Flags,approval1.8.0.2+,approval1.8.0.2?
2006-02-21 15:18:57 PST,dveditz,Flags,blocking1.8.0.2+,
2006-02-21 19:15:47 PST,mark,Attachment #208403                Flags,approval-branch-1.8.1+,
2006-02-21 19:20:14 PST,mark,Keywords,fixed1.8.0.2, fixed1.8.1,
2008-07-31 01:53:54 PDT,timeless,Component,General,XP Miscellany
2008-07-31 01:53:54 PDT,timeless,QA Contact,general,brendan
2008-07-31 08:30:51 PDT,eric,CC,,eric
2008-08-04 18:17:06 PDT,timeless,Component,XPCOM,General
2008-08-04 18:17:06 PDT,timeless,QA Contact,xpcom,general
