When, Who, What, Added, Removed
2006-01-23 02:35:11 PST,siftspam-dev,Version,1.5,unspecified
2006-07-02 03:37:50 PDT,mkmelin+mozilla,CC,sergeykhan,
2006-07-02 03:41:19 PDT,mkmelin+mozilla,Summary,fails to import all SMTP servers from mozilla suite/netscape 7.2,Migrating Netscape 7.2 e-mail accounts fails to import all SMTP servers
2006-07-02 03:41:19 PDT,mkmelin+mozilla,Hardware,All,PC
2006-07-02 03:41:19 PDT,mkmelin+mozilla,OS,All,Linux
2006-07-02 03:41:19 PDT,mkmelin+mozilla,CC,mkmelin+mozilla,
2006-11-27 03:35:46 PST,perron.jeanfrancois,CC,perron.jeanfrancois,
2007-05-28 13:40:07 PDT,standard8,Status,ASSIGNED,UNCONFIRMED
2007-05-28 13:40:07 PDT,standard8,Assignee,bugzilla,mscott
2007-05-28 13:40:07 PDT,standard8,Ever confirmed,1,0
2007-05-28 13:40:07 PDT,standard8,Attachment #266419                Flags,review?(bienvenu), superreview?(bienvenu),
2007-05-28 14:54:02 PDT,mozilla,Attachment #266419                Flags,review+, superreview+,review?(bienvenu), superreview?(bienvenu)
2007-05-29 08:52:58 PDT,standard8,Status,RESOLVED,ASSIGNED
2007-05-29 08:52:58 PDT,standard8,Resolution,FIXED,---
2007-05-29 08:52:58 PDT,standard8,Last Resolved,2007-05-29 08:52:58,
2007-05-30 13:30:39 PDT,mscott,Attachment #266419                Flags,approval1.8.1.5?,
2007-05-30 13:30:59 PDT,mscott,CC,mscott,
2007-06-25 11:22:49 PDT,dveditz,Attachment #266419                Flags,approval1.8.1.5+,approval1.8.1.5?
2007-06-25 11:23:13 PDT,dveditz,Attachment #266419                Flags,approval1.8.0.13+,
2007-06-25 11:29:02 PDT,mscott,Keywords,fixed1.8.1.5,
2007-07-12 14:00:10 PDT,jaymoz,Keywords,qawanted,
2007-07-12 14:00:10 PDT,jaymoz,CC,jay,
2007-08-09 12:50:59 PDT,mscott,Keywords,fixed1.8.0.13,
2007-08-17 16:53:22 PDT,stephen.donner,CC,stephend,
2007-08-17 16:53:22 PDT,stephen.donner,Keywords,verified1.8.0.13,fixed1.8.0.13
