When, Who, What, Added, Removed
2006-01-14 02:03:23 PST,jruderman,Keywords,testcase,
2006-01-14 02:07:10 PST,mrbkap,OS,All,MacOS X
2006-01-14 02:07:10 PST,mrbkap,Priority,P2,--
2006-01-14 02:07:10 PST,mrbkap,Assignee,mrbkap,general
2006-01-14 02:07:10 PST,mrbkap,CC,bzbarsky, jst,
2006-01-14 02:07:10 PST,mrbkap,Target Milestone,mozilla1.9alpha,---
2006-01-14 02:07:10 PST,mrbkap,Hardware,All,Macintosh
2006-01-14 14:09:53 PST,gavin.sharp,CC,gavin.sharp,
2006-01-15 14:01:43 PST,bzbarsky,Blocks,322773,
2006-01-15 23:43:38 PST,robert,CC,rparenton,
2006-01-17 09:52:22 PST,mrbkap,Status,ASSIGNED,NEW
2006-01-17 09:55:32 PST,mrbkap,Attachment #208748                Flags,review?(bzbarsky),
2006-01-17 10:00:33 PST,bzbarsky,Attachment #208748                Flags,review+, superreview+,review?(bzbarsky)
2006-01-17 10:13:57 PST,mrbkap,Status,RESOLVED,ASSIGNED
2006-01-17 10:13:57 PST,mrbkap,Resolution,FIXED,---
2006-01-17 10:13:57 PST,mrbkap,Last Resolved,2006-01-17 10:13:57,
2006-03-12 19:05:11 PST,robert,CC,,rparenton
