When, Who, What, Added, Removed
2006-01-13 11:26:23 PST,samuel.sidler+old,CC,bugzilla,
2006-01-13 13:50:58 PST,gavin.sharp,CC,gavin.sharp,
2006-01-16 12:18:46 PST,mark,Blocks,323355,
2006-01-18 14:50:59 PST,djcater+bugzilla,CC,DJCater,
2006-02-10 13:16:47 PST,mark,Flags,blocking1.8.0.2?,
2006-02-14 06:07:32 PST,ryanvm,CC,ryanvm,
2006-02-16 12:33:16 PST,dveditz,Flags,,blocking1.8.0.2?
2006-02-16 12:37:42 PST,benjamin,Assignee,benjamin,joshmoz
2006-02-16 12:38:15 PST,benjamin,Priority,P1,--
2006-02-16 12:38:15 PST,benjamin,Target Milestone,mozilla1.8final,---
2006-02-16 12:38:29 PST,benjamin,Depends on,323657,
2006-02-17 09:08:16 PST,benjamin,Blocks,326917,
2006-02-17 10:22:54 PST,benjamin,Attachment #212233                Flags,review?(mark), superreview?(darin),
2006-02-17 10:23:14 PST,benjamin,Attachment #212233                Flags,review?(bent.mozilla),
2006-02-17 10:51:06 PST,darin.moz,Attachment #212233                Flags,superreview+,superreview?(darin)
2006-02-17 11:33:36 PST,mark,Attachment #212233                Flags,review+,review?(mark)
2006-02-17 11:57:03 PST,benjamin,Attachment #212240                Flags,review?(bent.mozilla),
2006-02-17 11:58:00 PST,benjamin,Attachment #212233                Attachment is obsolete,1,0
2006-02-17 11:58:00 PST,benjamin,Attachment #212233                Flags,,review?(bent.mozilla)
2006-02-17 12:09:10 PST,bent.mozilla,Attachment #212240                Flags,review+,review?(bent.mozilla)
2006-02-17 13:10:58 PST,benjamin,Attachment #212240                Attachment is obsolete,1,0
2006-02-17 13:10:58 PST,benjamin,Attachment #212248                Flags,approval-branch-1.8.1?(darin), approval1.8.0.2?,
2006-02-17 13:14:15 PST,darin.moz,Attachment #212248                Flags,approval-branch-1.8.1+,approval-branch-1.8.1?(darin)
2006-02-21 16:38:38 PST,dveditz,Flags,blocking1.8.0.2+,
2006-02-21 18:25:58 PST,dveditz,Attachment #212248                Flags,approval1.8.0.2+,approval1.8.0.2?
2006-02-22 09:03:14 PST,benjamin,Keywords,fixed1.8.0.2, fixed1.8.1,
2006-02-22 09:03:14 PST,benjamin,Status,RESOLVED,NEW
2006-02-22 09:03:14 PST,benjamin,Resolution,FIXED,---
2006-02-22 09:03:14 PST,benjamin,Last Resolved,2006-02-22 09:03:14,
2006-02-27 10:23:55 PST,mozmail,Whiteboard,[nvn-dl],
