When, Who, What, Added, Removed
2006-01-14 04:56:58 PST,martijn.martijn,CC,martijn.martijn,
2006-01-14 06:21:06 PST,martijn.martijn,Attachment #208474                Flags,review?(cbiesinger),
2006-01-14 14:09:47 PST,gavin.sharp,CC,gavin.sharp,
2006-01-15 08:58:41 PST,cbiesinger,Attachment #208474                Flags,review-,review?(cbiesinger)
2006-01-15 10:24:12 PST,martijn.martijn,Attachment #208474                Attachment is obsolete,1,0
2006-01-15 10:24:12 PST,martijn.martijn,Attachment #208571                Flags,review?(cbiesinger),
2006-01-15 10:48:36 PST,cbiesinger,Attachment #208571                Flags,review-,review?(cbiesinger)
2006-01-15 11:24:56 PST,martijn.martijn,Attachment #208571                Attachment is obsolete,1,0
2006-01-15 11:24:56 PST,martijn.martijn,Attachment #208575                Flags,review?(cbiesinger),
2006-01-15 11:47:25 PST,cbiesinger,Attachment #208575                Flags,review+,review?(cbiesinger)
2006-01-15 12:12:03 PST,martijn.martijn,Attachment #208575                Flags,superreview?(darin),
2006-01-19 10:56:41 PST,darin.moz,CC,benjamin, dbaron, dougt,
2006-01-19 13:21:49 PST,darin.moz,Attachment #208575                Flags,superreview-,superreview?(darin)
2006-01-19 13:53:31 PST,martijn.martijn,Attachment #209008                Flags,review?(darin),
2006-01-19 13:53:31 PST,martijn.martijn,Attachment #208575                Attachment is obsolete,1,0
2006-01-20 15:53:01 PST,darin.moz,Attachment #209008                Flags,review+,review?(darin)
2006-01-21 13:17:21 PST,martijn.martijn,Attachment #209008                Flags,superreview?(bzbarsky),
2006-01-21 14:20:46 PST,bzbarsky,Attachment #209008                Flags,superreview+,superreview?(bzbarsky)
2006-01-21 14:22:38 PST,bzbarsky,Product,Core,Firefox
2006-01-21 14:22:38 PST,bzbarsky,Hardware,All,Macintosh
2006-01-21 14:22:38 PST,bzbarsky,OS,All,MacOS X
2006-01-21 14:22:38 PST,bzbarsky,Component,XPCOM,Download Manager
2006-01-21 14:22:38 PST,bzbarsky,Assignee,dougt,nobody
2006-01-21 14:22:38 PST,bzbarsky,QA Contact,xpcom,download.manager
2006-01-21 14:22:38 PST,bzbarsky,Flags,,review-, review-, review+, review+
2006-01-21 14:23:15 PST,bzbarsky,Assignee,martijn.martijn,dougt
2006-01-21 15:38:54 PST,cbiesinger,CC,cbiesinger,
2006-01-21 16:07:10 PST,bzbarsky,Status,RESOLVED,NEW
2006-01-21 16:07:10 PST,bzbarsky,Resolution,FIXED,---
2006-01-21 16:07:10 PST,bzbarsky,Last Resolved,2006-01-21 16:07:10,
