When, Who, What, Added, Removed
2006-01-13 10:32:33 PST,brendan,Hardware,All,PC
2006-01-13 10:32:33 PST,brendan,OS,All,Windows XP
2006-01-13 10:32:33 PST,brendan,Priority,P3,--
2006-01-13 10:32:33 PST,brendan,Assignee,brendan,general
2006-01-13 10:32:33 PST,brendan,CC,mrbkap, igor.bukanov, daumling, shaver,
2006-01-13 10:32:33 PST,brendan,Target Milestone,mozilla1.9alpha,---
2006-01-13 10:35:35 PST,gavin.sharp,CC,gavin.sharp,
2006-01-13 10:42:21 PST,brendan,Attachment #208394                Flags,review?(mrbkap),
2006-01-13 10:50:31 PST,mrbkap,Attachment #208394                Flags,review+,review?(mrbkap)
2006-01-13 16:12:08 PST,brendan,Status,RESOLVED,NEW
2006-01-13 16:12:08 PST,brendan,Resolution,FIXED,---
2006-01-13 16:12:08 PST,brendan,Last Resolved,2006-01-13 16:12:08,
2006-02-13 17:01:31 PST,bob,Attachment #211804                Flags,review?(mrbkap),
2006-02-13 17:01:57 PST,bob,Flags,testcase?,
2006-02-13 17:31:33 PST,bob,Attachment #211804                Attachment is obsolete,1,0
2006-02-13 17:31:33 PST,bob,Attachment #211804                Flags,,review?(mrbkap)
2006-02-13 17:35:14 PST,bob,Flags,testcase+,testcase?
2006-03-29 09:51:30 PST,bob,Status,VERIFIED,RESOLVED
2006-07-08 18:25:50 PDT,bob,Keywords,verified1.8.1,
