When, Who, What, Added, Removed
2006-01-13 15:00:55 PST,doug,CC,thesuckiestemail, sergei_d,
2006-01-13 21:17:25 PST,doug,Attachment #208455                Flags,review?(thesuckiestemail),
2006-01-13 23:16:16 PST,doug,Summary,[BeOS] Changes in bug 322942 broke BeOS builds in nsGfxFactoryBeos,Changes in bug 322942 broke BeOS builds in nsGfxFactoryBeos
2006-01-14 00:05:07 PST,pavlov,Attachment #208455                Flags,superreview+,
2006-01-14 03:37:02 PST,thesuckiestemail,Attachment #208455                Flags,review+,review?(thesuckiestemail)
2006-01-14 19:00:20 PST,asqueella,CC,asqueella,
2006-01-15 06:24:23 PST,cbiesinger,Product,Core,Firefox
2006-01-15 06:24:23 PST,cbiesinger,Version,Trunk,unspecified
2006-01-15 06:24:23 PST,cbiesinger,Component,GFX: BeOS,General
2006-01-15 06:24:23 PST,cbiesinger,Assignee,beos,nobody
2006-01-15 06:24:23 PST,cbiesinger,QA Contact,timeless,general
2006-01-15 06:24:23 PST,cbiesinger,Flags,,review+
2006-01-15 06:26:20 PST,cbiesinger,Ever confirmed,1,0
2006-01-15 06:26:20 PST,cbiesinger,Status,NEW,UNCONFIRMED
2006-01-15 06:26:20 PST,cbiesinger,CC,cbiesinger,
2006-01-15 06:26:20 PST,cbiesinger,Blocks,322942,
2006-01-15 14:00:04 PST,cbiesinger,Attachment #208455                Attachment is obsolete,1,0
2006-01-15 14:04:06 PST,cbiesinger,Status,RESOLVED,NEW
2006-01-15 14:04:06 PST,cbiesinger,Resolution,FIXED,---
2006-01-15 14:04:06 PST,cbiesinger,Last Resolved,2006-01-15 14:04:06,
2009-01-22 10:17:54 PST,nobody,Product,Core Graveyard,Core
