When, Who, What, Added, Removed
2006-01-14 14:10:30 PST,gavin.sharp,CC,gavin.sharp,
2006-01-14 15:12:28 PST,axel,Attachment #208505                Flags,review-,
2006-01-14 15:30:12 PST,martijn.martijn,Attachment #208505                Attachment is obsolete,1,0
2006-01-14 15:32:17 PST,martijn.martijn,Attachment #208512                Attachment is obsolete,1,0
2006-01-14 15:36:15 PST,axel,Attachment #208513                Flags,review-,
2006-01-14 15:37:05 PST,martijn.martijn,Attachment #208513                Attachment is obsolete,1,0
2006-01-14 15:53:06 PST,martijn.martijn,Attachment #208514                Attachment is obsolete,1,0
2006-01-14 15:53:06 PST,martijn.martijn,Attachment #208515                Attachment is obsolete,1,0
2006-01-14 16:02:26 PST,steve.england,CC,steve.england,
2006-01-15 09:34:57 PST,bzbarsky,Attachment #208519                Flags,review?(axel), superreview+,
2006-01-15 09:43:26 PST,axel,Attachment #208519                Flags,review+,review?(axel)
2006-01-15 10:46:22 PST,bzbarsky,Assignee,martijn.martijn,search
2006-01-15 10:46:22 PST,bzbarsky,CC,search,
2006-01-15 10:56:21 PST,bzbarsky,Status,RESOLVED,NEW
2006-01-15 10:56:21 PST,bzbarsky,Resolution,FIXED,---
2006-01-15 10:56:21 PST,bzbarsky,Last Resolved,2006-01-15 10:56:21,
2006-01-15 10:56:48 PST,bzbarsky,Attachment #208519                Flags,approval1.8.0.2?, approval1.8.1?,
2006-01-19 12:27:22 PST,jwalden+fxhelp,CC,jwalden+bmo,
2006-01-19 17:04:18 PST,robert,CC,rparenton,
2006-01-31 06:34:02 PST,benjamin,Attachment #208519                Flags,branch-1.8.1+,approval1.8.1?
2006-01-31 14:49:18 PST,bzbarsky,Keywords,fixed1.8.1,
2006-02-01 08:00:26 PST,jcea,CC,jcea,
2006-02-22 00:33:15 PST,dveditz,Attachment #210283                Flags,approval1.8.0.2+,
2006-02-22 00:33:18 PST,dveditz,Attachment #208519                Flags,,approval1.8.0.2?
2006-02-22 00:33:35 PST,dveditz,Flags,blocking1.8.0.2+,
2006-02-22 20:31:17 PST,bzbarsky,Keywords,fixed1.8.0.2,
2006-03-01 16:30:36 PST,mozmail,Whiteboard,[nvn-dl],
2006-03-01 16:30:36 PST,mozmail,CC,davel,
2006-03-12 19:05:09 PST,robert,CC,,rparenton
2006-11-10 12:13:56 PST,mozmail,CC,,davel
2008-07-31 04:30:00 PDT,nobody,Product,SeaMonkey,Core
