When, Who, What, Added, Removed
2006-02-03 11:06:28 PST,dveditz,Whiteboard,[sg:high] XSS,
2006-02-03 11:06:28 PST,dveditz,Assignee,jst,dveditz
2006-02-03 11:06:28 PST,dveditz,CC,mrbkap, dveditz,
2006-02-03 11:07:18 PST,dveditz,Flags,blocking1.7.13?, blocking1.8.1+, blocking1.8.0.2?, blocking-aviary1.0.8?,
2006-02-03 18:37:31 PST,mrbkap,Priority,P2,--
2006-02-03 18:37:31 PST,mrbkap,Assignee,mrbkap,jst
2006-02-03 18:37:31 PST,mrbkap,CC,bzbarsky, brendan, jst,
2006-02-03 18:37:31 PST,mrbkap,Target Milestone,mozilla1.9alpha,---
2006-02-03 18:44:20 PST,mrbkap,Whiteboard,[sg:high] XSS [partial patch],[sg:high] XSS
2006-02-03 18:44:20 PST,mrbkap,Status,ASSIGNED,NEW
2006-02-06 15:29:11 PST,mrbkap,Attachment #210667                Attachment is obsolete,1,0
2006-02-06 15:29:11 PST,mrbkap,Attachment #210935                Flags,review?(bzbarsky), superreview?(jst),
2006-02-06 21:33:51 PST,bzbarsky,Attachment #210935                Flags,review+,review?(bzbarsky)
2006-02-07 15:01:20 PST,dveditz,Flags,blocking1.7.13-, blocking-aviary1.0.8-,blocking1.7.13?, blocking-aviary1.0.8?
2006-02-08 12:03:45 PST,dveditz,Flags,blocking1.8.0.2+,blocking1.8.0.2?
2006-02-17 16:03:10 PST,jst,Attachment #210935                Flags,superreview+,superreview?(jst)
2006-02-17 16:14:22 PST,mrbkap,Attachment #212268                Flags,approval-branch-1.8.1?(jst), approval1.8.0.2?,
2006-02-17 16:14:42 PST,mrbkap,Resolution,FIXED,---
2006-02-17 16:14:42 PST,mrbkap,Last Resolved,2006-02-17 16:14:42,
2006-02-17 16:14:42 PST,mrbkap,Status,RESOLVED,ASSIGNED
2006-02-21 15:44:04 PST,jst,Attachment #212268                Flags,approval-branch-1.8.1+,approval-branch-1.8.1?(jst)
2006-02-21 18:10:54 PST,dveditz,Attachment #212268                Flags,approval1.8.0.2+,approval1.8.0.2?
2006-02-22 16:20:25 PST,mrbkap,Keywords,fixed1.8.0.2, fixed1.8.1,
2006-02-25 09:43:35 PST,mozmail,Whiteboard,[sg:high] XSS [partial patch][rft-dl],[sg:high] XSS [partial patch]
2006-03-09 00:04:32 PST,bob,Flags,in-testsuite+,
2006-03-09 13:24:19 PST,bob,Keywords,verified1.8.0.2,fixed1.8.0.2
2006-08-22 12:59:57 PDT,bob,Keywords,verified1.8.1,fixed1.8.1
2007-04-01 15:34:25 PDT,bob,Flags,in-testsuite?,in-testsuite+
2007-04-01 15:34:25 PDT,bob,CC,bclary,
2007-04-16 22:30:24 PDT,dveditz,Group,,security
2007-04-16 23:10:54 PDT,gavin.sharp,CC,gavin.sharp,
