When, Who, What, Added, Removed
2006-01-24 14:12:52 PST,ssitter,Attachment #209505                Flags,first-review?(jminta),
2006-01-24 19:44:07 PST,jminta,Attachment #209505                Flags,first-review-,first-review?(jminta)
2006-01-25 12:49:24 PST,ssitter,Attachment #209505                Attachment is obsolete,1,0
2006-01-25 12:49:24 PST,ssitter,Attachment #209617                Flags,first-review?(jminta),
2006-01-25 13:55:08 PST,ssitter,Status,ASSIGNED,NEW
2006-01-25 13:55:08 PST,ssitter,Assignee,ssitter,mostafah
2006-01-25 13:55:08 PST,ssitter,Attachment #209617                Attachment is obsolete,1,0
2006-01-25 13:55:08 PST,ssitter,Attachment #209627                Flags,first-review?(jminta),
2006-01-25 13:55:08 PST,ssitter,Attachment #209617                Flags,,first-review?(jminta)
2006-01-26 09:09:38 PST,jminta,Attachment #209627                Flags,first-review+,first-review?(jminta)
2006-01-26 09:46:19 PST,jminta,Status,RESOLVED,ASSIGNED
2006-01-26 09:46:19 PST,jminta,Resolution,FIXED,---
2006-01-26 09:46:19 PST,jminta,Last Resolved,2006-01-26 09:46:19,
