When, Who, What, Added, Removed
2006-01-14 16:03:06 PST,steve.england,Keywords,testcase,
2006-01-14 16:03:06 PST,steve.england,CC,steve.england,
2006-02-19 12:30:01 PST,bugzilla,Status,NEW,UNCONFIRMED
2006-02-19 12:30:01 PST,bugzilla,CC,bugzilla,
2006-02-19 12:30:01 PST,bugzilla,Ever confirmed,1,0
2006-07-22 23:46:41 PDT,bugzilla,Attachment #208454                Flags,review?(darin),
2006-07-25 15:17:47 PDT,darin.moz,Attachment #208454                Flags,review+,review?(darin)
2007-10-08 16:19:58 PDT,dougt,Assignee,nobody,dougt
2010-10-01 04:54:16 PDT,jonathan.protzenko,CC,jonathan.protzenko,
2010-10-01 05:09:51 PDT,jonathan.protzenko,Attachment #208454                Attachment is obsolete,1,0
2010-10-01 05:09:51 PDT,jonathan.protzenko,Attachment #480082                Flags,review+,
2010-10-01 05:10:27 PDT,jonathan.protzenko,Keywords,checkin-needed,
2010-10-05 01:53:48 PDT,jonathan.protzenko,Blocks,559559,
2010-10-05 03:38:31 PDT,dao,Assignee,jonathan.protzenko,nobody
2010-10-14 01:45:26 PDT,jonathan.protzenko,Attachment #480082                Flags,approval2.0?,
2010-10-16 13:35:44 PDT,Nomis101,CC,Nomis101,
2010-10-19 16:27:29 PDT,mbeltzner,Attachment #480082                Flags,approval2.0+,approval2.0?
2010-10-20 10:54:12 PDT,mozilla,CC,bienvenu,
2010-10-21 04:01:28 PDT,standard8,Keywords,,checkin-needed
2010-10-21 04:01:28 PDT,standard8,Status,RESOLVED,NEW
2010-10-21 04:01:28 PDT,standard8,Resolution,FIXED,---
2010-10-21 04:01:28 PDT,standard8,Target Milestone,mozilla2.0b8,---
2010-10-21 04:01:28 PDT,standard8,Last Resolved,2010-10-21 04:01:28,
2010-10-27 01:27:39 PDT,jonathan.protzenko,Attachment #480082                Flags,approval1.9.2.13?,
2010-10-29 10:54:19 PDT,christian,CC,clegnitto,
2010-10-31 16:20:05 PDT,gavin.sharp,Target Milestone,mozilla2.0b7,mozilla2.0b8
2010-11-01 10:54:23 PDT,dveditz,Attachment #480082                Flags,approval1.9.2.13+,approval1.9.2.13?
2010-11-02 01:37:24 PDT,jonathan.protzenko,Keywords,checkin-needed,
2010-11-18 20:10:12 PST,dveditz,Keywords,,checkin-needed
2010-11-18 20:10:12 PST,dveditz,status1.9.2,.13-fixed,---
2010-12-02 15:25:41 PST,christian,status1.9.1,wontfix,---
2012-05-19 22:50:02 PDT,squibblyflabbetydoo,Blocks,,559559
2012-05-20 00:01:12 PDT,squibblyflabbetydoo,Blocks,559559,
