When, Who, What, Added, Removed
2006-01-13 10:28:09 PST,masayuki,Product,Core,Thunderbird
2006-01-13 10:28:09 PST,masayuki,Version,Trunk,unspecified
2006-01-13 10:28:09 PST,masayuki,Component,MailNews: Networking,General
2006-01-13 10:28:09 PST,masayuki,Assignee,nobody,mscott
2006-01-13 10:28:09 PST,masayuki,QA Contact,grylchan,general
2006-01-13 10:28:09 PST,masayuki,CC,masayuki,
2006-01-13 10:34:49 PST,masayuki,Component,MailNews: Attachments,MailNews: Networking
2006-01-13 10:34:49 PST,masayuki,QA Contact,,grylchan
2006-01-13 10:35:45 PST,masayuki,CC,jshin1987,
2006-01-13 15:38:42 PST,cbiesinger,CC,cbiesinger,
2006-01-13 17:07:12 PST,jruderman,Summary,Thunderbird 1.5 is not fully compliant with rfc2231 in handling of Content-Disposition header,Thunderbird 1.5 is not fully compliant with rfc2231
2006-01-13 19:13:07 PST,masayuki,CC,mscott,
2006-01-13 19:13:07 PST,masayuki,Flags,blocking1.8.0.1?,
2006-01-13 20:12:09 PST,masayuki,Hardware,All,PC
2006-01-13 20:12:09 PST,masayuki,OS,All,Windows XP
2006-01-13 20:12:09 PST,masayuki,Status,NEW,UNCONFIRMED
2006-01-13 20:12:09 PST,masayuki,Severity,major,normal
2006-01-13 20:12:09 PST,masayuki,Ever confirmed,1,0
2006-01-13 20:12:35 PST,VYV03354,CC,VYV03354,
2006-01-13 20:12:35 PST,VYV03354,Hardware,PC,All
2006-01-13 20:12:35 PST,VYV03354,OS,Windows XP,All
2006-01-13 20:12:35 PST,VYV03354,Severity,normal,major
2006-01-13 21:21:25 PST,masayuki,Status,ASSIGNED,NEW
2006-01-13 21:21:25 PST,masayuki,Assignee,masayuki,nobody
2006-01-13 21:21:25 PST,masayuki,Attachment #208456                Flags,review?(bienvenu),
2006-01-13 21:22:40 PST,masayuki,Keywords,intl,
2006-01-13 21:22:40 PST,masayuki,Hardware,All,PC
2006-01-13 21:22:40 PST,masayuki,OS,All,Windows XP
2006-01-13 21:22:40 PST,masayuki,Severity,major,normal
2006-01-13 21:22:40 PST,masayuki,Priority,P1,--
2006-01-13 21:22:40 PST,masayuki,Blocks,193439,
2006-01-13 21:22:40 PST,masayuki,Target Milestone,mozilla1.8.1,---
2006-01-13 21:30:06 PST,masayuki,Summary,[RFC 2231] when the attachment file name is separated, should append semi-colon(';'),Thunderbird 1.5 is not fully compliant with rfc2231 in handling of Content-Disposition header
2006-01-14 14:11:44 PST,jshin1987,Attachment #208456                Flags,review+, superreview?(bienvenu), approval1.8.1?,review?(bienvenu)
2006-01-14 14:14:48 PST,gavin.sharp,CC,gavin.sharp,
2006-01-14 19:15:33 PST,masayuki,Attachment #208456                Flags,approval1.8.0.1?,
2006-01-15 08:25:43 PST,mozilla,Attachment #208456                Flags,superreview+,superreview?(bienvenu)
2006-01-15 08:41:33 PST,masayuki,Whiteboard,Mozilla Japan wants to fix on 1.8 branch and 1.8.0 branch,
2006-01-15 08:41:33 PST,masayuki,Status,RESOLVED,ASSIGNED
2006-01-15 08:41:33 PST,masayuki,Resolution,FIXED,---
2006-01-15 08:41:33 PST,masayuki,Last Resolved,2006-01-15 08:41:33,
2006-01-17 19:59:03 PST,mtschrep,Flags,blocking1.8.0.2?,
2006-01-19 12:05:43 PST,dveditz,Flags,blocking1.8.0.1-, blocking1.8.0.2+,blocking1.8.0.1?, blocking1.8.0.2?
2006-01-19 12:06:24 PST,dveditz,Attachment #208456                Flags,approval1.8.0.1-, approval1.8.0.2?,approval1.8.0.1?
2006-01-24 09:19:52 PST,mscott,Attachment #208456                Flags,approval1.8.1+,approval1.8.1?
2006-01-25 11:58:57 PST,mscott,Keywords,fixed1.8.1,
2006-01-25 11:58:57 PST,mscott,Flags,blocking-thunderbird2+,
2006-01-31 11:58:46 PST,mscott,Attachment #208456                Flags,approval1.8.0.2+,approval1.8.0.2?
2006-01-31 12:00:01 PST,mscott,Keywords,fixed1.8.0.2,
2006-02-01 08:04:39 PST,jcea,CC,jcea,
2006-03-16 02:36:30 PST,mkmelin+mozilla,CC,devconsole,
2006-03-17 08:39:25 PST,masayuki,Keywords,verified1.8.0.2,fixed1.8.0.2
2008-07-31 04:30:00 PDT,nobody,Product,MailNews Core,Core
