When, Who, What, Added, Removed
2006-01-13 15:29:03 PST,adam+bugs,CC,bugs,
2006-01-16 06:11:39 PST,ray,CC,bugzilla.mozilla,
2006-01-16 06:11:39 PST,ray,Flags,blocking-thunderbird2?,
2006-01-20 14:05:45 PST,mozilla,Attachment #209143                Flags,superreview?(mscott),
2006-01-20 18:57:52 PST,mscott,Attachment #209143                Flags,superreview+,superreview?(mscott)
2006-01-23 12:03:42 PST,mozilla,Status,RESOLVED,NEW
2006-01-23 12:03:42 PST,mozilla,Resolution,FIXED,---
2006-01-23 12:03:42 PST,mozilla,Last Resolved,2006-01-23 12:03:42,
2006-01-23 12:03:58 PST,mozilla,Attachment #209143                Flags,approval1.8.1?,
2006-01-25 13:36:01 PST,mscott,Flags,blocking-thunderbird2+,blocking-thunderbird2?
2006-01-31 09:00:45 PST,benjamin,Attachment #209143                Flags,branch-1.8.1?(mscott),approval1.8.1?
2006-02-06 16:49:16 PST,mozilla,Attachment #209143                Flags,branch-1.8.1+,branch-1.8.1?(mscott)
2006-02-06 16:49:40 PST,mozilla,Keywords,fixed1.8.1,
2006-05-25 12:24:10 PDT,mozilla,CC,asvravi,
2006-05-26 06:16:01 PDT,davidf,CC,davidf,
2006-08-21 08:32:12 PDT,mozilla,CC,ruohomaa+bugzilla,
2006-08-21 10:25:57 PDT,mkmelin+mozilla,CC,vlada,
2006-11-17 11:25:47 PST,mozilla,CC,mozilla,
2006-11-19 13:16:25 PST,bugzilla,CC,bugzilla,
2007-02-01 10:16:41 PST,mozilla,CC,nitro322,
2007-03-05 07:39:44 PST,philip,CC,philip,
2007-09-13 15:12:57 PDT,aqualon,Blocks,396094,
