When, Who, What, Added, Removed
2006-01-13 13:11:57 PST,ria.klaassen,CC,ria.klaassen,
2006-01-13 13:16:16 PST,Seno.Aiko,Keywords,crash,
2006-01-13 13:16:16 PST,Seno.Aiko,Hardware,All,PC
2006-01-13 13:16:16 PST,Seno.Aiko,OS,All,Windows XP
2006-01-13 13:16:16 PST,Seno.Aiko,Status,NEW,UNCONFIRMED
2006-01-13 13:16:16 PST,Seno.Aiko,Severity,critical,normal
2006-01-13 13:16:16 PST,Seno.Aiko,Ever confirmed,1,0
2006-01-13 14:30:27 PST,steve.england,Summary,When E4X code is run twice (or more), the SpiderMonkey engine crashes [@ js_AllocStack 0deb057d],When E4X code is run twice (or more), the SpiderMonkey engine crashes
2006-01-13 14:30:27 PST,steve.england,CC,steve.england,
2006-01-13 16:09:33 PST,brendan,Priority,P2,--
2006-01-13 16:09:33 PST,brendan,Assignee,brendan,general
2006-01-13 16:09:33 PST,brendan,CC,mrbkap, shaver,
2006-01-13 16:09:33 PST,brendan,Target Milestone,mozilla1.9alpha,---
2006-01-13 16:09:33 PST,brendan,Flags,blocking1.8.1+, blocking1.8.0.2+,
2006-01-13 16:10:33 PST,brendan,Attachment #208428                Flags,review?(mrbkap),
2006-01-13 16:11:01 PST,brendan,Status,ASSIGNED,NEW
2006-01-13 16:35:00 PST,mrbkap,Attachment #208428                Flags,review+,review?(mrbkap)
2006-01-13 17:09:53 PST,brendan,Last Resolved,2006-01-13 17:09:53,
2006-01-13 17:09:53 PST,brendan,Status,RESOLVED,ASSIGNED
2006-01-13 17:09:53 PST,brendan,Resolution,FIXED,---
2006-01-13 17:10:24 PST,brendan,Attachment #208428                Flags,approval1.8.0.2?, approval1.8.1?,
2006-01-31 06:33:25 PST,benjamin,Attachment #208428                Flags,branch-1.8.1?(brendan),approval1.8.1?
2006-01-31 12:46:05 PST,brendan,Attachment #208428                Flags,approval1.8.0.2+, branch-1.8.1+,approval1.8.0.2?, branch-1.8.1?(brendan)
2006-02-13 12:35:09 PST,bob,Status,VERIFIED,RESOLVED
2006-02-13 12:35:09 PST,bob,Flags,testcase+,
2006-02-14 16:07:36 PST,gavin.sharp,CC,gavin.sharp,
2006-02-22 12:44:41 PST,brendan,Keywords,fixed1.8.0.2, fixed1.8.1,
2006-03-01 13:54:06 PST,mozmail,Whiteboard,[rft-dl],
2006-03-03 12:36:54 PST,bob,Keywords,verified1.8.0.2, verified1.8.1,fixed1.8.0.2, fixed1.8.1
2006-07-06 19:27:27 PDT,brendan,Keywords,fixed1.8.1,
2006-07-07 21:13:21 PDT,bob,Keywords,,fixed1.8.1
2011-06-13 10:01:44 PDT,nobody,Crash Signature,[@ js_AllocStack 0deb057d],
