When, Who, What, Added, Removed
2006-01-13 15:42:31 PST,iann_bugzilla,Whiteboard,tracking,
2006-01-13 15:42:31 PST,iann_bugzilla,Flags,blocking-seamonkey1.0+,
2006-01-13 15:51:41 PST,csthomas,CC,cst,
2006-01-13 15:51:41 PST,csthomas,Depends on,315325,
2006-01-13 16:51:51 PST,iann_bugzilla,CC,stefanh,
2006-01-13 16:51:51 PST,iann_bugzilla,Depends on,322381,
2006-01-13 16:57:13 PST,iann_bugzilla,Depends on,319659,
2006-01-13 20:43:25 PST,xanthor+bz,CC,xanthor,
2006-01-13 21:26:38 PST,mrmazda,CC,mrmazda,
2006-01-14 04:33:50 PST,stefanh,CC,giacomo.magnini,
2006-01-14 04:33:50 PST,stefanh,Depends on,321526,
2006-01-14 06:49:07 PST,hhschwab,CC,hhschwab,
2006-01-14 16:22:44 PST,wellander2,CC,bryanwellander,
2006-01-15 14:57:43 PST,stefanh,Depends on,323539,
2006-01-16 07:11:53 PST,lfardin,CC,lfardin,
2006-01-16 11:07:41 PST,aqualon,CC,mozilla,
2006-01-16 11:14:15 PST,kairo,CC,kairo,
2006-01-19 06:04:45 PST,iann_bugzilla,Depends on,323970,
2006-01-20 07:30:37 PST,csthomas,Depends on,321128,
2006-01-20 16:42:07 PST,worcester12345,CC,worcester12345,
2006-01-21 17:29:09 PST,stefanh,Depends on,322459,
2006-01-22 14:18:42 PST,csthomas,Last Resolved,2006-01-22 14:18:42,
2006-01-22 14:18:42 PST,csthomas,Status,RESOLVED,NEW
2006-01-22 14:18:42 PST,csthomas,Resolution,FIXED,---
2006-01-22 14:19:46 PST,ajschult,Keywords,fixed1.8.0.1,
2006-09-24 13:44:43 PDT,aqualon,CC,,aqualon
