When, Who, What, Added, Removed
2006-01-13 15:31:31 PST,chase,CC,joshmoz, mark,
2006-01-13 15:31:46 PST,chase,CC,bugs, darin,
2006-01-13 15:32:07 PST,chase,CC,mscott,
2006-01-13 15:32:25 PST,chase,CC,ccooper, preed,
2006-01-13 15:32:43 PST,chase,CC,mtschrep,
2006-01-14 14:12:04 PST,gavin.sharp,CC,gavin.sharp,
2006-01-16 12:05:59 PST,mark,Depends on,323657,
2006-01-16 12:18:46 PST,mark,Depends on,323328,
2006-01-18 14:51:12 PST,djcater+bugzilla,CC,DJCater,
2006-01-25 08:17:34 PST,mark,Blocks,324651,
2006-01-28 16:26:51 PST,krmathis,CC,krmathis,
2006-01-29 20:48:58 PST,mark,Depends on,322578, 323330,
2006-01-30 07:34:02 PST,jhpedemonte,CC,jhpedemonte,
2006-02-07 11:51:14 PST,chase,Assignee,build,chase
2006-02-14 06:07:27 PST,ryanvm,CC,ryanvm,
2006-03-19 10:15:37 PST,krmathis,CC,,krmathis
2006-03-19 10:43:11 PST,mark,Assignee,mark,build
2006-03-19 10:43:25 PST,mark,Status,RESOLVED,NEW
2006-03-19 10:43:25 PST,mark,Resolution,FIXED,---
2006-03-19 10:43:25 PST,mark,Last Resolved,2006-03-19 10:43:25,
2013-08-12 21:54:08 PDT,nobody,Product,Release Engineering,mozilla.org
