When, Who, What, Added, Removed
2006-01-14 01:08:30 PST,nick.forge,Summary,Tooltip causes wrong window to be in front if you change window before tooltip has shown up,Tooltip causes wrong window to be focussed if you change window before tooltip has shown up
2006-01-14 09:43:57 PST,bugzilla-graveyard,CC,bugzilla,
2006-01-14 22:32:02 PST,sfraser_bugs,Status,NEW,UNCONFIRMED
2006-01-14 22:32:02 PST,sfraser_bugs,CC,sfraser_bugs,
2006-01-14 22:32:02 PST,sfraser_bugs,Ever confirmed,1,0
2006-01-14 22:37:55 PST,alqahira,Summary,"late-appearing" tooltip/child window causes wrong window to be in front/misplaced focus,Tooltip causes wrong window to be in front if you change window before tooltip has shown up
2006-01-15 21:36:32 PST,sfraser_bugs,Priority,P3,--
2006-01-15 21:36:32 PST,sfraser_bugs,Assignee,sfraser_bugs,mikepinkerton
2006-01-15 21:36:32 PST,sfraser_bugs,Target Milestone,Camino1.0,---
2006-01-15 21:44:05 PST,sfraser_bugs,Keywords,fixed1.8.0.1, fixed1.8.1,
2006-01-15 21:44:05 PST,sfraser_bugs,Status,RESOLVED,NEW
2006-01-15 21:44:05 PST,sfraser_bugs,Resolution,FIXED,---
2006-01-15 21:44:05 PST,sfraser_bugs,Last Resolved,2006-01-15 21:44:05,
2006-02-21 02:26:39 PST,samuel.sidler+old,Keywords,verified1.8.0.1,fixed1.8.0.1
2006-02-21 02:26:39 PST,samuel.sidler+old,Status,VERIFIED,RESOLVED
