When, Who, What, Added, Removed
2006-01-14 03:28:22 PST,LpSolit,Attachment #208470                Flags,review?(wicked),
2006-01-22 14:26:29 PST,wicked,Attachment #208470                Flags,review+,review?(wicked)
2006-01-22 14:26:45 PST,wicked,Flags,approval?,
2006-01-22 14:48:23 PST,justdave,Flags,approval+,approval?
2006-01-22 14:54:09 PST,LpSolit,Status,RESOLVED,NEW
2006-01-22 14:54:09 PST,LpSolit,Resolution,FIXED,---
2006-01-22 14:54:09 PST,LpSolit,Last Resolved,2006-01-22 14:54:09,
