When, Who, What, Added, Removed
2006-01-13 07:43:19 PST,ispiked,CC,ispiked,
2006-01-13 13:10:04 PST,mconnor,Status,RESOLVED,NEW
2006-01-13 13:10:04 PST,mconnor,Resolution,FIXED,---
2006-01-13 13:10:04 PST,mconnor,Last Resolved,2006-01-13 13:10:04,
2006-01-15 08:19:52 PST,darin.moz,CC,darin, kengert,
2006-01-15 15:06:13 PST,jminta,CC,jminta,
2011-06-26 22:54:48 PDT,nobody,Product,bugzilla.mozilla.org,mozilla.org
2011-06-26 22:54:48 PDT,nobody,Component,Administration,Bugzilla: Keywords & Components
