When, Who, What, Added, Removed
2006-01-13 08:49:00 PST,bzbarsky,Attachment #208386                Flags,review?(bugmail), superreview?(jst),
2006-01-13 09:52:49 PST,bugs,CC,smaug,
2006-01-13 19:53:32 PST,jonas,Attachment #208386                Flags,review+,review?(bugmail)
2006-01-15 10:23:08 PST,gavin.sharp,CC,gavin.sharp,
2006-01-15 13:55:16 PST,bzbarsky,Attachment #208385                Attachment is obsolete,1,0
2006-01-15 13:55:16 PST,bzbarsky,Attachment #208386                Attachment is obsolete,1,0
2006-01-15 13:55:16 PST,bzbarsky,Attachment #208386                Flags,,superreview?(jst)
2006-01-15 13:56:28 PST,bzbarsky,Attachment #208592                Flags,review?(bugmail), superreview?(jst),
2006-01-15 16:28:23 PST,jonas,Attachment #208592                Flags,review+,review?(bugmail)
2006-01-18 16:29:01 PST,jst,Attachment #208592                Flags,superreview+,superreview?(jst)
2006-01-18 19:34:43 PST,bzbarsky,Attachment #208591                Attachment is obsolete,1,0
2006-01-18 19:34:43 PST,bzbarsky,Attachment #208592                Attachment is obsolete,1,0
2006-01-18 21:40:29 PST,bzbarsky,Last Resolved,2006-01-18 21:40:29,
2006-01-18 21:40:29 PST,bzbarsky,Status,RESOLVED,NEW
2006-01-18 21:40:29 PST,bzbarsky,Resolution,FIXED,---
