When, Who, What, Added, Removed
2006-01-13 23:14:34 PST,doug,Summary,[BeOS] Firefox build broken when signing security modules,[BeOS} Firefox build broken when signing security modules
2006-01-13 23:14:34 PST,doug,CC,cbiesinger, thesuckiestemail, sergei_d,
2006-01-16 10:25:58 PST,doug,Component,Build Config,Security
2006-01-16 10:25:58 PST,doug,CC,wtchang,
2006-01-16 10:49:43 PST,wtc,Status,NEW,UNCONFIRMED
2006-01-16 10:49:43 PST,wtc,Assignee,wtchang,nobody
2006-01-16 10:49:43 PST,wtc,CC,kengert,
2006-01-16 10:49:43 PST,wtc,Ever confirmed,1,0
2006-01-16 13:14:10 PST,wtc,Attachment #208654                Flags,review?(christophe.ravel.bugs),
2006-01-16 13:30:33 PST,wtc,Version,3.11,unspecified
2006-01-16 13:30:33 PST,wtc,Component,Build,Build Config
2006-01-16 13:30:33 PST,wtc,QA Contact,wtchang,firefox
2006-01-16 13:30:33 PST,wtc,Target Milestone,3.11.1,---
2006-01-16 13:30:33 PST,wtc,Flags,,review?(christophe.ravel.bugs)
2006-01-16 13:30:33 PST,wtc,Product,NSS,Firefox
2006-01-16 13:31:35 PST,wtc,Attachment #208654                Flags,review?(christophe.ravel.bugs),
2006-01-17 14:23:54 PST,christophe.ravel.bugs,Attachment #208654                Flags,review+,review?(christophe.ravel.bugs)
2006-01-18 13:02:18 PST,wtc,Status,RESOLVED,NEW
2006-01-18 13:02:18 PST,wtc,Resolution,FIXED,---
2006-01-18 13:02:18 PST,wtc,Priority,P1,--
2006-01-18 13:02:18 PST,wtc,Last Resolved,2006-01-18 13:02:18,
