When, Who, What, Added, Removed
2006-01-14 02:14:28 PST,jruderman,Attachment #208459                Flags,review?(darin),
2006-01-14 02:14:44 PST,jruderman,Keywords,crash, testcase,
2006-01-14 02:15:02 PST,jruderman,CC,jruderman,
2006-01-19 11:02:31 PST,darin.moz,Attachment #208459                Flags,review+,review?(darin)
2006-01-19 11:04:34 PST,darin.moz,Status,ASSIGNED,UNCONFIRMED
2006-01-19 11:04:34 PST,darin.moz,Ever confirmed,1,0
2006-01-19 11:04:48 PST,darin.moz,Target Milestone,mozilla1.9alpha,---
2006-01-19 11:05:17 PST,darin.moz,Status,RESOLVED,ASSIGNED
2006-01-19 11:05:17 PST,darin.moz,Resolution,FIXED,---
2006-01-19 11:05:17 PST,darin.moz,Last Resolved,2006-01-19 11:05:17,
2006-01-19 11:06:02 PST,darin.moz,Attachment #208459                Flags,approval1.8.0.2?, approval1.8.1?,
2006-01-31 06:35:07 PST,benjamin,Attachment #208459                Flags,branch-1.8.1+,approval1.8.1?
2006-01-31 06:52:10 PST,darin.moz,Keywords,fixed1.8.1,
2006-02-22 00:03:24 PST,dveditz,Flags,blocking1.8.0.2+,
2006-02-22 00:03:27 PST,dveditz,Attachment #208459                Flags,approval1.8.0.2+,approval1.8.0.2?
2006-02-23 11:38:35 PST,darin.moz,Keywords,fixed1.8.0.2,
2006-03-02 10:56:37 PST,mozmail,Whiteboard,[nvn-dl],
