When, Who, What, Added, Removed
2006-01-13 19:23:07 PST,justdave,Attachment #208445                Flags,review?,
2006-01-13 19:23:47 PST,justdave,Attachment #208445                Flags,review?(bear),review?
2006-01-13 19:32:13 PST,bear,Attachment #208445                Flags,review+,review?(bear)
2006-01-13 19:37:58 PST,justdave,Last Resolved,2006-01-13 19:37:58,
2006-01-13 19:37:58 PST,justdave,Status,RESOLVED,NEW
2006-01-13 19:37:58 PST,justdave,Resolution,FIXED,---
2014-06-16 14:00:49 PDT,nobody,Product,Webtools Graveyard,Webtools
