When, Who, What, Added, Removed
2006-01-13 11:39:00 PST,benjamin,Severity,blocker,normal
2006-01-13 11:39:00 PST,benjamin,Priority,P1,--
2006-01-13 11:39:00 PST,benjamin,Target Milestone,Firefox1.5,---
2006-01-13 12:34:31 PST,gavin.sharp,Status,ASSIGNED,NEW
2006-01-13 12:34:31 PST,gavin.sharp,Assignee,gavin.sharp,robert.bugzilla
2006-01-13 12:34:31 PST,gavin.sharp,Attachment #208406                Flags,review?(robert.bugzilla),
2006-01-13 12:35:03 PST,gavin.sharp,CC,gavin.sharp,
2006-01-14 18:09:42 PST,gavin.sharp,Attachment #208406                Attachment is obsolete,1,0
2006-01-14 18:09:42 PST,gavin.sharp,Attachment #208526                Flags,review?(robert.bugzilla),
2006-01-14 18:09:42 PST,gavin.sharp,Attachment #208406                Flags,,review?(robert.bugzilla)
2006-01-15 15:25:14 PST,asqueella,CC,asqueella,
2006-01-17 13:21:18 PST,robert.strong.bugs,Attachment #208526                Flags,review+,review?(robert.bugzilla)
2006-01-17 13:57:48 PST,gavin.sharp,Attachment #208526                Attachment is obsolete,1,0
2006-01-17 13:57:48 PST,gavin.sharp,Attachment #208773                Flags,review?(robert.bugzilla),
2006-01-18 13:29:14 PST,robert.strong.bugs,Attachment #208773                Flags,review+,review?(robert.bugzilla)
2006-01-18 13:44:18 PST,gavin.sharp,Status,RESOLVED,ASSIGNED
2006-01-18 13:44:18 PST,gavin.sharp,Resolution,FIXED,---
2006-01-18 13:44:18 PST,gavin.sharp,Last Resolved,2006-01-18 13:44:18,
2006-01-18 13:44:25 PST,gavin.sharp,Attachment #208773                Flags,approval1.8.0.2?, approval1.8.1?,
2006-01-19 07:32:47 PST,robert.strong.bugs,CC,robert.bugzilla,
2006-01-29 20:48:58 PST,mark,Blocks,323355,
2006-01-29 21:18:23 PST,gavin.sharp,Summary,nsExtensionManager.js should get the XPCOM ABI and OS_TARGET from nsIXULRuntime instead of preprocessing,nsExtensionManager.js should get the XPCOM ABI from nsIXULRuntime instead of preprocessing
2006-01-30 11:50:00 PST,benjamin,Attachment #208773                Flags,branch-1.8.1+,approval1.8.1?
2006-01-30 12:48:11 PST,gavin.sharp,Keywords,fixed1.8.1,
2006-02-21 23:55:58 PST,dveditz,Flags,blocking1.8.0.2+,
2006-02-21 23:56:01 PST,dveditz,Attachment #208773                Flags,approval1.8.0.2+,approval1.8.0.2?
2006-02-22 08:14:02 PST,gavin.sharp,Keywords,fixed1.8.0.2,
2006-02-22 08:14:02 PST,gavin.sharp,Version,1.5.0.x Branch,Trunk
2006-02-27 10:22:56 PST,mozmail,Whiteboard,[nvn-dl],
2008-07-31 04:30:00 PDT,nobody,Product,Toolkit,Firefox
