When, Who, What, Added, Removed
2006-01-13 08:25:42 PST,martijn.martijn,CC,martijn.martijn,
2006-01-16 22:16:26 PST,philringnalda,Summary,blogfa.com - IE only rich text editor,Rich text editing capabilities are not displayed on blogfa.com
2006-01-16 22:16:26 PST,philringnalda,Product,Tech Evangelism,Firefox
2006-01-16 22:16:26 PST,philringnalda,Component,Arabic,General
2006-01-16 22:16:26 PST,philringnalda,Assignee,arabic,nobody
2006-01-16 22:16:26 PST,philringnalda,QA Contact,arabic,general
2008-02-29 09:41:00 PST,vatanman,CC,vatanman,
2008-05-31 21:28:21 PDT,bugzilla-graveyard,Status,RESOLVED,UNCONFIRMED
2008-05-31 21:28:21 PDT,bugzilla-graveyard,Resolution,FIXED,---
2008-05-31 21:28:21 PDT,bugzilla-graveyard,CC,cl-bugs-new,
2008-05-31 21:28:21 PDT,bugzilla-graveyard,Last Resolved,2008-05-31 21:28:21,
2008-05-31 21:28:21 PDT,bugzilla-graveyard,Hardware,All,PC
2008-05-31 21:28:21 PDT,bugzilla-graveyard,OS,All,Windows XP
2015-04-19 23:36:56 PDT,nobody,Product,Tech Evangelism Graveyard,Tech Evangelism
