When, Who, What, Added, Removed
2006-01-13 12:47:28 PST,timeless,Assignee,timeless,mconnor
2006-01-13 12:47:54 PST,timeless,Status,RESOLVED,NEW
2006-01-13 12:47:54 PST,timeless,Resolution,FIXED,---
2006-01-13 12:47:54 PST,timeless,Last Resolved,2006-01-13 12:47:54,
2006-01-13 12:50:33 PST,gavin.sharp,Status,REOPENED,RESOLVED
2006-01-13 12:50:33 PST,gavin.sharp,Resolution,---,FIXED
2006-01-13 13:07:16 PST,timeless,Status,RESOLVED,REOPENED
2006-01-13 13:07:16 PST,timeless,Resolution,FIXED,---
2006-01-13 13:07:16 PST,timeless,Last Resolved,2006-01-13 13:07:16,2006-01-13 12:47:54
2011-06-26 22:54:48 PDT,nobody,Product,bugzilla.mozilla.org,mozilla.org
2011-06-26 22:54:48 PDT,nobody,Component,Administration,Bugzilla: Keywords & Components
