When, Who, What, Added, Removed
2006-01-14 21:56:38 PST,kherron+mozilla,Attachment #208529                Flags,review?, superreview?,
2006-01-14 21:57:52 PST,kherron+mozilla,Attachment #208529                Flags,review?(cbiesinger), superreview?(pavlov),review?, superreview?
2006-01-15 07:11:29 PST,pavlov,Attachment #208529                Flags,superreview+,superreview?(pavlov)
2006-01-15 08:48:32 PST,cbiesinger,Blocks,322942,
2006-01-15 08:49:38 PST,cbiesinger,Attachment #208529                Flags,review+,review?(cbiesinger)
2006-01-15 08:50:42 PST,cbiesinger,CC,cbiesinger,
2006-01-15 12:36:20 PST,kherron+mozilla,Status,RESOLVED,NEW
2006-01-15 12:36:20 PST,kherron+mozilla,Resolution,FIXED,---
2006-01-15 12:36:20 PST,kherron+mozilla,Last Resolved,2006-01-15 12:36:20,
2009-01-22 10:18:09 PST,nobody,Product,Core Graveyard,Core
