When, Who, What, Added, Removed
2006-01-14 10:54:31 PST,bugzilla,Product,mozilla.org,Calendar
2006-01-14 10:54:31 PST,bugzilla,Version,other,Trunk
2006-01-14 10:54:31 PST,bugzilla,Component,Server Operations,Lightning
2006-01-14 10:54:31 PST,bugzilla,Assignee,server-ops,nobody
2006-01-14 10:54:31 PST,bugzilla,QA Contact,justin,lightning
2006-01-14 10:59:34 PST,justdave,QA Contact,myk,justin
2006-01-14 10:59:34 PST,justdave,Component,FTP: Staging,Server Operations
2006-01-14 10:59:34 PST,justdave,Assignee,zach,server-ops
2006-01-30 23:50:32 PST,bugzilla,CC,bugzilla,
2006-01-31 23:07:00 PST,ipottinger,CC,ipottinger,
2006-03-09 20:48:40 PST,zach,Last Resolved,2006-03-09 20:48:40,
2006-03-09 20:48:40 PST,zach,Status,RESOLVED,NEW
2006-03-09 20:48:40 PST,zach,Resolution,FIXED,---
