When, Who, What, Added, Removed
2006-01-14 20:06:44 PST,justdave,CC,mconnor,
2006-01-14 21:17:02 PST,morgamic,Target Milestone,2.0,1.0
2006-01-14 21:39:37 PST,morgamic,Attachment #208528                Flags,first-review?,
2006-01-14 21:54:45 PST,csthomas,Attachment #208528                Flags,first-review+,first-review?
2006-01-27 00:52:39 PST,morgamic,Attachment #208528                Attachment is obsolete,1,0
2006-01-27 00:53:47 PST,morgamic,Status,RESOLVED,NEW
2006-01-27 00:53:47 PST,morgamic,Resolution,FIXED,---
2006-01-27 00:53:47 PST,morgamic,Last Resolved,2006-01-27 00:53:47,
