When, Who, What, Added, Removed
2006-01-14 13:57:49 PST,chpe,Attachment #208495                Flags,first-review?(darin),
2006-01-14 14:01:51 PST,gavin.sharp,CC,gavin.sharp,
2006-01-15 17:54:42 PST,benjamin,Attachment #208495                Flags,first-review+,first-review?(darin)
2006-01-15 17:57:41 PST,benjamin,Assignee,chpe,nobody
2006-01-28 11:00:52 PST,jwalden+bmo,CC,jwalden+bmo,
2006-12-29 20:20:53 PST,philringnalda,CC,benjamin, philringnalda,
2006-12-30 16:01:55 PST,benjamin,Whiteboard,[checkin needed],
2006-12-30 19:22:05 PST,philringnalda,Whiteboard,,[checkin needed]
2006-12-30 19:22:05 PST,philringnalda,Status,RESOLVED,NEW
2006-12-30 19:22:05 PST,philringnalda,Resolution,FIXED,---
2006-12-30 19:22:05 PST,philringnalda,Last Resolved,2006-12-30 19:22:05,
2007-05-20 15:15:05 PDT,gijskruitbosch+bugs,Attachment #208495                Flags,approval1.8.1.5?,
2007-05-20 15:15:25 PDT,gijskruitbosch+bugs,CC,gijskruitbosch+bugs,
2007-06-25 11:13:54 PDT,dveditz,Attachment #208495                Flags,approval1.8.1.5+,approval1.8.1.5?
2007-06-25 11:20:20 PDT,philringnalda,Whiteboard,[checkin needed (1.8branch)],
2007-06-30 12:40:25 PDT,philringnalda,Whiteboard,,[checkin needed (1.8branch)]
2007-06-30 12:40:25 PDT,philringnalda,Keywords,fixed1.8.1.5,
2007-07-12 16:26:24 PDT,jaymoz,Whiteboard,[need testcase],
2007-07-12 16:26:24 PDT,jaymoz,CC,jay,
2008-07-31 03:02:37 PDT,timeless,QA Contact,startup,xre.startup
2008-07-31 03:02:37 PDT,timeless,Component,Startup and Profile System,XRE Startup
