When, Who, What, Added, Removed
2006-01-15 00:33:48 PST,jruderman,Blocks,323500,
2006-01-15 10:16:17 PST,gavin.sharp,CC,gavin.sharp,
2007-01-18 22:10:06 PST,bzbarsky,Status,RESOLVED,NEW
2007-01-18 22:10:06 PST,bzbarsky,Resolution,FIXED,---
2007-01-18 22:10:06 PST,bzbarsky,Depends on,300030,
2007-01-18 22:10:06 PST,bzbarsky,Last Resolved,2007-01-18 22:10:06,
2007-04-02 05:32:13 PDT,jwalden+bmo,CC,jwalden+bmo,
2007-04-02 05:32:13 PDT,jwalden+bmo,Flags,in-testsuite?,
2007-12-16 16:53:29 PST,jruderman,Flags,in-testsuite+,in-testsuite?
