When, Who, What, Added, Removed
2006-01-14 11:29:41 PST,gavin.sharp,CC,gavin.sharp,
2006-01-14 15:34:06 PST,steve.england,CC,steve.england,
2006-01-18 12:53:30 PST,mozilla_bugs,CC,mozilla_bugs,
2006-01-29 20:57:43 PST,bob,CC,bclary,
2006-01-30 18:09:30 PST,jruderman,Summary,Memory leak if a site sets location and then document.writes (e.g. when visiting www.economist.com),Memory leak when visiting www.economist.com
2006-01-30 18:09:30 PST,jruderman,CC,mrbkap,
2006-01-30 18:19:34 PST,mrbkap,CC,jst,
2006-01-31 17:17:40 PST,mrbkap,Whiteboard,[patch],
2006-01-31 17:17:40 PST,mrbkap,Priority,P2,--
2006-01-31 17:17:40 PST,mrbkap,Target Milestone,mozilla1.9alpha,---
2006-01-31 17:20:33 PST,mrbkap,Status,ASSIGNED,NEW
2006-01-31 17:20:33 PST,mrbkap,Assignee,mrbkap,general
2006-01-31 17:20:33 PST,mrbkap,Attachment #210308                Flags,review?(bugmail), superreview?(jst),
2006-01-31 17:27:57 PST,jst,Attachment #210308                Flags,superreview+,superreview?(jst)
2006-01-31 18:02:05 PST,jonas,Attachment #210308                Flags,review+,review?(bugmail)
2006-02-01 10:59:40 PST,mrbkap,Last Resolved,2006-02-01 10:59:40,
2006-02-01 10:59:40 PST,mrbkap,Status,RESOLVED,ASSIGNED
2006-02-01 10:59:40 PST,mrbkap,Resolution,FIXED,---
2006-02-02 22:03:07 PST,jruderman,CC,jruderman,
2006-02-03 21:08:56 PST,jruderman,CC,saj,
2006-02-04 20:56:50 PST,robert,CC,rparenton,
2006-02-05 13:23:55 PST,martijn.martijn,Status,VERIFIED,RESOLVED
2006-03-12 19:05:12 PST,robert,CC,,rparenton
2006-03-22 12:13:29 PST,mtschrep,Flags,blocking1.8.0.3?,
2006-03-27 12:13:36 PST,dveditz,Flags,blocking1.8.0.3+,blocking1.8.0.3?
2006-04-05 13:26:04 PDT,mrbkap,Attachment #210308                Flags,approval1.8.0.3?,
2006-04-10 13:09:59 PDT,mrbkap,Attachment #210308                Flags,approval-branch-1.8.1?(jst),
2006-04-10 16:05:06 PDT,jst,Attachment #210308                Flags,approval-branch-1.8.1+,approval-branch-1.8.1?(jst)
2006-04-11 13:23:26 PDT,mrbkap,Keywords,fixed1.8.1,
2006-04-11 13:27:11 PDT,BoxerBoi76,CC,BoxerBoi76,
2006-04-19 12:08:13 PDT,dveditz,Attachment #210308                Flags,approval1.8.0.3+,approval1.8.0.3?
2006-04-21 13:57:33 PDT,mrbkap,Keywords,fixed1.8.0.3,
