When, Who, What, Added, Removed
2006-01-14 07:18:25 PST,matthew.gertner,Attachment #208478                Flags,review?,
2006-01-14 07:18:52 PST,matthew.gertner,Attachment #208478                Flags,review?(dougt),review?
2006-01-14 07:21:59 PST,matthew.gertner,CC,cbiesinger,
2006-01-14 10:05:42 PST,benjamin,CC,benjamin, darin,
2006-01-14 14:08:12 PST,gavin.sharp,CC,gavin.sharp,
2006-01-14 15:30:56 PST,dougt,Attachment #208478                Flags,review+,review?(dougt)
2006-01-28 07:46:39 PST,cbiesinger,Status,RESOLVED,NEW
2006-01-28 07:46:39 PST,cbiesinger,Resolution,FIXED,---
2006-01-28 07:46:39 PST,cbiesinger,Last Resolved,2006-01-28 07:46:39,
2006-01-28 07:49:26 PST,matthew.gertner,Flags,blocking1.8.1?,
2006-01-28 07:50:21 PST,cbiesinger,Assignee,matthew,dougt
2006-01-28 07:51:31 PST,matthew.gertner,Attachment #208478                Flags,approval1.8.1?,
2006-01-28 08:23:38 PST,matthew.gertner,Attachment #209965                Flags,approval1.8.1?,
2006-01-28 20:31:22 PST,brendan,CC,brendan,
2006-01-29 07:13:04 PST,alex,CC,alex,
2006-01-31 06:35:37 PST,benjamin,Attachment #208478                Flags,branch-1.8.1?(darin),approval1.8.1?
2006-01-31 06:38:58 PST,benjamin,Attachment #209965                Flags,,approval1.8.1?
2006-01-31 07:04:24 PST,darin.moz,Attachment #208478                Flags,branch-1.8.1+,branch-1.8.1?(darin)
2006-02-01 07:07:55 PST,cbiesinger,Keywords,fixed1.8.1,
2006-06-13 09:39:04 PDT,matthew.gertner,Attachment #208478                Flags,approval1.8.0.5?,
2006-06-14 15:02:06 PDT,dveditz,Attachment #208478                Flags,approval1.8.0.5+,approval1.8.0.5?
2006-06-14 15:02:13 PDT,dveditz,Attachment #209965                Flags,approval1.8.0.5+,
2006-06-15 06:59:40 PDT,cbiesinger,Keywords,fixed1.8.0.5,
2006-07-05 13:17:01 PDT,mscott,Depends on,342784,
