When, Who, What, Added, Removed
2007-09-30 06:09:52 PDT,steffen.wilberg,Version,Trunk,unspecified
2007-09-30 06:09:52 PDT,steffen.wilberg,Hardware,All,PC
2007-09-30 06:09:52 PDT,steffen.wilberg,OS,All,Windows XP
2007-09-30 06:09:52 PDT,steffen.wilberg,Depends on,389914,
2008-05-29 16:02:25 PDT,cjcypoi02,CC,cg7j9rt02,
2008-06-07 12:49:28 PDT,steffen.wilberg,Status,NEW,UNCONFIRMED
2008-06-07 12:49:28 PDT,steffen.wilberg,Component,Knowledge Base Articles,Help Documentation
2008-06-07 12:49:28 PDT,steffen.wilberg,QA Contact,kb-articles,help.documentation
2008-06-07 12:49:28 PDT,steffen.wilberg,CC,steffen.wilberg,
2008-06-07 12:49:28 PDT,steffen.wilberg,Ever confirmed,1,0
2008-06-07 12:49:28 PDT,steffen.wilberg,Summary,document shift+click+drag to move bookmark folders on bookmarks toolbar,Mouse Shortcuts should add Undocumented Command: SHIFT+Click+Drag to move Bookmark Folders in Bookmarks Menu
2008-06-07 12:49:28 PDT,steffen.wilberg,Product,Sumo,Firefox
2008-06-07 12:49:28 PDT,steffen.wilberg,Version,unspecified,Trunk
2008-06-14 20:55:03 PDT,bmo2010,CC,bmo2008,
2008-06-14 20:55:03 PDT,bmo2010,Depends on,411977,
2008-06-16 21:16:33 PDT,bbayles,Status,RESOLVED,NEW
2008-06-16 21:16:33 PDT,bbayles,Resolution,FIXED,---
2008-06-16 21:16:33 PDT,bbayles,CC,bbayles,
2008-06-16 21:16:33 PDT,bbayles,Last Resolved,2008-06-16 21:16:33,
2008-06-17 04:39:10 PDT,steffen.wilberg,Status,VERIFIED,RESOLVED
