When, Who, What, Added, Removed
2006-01-14 14:05:55 PST,gavin.sharp,CC,gavin.sharp,
2006-01-14 15:22:51 PST,steve.england,CC,steve.england,
2006-01-18 12:56:37 PST,mozilla_bugs,CC,mozilla_bugs,
2006-02-04 07:58:50 PST,ryanvm,CC,ryanvm,
2006-02-12 16:48:30 PST,bzbarsky,CC,bzbarsky, cbiesinger, darin,
2006-02-16 21:33:51 PST,bzbarsky,Attachment #212190                Flags,review?(cbiesinger), superreview?(darin),
2006-02-16 21:33:51 PST,bzbarsky,Status,ASSIGNED,NEW
2006-02-16 21:33:51 PST,bzbarsky,Assignee,bzbarsky,general
2006-02-16 21:34:25 PST,bzbarsky,Summary,[FIX]Memory leak when visiting MSN Money,Memory leak when visiting MSN Money
2006-02-16 21:34:25 PST,bzbarsky,Hardware,All,PC
2006-02-16 21:34:25 PST,bzbarsky,OS,All,Windows XP
2006-02-16 21:34:25 PST,bzbarsky,Priority,P3,--
2006-02-16 21:34:25 PST,bzbarsky,Target Milestone,mozilla1.9alpha,---
2006-02-16 21:56:04 PST,darin.moz,Attachment #212190                Flags,superreview+,superreview?(darin)
2006-02-17 06:43:59 PST,cbiesinger,Attachment #212190                Flags,review+,review?(cbiesinger)
2006-02-20 16:00:51 PST,bzbarsky,Status,RESOLVED,ASSIGNED
2006-02-20 16:00:51 PST,bzbarsky,Resolution,FIXED,---
2006-02-20 16:00:51 PST,bzbarsky,Last Resolved,2006-02-20 16:00:51,
2006-02-20 16:00:56 PST,bzbarsky,Attachment #212190                Flags,approval-branch-1.8.1?(darin),
2006-02-21 02:46:03 PST,jruderman,Summary,[FIX]Don't leak the channel and XMLHttpRequest object if AsyncOpen fails,[FIX]Memory leak when visiting MSN Money
2006-02-21 02:46:03 PST,jruderman,CC,jruderman,
2006-02-21 23:20:12 PST,darin.moz,Attachment #212190                Flags,approval-branch-1.8.1+,approval-branch-1.8.1?(darin)
2006-02-22 18:45:08 PST,bzbarsky,Keywords,fixed1.8.1,
2006-02-23 06:45:23 PST,martijn.martijn,Status,VERIFIED,RESOLVED
2007-01-09 13:08:23 PST,martijn.martijn,Depends on,366467,
