When, Who, What, Added, Removed
2006-01-14 23:04:58 PST,brettw,Blocks,323342,
2006-01-14 23:05:34 PST,brettw,Blocks,321821,
2006-01-14 23:07:43 PST,brettw,Blocks,321002,
2006-01-14 23:08:05 PST,brettw,Blocks,320984,
2006-01-14 23:08:19 PST,brettw,Blocks,320831,
2006-01-14 23:09:23 PST,brettw,Blocks,320165,
2006-01-14 23:09:42 PST,brettw,Blocks,320164,
2006-01-17 17:01:21 PST,bugs,Severity,blocker,normal
2006-01-17 17:01:21 PST,bugs,Priority,P1,--
2006-01-17 21:48:59 PST,brettw,Blocks,323831,
2006-01-19 16:27:19 PST,brettw,Attachment #209035                Flags,review?(bryner),
2006-01-23 13:10:25 PST,bryner,Attachment #209035                Flags,review+,review?(bryner)
2006-01-23 17:05:32 PST,brettw,Attachment #209414                Flags,ui-review?,
2006-01-23 17:05:32 PST,brettw,Attachment #209035                Attachment is obsolete,1,0
2006-01-23 17:05:32 PST,brettw,Attachment #209036                Attachment is obsolete,1,0
2006-01-23 17:06:13 PST,brettw,Attachment #209414                Flags,ui-review?(bugs),ui-review?
2006-01-23 17:07:03 PST,bugs,Attachment #209414                Flags,review?(bugs),ui-review?(bugs)
2006-01-23 17:18:38 PST,bugs,Attachment #209414                Flags,review+,review?(bugs)
2006-01-24 10:53:16 PST,brettw,Status,RESOLVED,NEW
2006-01-24 10:53:16 PST,brettw,Resolution,FIXED,---
2006-01-24 10:53:16 PST,brettw,Last Resolved,2006-01-24 10:53:16,
2008-07-06 19:33:04 PDT,bugzillamozillaorg_serge_20140323,Blocks,311672,
2009-11-26 06:08:19 PST,gerv,Component,Bookmarks & History,Places
2009-11-26 06:08:19 PST,gerv,QA Contact,bookmarks,places
