When, Who, What, Added, Removed
2006-01-14 16:00:36 PST,gavin.sharp,CC,gavin.sharp,
2006-01-17 15:52:19 PST,dbaron,Whiteboard,[patch],
2006-08-07 21:03:16 PDT,bzbarsky,CC,uriber,
2007-02-06 00:06:55 PST,dbaron,Status,RESOLVED,NEW
2007-02-06 00:06:55 PST,dbaron,Resolution,FIXED,---
2007-02-06 00:06:55 PST,dbaron,Depends on,367247,
2007-02-06 00:06:55 PST,dbaron,Last Resolved,2007-02-06 00:06:55,
2007-02-06 05:33:20 PST,jcea,CC,jcea,
2007-02-07 15:00:54 PST,jwalden+bmo,Flags,in-testsuite-,
2007-02-07 15:00:54 PST,jwalden+bmo,CC,jwalden+bmo,
