When, Who, What, Added, Removed
2006-01-14 11:17:53 PST,gavin.sharp,CC,gavin.sharp,
2006-01-18 14:44:49 PST,robert.strong.bugs,Assignee,robert.bugzilla,bugs
2006-01-18 15:51:51 PST,robert.strong.bugs,Attachment #208916                Flags,review?(bugs),
2006-01-26 15:57:03 PST,robert.strong.bugs,CC,bugs,
2006-02-04 00:07:26 PST,robert.strong.bugs,Attachment #208916                Flags,review?(benjamin),review?(bugs)
2006-02-06 10:43:54 PST,benjamin,Attachment #208916                Flags,review+,review?(benjamin)
2006-02-06 11:13:16 PST,robert.strong.bugs,Status,RESOLVED,NEW
2006-02-06 11:13:16 PST,robert.strong.bugs,Resolution,FIXED,---
2006-02-06 11:13:16 PST,robert.strong.bugs,Last Resolved,2006-02-06 11:13:16,
2006-02-17 12:56:30 PST,robert.strong.bugs,Attachment #208916                Flags,approval-branch-1.8.1+,
2006-02-17 12:57:43 PST,robert.strong.bugs,Keywords,fixed1.8.1,
2008-07-31 04:30:00 PDT,nobody,Product,Toolkit,Firefox
