When, Who, What, Added, Removed
2006-01-14 16:57:19 PST,bryner,Attachment #208522                Flags,review?(darin), superreview?(darin),
2006-01-14 16:57:37 PST,gavin.sharp,CC,gavin.sharp,
2006-01-15 08:52:34 PST,darin.moz,Attachment #208522                Flags,review?(dbaron),
2006-01-15 17:00:31 PST,bryner,Attachment #208522                Attachment is obsolete,1,0
2006-01-15 17:00:31 PST,bryner,Attachment #208610                Flags,review?(darin), superreview?(darin),
2006-01-15 17:00:31 PST,bryner,Attachment #208522                Flags,,review?(darin), superreview?(darin), review?(dbaron)
2006-01-19 10:45:54 PST,darin.moz,Attachment #208610                Flags,review+, superreview+,review?(darin), superreview?(darin)
2006-01-24 11:26:05 PST,bryner,Status,RESOLVED,NEW
2006-01-24 11:26:05 PST,bryner,Resolution,FIXED,---
2006-01-24 11:26:05 PST,bryner,Last Resolved,2006-01-24 11:26:05,
2006-01-24 18:04:27 PST,d_king,Status,REOPENED,RESOLVED
2006-01-24 18:04:27 PST,d_king,Resolution,---,FIXED
2006-01-24 18:04:27 PST,d_king,CC,dgk,
2006-01-24 18:29:31 PST,bugzilla-graveyard,CC,bugzilla,
2006-01-24 18:48:11 PST,darin.moz,Status,RESOLVED,REOPENED
2006-01-24 18:48:11 PST,darin.moz,Resolution,FIXED,---
2006-01-24 18:48:11 PST,darin.moz,Last Resolved,2006-01-24 18:48:11,2006-01-24 11:26:05
2006-01-27 16:55:57 PST,robert,CC,rparenton,
2006-03-12 19:05:14 PST,robert,CC,,rparenton
