When, Who, What, Added, Removed
2006-01-17 12:26:28 PST,dmose,Blocks,298366,
2006-01-21 03:24:47 PST,ssitter,Summary,Cannot delete recurring event from multiweek/month view,cannot delete weekly-recurring event from within multiweek view
2006-01-21 07:26:46 PST,ssitter,CC,ssitter,
2006-01-24 02:46:50 PST,michael.buettner,CC,michael.buettner,
2006-01-24 06:52:45 PST,jminta,Assignee,michael.buettner,mostafah
2006-01-25 06:14:36 PST,michael.buettner,Status,ASSIGNED,NEW
2006-01-27 06:30:23 PST,michael.buettner,Attachment #209837                Flags,first-review?,
2006-01-27 07:19:04 PST,bugzilla,Attachment #209837                Flags,first-review?(jminta),first-review?
2006-01-30 06:00:58 PST,jminta,Attachment #209837                Attachment is obsolete,1,0
2006-01-30 06:00:58 PST,jminta,Attachment #209837                Flags,,first-review?(jminta)
2006-02-03 06:25:28 PST,michael.buettner,Attachment #210596                Flags,first-review?(jminta),
2006-02-08 07:16:04 PST,michael.buettner,Attachment #210596                Attachment is obsolete,1,0
2006-02-08 07:16:04 PST,michael.buettner,Attachment #211127                Flags,first-review?(jminta),
2006-02-08 07:16:04 PST,michael.buettner,Attachment #210596                Flags,,first-review?(jminta)
2006-02-08 18:53:54 PST,jminta,Attachment #211127                Flags,first-review+,first-review?(jminta)
2006-02-08 18:58:29 PST,jminta,Last Resolved,2006-02-08 18:58:29,
2006-02-08 18:58:29 PST,jminta,Status,RESOLVED,ASSIGNED
2006-02-08 18:58:29 PST,jminta,Resolution,FIXED,---
