When, Who, What, Added, Removed
2006-01-14 17:06:10 PST,steve.england,CC,steve.england,
2006-01-14 17:06:10 PST,steve.england,Blocks,318057,
2006-01-14 17:06:48 PST,steve.england,Keywords,crash,
2006-01-15 07:55:13 PST,brettw,CC,brettw,
2006-01-17 12:39:24 PST,bugs,Assignee,bryner,nobody
2006-01-17 15:21:07 PST,bryner,Assignee,annie.sullivan,bryner
2006-01-17 17:37:35 PST,bugs,Priority,P1,--
2006-01-17 17:37:35 PST,bugs,Assignee,bryner,annie.sullivan
2006-01-22 01:00:50 PST,bryner,Attachment #209262                Flags,review?(annie.sullivan), superreview?(darin),
2006-01-22 11:50:10 PST,annie.sullivan,Attachment #209262                Flags,review+,review?(annie.sullivan)
2006-01-24 16:47:13 PST,darin.moz,Attachment #209262                Flags,superreview-,superreview?(darin)
2006-01-25 13:50:11 PST,bryner,Attachment #209624                Flags,review?(annie.sullivan), superreview?(darin),
2006-01-25 13:50:11 PST,bryner,Attachment #209262                Attachment is obsolete,1,0
2006-01-25 13:52:58 PST,annie.sullivan,Attachment #209624                Flags,review+,review?(annie.sullivan)
2006-01-25 14:51:32 PST,darin.moz,Attachment #209624                Flags,superreview+,superreview?(darin)
2006-01-25 15:00:51 PST,bryner,Status,RESOLVED,NEW
2006-01-25 15:00:51 PST,bryner,Resolution,FIXED,---
2006-01-25 15:00:51 PST,bryner,Last Resolved,2006-01-25 15:00:51,
2009-11-26 06:00:46 PST,gerv,Component,Bookmarks & History,Places
2009-11-26 06:00:46 PST,gerv,QA Contact,bookmarks,places
