When, Who, What, Added, Removed
2006-02-13 07:44:21 PST,ray,Assignee,nobody,p_ch
2006-03-20 23:27:01 PST,3.14,Summary,Favicon (error icon) in Bookmark not updated,Favicon in Bookmark not update
2006-11-04 17:02:00 PST,baffclan,CC,baffclan,
2006-12-03 03:58:44 PST,3.14,Status,RESOLVED,NEW
2006-12-03 03:58:44 PST,3.14,Resolution,WORKSFORME,---
2006-12-03 03:58:44 PST,3.14,Last Resolved,2006-12-03 03:58:44,
2007-06-08 12:21:18 PDT,3.14,Resolution,---,WORKSFORME
2007-06-08 12:21:18 PDT,3.14,Status,REOPENED,RESOLVED
2008-04-04 02:04:35 PDT,snabelm,CC,snabelm,
2008-04-04 02:35:16 PDT,neil,Blocks,108809,
2008-04-04 02:38:48 PDT,neil,Status,ASSIGNED,REOPENED
2008-04-04 02:38:48 PDT,neil,Assignee,neil,nobody
2008-04-04 02:38:48 PDT,neil,Attachment #313562                Flags,review?(jag), superreview?(jag),
2008-04-05 02:08:37 PDT,jag-mozilla,Attachment #313562                Flags,review+, superreview+,review?(jag), superreview?(jag)
2008-04-05 08:55:06 PDT,snabelm,CC,,snabelm
2008-04-05 09:44:25 PDT,neil,Attachment #313562                Flags,approval-seamonkey1.1.10?,
2008-04-05 16:00:37 PDT,ajschult,Attachment #313562                Flags,approval-seamonkey1.1.10+,approval-seamonkey1.1.10?
2008-04-07 06:51:42 PDT,neil,Status,RESOLVED,ASSIGNED
2008-04-07 06:51:42 PDT,neil,Resolution,FIXED,---
2008-04-07 06:51:42 PDT,neil,Last Resolved,2008-04-07 06:51:42,2006-12-03 03:58:44
2008-04-07 06:51:42 PDT,neil,Keywords,fixed-seamonkey1.1.10,
