When, Who, What, Added, Removed
2006-01-15 12:54:37 PST,mvl,Attachment #208585                Flags,first-review?(jminta),
2006-01-15 14:59:27 PST,jminta,Attachment #208585                Flags,first-review-,first-review?(jminta)
2006-01-15 15:04:15 PST,gavin.sharp,Summary,re-order code in calICSCalendar.js,re-oreder code in calICSCalendar.js
2006-01-15 15:04:15 PST,gavin.sharp,CC,gavin.sharp,
2006-01-17 09:38:30 PST,jminta,Attachment #208585                Flags,first-review+,first-review-
2006-01-17 09:58:46 PST,mvl,Status,RESOLVED,NEW
2006-01-17 09:58:46 PST,mvl,Resolution,FIXED,---
2006-01-17 09:58:46 PST,mvl,Last Resolved,2006-01-17 09:58:46,
