When, Who, What, Added, Removed
2006-01-15 08:45:20 PST,mozilla,Status,ASSIGNED,NEW
2006-01-15 08:45:20 PST,mozilla,Assignee,mozilla,dougt
2006-01-15 13:21:33 PST,mozilla,Attachment #208563                Flags,review+,
2006-01-16 07:33:15 PST,mozilla,Status,RESOLVED,ASSIGNED
2006-01-16 07:33:15 PST,mozilla,Resolution,FIXED,---
2006-01-16 07:33:15 PST,mozilla,Last Resolved,2006-01-16 07:33:15,
2006-04-18 10:08:54 PDT,mozilla,Attachment #208563                Flags,approval1.8.0.3?,
2006-04-18 12:09:36 PDT,mozilla,Keywords,fixed1.8.0.3,
2006-04-18 12:10:01 PDT,mozilla,Attachment #208563                Flags,,approval1.8.0.3?
2006-05-23 12:15:20 PDT,coop,Keywords,verified1.8.0.4,fixed1.8.0.4
2006-05-23 12:15:20 PDT,coop,Status,VERIFIED,RESOLVED
2006-07-06 16:41:56 PDT,dveditz,Keywords,fixed1.8.1,
2007-03-11 15:05:23 PDT,mozilla,Keywords,verified1.8.1,fixed1.8.1
