When, Who, What, Added, Removed
2006-01-15 17:43:45 PST,jminta,CC,jminta,
2006-01-15 17:52:25 PST,reed,Attachment #208617                Flags,review?(jminta),
2006-01-15 18:20:10 PST,reed,Attachment #208617                Flags,review?(bugzilla),review?(jminta)
2006-01-15 23:42:59 PST,mrmazda,CC,mrmazda,
2006-01-16 04:02:39 PST,bugzilla,Attachment #208617                Flags,review-,review?(bugzilla)
2006-01-16 20:14:09 PST,reed,Status,ASSIGNED,NEW
2006-01-20 12:44:15 PST,bugzilla,Status,RESOLVED,ASSIGNED
2006-01-20 12:44:15 PST,bugzilla,Resolution,FIXED,---
2006-01-20 12:44:15 PST,bugzilla,Last Resolved,2006-01-20 12:44:15,
2006-01-20 14:07:36 PST,reed,Status,VERIFIED,RESOLVED
2006-01-20 14:09:07 PST,reed,Assignee,bugzilla,reed
2006-09-02 20:59:47 PDT,reed,CC,reed,
2006-11-13 07:56:52 PST,bugzilla,CC,,bugzilla
2008-07-31 04:30:00 PDT,nobody,Product,Websites,mozilla.org
2012-08-23 00:16:07 PDT,nobody,Product,www.mozilla.org,Websites
2012-08-23 00:16:07 PDT,nobody,Component,General,www.mozilla.org
