When, Who, What, Added, Removed
2006-01-15 13:16:30 PST,bzbarsky,Flags,blocking-firefox2?,
2006-01-15 13:22:19 PST,gavin.sharp,Hardware,All,PC
2006-01-15 13:22:19 PST,gavin.sharp,OS,All,Linux
2006-01-15 13:38:07 PST,peter.vanderwoude,CC,peter.vanderwoude,
2006-01-15 14:35:35 PST,bugs-bmo,CC,unknown,
2006-01-15 23:43:27 PST,robert,CC,rparenton,
2006-01-16 07:38:38 PST,mconnor,Flags,blocking-firefox2+,blocking-firefox2?
2006-01-16 07:42:36 PST,magicdice,CC,magicdice,
2006-01-16 23:11:54 PST,ispiked,CC,ispiked,
2006-01-16 23:45:10 PST,ajschult,CC,ajschult,
2006-01-17 22:06:42 PST,ajschult,Status,ASSIGNED,NEW
2006-01-17 22:06:42 PST,ajschult,Assignee,ajschult,nobody
2006-01-17 22:06:42 PST,ajschult,Attachment #208829                Flags,review?,
2006-01-17 22:07:28 PST,ajschult,Attachment #208829                Flags,review?(mconnor),review?
2006-01-18 22:31:24 PST,mconnor,Attachment #208829                Flags,review+, approval1.8.1+,review?(mconnor)
2006-01-19 20:03:34 PST,ajschult,Keywords,fixed1.8.1,
2006-01-19 20:03:34 PST,ajschult,Status,RESOLVED,ASSIGNED
2006-01-19 20:03:34 PST,ajschult,Resolution,FIXED,---
2006-01-19 20:03:34 PST,ajschult,Last Resolved,2006-01-19 20:03:34,
2006-03-12 19:05:18 PST,robert,CC,,rparenton
