When, Who, What, Added, Removed
2006-01-15 04:57:17 PST,omgs,Attachment #208552                Flags,approval-l10n?,
2006-01-15 04:57:33 PST,omgs,CC,knocte,
2006-01-15 04:57:50 PST,omgs,Assignee,knocte,bmo
2006-01-15 13:42:38 PST,knocte,Hardware,All,PC
2006-01-15 13:42:38 PST,knocte,OS,All,Linux
2006-01-15 13:42:38 PST,knocte,Status,ASSIGNED,UNCONFIRMED
2006-01-15 13:42:38 PST,knocte,Ever confirmed,1,0
2006-03-22 03:21:10 PST,l10n,Attachment #208552                Flags,approval-l10n-,approval-l10n?
2006-08-23 16:17:22 PDT,rpmdisguise-nave,Status,RESOLVED,ASSIGNED
2006-08-23 16:17:22 PDT,rpmdisguise-nave,Resolution,FIXED,---
2006-08-23 16:17:22 PDT,rpmdisguise-nave,Last Resolved,2006-08-23 16:17:22,
