When, Who, What, Added, Removed
2006-01-15 09:24:42 PST,dbaron,Depends on,241518,
2006-01-15 09:58:13 PST,dbaron,Whiteboard,[patch],
2006-01-15 10:04:16 PST,dbaron,Attachment #208567                Attachment is obsolete,1,0
2006-01-15 10:39:36 PST,gavin.sharp,CC,gavin.sharp,
2006-01-15 23:42:53 PST,robert,CC,rparenton,
2006-01-17 12:52:05 PST,dbaron,Attachment #208569                Flags,review?(mrbkap), superreview?(jst),
2006-01-18 13:45:45 PST,mozilla_bugs,CC,mozilla_bugs,
2006-01-18 15:54:13 PST,mrbkap,Attachment #208569                Flags,review+,review?(mrbkap)
2006-01-18 16:08:44 PST,jst,Attachment #208569                Flags,superreview+,superreview?(jst)
2006-01-18 18:46:59 PST,dbaron,Status,RESOLVED,NEW
2006-01-18 18:46:59 PST,dbaron,Resolution,FIXED,---
2006-01-18 18:46:59 PST,dbaron,Last Resolved,2006-01-18 18:46:59,
2006-03-12 19:05:16 PST,robert,CC,,rparenton
2006-03-22 12:15:08 PST,mtschrep,Flags,blocking1.8.0.3?,
2006-03-27 12:14:08 PST,dveditz,Flags,blocking1.8.0.3+,blocking1.8.0.3?
2006-03-27 12:15:52 PST,dveditz,Flags,blocking1.8.0.3-,blocking1.8.0.3+
2006-05-05 12:26:57 PDT,dbaron,Blocks,336791,
2006-05-08 06:15:34 PDT,basic,CC,basic,
2006-05-12 16:34:48 PDT,xtc4uall,CC,xtc4uall,
2006-05-15 05:10:04 PDT,schapel,Flags,blocking1.8.1?,
2006-05-25 14:51:38 PDT,alex,CC,alex,
2006-06-14 21:00:59 PDT,dbaron,Keywords,fixed1.8.1,
2014-04-25 15:16:45 PDT,basic,CC,,basic
