When, Who, What, Added, Removed
2006-01-15 09:30:41 PST,bzbarsky,Attachment #208566                Flags,review?(benjamin),
2006-01-15 09:30:58 PST,bzbarsky,Priority,P3,--
2006-01-15 09:30:58 PST,bzbarsky,Target Milestone,Firefox 2,---
2006-01-15 10:15:36 PST,gavin.sharp,CC,gavin.sharp,
2006-01-15 10:38:56 PST,bzbarsky,Attachment #208566                Attachment is obsolete,1,0
2006-01-15 10:38:56 PST,bzbarsky,Attachment #208574                Flags,review?(benjamin),
2006-01-15 10:38:56 PST,bzbarsky,Attachment #208566                Flags,,review?(benjamin)
2006-01-16 20:39:58 PST,mconnor,Attachment #208574                Flags,review+,review?(benjamin)
2006-01-17 19:26:45 PST,bzbarsky,Status,RESOLVED,NEW
2006-01-17 19:26:45 PST,bzbarsky,Resolution,FIXED,---
2006-01-17 19:26:45 PST,bzbarsky,Last Resolved,2006-01-17 19:26:45,
2006-01-17 19:27:19 PST,bzbarsky,Attachment #208574                Flags,approval1.8.0.2?, approval1.8.1?,
2006-01-19 17:04:34 PST,robert,CC,rparenton,
2006-01-31 06:43:21 PST,benjamin,Attachment #208574                Flags,approval1.8.1-,approval1.8.1?
2006-02-06 14:46:55 PST,tpowellmoz,CC,tpowellmoz,
2006-02-22 00:36:31 PST,dveditz,Attachment #208574                Flags,approval1.8.0.2+,approval1.8.0.2?
2006-02-22 00:36:37 PST,dveditz,Flags,blocking1.8.0.2+,
2006-02-22 18:49:02 PST,bzbarsky,Keywords,fixed1.8.0.2,
2006-03-01 16:26:13 PST,mozmail,Whiteboard,[nvn-dl],
2006-03-01 16:26:13 PST,mozmail,CC,davel,
2006-03-12 19:05:15 PST,robert,CC,,rparenton
2006-05-02 05:13:39 PDT,gavin.sharp,Attachment #208574                Flags,approval-branch-1.8.1?(benjamin),approval1.8.1-
2006-05-02 11:49:24 PDT,benjamin,Attachment #208574                Flags,approval-branch-1.8.1+,approval-branch-1.8.1?(benjamin)
2006-05-02 11:54:35 PDT,bzbarsky,CC,benjamin,
2006-05-02 12:10:16 PDT,bzbarsky,Keywords,fixed1.8.1,
2006-11-10 12:14:00 PST,mozmail,CC,,davel
2008-07-31 02:09:59 PDT,timeless,Component,Bookmarks & History,History
2008-07-31 02:09:59 PDT,timeless,QA Contact,bookmarks,history
