When, Who, What, Added, Removed
2006-01-15 19:41:01 PST,LpSolit,Flags,blocking2.22?,
2006-01-16 01:40:09 PST,LpSolit,Status,ASSIGNED,NEW
2006-01-16 01:40:09 PST,LpSolit,Assignee,LpSolit,general
2006-01-16 01:40:09 PST,LpSolit,Attachment #208632                Flags,review?(justdave),
2006-01-16 01:53:36 PST,justdave,Attachment #208632                Flags,review+,review?(justdave)
2006-01-16 01:54:13 PST,justdave,Flags,blocking2.22+, approval+, approval2.20+,blocking2.22?
2006-01-16 02:32:52 PST,LpSolit,Resolution,FIXED,---
2006-01-16 02:32:52 PST,LpSolit,Last Resolved,2006-01-16 02:32:52,
2006-01-16 02:32:52 PST,LpSolit,Status,RESOLVED,ASSIGNED
