When, Who, What, Added, Removed
2006-01-15 13:53:22 PST,cbiesinger,Attachment #208590                Flags,review?,
2006-01-15 13:55:09 PST,cbiesinger,Attachment #208590                Flags,review?(benjamin), review?(vladimir),review?
2006-01-15 13:59:36 PST,vladimir,Attachment #208590                Flags,review+,review?(vladimir)
2006-01-15 15:54:15 PST,gavin.sharp,CC,gavin.sharp,
2006-01-20 02:43:36 PST,cbiesinger,Status,ASSIGNED,NEW
2006-01-20 12:02:36 PST,benjamin,Attachment #208590                Flags,review+,review?(benjamin)
2006-01-21 08:01:23 PST,cbiesinger,Status,RESOLVED,ASSIGNED
2006-01-21 08:01:23 PST,cbiesinger,Resolution,FIXED,---
2006-01-21 08:01:23 PST,cbiesinger,Last Resolved,2006-01-21 08:01:23,
