When, Who, What, Added, Removed
2006-01-15 10:16:24 PST,gavin.sharp,CC,gavin.sharp,
2006-01-15 22:20:43 PST,stephen.donner,CC,stephen.donner,
2006-01-16 22:27:02 PST,ispiked,CC,ispiked,
2006-04-12 07:13:46 PDT,jruderman,Summary,Crash due to too much recursion in RuleProcessorData::~RuleProcessorData (too many direct adjacent combinators),Crash due to too much recursion in RuleProcessorData::~RuleProcessorData
2006-04-26 17:17:39 PDT,dbaron,Attachment #219961                Flags,review?(bzbarsky), superreview?(bzbarsky), approval-branch-1.8.1?(bzbarsky),
2006-04-26 17:18:13 PDT,dbaron,Whiteboard,[patch],
2006-04-26 17:18:13 PDT,dbaron,Hardware,All,Macintosh
2006-04-26 17:18:13 PDT,dbaron,OS,All,MacOS X
2006-04-26 17:18:13 PDT,dbaron,Status,ASSIGNED,NEW
2006-04-26 17:18:13 PDT,dbaron,Priority,P2,--
2006-04-26 17:18:13 PDT,dbaron,Target Milestone,mozilla1.8.1alpha2,---
2006-04-26 17:28:08 PDT,bzbarsky,Attachment #219961                Flags,review+, superreview+, approval-branch-1.8.1+,review?(bzbarsky), superreview?(bzbarsky), approval-branch-1.8.1?(bzbarsky)
2006-04-26 17:35:25 PDT,dbaron,Status,RESOLVED,ASSIGNED
2006-04-26 17:35:25 PDT,dbaron,Resolution,FIXED,---
2006-04-26 17:35:25 PDT,dbaron,Last Resolved,2006-04-26 17:35:25,
2006-04-26 17:39:44 PDT,dbaron,Keywords,fixed1.8.1,
2006-04-27 19:59:01 PDT,stephen.donner,Status,VERIFIED,RESOLVED
