When, Who, What, Added, Removed
2006-01-15 20:56:40 PST,daumling,Assignee,daumling,general
2006-01-15 20:56:57 PST,daumling,Status,ASSIGNED,NEW
2006-01-15 20:57:52 PST,gavin.sharp,CC,gavin.sharp,
2006-01-15 20:59:48 PST,daumling,CC,mrbkap, brendan, shaver,
2006-02-20 15:49:32 PST,daumling,Attachment #212532                Flags,review?(brendan),
2007-09-17 13:17:39 PDT,brendan,Attachment #212532                Flags,review?(igor),review?(brendan)
2007-09-17 13:30:11 PDT,igor,Attachment #212532                Attachment is obsolete,1,0
2007-09-17 13:30:11 PDT,igor,Attachment #212532                Flags,,review?(igor)
2007-09-17 13:31:58 PDT,igor,CC,igor,
2011-04-08 15:50:07 PDT,evilpies,Status,RESOLVED,ASSIGNED
2011-04-08 15:50:07 PDT,evilpies,Resolution,FIXED,---
2011-04-08 15:50:07 PDT,evilpies,CC,evilpies,
2011-04-08 15:50:07 PDT,evilpies,Last Resolved,2011-04-08 15:50:07,
