When, Who, What, Added, Removed
2006-01-15 17:39:27 PST,cbiesinger,Attachment #208612                Attachment is obsolete,1,0
2006-01-15 17:42:40 PST,gavin.sharp,CC,gavin.sharp,
2006-01-18 12:44:31 PST,mozilla_bugs,CC,mozilla_bugs,
2006-01-18 14:31:19 PST,vladimir,Blocks,323925,
2006-01-18 23:15:47 PST,ispiked,CC,ispiked,
2006-01-19 03:14:03 PST,cbiesinger,Attachment #208614                Attachment is obsolete,1,0
2006-01-19 07:34:56 PST,jwalden+bmo,CC,jwalden+bmo,
2006-01-30 07:53:18 PST,basic,CC,basic,
2006-02-04 11:17:12 PST,ryanvm,CC,ryanvm,
2006-02-17 05:04:45 PST,sylvain.pasche,CC,sylvain.pasche,
2006-02-18 15:43:32 PST,cbiesinger,CC,roc,
2006-02-20 00:41:12 PST,roc,Depends on,327874,
2006-02-23 04:19:12 PST,ray,CC,bugzilla.mozilla,
2006-03-08 08:16:10 PST,jcea,CC,jcea,
2006-03-21 14:49:12 PST,cbiesinger,Status,RESOLVED,NEW
2006-03-21 14:49:12 PST,cbiesinger,Resolution,FIXED,---
2006-03-21 14:49:12 PST,cbiesinger,Last Resolved,2006-03-21 14:49:12,
2014-04-26 02:21:21 PDT,basic,CC,,basic
