When, Who, What, Added, Removed
2006-01-16 17:13:23 PST,nelson,Attachment #208687                Flags,review?(rrelyea),
2006-01-16 17:26:16 PST,nelson,Attachment #208690                Flags,review?(rrelyea),
2006-01-16 21:06:33 PST,nelson,Status,ASSIGNED,NEW
2006-01-17 10:28:20 PST,rrelyea,Attachment #208687                Flags,review+,review?(rrelyea)
2006-01-17 17:09:44 PST,rrelyea,Attachment #208690                Flags,review+,review?(rrelyea)
2006-01-21 22:56:12 PST,nelson,Status,RESOLVED,ASSIGNED
2006-01-21 22:56:12 PST,nelson,Resolution,FIXED,---
2006-01-21 22:56:12 PST,nelson,Priority,P3,--
2006-01-21 22:56:12 PST,nelson,Target Milestone,3.12,---
2006-01-21 22:56:12 PST,nelson,Last Resolved,2006-01-21 22:56:12,
