When, Who, What, Added, Removed
2006-01-15 12:29:25 PST,mozilla.org,CC,mozilla.org,
2006-01-15 13:25:08 PST,mkmelin+mozilla,OS,All,Windows 2000
2006-01-15 13:25:08 PST,mkmelin+mozilla,Status,NEW,UNCONFIRMED
2006-01-15 13:25:08 PST,mkmelin+mozilla,CC,mkmelin+bugzilla,
2006-01-15 13:25:08 PST,mkmelin+mozilla,Ever confirmed,1,0
2006-01-16 22:28:25 PST,ispiked,CC,ispiked,
2006-01-16 22:28:25 PST,ispiked,Keywords,crash,
2006-01-16 22:28:25 PST,ispiked,Summary,crash when deleting all attachments after(!) detaching all of them from one mail [@ CompareAttachmentPartId],crash when deleting all attachments after(!) detaching all of them from one mail
2006-03-02 23:46:04 PST,eric,CC,eric,
2006-06-05 09:44:41 PDT,lists,CC,lists,
2006-09-04 12:13:47 PDT,mkmelin+mozilla,Attachment #236724                Flags,review?(bienvenu), superreview?,
2006-09-11 11:29:35 PDT,mozilla,Attachment #236724                Flags,review+,review?(bienvenu)
2006-09-11 11:41:21 PDT,mkmelin+mozilla,Attachment #236724                Flags,superreview?(bienvenu),superreview?
2006-09-12 13:11:19 PDT,mozilla,Keywords,fixed1.8.1,
2006-09-12 13:11:19 PDT,mozilla,Status,RESOLVED,NEW
2006-09-12 13:11:19 PDT,mozilla,Resolution,FIXED,---
2006-09-12 13:11:19 PDT,mozilla,Last Resolved,2006-09-12 13:11:19,
2006-09-21 10:00:54 PDT,mozilla,Attachment #236724                Flags,superreview+,superreview?(bienvenu)
2006-09-21 17:36:34 PDT,bugzilla,Flags,blocking1.8.0.8?,
2006-09-25 17:29:30 PDT,dveditz,Flags,blocking1.8.0.8+,blocking1.8.0.8?
2006-09-26 12:38:31 PDT,mkmelin+mozilla,Attachment #236724                Flags,approval1.8.0.8?,
2006-09-26 14:36:09 PDT,dveditz,Attachment #236724                Flags,approval1.8.0.8+,approval1.8.0.8?
2006-09-27 08:27:31 PDT,mkmelin+mozilla,Whiteboard,[checkin needed (1.8.0 branch)],
2006-10-05 11:26:51 PDT,mozilla,Keywords,fixed1.8.0.8,
2006-10-05 22:39:20 PDT,mkmelin+mozilla,Whiteboard,,[checkin needed (1.8.0 branch)]
2006-10-25 16:34:28 PDT,cbook,Keywords,verified1.8.0.8,fixed1.8.0.8
2006-10-25 16:34:28 PDT,cbook,CC,carstenbook,
2007-03-30 04:37:20 PDT,cbook,Keywords,verified1.8.1.3,fixed1.8.1
2008-07-02 13:07:26 PDT,mkmelin+mozilla,Resolution,---,FIXED
2008-07-02 13:07:26 PDT,mkmelin+mozilla,Status,REOPENED,RESOLVED
2008-07-02 13:07:39 PDT,mkmelin+mozilla,Status,NEW,REOPENED
2008-07-02 13:07:39 PDT,mkmelin+mozilla,Assignee,mkmelin+mozilla,mscott
2008-07-02 13:07:47 PDT,mkmelin+mozilla,Status,RESOLVED,NEW
2008-07-02 13:07:47 PDT,mkmelin+mozilla,Resolution,FIXED,---
2008-07-02 13:07:47 PDT,mkmelin+mozilla,Last Resolved,2008-07-02 13:07:47,2006-09-12 13:11:19
2008-07-02 13:08:07 PDT,mkmelin+mozilla,Target Milestone,Thunderbird2.0,---
2011-06-09 14:58:43 PDT,nobody,Crash Signature,[@ CompareAttachmentPartId],
