When, Who, What, Added, Removed
2006-01-16 06:49:20 PST,gavin.sharp,CC,gavin.sharp,
2006-01-18 23:35:15 PST,reed,CC,reed,
2006-03-23 15:43:33 PST,reed,QA Contact,doctor,asa
2006-04-29 12:42:39 PDT,reed,CC,LpSolit,
2006-04-29 16:46:02 PDT,LpSolit,Status,ASSIGNED,NEW
2006-04-29 16:46:02 PDT,LpSolit,Assignee,LpSolit,myk
2006-04-29 16:46:02 PDT,LpSolit,Attachment #220259                Flags,review?(myk),
2006-04-29 16:46:30 PDT,LpSolit,Blocks,335947,
2006-04-29 16:57:11 PDT,LpSolit,Attachment #220260                Flags,review?(myk),
2006-04-29 16:57:11 PDT,LpSolit,Attachment #220259                Flags,,review?(myk)
2006-04-29 16:57:11 PDT,LpSolit,Attachment #220259                Attachment is obsolete,1,0
2006-04-30 04:12:14 PDT,LpSolit,CC,myk,
2006-04-30 11:12:00 PDT,reed,CC,beuc,
2006-04-30 14:31:18 PDT,LpSolit,Attachment #220260                Attachment is obsolete,1,0
2006-04-30 14:31:18 PDT,LpSolit,Attachment #220336                Flags,review?(myk),
2006-04-30 14:31:18 PDT,LpSolit,Attachment #220260                Flags,,review?(myk)
2006-05-01 19:21:21 PDT,myk,Attachment #220336                Flags,review+,review?(myk)
2006-05-02 10:54:37 PDT,LpSolit,Status,RESOLVED,ASSIGNED
2006-05-02 10:54:37 PDT,LpSolit,Resolution,FIXED,---
2006-05-02 10:54:37 PDT,LpSolit,Last Resolved,2006-05-02 10:54:37,
2006-05-02 11:54:51 PDT,LpSolit,Blocks,336283,
