When, Who, What, Added, Removed
2006-01-15 09:46:20 PST,steve.england,CC,steve.england,
2006-01-15 09:49:08 PST,peter.vanderwoude,CC,bugzilla,
2006-01-15 10:03:30 PST,zed260,CC,zed260,
2006-01-15 10:14:49 PST,gavin.sharp,CC,gavin.sharp,
2006-01-15 13:32:38 PST,shayne.anthony.jewers,CC,shayne.anthony.jewers,
2006-01-15 14:24:47 PST,supernova00,CC,supernova_00,
2006-01-16 08:05:11 PST,dtownsend,CC,mossop,
2006-01-16 19:12:18 PST,philringnalda,Summary,Cached page opened in new window doesn't get feed autodiscovery,<link> rss feed not always detected
2006-01-16 19:12:18 PST,philringnalda,Component,RSS Discovery and Preview,General
2006-01-16 19:12:18 PST,philringnalda,QA Contact,nobody,general
2006-02-20 16:57:01 PST,sciguyryan,CC,sciguyryan,
2006-02-27 11:22:21 PST,m-wada,CC,m-wada,
2006-02-27 17:36:25 PST,gavin.sharp,Status,ASSIGNED,NEW
2006-02-27 17:36:25 PST,gavin.sharp,Assignee,gavin.sharp,nobody
2006-02-27 17:36:25 PST,gavin.sharp,Attachment #213395                Flags,review?(mconnor),
2006-02-27 17:36:46 PST,gavin.sharp,Hardware,All,PC
2006-02-27 17:36:46 PST,gavin.sharp,OS,All,Windows 2000
2006-02-27 17:36:46 PST,gavin.sharp,Target Milestone,Firefox 2 alpha1,---
2006-02-27 20:08:36 PST,mconnor,Attachment #213395                Flags,review+,review?(mconnor)
2006-02-27 20:20:44 PST,gavin.sharp,Version,2.0 Branch,Trunk
2006-02-27 20:20:44 PST,gavin.sharp,Status,RESOLVED,ASSIGNED
2006-02-27 20:20:44 PST,gavin.sharp,Resolution,FIXED,---
2006-02-27 20:20:44 PST,gavin.sharp,Last Resolved,2006-02-27 20:20:44,
2006-02-27 20:20:44 PST,gavin.sharp,Keywords,fixed1.8.1,
2006-03-04 07:58:29 PST,philringnalda,CC,cpuidle,
2009-09-03 18:11:26 PDT,mozilla.bugs,QA Contact,rss.preview,nobody
