When, Who, What, Added, Removed
2006-01-18 04:52:05 PST,LpSolit,Status,ASSIGNED,NEW
2006-01-18 04:52:05 PST,LpSolit,Assignee,LpSolit,myk
2006-01-18 04:52:05 PST,LpSolit,Attachment #208849                Flags,review?(wurblzap),
2006-01-18 04:52:47 PST,LpSolit,Attachment #208849                Flags,review?(justdave),
2006-01-24 15:39:40 PST,justdave,Flags,approval+, approval2.20+,
2006-01-24 15:40:17 PST,justdave,Target Milestone,Bugzilla 2.20,Bugzilla 2.24
2006-01-24 15:47:35 PST,LpSolit,Attachment #209519                Flags,review?(wurblzap),
2006-01-26 06:44:52 PST,wicked,Attachment #208849                Flags,review-,review?(wurblzap), review?(justdave)
2006-01-26 06:45:57 PST,wicked,Attachment #209519                Flags,review-,review?(wurblzap)
2006-01-26 06:52:19 PST,LpSolit,Attachment #208849                Attachment is obsolete,1,0
2006-01-26 06:52:19 PST,LpSolit,Attachment #209701                Flags,review?(wicked),
2006-01-26 06:55:15 PST,LpSolit,Attachment #209519                Attachment is obsolete,1,0
2006-01-26 06:55:15 PST,LpSolit,Attachment #209702                Flags,review?(wicked),
2006-01-26 07:00:48 PST,wicked,Attachment #209701                Flags,review+,review?(wicked)
2006-01-26 07:01:47 PST,wicked,Attachment #209702                Flags,review+,review?(wicked)
2006-01-26 09:40:47 PST,LpSolit,Status,RESOLVED,ASSIGNED
2006-01-26 09:40:47 PST,LpSolit,Resolution,FIXED,---
2006-01-26 09:40:47 PST,LpSolit,Severity,trivial,enhancement
2006-01-26 09:40:47 PST,LpSolit,Last Resolved,2006-01-26 09:40:47,
