When, Who, What, Added, Removed
2006-01-16 07:30:01 PST,djcater+bugzilla,CC,DJCater,
2006-01-18 12:45:03 PST,mozilla_bugs,CC,mozilla_bugs,
2006-02-22 22:41:34 PST,ganesh.mozilla,CC,ganesh.mozilla,
2006-02-23 04:19:10 PST,ray,CC,bugzilla.mozilla,
2006-03-08 08:15:57 PST,jcea,CC,jcea,
2006-03-16 05:23:27 PST,masaki.katakai,CC,masaki.katakai,
2006-08-22 09:41:35 PDT,basic,CC,basic,
2006-10-26 20:52:25 PDT,nelson,CC,nelson,
2007-05-30 12:09:54 PDT,plaes,CC,amd,
2011-10-07 08:00:01 PDT,jmuizelaar,Status,RESOLVED,NEW
2011-10-07 08:00:01 PDT,jmuizelaar,Resolution,FIXED,---
2011-10-07 08:00:01 PDT,jmuizelaar,CC,jmuizelaar,
2011-10-07 08:00:01 PDT,jmuizelaar,Last Resolved,2011-10-07 08:00:01,
2014-04-25 15:15:42 PDT,basic,CC,,basic
