When, Who, What, Added, Removed
2006-01-15 16:51:32 PST,mkanat,Whiteboard,[Good Intro Bug],
2006-01-16 18:35:15 PST,pjdemarco,Status,ASSIGNED,NEW
2006-01-16 18:35:15 PST,pjdemarco,Assignee,pdemarco,administration
2006-01-16 18:35:15 PST,pjdemarco,Attachment #208695                Flags,review?(LpSolit),
2006-01-23 13:47:17 PST,LpSolit,Attachment #208695                Flags,review+,review?(LpSolit)
2006-01-23 13:47:40 PST,LpSolit,Flags,approval?,
2006-01-26 13:46:23 PST,justdave,Flags,approval+,approval?
2006-01-27 03:32:05 PST,LpSolit,Resolution,FIXED,---
2006-01-27 03:32:05 PST,LpSolit,Last Resolved,2006-01-27 03:32:05,
2006-01-27 03:32:05 PST,LpSolit,Whiteboard,,[Good Intro Bug]
2006-01-27 03:32:05 PST,LpSolit,Status,RESOLVED,ASSIGNED
