When, Who, What, Added, Removed
2006-01-15 03:49:02 PST,hasse,Attachment #208548                Flags,approval-l10n?,
2006-01-18 11:33:46 PST,hasse,Attachment #208548                Attachment is obsolete,1,0
2006-01-18 11:33:46 PST,hasse,Attachment #208883                Flags,approval-l10n?,
2006-01-18 11:33:46 PST,hasse,Attachment #208548                Flags,,approval-l10n?
2006-01-27 07:36:13 PST,l10n,Attachment #208883                Flags,,approval-l10n?
2006-01-27 23:34:36 PST,hasse,Status,RESOLVED,NEW
2006-01-27 23:34:36 PST,hasse,Resolution,FIXED,---
2006-01-27 23:34:36 PST,hasse,Last Resolved,2006-01-27 23:34:36,
