When, Who, What, Added, Removed
2006-01-15 03:36:32 PST,sylvain.pasche,Keywords,64bit,
2006-01-15 08:04:47 PST,brendan,Status,NEW,UNCONFIRMED
2006-01-15 08:04:47 PST,brendan,CC,mrbkap, brendan, daumling, shaver,
2006-01-15 08:04:47 PST,brendan,Ever confirmed,1,0
2006-01-15 08:11:36 PST,brendan,Attachment #208561                Flags,review?(daumling), superreview?(shaver),
2006-01-15 08:12:38 PST,brendan,Assignee,brendan,general
2006-01-15 09:36:16 PST,daumling,Attachment #208561                Flags,review+,review?(daumling)
2006-01-15 09:52:45 PST,brendan,Status,RESOLVED,NEW
2006-01-15 09:52:45 PST,brendan,Resolution,FIXED,---
2006-01-15 09:52:45 PST,brendan,Last Resolved,2006-01-15 09:52:45,
2006-01-15 11:16:28 PST,mrbkap,Attachment #208561                Flags,review+,
2006-01-15 11:20:28 PST,mrbkap,CC,benjamin,
2006-01-24 17:54:19 PST,shaver,Attachment #208561                Flags,superreview+,superreview?(shaver)
2006-02-13 14:02:35 PST,bob,Flags,testcase-,
