When, Who, What, Added, Removed
2006-01-15 11:35:35 PST,asqueella,CC,asqueella,
2006-01-16 10:08:33 PST,dtownsend,CC,mossop,
2006-01-18 00:55:41 PST,pike,CC,pike,
2006-01-18 10:46:40 PST,robert.strong.bugs,Severity,enhancement,critical
2006-01-18 11:02:16 PST,gavin.sharp,CC,gavin.sharp,
2006-01-18 11:08:47 PST,darin.moz,CC,darin,
2006-01-18 11:27:06 PST,dtownsend,Ever confirmed,1,0
2006-01-18 11:27:06 PST,dtownsend,Status,NEW,UNCONFIRMED
2006-01-18 11:27:06 PST,dtownsend,Assignee,mossop,nobody
2006-01-18 11:27:26 PST,dtownsend,Status,ASSIGNED,NEW
2006-02-18 09:29:17 PST,dtownsend,Attachment #212324                Flags,review?(robert.bugzilla),
2006-02-18 12:24:29 PST,robert.strong.bugs,Attachment #212324                Flags,review+,review?(robert.bugzilla)
2006-02-18 12:40:22 PST,robert.strong.bugs,Status,RESOLVED,ASSIGNED
2006-02-18 12:40:22 PST,robert.strong.bugs,Resolution,FIXED,---
2006-02-18 12:40:22 PST,robert.strong.bugs,Last Resolved,2006-02-18 12:40:22,
2006-02-20 09:52:57 PST,robert.strong.bugs,Attachment #212324                Flags,approval-branch-1.8.1+,
2006-02-20 09:55:36 PST,robert.strong.bugs,Keywords,fixed1.8.1,
2008-07-31 04:30:00 PDT,nobody,Product,Toolkit,Firefox
2010-02-16 12:21:37 PST,asqueella,CC,ushankar+bugzilla,
