When, Who, What, Added, Removed
2006-01-15 22:03:11 PST,bzbarsky,CC,jonathan.watt, tor,
2006-01-15 22:03:11 PST,bzbarsky,Flags,blocking1.9a1?,
2006-01-16 06:49:54 PST,gavin.sharp,CC,gavin.sharp,
2006-01-16 23:13:02 PST,ispiked,CC,ispiked,
2006-01-18 02:16:02 PST,longsonr,Status,ASSIGNED,NEW
2006-01-18 02:16:41 PST,longsonr,Status,NEW,ASSIGNED
2006-01-18 02:16:41 PST,longsonr,Assignee,longsonr,general
2006-01-18 02:16:41 PST,longsonr,CC,,longsonr
2006-01-23 03:49:07 PST,longsonr,Attachment #209344                Flags,review?(jwatt),
2006-01-23 04:00:30 PST,jwatt,Attachment #209344                Flags,review+,review?(jwatt)
2006-01-23 05:08:23 PST,longsonr,Attachment #209344                Flags,superreview?(tor),
2006-01-23 09:26:11 PST,tor,Attachment #209344                Flags,superreview+,superreview?(tor)
2006-01-23 10:08:41 PST,jwatt,Status,RESOLVED,NEW
2006-01-23 10:08:41 PST,jwatt,Resolution,FIXED,---
2006-01-23 10:08:41 PST,jwatt,Last Resolved,2006-01-23 10:08:41,
2006-11-10 12:00:14 PST,bzbarsky,Flags,,blocking1.9a1?
