When, Who, What, Added, Removed
2006-01-15 01:31:31 PST,jruderman,Whiteboard,[sg:critical],
2006-01-15 01:31:31 PST,jruderman,Flags,blocking1.8.0.2?,
2006-01-15 02:07:39 PST,brendan,CC,mrbkap, brendan, shaver,
2006-01-15 02:13:48 PST,brendan,Attachment #208546                Flags,review?(mrbkap), superreview?(shaver),
2006-01-15 03:43:59 PST,bob,Flags,testcase+,
2006-01-15 08:14:08 PST,brendan,Assignee,brendan,general
2006-01-15 08:24:55 PST,brendan,Priority,P1,--
2006-01-15 08:24:55 PST,brendan,Target Milestone,mozilla1.9alpha,---
2006-01-15 08:24:55 PST,brendan,Flags,blocking1.8.1?,
2006-01-15 08:24:55 PST,brendan,Status,ASSIGNED,NEW
2006-01-17 15:52:09 PST,mrbkap,Attachment #208546                Flags,review-,review?(mrbkap)
2006-01-24 18:03:33 PST,shaver,Attachment #208546                Flags,,superreview?(shaver)
2006-01-24 18:54:51 PST,mrbkap,Assignee,mrbkap,brendan
2006-01-24 18:54:51 PST,mrbkap,Attachment #208546                Attachment is obsolete,1,0
2006-01-24 18:54:51 PST,mrbkap,Attachment #209540                Flags,review?(brendan), superreview?(shaver),
2006-01-24 19:08:12 PST,brendan,Attachment #209540                Flags,review+,review?(brendan)
2006-01-25 11:56:39 PST,mrbkap,Resolution,FIXED,---
2006-01-25 11:56:39 PST,mrbkap,Last Resolved,2006-01-25 11:56:39,
2006-01-25 11:56:39 PST,mrbkap,Status,RESOLVED,ASSIGNED
2006-02-14 14:50:09 PST,dveditz,Flags,blocking1.8.0.2+, blocking1.8.1+,blocking1.8.0.2?, blocking1.8.1?
2006-02-22 15:58:16 PST,mrbkap,Attachment #209540                Flags,approval1.8.0.2?,
2006-02-23 11:29:57 PST,dveditz,Attachment #209540                Flags,approval1.8.0.2+,approval1.8.0.2?
2006-02-23 15:53:28 PST,mrbkap,Keywords,fixed1.8.0.2, fixed1.8.1,
2006-02-25 09:43:50 PST,mozmail,Whiteboard,[sg:critical][rft-dl],[sg:critical]
2006-03-01 12:46:10 PST,dveditz,Whiteboard,[sg:critical][rft-dl] doesn't affect ff1.0.x,[sg:critical][rft-dl]
2006-03-01 18:08:15 PST,jaymoz,Keywords,verified1.8.0.2,fixed1.8.0.2
2006-03-01 18:08:15 PST,jaymoz,CC,jay,
2006-05-17 15:29:28 PDT,bob,Keywords,verified1.8.1,fixed1.8.1
2006-05-17 15:29:28 PDT,bob,Status,VERIFIED,RESOLVED
2006-06-03 00:19:16 PDT,dveditz,Group,,security
2006-07-06 19:27:33 PDT,brendan,Keywords,fixed1.8.1,
2006-07-07 21:13:42 PDT,bob,Keywords,,fixed1.8.1
2006-10-30 13:37:46 PST,shaver,Attachment #209540                Flags,,superreview?(shaver)
