When, Who, What, Added, Removed
2006-01-15 08:28:58 PST,brendan,Status,ASSIGNED,NEW
2006-01-15 08:28:58 PST,brendan,Priority,P1,--
2006-01-15 08:41:06 PST,brendan,Attachment #208562                Flags,review?(igor.bukanov),
2006-01-15 08:41:41 PST,brendan,Flags,blocking1.8.1+, blocking1.8.0.2+,
2006-01-15 09:57:07 PST,brendan,Attachment #208562                Attachment is obsolete,1,0
2006-01-15 09:57:07 PST,brendan,Attachment #208568                Flags,review?(igor.bukanov),
2006-01-15 09:57:07 PST,brendan,Attachment #208562                Flags,,review?(igor.bukanov)
2006-01-15 10:14:27 PST,igor,Attachment #208568                Flags,review+,review?(igor.bukanov)
2006-01-15 10:24:09 PST,gavin.sharp,CC,gavin.sharp,
2006-01-15 13:56:37 PST,brendan,Attachment #208568                Flags,approval1.8.0.2?, approval1.8.1?,
2006-01-15 13:58:00 PST,brendan,Status,RESOLVED,ASSIGNED
2006-01-15 13:58:00 PST,brendan,Resolution,FIXED,---
2006-01-15 13:58:00 PST,brendan,Last Resolved,2006-01-15 13:58:00,
2006-01-31 06:42:31 PST,benjamin,Attachment #208568                Flags,branch-1.8.1?(brendan),approval1.8.1?
2006-01-31 12:47:04 PST,brendan,Attachment #208568                Flags,approval1.8.0.2+, branch-1.8.1+,approval1.8.0.2?, branch-1.8.1?(brendan)
2006-02-13 12:22:19 PST,bob,Flags,testcase-,
2006-02-22 12:42:02 PST,brendan,Keywords,fixed1.8.0.2, fixed1.8.1,
2006-03-01 13:53:24 PST,mozmail,Whiteboard,[tcn-dl],
2006-03-01 13:53:24 PST,mozmail,CC,davel,
2006-03-01 13:57:31 PST,brendan,Status,VERIFIED,RESOLVED
2006-03-01 14:02:00 PST,mozmail,Whiteboard,[nvn-dl],[tcn-dl]
2006-03-01 14:09:09 PST,bob,Keywords,verified1.8.0.2, verified1.8.1,fixed1.8.0.2, fixed1.8.1
2006-07-06 19:27:37 PDT,brendan,Keywords,fixed1.8.1,
2006-07-07 21:14:09 PDT,bob,Keywords,,fixed1.8.1
2006-11-10 12:22:10 PST,mozmail,CC,,davel
