When, Who, What, Added, Removed
2006-01-15 10:52:24 PST,stefanh,Depends on,241212,
2006-01-15 12:26:03 PST,stefanh,Assignee,stefanh,mail
2006-01-15 12:26:03 PST,stefanh,Attachment #208580                Flags,review?(neil.parkwaycc.co.uk), superreview?(neil.parkwaycc.co.uk),
2006-01-15 12:26:03 PST,stefanh,Status,ASSIGNED,NEW
2006-01-15 14:03:27 PST,neil,Attachment #208580                Flags,review+, superreview+,review?(neil.parkwaycc.co.uk), superreview?(neil.parkwaycc.co.uk)
2006-01-15 14:57:43 PST,stefanh,Blocks,323357,
2006-01-15 15:56:49 PST,iann_bugzilla,CC,iann_bugzilla,
2006-01-15 15:57:06 PST,iann_bugzilla,Attachment #208580                Flags,approval-seamonkey1.1+,
2006-01-20 13:50:54 PST,neil,Status,RESOLVED,ASSIGNED
2006-01-20 13:50:54 PST,neil,Resolution,FIXED,---
2006-01-20 13:50:54 PST,neil,Last Resolved,2006-01-20 13:50:54,
2006-01-20 13:55:08 PST,ajschult,Keywords,fixed1.8.0.1, fixed1.8.1,
2006-01-20 15:45:13 PST,iann_bugzilla,Whiteboard,fixed-seamonkey1.0,
2006-03-25 04:18:12 PST,bugzillamozillaorg_serge_20140323,Keywords,fixed-seamonkey1.0,
2006-03-25 04:18:12 PST,bugzillamozillaorg_serge_20140323,Whiteboard,,fixed-seamonkey1.0
2006-08-20 09:39:37 PDT,bugzilla,Keywords,fixed-seamonkey1.1a,
