When, Who, What, Added, Removed
2006-07-14 01:01:23 PDT,mkanat,Whiteboard,[Good Intro Bug],
2006-07-14 01:01:23 PDT,mkanat,Summary,editkeywords.cgi and describekeywords.cgi treat description differently as regards HTML,editkeywords.cgi does not HTMLify descriptions
2006-07-14 01:01:23 PDT,mkanat,Severity,normal,minor
2006-07-14 01:01:23 PDT,mkanat,CC,mkanat, justdave,
2006-08-17 06:02:52 PDT,LpSolit,Whiteboard,[blocker will fix],[Good Intro Bug]
2006-08-17 06:02:52 PDT,LpSolit,Depends on,206037,
2006-08-17 06:02:52 PDT,LpSolit,Target Milestone,Bugzilla 2.18,Bugzilla 3.0
2006-10-14 13:43:46 PDT,LpSolit,Assignee,LpSolit,general
2006-10-14 13:44:04 PDT,LpSolit,Last Resolved,2006-10-14 13:44:04,
2006-10-14 13:44:04 PDT,LpSolit,Status,RESOLVED,NEW
2006-10-14 13:44:04 PDT,LpSolit,Resolution,FIXED,---
