When, Who, What, Added, Removed
2006-01-15 20:26:32 PST,reed,Attachment #208623                Flags,review?(bugzilla),
2006-01-15 20:27:25 PST,samuel.sidler+old,Attachment #208623                Flags,review+,review?(bugzilla)
2006-01-15 20:28:31 PST,reed,Assignee,mozbugzilla,nobody
2006-01-15 20:28:31 PST,reed,CC,reed,
2006-01-15 20:28:41 PST,reed,Status,ASSIGNED,NEW
2006-01-15 20:57:25 PST,reed,Status,RESOLVED,ASSIGNED
2006-01-15 20:57:25 PST,reed,Resolution,FIXED,---
2006-01-15 20:57:25 PST,reed,Last Resolved,2006-01-15 20:57:25,
2006-01-15 21:02:15 PST,samuel.sidler+old,CC,bugzilla,
2006-01-15 21:02:15 PST,samuel.sidler+old,Status,VERIFIED,RESOLVED
2008-07-31 04:30:00 PDT,nobody,Product,Websites,mozilla.org
2012-08-23 00:16:07 PDT,nobody,Product,www.mozilla.org,Websites
2012-08-23 00:16:07 PDT,nobody,Component,General,www.mozilla.org
