When, Who, What, Added, Removed
2006-01-23 13:39:39 PST,mozilla+bmo,Status,ASSIGNED,NEW
2006-01-23 13:39:39 PST,mozilla+bmo,Assignee,colin.ogilvie,myk
2006-01-23 13:39:39 PST,mozilla+bmo,Attachment #209397                Flags,review?(LpSolit),
2006-01-23 13:59:18 PST,LpSolit,Attachment #209397                Flags,review-,review?(LpSolit)
2006-03-19 08:58:56 PST,mozilla+bmo,Attachment #215585                Flags,review?(LpSolit),
2006-03-19 08:58:56 PST,mozilla+bmo,Attachment #209397                Attachment is obsolete,1,0
2006-03-19 08:59:13 PST,mozilla+bmo,Attachment #215586                Flags,review?(LpSolit),
2006-03-19 08:59:41 PST,mozilla+bmo,Attachment #215585                Attachment is obsolete,1,0
2006-03-19 08:59:41 PST,mozilla+bmo,Attachment #215585                Flags,,review?(LpSolit)
2006-04-03 10:48:27 PDT,dfc,CC,dcalvert,
2006-04-05 15:08:57 PDT,LpSolit,Attachment #215586                Flags,review+,review?(LpSolit)
2006-04-05 15:09:22 PDT,LpSolit,Flags,approval?,
2006-04-06 14:33:28 PDT,justdave,Flags,approval+,approval?
2006-04-06 15:49:52 PDT,LpSolit,Status,RESOLVED,ASSIGNED
2006-04-06 15:49:52 PDT,LpSolit,Resolution,FIXED,---
2006-04-06 15:49:52 PDT,LpSolit,Last Resolved,2006-04-06 15:49:52,
2006-05-29 11:38:51 PDT,LpSolit,Flags,approval2.22?,
2006-05-29 14:37:07 PDT,justdave,Status,REOPENED,RESOLVED
2006-05-29 14:37:07 PDT,justdave,Resolution,---,FIXED
2006-05-29 14:37:07 PDT,justdave,Flags,approval2.22+,approval2.22?
2006-05-29 14:50:27 PDT,LpSolit,Status,RESOLVED,REOPENED
2006-05-29 14:50:27 PDT,LpSolit,Resolution,FIXED,---
2006-05-29 14:50:27 PDT,LpSolit,Target Milestone,Bugzilla 2.22,Bugzilla 2.24
2006-05-29 14:50:27 PDT,LpSolit,Last Resolved,2006-05-29 14:50:27,2006-04-06 15:49:52
2006-10-30 13:52:43 PST,LpSolit,Blocks,357374,
2007-02-12 12:31:41 PST,dfc,CC,,dfc
