When, Who, What, Added, Removed
2006-01-16 12:14:35 PST,mark,Attachment #208657                Flags,review?(joshmoz),
2006-01-16 12:15:08 PST,mark,Attachment #208657                Flags,review?(benjamin),
2006-01-16 12:33:25 PST,benjamin,Attachment #208657                Flags,superreview?(darin),
2006-01-16 12:54:51 PST,gavin.sharp,CC,gavin.sharp,
2006-01-16 20:06:07 PST,darin.moz,CC,brendan, dbaron,
2006-01-21 18:46:47 PST,eric,CC,eric,
2006-01-23 11:52:18 PST,mark,Attachment #208657                Attachment is obsolete,1,0
2006-01-23 11:52:18 PST,mark,Attachment #209377                Flags,review?(benjamin), superreview?(darin),
2006-01-23 11:52:18 PST,mark,Attachment #208657                Flags,,review?(joshmoz), review?(benjamin), superreview?(darin)
2006-01-23 11:55:26 PST,mark,Attachment #209378                Flags,review?(darin), superreview?,
2006-01-23 11:56:10 PST,mark,Attachment #209378                Flags,superreview?(dbaron),superreview?
2006-01-24 10:54:08 PST,benjamin,Attachment #209377                Flags,review-,review?(benjamin)
2006-01-24 12:14:33 PST,mark,Attachment #209377                Attachment is obsolete,1,0
2006-01-24 12:14:33 PST,mark,Attachment #209472                Flags,review?(benjamin), superreview?(darin),
2006-01-24 12:14:33 PST,mark,Attachment #209377                Flags,,superreview?(darin)
2006-01-24 12:15:14 PST,mark,Attachment #209378                Attachment is obsolete,1,0
2006-01-24 12:15:14 PST,mark,Attachment #209473                Flags,review?(darin), superreview?(dbaron),
2006-01-24 12:15:14 PST,mark,Attachment #209378                Flags,,review?(darin), superreview?(dbaron)
2006-01-24 12:34:05 PST,benjamin,Attachment #209472                Flags,review+,review?(benjamin)
2006-01-24 13:23:38 PST,mark,Attachment #209473                Attachment is obsolete,1,0
2006-01-24 13:23:38 PST,mark,Attachment #209487                Flags,review+, superreview?(darin),
2006-01-24 13:23:38 PST,mark,Attachment #209473                Flags,,review?(darin), superreview?(dbaron)
2006-01-24 13:24:18 PST,mark,Attachment #209473                Attachment is obsolete,0,1
2006-01-24 13:24:18 PST,mark,Attachment #209473                Flags,review?(darin), superreview?(dbaron),
2006-01-24 13:24:45 PST,mark,Attachment #209472                Attachment is obsolete,1,0
2006-01-24 13:24:45 PST,mark,Attachment #209472                Flags,,superreview?(darin)
2006-01-24 13:26:10 PST,darin.moz,Attachment #209487                Flags,superreview+,superreview?(darin)
2006-01-25 08:17:34 PST,mark,Blocks,324651,
2006-01-25 15:33:27 PST,krmathis,CC,krmathis,
2006-01-25 15:46:16 PST,darin.moz,Attachment #209473                Flags,review+,review?(darin)
2006-02-07 15:00:49 PST,dbaron,Attachment #209473                Flags,superreview+,superreview?(dbaron)
2006-02-12 15:50:58 PST,robert,CC,robert,
2006-02-14 06:07:48 PST,ryanvm,CC,ryanvm,
2006-02-16 12:38:29 PST,benjamin,Blocks,323328,
2006-02-17 08:21:51 PST,mark,Attachment #212220                Flags,approval-branch-1.8.1?(benjamin), approval1.8.0.2?,
2006-02-17 08:22:18 PST,mark,Status,RESOLVED,NEW
2006-02-17 08:22:18 PST,mark,Resolution,FIXED,---
2006-02-17 08:22:18 PST,mark,Last Resolved,2006-02-17 08:22:18,
2006-02-17 08:23:52 PST,mark,Attachment #209487                Attachment is obsolete,1,0
2006-02-18 12:37:23 PST,bent.mozilla,CC,bent.mozilla,
2006-02-18 13:15:05 PST,mark,Attachment #212220                Attachment is obsolete,1,0
2006-02-18 13:15:05 PST,mark,Attachment #212342                Flags,approval-branch-1.8.1?(benjamin), approval1.8.0.2?,
2006-02-18 13:15:05 PST,mark,Attachment #212220                Flags,,approval-branch-1.8.1?(benjamin), approval1.8.0.2?
2006-02-21 13:17:11 PST,benjamin,Attachment #212342                Flags,approval-branch-1.8.1+,approval-branch-1.8.1?(benjamin)
2006-02-21 15:30:55 PST,dveditz,Flags,blocking1.8.0.2+,
2006-02-21 15:34:07 PST,dveditz,Attachment #209473                Flags,approval1.8.0.2+,
2006-02-21 15:34:20 PST,dveditz,Attachment #212342                Flags,approval1.8.0.2+,approval1.8.0.2?
2006-02-21 19:56:25 PST,mark,Keywords,fixed1.8.0.2, fixed1.8.1,
2006-02-27 10:19:50 PST,mozmail,Whiteboard,[tcn-dl],
2006-02-27 10:19:50 PST,mozmail,CC,davel,
2006-11-10 12:14:04 PST,mozmail,CC,,davel
