When, Who, What, Added, Removed
2006-01-16 15:59:03 PST,aaronr,Assignee,doronr,aaronr
2006-01-17 09:00:39 PST,doronr,Attachment #208739                Flags,review?(aaronr),
2006-01-17 13:44:01 PST,doronr,Attachment #208739                Flags,review?(smaug),
2006-01-17 16:19:21 PST,aaronr,Attachment #208739                Flags,review+,review?(aaronr)
2006-01-28 11:51:57 PST,bugs,Attachment #208739                Flags,review+,review?(smaug)
2006-02-07 23:07:23 PST,aaronr,Blocks,326372,
2006-02-07 23:08:22 PST,aaronr,Blocks,326373,
2006-02-09 09:58:49 PST,doronr,Whiteboard,xf-to-branch,
2006-02-09 09:58:49 PST,doronr,Status,ASSIGNED,NEW
2006-03-01 12:32:33 PST,aaronr,Blocks,326556,
2006-03-15 01:19:56 PST,allan,Status,RESOLVED,ASSIGNED
2006-03-15 01:19:56 PST,allan,Resolution,FIXED,---
2006-03-15 01:19:56 PST,allan,Last Resolved,2006-03-15 01:19:56,
2006-04-07 03:28:18 PDT,allan,Blocks,332853,
2006-04-07 03:38:44 PDT,allan,Keywords,fixed1.8.0.3, fixed1.8.1,
2006-04-07 04:40:49 PDT,allan,Whiteboard,,xf-to-branch
