When, Who, What, Added, Removed
2006-01-16 12:30:13 PST,doronr,Attachment #208658                Flags,review?(aaronr),
2006-01-16 12:31:19 PST,doronr,Attachment #208658                Flags,review?(allan),
2006-01-16 12:41:25 PST,aaronr,Attachment #208658                Flags,review+,review?(aaronr)
2006-01-16 17:24:26 PST,doronr,Attachment #208658                Flags,review?(smaug),review?(allan)
2006-01-16 21:56:45 PST,bugs,Attachment #208658                Flags,review+,review?(smaug)
2006-02-23 13:16:13 PST,aaronr,Status,RESOLVED,NEW
2006-02-23 13:16:13 PST,aaronr,Resolution,FIXED,---
2006-02-23 13:16:13 PST,aaronr,Last Resolved,2006-02-23 13:16:13,
