When, Who, What, Added, Removed
2006-01-16 02:22:00 PST,LpSolit,CC,wurblzap,
2006-01-16 02:22:00 PST,LpSolit,Blocks,71665, 312197,
2006-07-14 01:32:05 PDT,mkanat,Severity,enhancement,minor
2006-07-14 01:32:05 PDT,mkanat,CC,mkanat,
2006-07-14 01:41:52 PDT,wurblzap,CC,,wurblzap
2006-07-24 06:18:31 PDT,LpSolit,Depends on,312197,
2006-07-24 06:18:31 PDT,LpSolit,Blocks,,312197
2006-10-19 10:56:49 PDT,LpSolit,Target Milestone,Bugzilla 3.2,Bugzilla 2.22
2008-02-05 14:50:35 PST,mkanat,Target Milestone,---,Bugzilla 3.2
2009-07-07 15:53:35 PDT,LpSolit,Target Milestone,Bugzilla 3.2,---
2009-07-07 16:20:58 PDT,LpSolit,Attachment #387325                Flags,review?(mkanat),
2009-07-07 16:20:58 PDT,LpSolit,Status,ASSIGNED,NEW
2009-07-07 16:20:58 PDT,LpSolit,Assignee,LpSolit,general
2009-07-09 09:05:55 PDT,LpSolit,Attachment #387325                Flags,review?(ghendricks),review?(mkanat)
2009-07-17 15:08:14 PDT,gregaryh,Attachment #387325                Flags,review+,review?(ghendricks)
2009-07-17 15:24:31 PDT,LpSolit,Flags,approval+, approval3.4+, approval3.2?,
2009-07-18 08:54:27 PDT,mkanat,Flags,approval3.2+,approval3.2?
2009-07-18 10:07:27 PDT,LpSolit,Status,RESOLVED,ASSIGNED
2009-07-18 10:07:27 PDT,LpSolit,Resolution,FIXED,---
2009-07-18 10:07:27 PDT,LpSolit,Last Resolved,2009-07-18 10:07:27,
