When, Who, What, Added, Removed
2006-01-16 16:04:36 PST,ssitter,CC,bugzilla,
2006-01-17 14:09:57 PST,ssitter,Attachment #208775                Flags,first-review?(mvl),
2006-01-17 14:15:22 PST,mvl,Attachment #208775                Flags,first-review+,first-review?(mvl)
2006-01-17 14:18:46 PST,mvl,Status,RESOLVED,NEW
2006-01-17 14:18:46 PST,mvl,Resolution,FIXED,---
2006-01-17 14:18:46 PST,mvl,Last Resolved,2006-01-17 14:18:46,
2006-01-18 04:08:37 PST,calum.mackay,Status,VERIFIED,RESOLVED
2006-11-28 09:22:10 PST,bugzilla,CC,,bugzilla
