When, Who, What, Added, Removed
2006-01-17 07:27:31 PST,hhschwab,CC,hhschwab,
2006-01-18 09:52:28 PST,jhpedemonte,CC,jhpedemonte,
2006-01-19 13:31:10 PST,mozilla,Attachment #208682                Flags,approval1.8.1?,
2006-01-31 06:45:05 PST,benjamin,Attachment #208682                Flags,branch-1.8.1?(doronr),approval1.8.1?
2006-01-31 09:23:13 PST,doronr,Attachment #208682                Flags,branch-1.8.1+,branch-1.8.1?(doronr)
2006-02-02 12:48:47 PST,aaronr,Keywords,fixed1.8.1,
2006-02-02 12:49:04 PST,aaronr,Status,ASSIGNED,NEW
2006-02-02 14:42:23 PST,aaronr,Attachment #208682                Flags,approval1.8.0.2?,
2006-02-06 15:11:12 PST,aaronr,Attachment #208682                Attachment is obsolete,1,0
2006-02-06 15:11:12 PST,aaronr,Attachment #208682                Flags,,approval1.8.0.2?
2006-02-07 03:45:03 PST,allan,Keywords,fixed1.8.0.2,
2006-02-07 03:45:03 PST,allan,Status,RESOLVED,ASSIGNED
2006-02-07 03:45:03 PST,allan,Resolution,FIXED,---
2006-02-07 03:45:03 PST,allan,Last Resolved,2006-02-07 03:45:03,
