When, Who, What, Added, Removed
2006-01-19 17:12:30 PST,samuel.sidler+old,Target Milestone,---,Camino1.0
2006-02-13 12:40:57 PST,mark,Assignee,mark,mikepinkerton
2006-02-13 12:40:57 PST,mark,CC,mikepinkerton,
2006-02-13 12:40:57 PST,mark,Target Milestone,Camino1.0,---
2006-02-13 12:40:57 PST,mark,Flags,camino1.0+,
2006-02-13 12:54:16 PST,alqahira,Target Milestone,---,Camino1.0
2006-02-22 06:59:35 PST,mark,URL,http://ftp.mozilla.org/pub/mozilla.org/camino/source/,
2006-02-22 06:59:35 PST,mark,Status,RESOLVED,NEW
2006-02-22 06:59:35 PST,mark,Resolution,FIXED,---
2006-02-22 06:59:35 PST,mark,Last Resolved,2006-02-22 06:59:35,
2006-02-22 07:09:38 PST,alqahira,Status,VERIFIED,RESOLVED
