When, Who, What, Added, Removed
2006-01-18 11:50:43 PST,tor,Status,ASSIGNED,NEW
2006-01-18 11:50:43 PST,tor,Assignee,tor,general
2006-01-18 11:50:43 PST,tor,Attachment #208886                Flags,review?(scootermorris),
2006-01-18 14:21:07 PST,scootermorris,Attachment #208886                Flags,review+,review?(scootermorris)
2006-01-18 15:50:54 PST,tor,Status,RESOLVED,ASSIGNED
2006-01-18 15:50:54 PST,tor,Resolution,FIXED,---
2006-01-18 15:50:54 PST,tor,Last Resolved,2006-01-18 15:50:54,
2006-01-20 10:29:20 PST,jwatt,CC,jwatt,
