When, Who, What, Added, Removed
2006-01-16 06:47:08 PST,gavin.sharp,CC,gavin.sharp,
2006-08-19 08:14:09 PDT,mats,CC,bzbarsky, mats.palmgren,
2006-08-19 08:14:09 PDT,mats,Hardware,All,Macintosh
2006-08-19 08:14:09 PDT,mats,OS,All,Mac OS X 10.2
2006-10-29 23:07:50 PST,jruderman,Blocks,339128,
2007-02-22 19:50:46 PST,jruderman,Summary,[BC] ASSERTION: CellIterator program error: 'PR_FALSE',ASSERTION: CellIterator program error: 'PR_FALSE'
2007-10-29 19:37:59 PDT,ryanvm,CC,ryanvm,
2011-12-04 00:37:46 PST,bernd_mozilla,Status,RESOLVED,NEW
2011-12-04 00:37:46 PST,bernd_mozilla,Resolution,FIXED,---
2011-12-04 00:37:46 PST,bernd_mozilla,Flags,in-testsuite+,
2011-12-04 00:37:46 PST,bernd_mozilla,Last Resolved,2011-12-04 00:37:46,
