When, Who, What, Added, Removed
2006-01-25 02:18:10 PST,leon.sha,CC,leon.sha,
2006-01-25 16:00:55 PST,bbellina,CC,bbellina,
2006-01-26 04:41:02 PST,standard8,CC,dmose,
2006-01-26 10:15:26 PST,cab,CC,cab,
2006-01-26 13:44:26 PST,standard8,CC,mcs,
2006-01-26 14:53:47 PST,miner,CC,miner,
2006-01-30 17:34:37 PST,dmose,Hardware,All,PC
2006-01-30 17:34:37 PST,dmose,OS,All,Windows XP
2006-01-30 17:34:37 PST,dmose,Component,MailNews: Address Book,Address Book
2006-01-30 17:34:37 PST,dmose,Summary,ldap schema's use of displayName has changed since Thunderbird 1.0x,ldap query does not work after upgrade from 1.0.7 to (1.5|1.6a1)
2006-01-30 17:34:37 PST,dmose,Product,Core,Thunderbird
2006-01-30 17:34:37 PST,dmose,Version,Trunk,unspecified
2006-01-31 07:46:44 PST,laurent.bauvens,CC,laurent.bauvens,
2006-01-31 18:58:46 PST,dmose,Assignee,nobody,mscott
2006-01-31 18:58:46 PST,dmose,QA Contact,addressbook,address-book
2006-02-01 17:26:32 PST,dmose,Status,NEW,UNCONFIRMED
2006-02-01 17:26:32 PST,dmose,Assignee,dmose,nobody
2006-02-01 17:26:32 PST,dmose,Ever confirmed,1,0
2006-02-01 17:26:32 PST,dmose,Flags,blocking1.8.0.1?,
2006-02-01 17:30:11 PST,dmose,CC,nidheesh,
2006-02-01 17:44:03 PST,gavin.sharp,CC,gavin.sharp,
2006-02-07 11:01:53 PST,mscott,Flags,blocking1.8.0.2?,blocking1.8.0.1?
2006-02-08 12:05:51 PST,dveditz,Whiteboard,mail,
2006-02-08 12:05:51 PST,dveditz,Flags,blocking1.8.0.2+,blocking1.8.0.2?
2006-02-09 12:23:07 PST,bkw1a,CC,bkw1a,
2006-02-13 12:55:24 PST,mscott,CC,mscott,
2006-02-15 05:25:53 PST,standard8,Blocks,327263,
2006-02-15 05:34:00 PST,iann_bugzilla,CC,iann_bugzilla,
2006-02-15 07:04:36 PST,anton.bobrov,CC,anton.bobrov,
2006-02-15 19:42:43 PST,mozbugs,CC,mozbugs,
2006-02-22 05:45:55 PST,s.m.suurmeijer,CC,s.m.suurmeijer,
2006-02-22 11:32:30 PST,dmose,Attachment #212179                Flags,review+,
2006-02-22 13:33:29 PST,mscott,Attachment #212179                Flags,approval-branch-1.8.1+, approval1.8.0.2+,
2006-02-22 13:44:37 PST,mscott,Keywords,fixed1.8.0.2, fixed1.8.1,
2006-02-22 13:44:37 PST,mscott,Status,RESOLVED,NEW
2006-02-22 13:44:37 PST,mscott,Resolution,FIXED,---
2006-02-22 13:44:37 PST,mscott,Last Resolved,2006-02-22 13:44:37,
2006-02-24 07:33:21 PST,vseerror,CC,vseerror,
2008-07-31 04:30:00 PDT,nobody,Product,MailNews Core,Core
