When, Who, What, Added, Removed
2006-01-16 14:21:35 PST,gavin.sharp,CC,gavin.sharp,
2006-01-18 22:22:44 PST,ispiked,CC,ispiked,
2006-01-26 16:18:08 PST,timeless,Keywords,regression,
2006-01-26 16:18:08 PST,timeless,Assignee,cls,tara
2006-07-15 21:38:09 PDT,timeless,CC,nelson,
2006-07-15 21:38:40 PDT,timeless,Summary,Regular expressions (regexp) on BRANCH and WHO fields truncated at . and *,Regular expressions (regexp) on BRANCH field truncated at . and *
2006-07-15 21:38:56 PDT,timeless,CC,bear,
2006-07-17 12:05:34 PDT,cls,Attachment #229511                Flags,review?(timeless),
2006-07-24 11:51:15 PDT,timeless,Attachment #229511                Flags,review+,review?(timeless)
2006-07-24 11:55:58 PDT,cls,Status,RESOLVED,NEW
2006-07-24 11:55:58 PDT,cls,Resolution,FIXED,---
2006-07-24 11:55:58 PDT,cls,Last Resolved,2006-07-24 11:55:58,
