When, Who, What, Added, Removed
2006-01-17 03:46:36 PST,calum.mackay,CC,calum.mackay,
2006-01-17 15:19:00 PST,dmose,Keywords,dataloss,
2006-03-01 15:25:33 PST,dmose,Whiteboard,[cal relnote],
2006-03-03 13:05:23 PST,jminta,Status,ASSIGNED,NEW
2006-03-03 13:05:23 PST,jminta,Assignee,jminta,base
2006-03-03 13:05:23 PST,jminta,Attachment #213922                Flags,first-review?(dmose),
2006-03-11 12:09:11 PST,jminta,Blocks,330188,
2006-03-25 14:35:58 PST,jminta,Attachment #213922                Flags,first-review?(mvl),first-review?(dmose)
2006-03-26 10:12:23 PST,mvl,Attachment #213922                Flags,first-review+,first-review?(mvl)
2006-03-26 18:37:36 PST,jminta,Status,RESOLVED,ASSIGNED
2006-03-26 18:37:36 PST,jminta,Resolution,FIXED,---
2006-03-26 18:37:36 PST,jminta,Last Resolved,2006-03-26 18:37:36,
2006-05-08 11:08:17 PDT,ezh,CC,ezh,
2006-08-22 06:41:36 PDT,mattwillis,Whiteboard,,[cal relnote]
2009-12-10 15:51:16 PST,bv1578,CC,bv1578,
