When, Who, What, Added, Removed
2006-01-16 09:26:30 PST,robert,CC,rparenton,
2006-01-16 09:36:13 PST,steve.england,CC,steve.england,
2006-01-16 14:21:30 PST,gavin.sharp,CC,gavin.sharp,
2006-01-16 21:31:05 PST,stephen.donner,CC,stephen.donner,
2006-01-16 22:33:14 PST,ispiked,CC,ispiked,
2006-01-17 07:45:06 PST,martijn.martijn,Summary,Crash [@ PresShell::HandleDOMEventWithTarget] when clicking submenu of popup with ::after css rule,Crash [@ PresShell::HandleDOMEventWithTarget] when closing submenu of popup with ::after css rule
2006-01-22 14:18:49 PST,xanthor+bz,CC,xanthor,
2006-01-23 23:10:20 PST,mozilla_bugs,CC,mozilla_bugs,
2006-03-27 13:27:04 PST,asqueella,Summary,Crash [@ PresShell::HandleDOMEventWithTarget] [@ nsMenuFrame::Execute] when clicking submenu of popup with :after css rule,Crash [@ PresShell::HandleDOMEventWithTarget] when clicking submenu of popup with ::after css rule
2006-03-27 13:27:04 PST,asqueella,CC,asqueella,
2006-05-20 19:19:14 PDT,robert,CC,,rparenton
2006-08-19 12:32:34 PDT,ispiked,CC,michael,
2007-06-22 16:13:38 PDT,xtc4uall,CC,xtc4uall,
2007-07-04 11:52:42 PDT,enndeakin,Status,RESOLVED,NEW
2007-07-04 11:52:42 PDT,enndeakin,Resolution,FIXED,---
2007-07-04 11:52:42 PDT,enndeakin,Last Resolved,2007-07-04 11:52:42,
2007-07-07 15:20:40 PDT,asqueella,Flags,in-testsuite?,
2011-06-09 14:58:43 PDT,nobody,Crash Signature,[@ PresShell::HandleDOMEventWithTarget][@ nsMenuFrame::Execute],
