When, Who, What, Added, Removed
2006-01-16 06:16:04 PST,steve.england,CC,steve.england,
2006-01-16 15:18:39 PST,martijn.martijn,QA Contact,jrgmorrison,menus
2006-01-16 15:18:39 PST,martijn.martijn,CC,martijn.martijn,
2006-01-16 15:18:39 PST,martijn.martijn,Depends on,279703,
2006-01-16 15:18:39 PST,martijn.martijn,Product,Core,Firefox
2006-01-16 15:18:39 PST,martijn.martijn,Version,Trunk,unspecified
2006-01-16 15:18:39 PST,martijn.martijn,Component,XP Toolkit/Widgets,Menus
2006-01-16 15:18:39 PST,martijn.martijn,Assignee,jag,nobody
2006-01-16 15:29:21 PST,ajschult,Keywords,crash,
2006-01-16 22:26:42 PST,ispiked,Summary,Crash on mouse over on a dynamically added menu item in the tabs context menu [@ nsIFrame::MarkDirtyChildren],Crash on mouse over on a dynamically added menu item in the tabs context menu
2006-01-16 22:26:42 PST,ispiked,Severity,critical,normal
2006-01-16 22:26:42 PST,ispiked,CC,ispiked,
2006-01-18 13:45:02 PST,timeless,Assignee,nobody,jag
2006-01-18 13:45:02 PST,timeless,QA Contact,xptoolkit.menus,jrgmorrison
2006-01-18 13:45:02 PST,timeless,CC,neil.parkwaycc.co.uk,
2006-01-18 13:45:02 PST,timeless,Component,XP Toolkit/Widgets: Menus,XP Toolkit/Widgets
2006-01-18 17:33:28 PST,neil,CC,,neil.parkwaycc.co.uk
2006-01-20 22:42:04 PST,robert,CC,rparenton,
2006-02-08 13:31:08 PST,0213_bug,CC,0213_bug,
2006-05-20 19:19:12 PDT,robert,CC,,rparenton
2007-07-04 11:52:37 PDT,enndeakin,Status,RESOLVED,UNCONFIRMED
2007-07-04 11:52:37 PDT,enndeakin,Resolution,FIXED,---
2007-07-04 11:52:37 PDT,enndeakin,Last Resolved,2007-07-04 11:52:37,
2008-07-31 03:20:06 PDT,timeless,Component,XUL,XP Toolkit/Widgets: Menus
2008-07-31 03:20:06 PDT,timeless,QA Contact,xptoolkit.widgets,xptoolkit.menus
2011-06-09 14:58:43 PDT,nobody,Crash Signature,[@ nsIFrame::MarkDirtyChildren],
