When, Who, What, Added, Removed
2006-01-16 10:40:39 PST,gavin.sharp,CC,gavin.sharp,
2006-01-16 22:47:27 PST,ispiked,CC,ispiked,
2006-01-23 23:12:37 PST,mozilla_bugs,CC,mozilla_bugs,
2006-08-03 03:22:55 PDT,bugzilla,CC,bugzilla,
2006-08-17 03:33:20 PDT,martijn.martijn,CC,martijn.martijn,
2006-08-17 03:59:04 PDT,martijn.martijn,Blocks,348990,
2006-08-17 08:25:44 PDT,timeless,CC,mrbkap,
2006-08-23 08:22:51 PDT,klassphere,CC,kl,
2006-08-23 10:50:50 PDT,klassphere,CC,lindroth,
2006-08-23 12:19:36 PDT,martijn.martijn,Attachment #235107                Flags,review?(jst),
2006-08-23 12:23:30 PDT,martijn.martijn,Assignee,trev,general
2006-08-23 12:25:40 PDT,mrbkap,CC,jst,
2006-08-23 12:26:04 PDT,ajvincent,CC,ajvincent,
2006-08-23 12:40:37 PDT,trev.moz,Assignee,general,trev
2006-08-23 15:33:18 PDT,jst,Attachment #235107                Flags,review-,review?(jst)
2006-08-26 09:17:59 PDT,stephen,CC,stephen,
2006-09-06 17:43:04 PDT,bzbarsky,Depends on,348990,
2006-09-06 17:43:04 PDT,bzbarsky,Blocks,296639,348990
2006-09-06 18:23:58 PDT,dveditz,Keywords,regression,
2006-09-08 21:43:34 PDT,bzbarsky,Last Resolved,2006-09-08 21:43:34,
2006-09-08 21:43:34 PDT,bzbarsky,Keywords,fixed1.8.0.7, fixed1.8.1,
2006-09-08 21:43:34 PDT,bzbarsky,Status,RESOLVED,NEW
2006-09-08 21:43:34 PDT,bzbarsky,Resolution,FIXED,---
2007-07-15 17:17:35 PDT,bzbarsky,Flags,in-testsuite?,
2011-06-09 14:58:43 PDT,nobody,Crash Signature,[@ nsDOMClassInfo::PreCreate],
