When, Who, What, Added, Removed
2006-01-22 23:56:02 PST,gunnar,CC,gunnar,
2006-01-23 02:44:25 PST,wurblzap,OS,All,Windows XP
2006-01-23 02:44:25 PST,wurblzap,Status,NEW,UNCONFIRMED
2006-01-23 02:44:25 PST,wurblzap,Assignee,jesse,administration
2006-01-23 02:44:25 PST,wurblzap,CC,wurblzap,
2006-01-23 02:44:25 PST,wurblzap,Ever confirmed,1,0
2006-01-23 02:44:25 PST,wurblzap,Hardware,All,PC
2006-01-23 06:53:20 PST,jesse,Attachment #209353                Attachment is obsolete,1,0
2006-01-23 07:42:15 PST,wurblzap,Attachment #209355                Flags,review?,
2006-02-19 10:25:40 PST,vladd,Attachment #209355                Flags,review+,review?
2006-02-19 10:28:45 PST,vladd,Target Milestone,Bugzilla 2.20,---
2006-02-19 10:28:45 PST,vladd,Flags,approval?, blocking2.22?, approval2.20?, blocking2.20.2?,
2006-02-21 05:30:32 PST,justdave,Flags,approval+, approval2.20+,approval?, approval2.20?
2006-02-21 05:31:49 PST,justdave,Flags,approval2.22+,
2006-02-21 05:49:14 PST,vladd,Status,RESOLVED,NEW
2006-02-21 05:49:14 PST,vladd,Resolution,FIXED,---
2006-02-21 05:49:14 PST,vladd,Flags,,blocking2.22?, blocking2.20.2?
2006-02-21 05:49:14 PST,vladd,Last Resolved,2006-02-21 05:49:14,
