When, Who, What, Added, Removed
2006-01-16 19:08:52 PST,philip.puryear,Attachment #208700                Flags,review?(gavin.sharp),
2006-01-16 19:09:40 PST,philip.puryear,Attachment #208701                Flags,review?(gavin.sharp),
2006-01-16 19:12:07 PST,philip.puryear,CC,philippuryear,
2006-01-16 19:16:33 PST,gavin.sharp,Attachment #208700                Flags,review-,review?(gavin.sharp)
2006-01-16 19:16:38 PST,gavin.sharp,Attachment #208701                Flags,review-,review?(gavin.sharp)
2006-01-16 19:37:16 PST,philip.puryear,Attachment #208700                Attachment is obsolete,1,0
2006-01-16 19:37:31 PST,philip.puryear,Attachment #208701                Attachment is obsolete,1,0
2006-01-16 19:39:05 PST,philip.puryear,Attachment #208705                Flags,review?(gavin.sharp),
2006-01-16 19:39:32 PST,philip.puryear,Attachment #208706                Flags,review?(gavin.sharp),
2006-01-16 19:49:27 PST,philip.puryear,Attachment #208707                Flags,review?(gavin.sharp),
2006-01-16 19:49:50 PST,philip.puryear,Attachment #208708                Flags,review?(gavin.sharp),
2006-01-16 23:14:51 PST,ispiked,CC,ispiked,
2006-01-17 13:16:58 PST,djcater+bugzilla,CC,DJCater,
2006-01-18 20:59:44 PST,gavin.sharp,Attachment #208708                Flags,review+,review?(gavin.sharp)
2006-01-18 20:59:45 PST,gavin.sharp,Attachment #208706                Flags,review+,review?(gavin.sharp)
2006-01-18 20:59:45 PST,gavin.sharp,Attachment #208707                Flags,review+,review?(gavin.sharp)
2006-01-18 20:59:46 PST,gavin.sharp,Attachment #208705                Flags,review+,review?(gavin.sharp)
2006-01-19 04:01:37 PST,kevin,CC,kevin,
2006-01-19 19:42:30 PST,gavin.sharp,Assignee,philippuryear,nobody
2006-01-20 14:44:17 PST,gavin.sharp,Status,RESOLVED,NEW
2006-01-20 14:44:17 PST,gavin.sharp,Resolution,FIXED,---
2006-01-20 14:44:17 PST,gavin.sharp,Last Resolved,2006-01-20 14:44:17,
2006-01-29 16:36:41 PST,gavin.sharp,Keywords,fixed1.8.1,
2006-01-29 16:36:41 PST,gavin.sharp,Target Milestone,Firefox 2,---
2006-01-29 16:46:03 PST,gavin.sharp,Target Milestone,Firefox 2 alpha1,Firefox 2
2006-08-23 12:15:48 PDT,gavin.sharp,Keywords,verified1.8.1,fixed1.8.1
2006-08-23 12:15:48 PDT,gavin.sharp,Status,VERIFIED,RESOLVED
