When, Who, What, Added, Removed
2006-01-16 15:19:23 PST,martijn.martijn,URL,http:///de.wikipedia.org/wiki/Bruttoinlandsprodukt,http://http://de.wikipedia.org/wiki/Bruttoinlandsprodukt
2006-01-16 19:06:58 PST,sendmail.to,CC,sendmail.to,
2006-01-17 03:30:10 PST,luca,CC,luca,
2006-01-17 10:14:11 PST,sbkwi,Version,1.0 Branch,unspecified
2006-01-17 10:14:11 PST,sbkwi,OS,All,Windows 2000
2006-01-17 10:14:11 PST,sbkwi,Component,Print Preview,General
2006-01-17 10:14:11 PST,sbkwi,Product,Core,Firefox
2006-01-17 11:11:05 PST,sbkwi,Version,1.8 Branch,1.0 Branch
2006-01-18 07:22:36 PST,sbkwi,Severity,critical,normal
2006-03-19 08:55:30 PST,sharparrow1,Component,Layout: Tables,Print Preview
2006-03-19 08:55:30 PST,sharparrow1,CC,sharparrow1,
2006-03-19 08:56:45 PST,sharparrow1,Hardware,All,PC
2006-03-19 08:56:45 PST,sharparrow1,Component,Printing,Layout: Tables
2006-03-19 08:56:45 PST,sharparrow1,Assignee,printing,nobody
2006-03-19 08:56:45 PST,sharparrow1,QA Contact,,general
2006-03-19 08:56:45 PST,sharparrow1,Version,Trunk,1.8 Branch
2006-03-19 09:03:25 PST,sharparrow1,Depends on,331039,
2006-03-19 09:09:34 PST,sharparrow1,Depends on,331041,
2006-09-01 12:12:25 PDT,mats,Keywords,hang, testcase,
2006-09-01 12:12:25 PDT,mats,Status,NEW,UNCONFIRMED
2006-09-01 12:12:25 PDT,mats,CC,mats.palmgren,
2006-09-01 12:12:25 PDT,mats,Ever confirmed,1,0
2006-09-01 12:27:22 PDT,mats,Blocks,350684,
2006-09-01 12:34:45 PDT,ispiked,CC,ispiked,
2006-09-02 04:59:56 PDT,hhschwab,CC,hhschwab,
2007-01-05 09:50:59 PST,fcasco,CC,fcasco,
2007-01-28 19:52:20 PST,mats,Blocks,367508,
2007-01-28 19:54:34 PST,mats,Blocks,368515,
2007-02-04 16:14:58 PST,ronny.perinke,CC,ronny.perinke,
2007-02-27 22:21:28 PST,barry,CC,barry,
2007-02-28 07:30:07 PST,martijn.martijn,CC,martijn.martijn,
2007-03-24 07:04:08 PDT,kuno.meyer,CC,kuno.meyer,
2007-05-06 04:07:08 PDT,mats,CC,rrtdj,
2007-05-17 03:37:31 PDT,hskupin,URL,http://de.wikipedia.org/wiki/Bruttoinlandsprodukt,http:///de.wikipedia.org/wiki/Bruttoinlandsprodukt
2007-05-17 03:37:31 PDT,hskupin,CC,hskupin,
2007-05-17 03:38:27 PDT,hskupin,CC,michael.duvall,
2007-06-01 12:37:53 PDT,deletesoftware+moz,CC,deletesoftware,
2007-06-04 17:37:01 PDT,bhashem,CC,basil,
2007-06-04 17:37:01 PDT,bhashem,Flags,blocking1.9?,
2007-06-12 11:32:55 PDT,vladimir,CC,vladimir,
2007-06-12 11:32:55 PDT,vladimir,Flags,blocking1.9+,blocking1.9?
2007-06-14 11:57:14 PDT,chung808,CC,tchung,
2007-06-19 15:59:12 PDT,vladimir,Assignee,sharparrow1,printing
2007-06-20 10:33:52 PDT,ispiked,Depends on,285608,
2007-07-12 17:45:58 PDT,ispiked,Depends on,,331039
2007-07-12 17:54:14 PDT,ispiked,Whiteboard,[fixed by the patch in bug 285608],
2007-07-12 17:54:14 PDT,ispiked,Status,RESOLVED,NEW
2007-07-12 17:54:14 PDT,ispiked,Resolution,FIXED,---
2007-07-12 17:54:14 PDT,ispiked,Last Resolved,2007-07-12 17:54:14,
