When, Who, What, Added, Removed
2006-01-28 16:24:45 PST,timeless,CC,bzbarsky, cbiesinger, neil.parkwaycc.co.uk,
2006-01-29 15:19:09 PST,bzbarsky,CC,bugmail, mrbkap, jst,
2006-01-29 15:19:09 PST,bzbarsky,Flags,blocking1.8.1?, blocking1.8.0.2?, blocking1.9a1?,
2006-01-30 20:49:40 PST,bzbarsky,Status,ASSIGNED,NEW
2006-01-30 20:49:40 PST,bzbarsky,Assignee,bzbarsky,nobody
2006-01-30 20:49:40 PST,bzbarsky,Attachment #210208                Flags,review?(sfraser_bugs), superreview?(jst),
2006-01-30 20:50:21 PST,bzbarsky,Summary,[FIX]Unprivileged access to window.controllers is possible,Unprivileged access to window.controllers is possible
2006-01-30 20:50:21 PST,bzbarsky,Priority,P1,--
2006-01-30 20:50:21 PST,bzbarsky,Target Milestone,mozilla1.9alpha,---
2006-01-30 20:50:21 PST,bzbarsky,Flags,blocking1.7.13?, blocking-aviary1.0.8?,
2006-01-30 21:22:08 PST,jst,Attachment #210208                Flags,superreview-,superreview?(jst)
2006-01-30 21:59:21 PST,bzbarsky,Keywords,helpwanted,
2006-01-30 21:59:21 PST,bzbarsky,Summary,Unprivileged access to window.controllers is possible,[FIX]Unprivileged access to window.controllers is possible
2006-01-30 21:59:21 PST,bzbarsky,Status,NEW,ASSIGNED
2006-01-30 21:59:21 PST,bzbarsky,Priority,--,P1
2006-01-30 21:59:21 PST,bzbarsky,Assignee,nobody,bzbarsky
2006-01-30 21:59:21 PST,bzbarsky,CC,peterv,
2006-01-30 21:59:21 PST,bzbarsky,Target Milestone,---,mozilla1.9alpha
2006-01-31 08:03:10 PST,neil,Attachment #210225                Attachment is obsolete,1,0
2006-01-31 08:03:10 PST,neil,Attachment #210242                Flags,review?(bzbarsky), superreview?,
2006-01-31 08:04:26 PST,neil,Attachment #210242                Flags,superreview?(jst),superreview?
2006-01-31 14:44:35 PST,jst,Attachment #210242                Flags,superreview+,superreview?(jst)
2006-01-31 14:58:54 PST,bzbarsky,Attachment #210242                Flags,review+,review?(bzbarsky)
2006-02-02 14:36:49 PST,dveditz,Assignee,bzbarsky,nobody
2006-02-02 14:36:49 PST,dveditz,CC,dveditz,
2006-02-02 17:34:05 PST,bzbarsky,Keywords,,helpwanted
2006-02-02 17:34:05 PST,bzbarsky,Assignee,neil,bzbarsky
2006-02-02 17:38:47 PST,bzbarsky,Status,RESOLVED,NEW
2006-02-02 17:38:47 PST,bzbarsky,Resolution,FIXED,---
2006-02-02 17:38:47 PST,bzbarsky,Last Resolved,2006-02-02 17:38:47,
2006-02-02 17:40:23 PST,bzbarsky,Attachment #210208                Attachment is obsolete,1,0
2006-02-02 17:40:23 PST,bzbarsky,Attachment #210546                Flags,approval-aviary1.0.8?, approval1.7.13?, approval1.8.0.2?, branch-1.8.1?(jst),
2006-02-02 17:40:23 PST,bzbarsky,Attachment #210208                Flags,,review?(sfraser_bugs)
2006-02-02 17:40:27 PST,bzbarsky,Attachment #210208                Attachment is obsolete,0,1
2006-02-06 11:22:08 PST,timr,Attachment #210546                Flags,approval-aviary1.0.8+, approval1.7.13+,approval-aviary1.0.8?, approval1.7.13?
2006-02-06 11:23:21 PST,dveditz,Flags,blocking1.8.1+, blocking1.8.0.2+, blocking1.9a1+, blocking1.7.13+, blocking-aviary1.0.8+,blocking1.8.1?, blocking1.8.0.2?, blocking1.9a1?, blocking1.7.13?, blocking-aviary1.0.8?
2006-02-06 11:23:34 PST,timr,Attachment #210546                Flags,approval1.8.0.2+,approval1.8.0.2?
2006-02-06 13:42:04 PST,bzbarsky,Keywords,fixed-aviary1.0.8, fixed1.7.13, fixed1.8.0.2,
2006-02-07 09:03:35 PST,bzbarsky,Depends on,326248,
2006-02-12 22:15:49 PST,dveditz,Whiteboard,[sg:low],
2006-02-13 13:41:32 PST,dveditz,Attachment #210208                Flags,approval-aviary1.0.8+, approval1.7.13+, approval1.8.0.2+,
2006-02-13 13:42:04 PST,dveditz,Attachment #210546                Flags,approval-aviary1.0.8-, approval1.7.13-, approval1.8.0.2-,approval-aviary1.0.8+, approval1.7.13+, approval1.8.0.2+
2006-02-13 13:56:48 PST,dveditz,Keywords,qawanted,
2006-02-13 13:56:48 PST,dveditz,Whiteboard,[sg:low] qawanted: verify fix,[sg:low]
2006-02-20 16:36:28 PST,jaymoz,Keywords,verified-aviary1.0.8,fixed-aviary1.0.8
2006-02-20 16:36:28 PST,jaymoz,CC,jay,
2006-02-20 16:37:46 PST,bzbarsky,Attachment #210546                Flags,approval-branch-1.8.1-,approval-branch-1.8.1?(jst)
2006-02-21 16:03:46 PST,bob,Flags,testcase+,
2006-02-21 20:54:08 PST,mozmail,Whiteboard,[sg:low] qawanted: verify fix[rft-dl],[sg:low] qawanted: verify fix
2006-02-24 14:42:52 PST,jaymoz,Keywords,verified1.8.0.2,fixed1.8.0.2
2006-04-04 09:46:44 PDT,mozmail,Keywords,,qawanted
2006-04-04 09:46:44 PDT,mozmail,Whiteboard,[sg:low] [rft-dl],[sg:low] qawanted: verify fix[rft-dl]
2006-06-03 09:32:51 PDT,dveditz,Group,,security
2006-06-16 19:58:46 PDT,gavin.sharp,CC,gavin.sharp,
2006-06-28 19:26:36 PDT,darin.moz,Target Milestone,mozilla1.8.1beta2,---
2006-06-28 19:42:31 PDT,bzbarsky,Keywords,fixed1.8.1,
2007-04-01 15:34:45 PDT,bob,CC,bclary,
2007-04-01 15:34:45 PDT,bob,Flags,in-testsuite?,in-testsuite+
2008-07-31 03:20:06 PDT,timeless,QA Contact,xptoolkit.widgets,xptoolkit.xul
2008-07-31 03:20:06 PDT,timeless,Component,XUL,XP Toolkit/Widgets: XUL
