When, Who, What, Added, Removed
2006-01-17 11:39:28 PST,LpSolit,Severity,normal,major
2006-01-17 11:39:28 PST,LpSolit,CC,mkanat,
2006-01-19 15:14:25 PST,LpSolit,Assignee,LpSolit,gerv
2006-01-19 15:14:25 PST,LpSolit,Blocks,314490,
2006-01-19 15:14:25 PST,LpSolit,Target Milestone,Bugzilla 2.20,---
2006-01-19 15:14:25 PST,LpSolit,Ever confirmed,1,0
2006-01-19 15:14:25 PST,LpSolit,Summary,[PostgreSQL] New charts feature crashes,New charts feature crashes
2006-01-19 15:14:25 PST,LpSolit,Version,2.20,unspecified
2006-01-19 15:14:25 PST,LpSolit,Status,NEW,UNCONFIRMED
2006-01-19 15:19:33 PST,LpSolit,Attachment #209024                Flags,review?(mkanat),
2006-01-26 04:17:47 PST,LpSolit,Status,ASSIGNED,NEW
2006-01-26 13:54:50 PST,jonaliz55,Status,RESOLVED,ASSIGNED
2006-01-26 13:54:50 PST,jonaliz55,Resolution,WORKSFORME,---
2006-01-26 13:54:50 PST,jonaliz55,Last Resolved,2006-01-26 13:54:50,
2006-01-26 13:57:38 PST,LpSolit,Status,REOPENED,RESOLVED
2006-01-26 13:57:38 PST,LpSolit,Resolution,---,WORKSFORME
2006-01-26 14:05:24 PST,mkanat,Attachment #209024                Flags,review+,review?(mkanat)
2006-01-26 14:05:38 PST,mkanat,Flags,approval?, approval2.20?,
2006-01-26 14:12:42 PST,justdave,Status,ASSIGNED,REOPENED
2006-01-26 14:13:00 PST,justdave,Flags,approval+, approval2.20+,approval?, approval2.20?
2006-01-26 14:35:42 PST,LpSolit,Status,RESOLVED,ASSIGNED
2006-01-26 14:35:42 PST,LpSolit,Resolution,FIXED,---
2006-01-26 14:35:42 PST,LpSolit,Last Resolved,2006-01-26 14:35:42,2006-01-26 13:54:50
