When, Who, What, Added, Removed
2006-01-17 09:47:59 PST,asqueella,CC,asqueella,
2006-02-18 05:37:40 PST,bugzilla,Status,NEW,UNCONFIRMED
2006-02-18 05:37:40 PST,bugzilla,Component,OS Integration,General
2006-02-18 05:37:40 PST,bugzilla,CC,bugzilla,
2006-02-18 05:37:40 PST,bugzilla,Ever confirmed,1,0
2006-02-18 05:37:40 PST,bugzilla,Summary,Print to Ledger/Tabloid (11"x17") paper,Print web-pages to Ledger/Tabloid (11x17 inch) paper
2006-03-06 14:41:21 PST,bugzilla,Attachment #214229                Flags,review?,
2006-03-06 14:44:18 PST,bugzilla,Product,Core,Firefox
2006-03-06 14:44:18 PST,bugzilla,Version,Trunk,unspecified
2006-03-06 14:44:18 PST,bugzilla,Component,Printing,OS Integration
2006-03-06 14:44:18 PST,bugzilla,QA Contact,bzbarsky,general
2006-03-06 14:44:18 PST,bugzilla,Flags,,review?
2006-03-06 14:46:50 PST,bugzilla,Attachment #214229                Flags,review?(bzbarsky),
2006-03-06 14:50:16 PST,bugzilla,Attachment #214229                Flags,review?(kherron),review?(bzbarsky)
2006-03-06 14:50:52 PST,bugzilla,QA Contact,kherron,bzbarsky
2006-03-20 13:15:37 PST,gavin.sharp,CC,gavin.sharp,
2006-04-07 07:28:49 PDT,bugzilla,Status,ASSIGNED,NEW
2006-08-02 16:43:16 PDT,kherron+mozilla,Attachment #214229                Flags,review+,review?(kherron)
2006-08-10 08:19:11 PDT,asqueella,Status,NEW,ASSIGNED
2006-08-10 08:19:11 PDT,asqueella,Assignee,ponder,nobody
2006-10-11 19:58:39 PDT,gavin.sharp,Attachment #214229                Flags,superreview?(roc),
2006-10-19 10:24:45 PDT,roc,Attachment #214229                Flags,superreview+,superreview?(roc)
2006-10-19 10:27:49 PDT,asqueella,Whiteboard,[checkin needed],
2006-10-23 10:36:52 PDT,kherron+mozilla,Whiteboard,,[checkin needed]
2006-10-23 10:36:52 PDT,kherron+mozilla,Status,RESOLVED,NEW
2006-10-23 10:36:52 PDT,kherron+mozilla,Resolution,FIXED,---
2006-10-23 10:36:52 PDT,kherron+mozilla,Last Resolved,2006-10-23 10:36:52,
2006-10-24 07:56:07 PDT,gavin.sharp,Target Milestone,mozilla1.9alpha,---
2006-10-26 12:32:31 PDT,kherron+mozilla,Attachment #214229                Flags,approval1.8.1?, approval1.8.1.1?,
2006-10-26 12:34:48 PDT,gavin.sharp,Attachment #214229                Flags,,approval1.8.1?
2006-11-27 18:01:12 PST,dveditz,Attachment #214229                Flags,approval1.8.1.1+,approval1.8.1.1?
2006-11-30 01:19:44 PST,reed,CC,reed,
2006-12-03 16:55:56 PST,gavin.sharp,Keywords,fixed1.8.1.1,
