When, Who, What, Added, Removed
2006-01-17 07:10:35 PST,igor,Status,ASSIGNED,NEW
2006-01-17 07:10:35 PST,igor,Assignee,igor.bukanov,general
2006-01-17 07:10:35 PST,igor,Attachment #208736                Flags,review?(brendan),
2006-01-17 14:33:10 PST,gavin.sharp,CC,gavin.sharp,
2006-01-17 18:14:00 PST,brendan,Attachment #208736                Flags,review+,review?(brendan)
2006-01-17 18:14:17 PST,brendan,Blocks,309169,
2006-01-17 18:14:33 PST,brendan,CC,mrbkap, brendan, shaver,
2006-01-25 14:51:14 PST,igor,Status,RESOLVED,ASSIGNED
2006-01-25 14:51:14 PST,igor,Resolution,FIXED,---
2006-01-25 14:51:14 PST,igor,Last Resolved,2006-01-25 14:51:14,
2006-02-13 14:02:51 PST,bob,Flags,testcase-,
2006-03-10 18:43:42 PST,bob,Flags,blocking1.8.1?,
2006-03-18 14:11:16 PST,BoxerBoi76,CC,BoxerBoi76,
2006-06-20 12:58:10 PDT,darin.moz,Flags,blocking1.8.1+,blocking1.8.1?
2006-06-21 04:29:14 PDT,igor,Attachment #208736                Flags,approval1.8.0.6?, approval1.8.1?,
2006-06-22 14:54:20 PDT,mtschrep,Attachment #208736                Flags,approval1.8.1+,approval1.8.1?
2006-06-28 19:26:42 PDT,mconnor,Whiteboard,[checkin needed],
2006-06-28 23:59:36 PDT,igor,Keywords,fixed1.8.1,
2006-06-28 23:59:36 PDT,igor,Whiteboard,,[checkin needed]
2006-08-15 15:04:17 PDT,dveditz,Attachment #208736                Flags,approval1.8.0.7+,approval1.8.0.7?
2006-08-17 02:41:55 PDT,igor,Keywords,fixed1.8.0.7,
