When, Who, What, Added, Removed
2006-01-17 12:32:06 PST,gavin.sharp,CC,gavin.sharp,
2006-01-17 13:14:11 PST,markus.langstrom,Assignee,l10n,nobody
2006-01-17 13:51:02 PST,gavin.sharp,Attachment #208771                Flags,review?(l10n), ui-review?(darin),
2006-01-17 13:51:02 PST,gavin.sharp,Status,ASSIGNED,NEW
2006-01-17 13:51:02 PST,gavin.sharp,Assignee,gavin.sharp,l10n
2006-01-17 13:54:33 PST,rebron,Flags,blocking-firefox2?,
2006-01-17 14:06:40 PST,reed,CC,reed,
2006-01-17 14:08:45 PST,gavin.sharp,Attachment #208771                Flags,superreview?(darin),ui-review?(darin)
2006-01-17 14:11:05 PST,reed,Version,1.5 Branch,unspecified
2006-01-17 14:11:05 PST,reed,Hardware,All,PC
2006-01-17 14:11:05 PST,reed,OS,All,Windows XP
2006-01-17 14:11:05 PST,reed,Target Milestone,Firefox 2,---
2006-01-18 22:06:01 PST,ispiked,CC,ispiked,
2006-01-19 19:11:57 PST,gavin.sharp,CC,darin,
2006-01-25 11:52:20 PST,l10n,Attachment #208771                Flags,review-,review?(l10n)
2006-01-25 13:15:57 PST,darin.moz,Attachment #208771                Flags,,superreview?(darin)
2006-02-25 12:18:12 PST,mconnor,Version,2.0 Branch,1.5.0.x Branch
2006-02-25 12:18:12 PST,mconnor,Target Milestone,Firefox 2 beta1,Firefox 2
2006-02-25 12:18:12 PST,mconnor,Flags,blocking-firefox2+,blocking-firefox2?
2006-02-28 11:05:55 PST,BoxerBoi76,CC,BoxerBoi76,
2006-03-23 17:12:46 PST,rebron,CC,cbeard,
2006-03-23 21:13:41 PST,gavin.sharp,Priority,P4,--
2006-04-01 19:32:45 PST,mozinet+BMO,CC,mozinet,
2006-05-12 20:46:46 PDT,xtc4uall,CC,xtc4uall,
2006-06-27 19:36:50 PDT,mbeltzner,CC,phil,
2006-06-27 22:10:50 PDT,mconnor,Target Milestone,Firefox 2 beta2,Firefox 2 beta1
2006-06-28 01:07:00 PDT,mbeltzner,Blocks,323801,
2006-07-18 07:57:40 PDT,mconnor,Whiteboard,[mustfix],
2006-07-24 21:27:18 PDT,gavin.sharp,Attachment #208771                Attachment is obsolete,1,0
2006-07-24 21:27:18 PDT,gavin.sharp,Attachment #230541                Flags,review?(l10n),
2006-07-25 00:49:11 PDT,gavin.sharp,Whiteboard,[patch-r?][mustfix],[mustfix]
2006-07-25 02:31:34 PDT,l10n,Attachment #230541                Flags,review+,review?(l10n)
2006-07-25 11:12:45 PDT,gavin.sharp,Attachment #230541                Flags,superreview?(darin),
2006-07-25 11:13:18 PDT,gavin.sharp,Attachment #230541                Flags,superreview?(bzbarsky),superreview?(darin)
2006-07-25 18:00:51 PDT,bzbarsky,Attachment #230541                Flags,superreview+,superreview?(bzbarsky)
2006-07-25 18:18:46 PDT,gavin.sharp,Attachment #230541                Attachment is obsolete,1,0
2006-07-25 18:23:01 PDT,gavin.sharp,Whiteboard,[need-a][mustfix],[patch-r?][mustfix]
2006-07-25 18:23:01 PDT,gavin.sharp,Status,RESOLVED,ASSIGNED
2006-07-25 18:23:01 PDT,gavin.sharp,Resolution,FIXED,---
2006-07-25 18:23:01 PDT,gavin.sharp,Priority,P1,P4
2006-07-25 18:23:01 PDT,gavin.sharp,Last Resolved,2006-07-25 18:23:01,
2006-07-26 12:12:05 PDT,gavin.sharp,Attachment #230681                Flags,approval1.8.1?,
2006-07-26 18:41:58 PDT,mconnor,Whiteboard,[mustfix][has patch][needs approval],[need-a][mustfix]
2006-07-27 10:47:34 PDT,mtschrep,Attachment #230681                Flags,approval1.8.1+,approval1.8.1?
2006-07-27 15:22:13 PDT,gavin.sharp,Whiteboard,[checkin needed (1.8 branch)][mustfix],[mustfix][has patch][needs approval]
2006-07-27 18:58:45 PDT,gavin.sharp,Keywords,fixed1.8.1,
2006-07-27 18:58:45 PDT,gavin.sharp,Whiteboard,[mustfix],[checkin needed (1.8 branch)][mustfix]
2007-07-09 23:16:22 PDT,benc,CC,benc,
2008-10-05 13:54:53 PDT,jruderman,Depends on,458501,
