When, Who, What, Added, Removed
2006-01-17 11:44:34 PST,samuel,Hardware,All,PC
2006-01-17 11:44:34 PST,samuel,OS,All,Linux
2006-01-17 11:44:34 PST,samuel,Status,NEW,UNCONFIRMED
2006-01-17 11:44:34 PST,samuel,Severity,enhancement,minor
2006-01-17 11:44:34 PST,samuel,Ever confirmed,1,0
2006-07-26 06:00:39 PDT,rdmsoft,Assignee,rdmsoft,rginda
2006-07-26 06:00:39 PDT,rdmsoft,CC,rginda,
2006-07-26 14:23:24 PDT,rdmsoft,Status,ASSIGNED,NEW
2006-07-26 14:50:58 PDT,rdmsoft,Attachment #230811                Flags,review?(silver),
2006-07-29 14:34:54 PDT,rdmsoft,Attachment #230811                Attachment is obsolete,1,0
2006-07-29 14:34:54 PDT,rdmsoft,Attachment #231258                Flags,review?(silver),
2006-07-29 14:34:54 PDT,rdmsoft,Attachment #230811                Flags,,review?(silver)
2006-07-29 16:10:57 PDT,bugzilla-mozilla-20000923,Attachment #231258                Flags,review+,review?(silver)
2006-07-29 17:29:44 PDT,bugzilla-mozilla-20000923,Whiteboard,[cz-0.9.75],
2006-07-29 17:29:44 PDT,bugzilla-mozilla-20000923,Status,RESOLVED,ASSIGNED
2006-07-29 17:29:44 PDT,bugzilla-mozilla-20000923,Resolution,FIXED,---
2006-07-29 17:29:44 PDT,bugzilla-mozilla-20000923,Last Resolved,2006-07-29 17:29:44,
