When, Who, What, Added, Removed
2006-01-17 03:19:48 PST,jruderman,Blocks,323746,
2006-01-17 14:35:44 PST,gavin.sharp,CC,gavin.sharp,
2006-01-17 15:06:22 PST,rbs,Attachment #208783                Flags,review?(roc), superreview?(roc),
2006-01-20 11:18:39 PST,roc,Attachment #208783                Flags,review+, superreview+,review?(roc), superreview?(roc)
2006-01-20 18:49:09 PST,rbs,Status,RESOLVED,NEW
2006-01-20 18:49:09 PST,rbs,Resolution,FIXED,---
2006-01-20 18:49:09 PST,rbs,Last Resolved,2006-01-20 18:49:09,
2007-12-17 16:50:15 PST,jruderman,Flags,in-testsuite+,
