When, Who, What, Added, Removed
2006-01-16 22:56:27 PST,bugzilla-graveyard,CC,bugzilla,
2006-01-16 22:58:53 PST,bugzilla-graveyard,CC,bugzilla,
2006-01-16 23:22:28 PST,alqahira,Severity,critical,normal
2006-03-31 01:18:22 PST,alqahira,URL,http://talkback-public.mozilla.org/search/start.jsp?search=1&searchby=stack&match=contains&searchfor=FindDlgController&vendor=MozillaOrg&product=Camino10&platform=MacOSX&sortby=bbid,http://talkback-public.mozilla.org/talkback/fastfind.jsp?search=2&type=iid&id=13523328
2006-03-31 01:18:22 PST,alqahira,QA Contact,general,
2006-03-31 01:18:22 PST,alqahira,CC,mikepinkerton,
2006-05-12 10:55:37 PDT,hwaara,CC,hwaara,
2006-06-30 14:38:36 PDT,froodian,Attachment #227728                Attachment is obsolete,1,0
2006-11-09 15:55:10 PST,froodian,Status,ASSIGNED,NEW
2006-11-09 15:55:10 PST,froodian,Assignee,stridey,sfraser_bugs
2006-11-09 15:55:10 PST,froodian,Attachment #245156                Flags,review?(stuart.morgan),
2006-11-09 16:03:38 PST,samuel.sidler+old,Target Milestone,Camino1.1,---
2006-11-09 18:26:52 PST,sfraser_bugs,Attachment #245156                Flags,review-,review?(stuart.morgan)
2006-11-09 19:44:28 PST,froodian,Attachment #245172                Flags,review?(sfraser_bugs),
2006-11-09 19:44:50 PST,froodian,Attachment #245172                Flags,review?(stuart.morgan),
2006-11-09 20:01:11 PST,stuart.morgan+bugzilla,Attachment #245172                Flags,review-,review?(stuart.morgan)
2006-11-10 09:28:31 PST,froodian,Attachment #245172                Flags,,review?(sfraser_bugs)
2006-11-10 09:28:31 PST,froodian,Attachment #245156                Attachment is obsolete,1,0
2006-11-10 09:28:31 PST,froodian,Attachment #245172                Attachment is obsolete,1,0
2006-11-10 09:28:31 PST,froodian,Attachment #245229                Flags,review?(stuart.morgan),
2006-11-12 16:39:39 PST,stuart.morgan+bugzilla,Attachment #245229                Flags,review+,review?(stuart.morgan)
2006-11-12 23:54:59 PST,froodian,Attachment #245229                Attachment is obsolete,1,0
2006-11-12 23:54:59 PST,froodian,Attachment #245439                Flags,superreview?(mikepinkerton),
2006-11-13 05:44:02 PST,mikepinkerton,Attachment #245439                Flags,superreview+,superreview?(mikepinkerton)
2006-11-13 07:40:38 PST,froodian,Keywords,fixed1.8.1.1,
2006-11-13 07:40:38 PST,froodian,Status,RESOLVED,ASSIGNED
2006-11-13 07:40:38 PST,froodian,Resolution,FIXED,---
2006-11-13 07:40:38 PST,froodian,CC,stridey,
2006-11-13 07:40:38 PST,froodian,Last Resolved,2006-11-13 07:40:38,
