When, Who, What, Added, Removed
2006-01-17 09:26:50 PST,morgamic,Status,NEW,UNCONFIRMED
2006-01-17 09:26:50 PST,morgamic,Assignee,morgamic,Bugzilla-alanjstrBugs
2006-01-17 09:26:50 PST,morgamic,Ever confirmed,1,0
2006-01-27 00:44:01 PST,morgamic,Product,mozilla.org,Update
2006-01-27 00:44:01 PST,morgamic,Version,other,unspecified
2006-01-27 00:44:01 PST,morgamic,Component,Server Operations,Developers
2006-01-27 00:44:01 PST,morgamic,Assignee,server-ops,morgamic
2006-01-27 00:44:01 PST,morgamic,Target Milestone,---,1.0
2006-01-27 01:04:11 PST,morgamic,CC,morgamic,
2006-01-27 12:50:11 PST,aravind,Assignee,aravind,server-ops
2006-01-27 12:50:27 PST,aravind,Status,ASSIGNED,NEW
2006-01-27 12:58:23 PST,aravind,Status,RESOLVED,ASSIGNED
2006-01-27 12:58:23 PST,aravind,Resolution,FIXED,---
2006-01-27 12:58:23 PST,aravind,Last Resolved,2006-01-27 12:58:23,
2006-01-27 13:00:19 PST,morgamic,Product,Update,mozilla.org
2006-01-27 13:00:19 PST,morgamic,Version,1.0,other
2006-01-27 13:00:19 PST,morgamic,Component,Developers,Server Operations
2006-02-03 05:24:16 PST,cfinke,Status,REOPENED,RESOLVED
2006-02-03 05:24:16 PST,cfinke,Resolution,---,FIXED
2006-02-09 12:22:59 PST,aravind,Status,ASSIGNED,REOPENED
2006-02-15 13:38:05 PST,aravind,Resolution,FIXED,---
2006-02-15 13:38:05 PST,aravind,Last Resolved,2006-02-15 13:38:05,2006-01-27 12:58:23
2006-02-15 13:38:05 PST,aravind,Status,RESOLVED,ASSIGNED
2006-02-15 14:03:37 PST,cfinke,Status,VERIFIED,RESOLVED
