When, Who, What, Added, Removed
2006-01-17 13:54:03 PST,gavin.sharp,CC,gavin.sharp,
2006-01-18 21:58:37 PST,ispiked,CC,ispiked,
2006-01-21 03:39:03 PST,gidsgoldberg,Attachment #209194                Flags,review?,
2006-01-21 11:05:14 PST,steffen.wilberg,Attachment #209194                Flags,review-,review?
2006-01-21 13:00:14 PST,gidsgoldberg,Attachment #209194                Attachment is obsolete,1,0
2006-01-21 13:00:14 PST,gidsgoldberg,Attachment #209220                Flags,review?,
2006-01-21 13:01:48 PST,gidsgoldberg,Attachment #209220                Flags,review?(steffen.wilberg),review?
2006-01-22 03:21:48 PST,steffen.wilberg,Attachment #209220                Flags,review+, approval1.8.1?,review?(steffen.wilberg)
2006-01-22 03:25:16 PST,steffen.wilberg,Assignee,gidsgoldberg,nobody
2006-01-22 03:26:52 PST,steffen.wilberg,Status,RESOLVED,NEW
2006-01-22 03:26:52 PST,steffen.wilberg,Resolution,FIXED,---
2006-01-22 03:26:52 PST,steffen.wilberg,Last Resolved,2006-01-22 03:26:52,
2006-01-31 00:21:30 PST,steffen.wilberg,Attachment #209220                Flags,branch-1.8.1?(benjamin),approval1.8.1?
2006-02-02 06:32:01 PST,benjamin,Attachment #209220                Flags,branch-1.8.1+,branch-1.8.1?(benjamin)
2006-02-04 06:27:12 PST,steffen.wilberg,Keywords,fixed1.8.1,
2006-02-04 06:27:12 PST,steffen.wilberg,Target Milestone,Firefox 2 alpha1,Firefox 2
