When, Who, What, Added, Removed
2006-01-16 18:38:06 PST,doug,CC,doug,
2006-01-16 18:44:38 PST,jruderman,Ever confirmed,1,0
2006-01-16 18:44:38 PST,jruderman,Group,,security
2006-01-16 18:44:38 PST,jruderman,Keywords,crash, testcase,
2006-01-16 18:44:38 PST,jruderman,Hardware,All,PC
2006-01-16 18:44:38 PST,jruderman,OS,All,Windows XP
2006-01-16 18:44:38 PST,jruderman,Status,NEW,UNCONFIRMED
2006-01-16 18:44:38 PST,jruderman,CC,jruderman,
2006-01-16 19:50:37 PST,tor,Group,security,
2006-02-03 11:41:53 PST,dveditz,URL,http://trac.webkit.org/dev/browser/trunk/LayoutTests/svg/custom/recursive-clippath.svg,
2006-02-03 11:41:53 PST,dveditz,Whiteboard,[sg:dos],
2006-02-09 09:29:59 PST,tor,CC,scootermorris,
2006-02-09 09:30:39 PST,tor,Status,ASSIGNED,NEW
2006-02-09 09:30:39 PST,tor,Assignee,tor,general
2006-02-09 09:30:39 PST,tor,Attachment #211276                Flags,review?(scootermorris),
2006-02-09 10:23:46 PST,tor,Attachment #211276                Attachment is obsolete,1,0
2006-02-09 10:23:46 PST,tor,Attachment #211286                Flags,review?(scootermorris),
2006-02-09 10:23:46 PST,tor,Attachment #211276                Flags,,review?(scootermorris)
2006-02-09 10:26:29 PST,scootermorris,Attachment #211286                Flags,review+,review?(scootermorris)
2006-02-09 11:34:13 PST,tor,Status,RESOLVED,ASSIGNED
2006-02-09 11:34:13 PST,tor,Resolution,FIXED,---
2006-02-09 11:34:13 PST,tor,Last Resolved,2006-02-09 11:34:13,
2007-01-08 06:41:36 PST,dveditz,Group,,security
2007-01-12 07:47:19 PST,jwatt,CC,jwatt,
2007-12-21 15:01:58 PST,dveditz,Whiteboard,[sg:nse dos],[sg:dos]
2007-12-21 15:01:58 PST,dveditz,CC,dveditz,
2007-12-21 15:01:58 PST,dveditz,Flags,wanted1.8.1.x?,
2007-12-21 15:13:30 PST,longsonr,CC,longsonr,
2008-05-21 11:53:12 PDT,dveditz,Flags,wanted1.8.1.x+,wanted1.8.1.x?
2009-04-24 11:20:53 PDT,bob,CC,bclary,
2009-04-24 11:20:53 PDT,bob,Flags,in-testsuite+,
