When, Who, What, Added, Removed
2006-01-17 07:29:57 PST,nthomas,Status,RESOLVED,UNCONFIRMED
2006-01-17 07:29:57 PST,nthomas,Resolution,INVALID,---
2006-01-17 07:29:57 PST,nthomas,CC,nrthomas,
2006-01-17 07:29:57 PST,nthomas,Last Resolved,2006-01-17 07:29:57,
2006-01-17 07:50:59 PST,patrick.hendriks+bugzilla,Status,UNCONFIRMED,RESOLVED
2006-01-17 07:50:59 PST,patrick.hendriks+bugzilla,Resolution,---,INVALID
2006-01-17 07:53:43 PST,patrick.hendriks+bugzilla,Product,Tech Evangelism,Firefox
2006-01-17 07:53:43 PST,patrick.hendriks+bugzilla,Component,English US,General
2006-01-17 07:53:43 PST,patrick.hendriks+bugzilla,Assignee,english-us,nobody
2006-01-17 07:53:43 PST,patrick.hendriks+bugzilla,QA Contact,english-us,general
2006-01-17 07:53:43 PST,patrick.hendriks+bugzilla,Summary,Dunlavy.US - Menu on website which appears with IE, dosen't appear with Mozilla 1.5,Menu on website which appears with IE, dosen't appear with Mozilla 1.5
2008-05-31 21:23:04 PDT,bugzilla-graveyard,Status,RESOLVED,UNCONFIRMED
2008-05-31 21:23:04 PDT,bugzilla-graveyard,Resolution,FIXED,---
2008-05-31 21:23:04 PDT,bugzilla-graveyard,CC,cl-bugs-new,
2008-05-31 21:23:04 PDT,bugzilla-graveyard,Last Resolved,2008-05-31 21:23:04,2006-01-17 07:29:57
2008-05-31 21:23:04 PDT,bugzilla-graveyard,URL,http://dunlavy.us/,
2008-05-31 21:23:04 PDT,bugzilla-graveyard,Hardware,All,PC
2008-05-31 21:23:04 PDT,bugzilla-graveyard,OS,All,Windows XP
2015-04-19 23:39:42 PDT,nobody,Product,Tech Evangelism Graveyard,Tech Evangelism
