When, Who, What, Added, Removed
2006-01-18 13:19:03 PST,ssitter,Attachment #208892                Flags,first-review?(jminta),
2006-01-18 14:38:58 PST,jminta,Attachment #208892                Flags,first-review+,first-review?(jminta)
2006-01-18 14:50:49 PST,ssitter,Attachment #208892                Attachment is obsolete,1,0
2006-01-18 14:50:49 PST,ssitter,Attachment #208903                Flags,first-review?(jminta),
2006-01-18 16:24:54 PST,jminta,Attachment #208903                Flags,first-review+,first-review?(jminta)
2006-01-18 16:34:58 PST,jminta,Status,RESOLVED,NEW
2006-01-18 16:34:58 PST,jminta,Resolution,FIXED,---
2006-01-18 16:34:58 PST,jminta,Last Resolved,2006-01-18 16:34:58,
