When, Who, What, Added, Removed
2006-01-17 09:36:22 PST,bugzilla-graveyard,CC,bugzilla, bugzilla, mark,
2006-01-17 09:37:19 PST,bugzilla-graveyard,Status,NEW,UNCONFIRMED
2006-01-17 09:37:19 PST,bugzilla-graveyard,Ever confirmed,1,0
2006-01-17 14:35:22 PST,gavin.sharp,CC,gavin.sharp,
2006-01-18 00:09:30 PST,der.ozean,CC,der.ozean,
2006-02-18 13:54:17 PST,krmathis,CC,krmathis,
2006-02-18 14:02:25 PST,froodian,CC,stridey,
2006-02-18 14:09:46 PST,hwaara,CC,hwaara,
2006-02-20 09:02:16 PST,sfraser_bugs,CC,sfraser_bugs,
2006-02-21 17:52:53 PST,hwaara,Attachment #212673                Flags,review?, superreview?(sfraser_bugs),
2006-02-21 18:55:27 PST,hwaara,Attachment #212673                Flags,review?(mark),review?
2006-02-21 21:55:25 PST,sfraser_bugs,Attachment #212673                Flags,superreview-,superreview?(sfraser_bugs)
2006-02-21 22:52:41 PST,mark,Attachment #212673                Flags,review-,review?(mark)
2006-02-22 14:45:36 PST,hwaara,Attachment #212673                Attachment is obsolete,1,0
2006-02-22 14:45:36 PST,hwaara,Attachment #212813                Flags,review?(mark), superreview?(sfraser_bugs),
2006-02-22 19:17:45 PST,mark,Attachment #212813                Flags,review-,review?(mark)
2006-03-01 14:19:39 PST,hwaara,Attachment #212813                Attachment is obsolete,1,0
2006-03-01 14:19:39 PST,hwaara,Attachment #213658                Flags,review?(mark), superreview?(sfraser_bugs),
2006-03-01 14:19:39 PST,hwaara,Attachment #212813                Flags,,superreview?(sfraser_bugs)
2006-03-02 13:37:57 PST,mark,Attachment #213658                Flags,review-,review?(mark)
2006-03-05 11:54:35 PST,hwaara,Attachment #213658                Attachment is obsolete,1,0
2006-03-05 11:54:35 PST,hwaara,Attachment #214102                Flags,review?(mark),
2006-03-05 11:54:35 PST,hwaara,Attachment #213658                Flags,,superreview?(sfraser_bugs)
2006-03-05 15:51:59 PST,mark,Attachment #214102                Flags,review-,review?(mark)
2006-03-05 16:58:02 PST,hwaara,Attachment #214102                Attachment is obsolete,1,0
2006-03-05 16:58:02 PST,hwaara,Attachment #214137                Flags,review?(mark),
2006-03-05 21:02:01 PST,mark,Assignee,hwaara,mikepinkerton
2006-03-05 21:02:01 PST,mark,CC,mikepinkerton,
2006-03-06 08:20:11 PST,mark,Attachment #214137                Flags,review+,review?(mark)
2006-03-06 09:12:18 PST,hwaara,Attachment #214137                Flags,superreview?(sfraser_bugs),
2006-03-09 08:57:09 PST,hwaara,Attachment #214137                Attachment is obsolete,1,0
2006-03-09 08:57:09 PST,hwaara,Attachment #214564                Flags,review+, superreview?(sfraser_bugs),
2006-03-09 08:57:09 PST,hwaara,Attachment #214137                Flags,,superreview?(sfraser_bugs)
2006-03-15 06:59:55 PST,mark,Blocks,326668,
2006-03-15 07:00:48 PST,mark,Blocks,,326668
2006-03-21 09:07:01 PST,hwaara,Attachment #214564                Flags,superreview?(mikepinkerton),superreview?(sfraser_bugs)
2006-03-24 08:31:27 PST,mikepinkerton,Attachment #214564                Flags,superreview+,superreview?(mikepinkerton)
2006-03-26 09:37:27 PST,hwaara,Status,RESOLVED,NEW
2006-03-26 09:37:27 PST,hwaara,Resolution,FIXED,---
2006-03-26 09:37:27 PST,hwaara,Last Resolved,2006-03-26 09:37:27,
2006-03-26 09:37:27 PST,hwaara,Keywords,fixed1.8.1,
2006-03-27 10:40:33 PST,dobler,CC,dobler,
2006-06-23 22:34:24 PDT,krmathis,Status,VERIFIED,RESOLVED
