When, Who, What, Added, Removed
2006-01-17 04:21:20 PST,jwatt,CC,jonathan.watt,
2006-01-17 04:21:36 PST,longsonr,Status,ASSIGNED,NEW
2006-01-17 04:21:36 PST,longsonr,Assignee,longsonr,general
2006-01-17 04:21:36 PST,longsonr,Attachment #208734                Flags,review?(jonathan.watt), superreview?(tor),
2006-01-17 04:31:49 PST,jwatt,Attachment #208734                Flags,review+,review?(jonathan.watt)
2006-01-18 11:07:53 PST,tor,Attachment #208734                Flags,superreview+,superreview?(tor)
2006-01-20 08:57:00 PST,jwatt,Status,RESOLVED,ASSIGNED
2006-01-20 08:57:00 PST,jwatt,Resolution,FIXED,---
2006-01-20 08:57:00 PST,jwatt,Last Resolved,2006-01-20 08:57:00,
