When, Who, What, Added, Removed
2006-02-11 15:42:47 PST,reed,Assignee,reed,nobody
2006-02-11 15:42:47 PST,reed,CC,reed,
2006-02-11 15:43:12 PST,reed,CC,ccarlen,
2006-02-11 15:46:45 PST,reed,Status,ASSIGNED,NEW
2006-02-11 16:27:41 PST,reed,CC,dougt,
2007-01-18 19:32:38 PST,reed,Status,RESOLVED,ASSIGNED
2007-01-18 19:32:38 PST,reed,Resolution,FIXED,---
2007-01-18 19:32:38 PST,reed,Last Resolved,2007-01-18 19:32:38,
2008-07-31 04:30:00 PDT,nobody,Product,Websites,mozilla.org
2012-08-23 00:16:07 PDT,nobody,Product,www.mozilla.org,Websites
2012-08-23 00:16:07 PDT,nobody,Component,General,www.mozilla.org
