When, Who, What, Added, Removed
2006-01-17 15:31:02 PST,zug_treno,Status,NEW,UNCONFIRMED
2006-01-17 15:31:02 PST,zug_treno,Ever confirmed,1,0
2006-01-18 10:20:06 PST,mcow,OS,All,OS/2
2006-01-18 10:20:06 PST,mcow,CC,mscott,
2006-01-18 10:20:06 PST,mcow,Hardware,All,PC
2006-01-18 10:45:25 PST,ostgote,Version,Trunk,1.8 Branch
2006-01-18 17:23:31 PST,neil,Status,ASSIGNED,NEW
2006-01-18 17:23:31 PST,neil,Assignee,neil.parkwaycc.co.uk,mail
2006-01-18 17:23:31 PST,neil,Attachment #208921                Flags,review?(bugzilla), superreview?(bienvenu),
2006-01-18 17:50:07 PST,mozilla,Attachment #208921                Flags,review+, superreview+,review?(bugzilla), superreview?(bienvenu)
2006-01-19 01:17:58 PST,neil,Status,RESOLVED,ASSIGNED
2006-01-19 01:17:58 PST,neil,Resolution,FIXED,---
2006-01-19 01:17:58 PST,neil,Last Resolved,2006-01-19 01:17:58,
2006-01-19 01:19:10 PST,neil,Attachment #208921                Flags,approval1.8.0.2?, approval1.8.1?,
2006-01-21 02:22:52 PST,hskupin,CC,hskupin,
2006-01-21 03:59:00 PST,hskupin,Status,VERIFIED,RESOLVED
2006-01-21 16:30:32 PST,csthomas,Attachment #208921                Flags,approval-seamonkey1.1+,
2006-01-23 15:45:20 PST,mscott,Attachment #208921                Flags,approval1.8.0.2+, approval1.8.1+,approval1.8.0.2?, approval1.8.1?
2006-01-23 16:49:54 PST,neil,Keywords,fixed1.8.1,
2006-01-23 16:49:54 PST,neil,Whiteboard,fixed1.8.0.2,
2006-01-26 15:18:37 PST,timeless,Keywords,fixed1.8.0.2,
2006-01-26 15:18:37 PST,timeless,Whiteboard,,fixed1.8.0.2
2006-08-20 10:04:40 PDT,bugzilla,Keywords,fixed-seamonkey1.1a,
