When, Who, What, Added, Removed
2006-01-17 17:00:37 PST,kherron+mozilla,CC,kherron+mozilla,
2006-01-18 22:20:00 PST,ispiked,CC,ispiked,
2006-01-20 15:24:59 PST,iann_bugzilla,Status,ASSIGNED,NEW
2006-01-20 15:24:59 PST,iann_bugzilla,Assignee,iann_bugzilla,printing
2006-01-20 15:36:06 PST,iann_bugzilla,Attachment #209154                Flags,review?(roc),
2006-01-20 20:20:20 PST,roc,Attachment #209154                Flags,review?(kherron), superreview?(roc),review?(roc)
2006-01-21 11:41:25 PST,kherron+mozilla,Attachment #209154                Flags,review-,review?(kherron)
2006-01-21 17:31:05 PST,iann_bugzilla,Attachment #209154                Flags,,superreview?(roc)
2006-01-21 17:48:33 PST,iann_bugzilla,Attachment #209154                Attachment is obsolete,1,0
2006-01-21 17:48:33 PST,iann_bugzilla,Attachment #209247                Flags,review?(kherron), superreview?(roc),
2006-01-26 08:20:16 PST,iann_bugzilla,Attachment #209247                Flags,,review?(kherron), superreview?(roc)
2006-01-26 08:20:34 PST,iann_bugzilla,Depends on,324072,
2006-01-30 15:24:25 PST,csthomas,Keywords,relnote,
2006-02-04 11:51:17 PST,kherron+mozilla,Resolution,FIXED,---
2006-02-04 11:51:17 PST,kherron+mozilla,Last Resolved,2006-02-04 11:51:17,
2006-02-04 11:51:17 PST,kherron+mozilla,Status,RESOLVED,ASSIGNED
