When, Who, What, Added, Removed
2006-01-16 20:17:59 PST,reed,CC,reed,
2006-01-19 21:54:28 PST,bmo2010,Attachment #209062                Attachment is obsolete,1,0
2006-01-19 23:52:29 PST,dbaron,CC,justdave,
2006-01-20 00:23:07 PST,justdave,CC,pkim,
2006-01-25 15:08:41 PST,dbaron,Status,RESOLVED,NEW
2006-01-25 15:08:41 PST,dbaron,Resolution,FIXED,---
2006-01-25 15:08:41 PST,dbaron,Last Resolved,2006-01-25 15:08:41,
2006-01-25 15:27:26 PST,bmo2010,Status,VERIFIED,RESOLVED
2012-04-23 08:15:30 PDT,nobody,Product,Websites,Websites
2012-04-23 08:15:30 PDT,nobody,Component,www.mozilla.org,www.mozilla.org/firefox
2012-08-23 00:16:07 PDT,nobody,Product,www.mozilla.org,Websites
2012-08-23 00:16:07 PDT,nobody,Component,General,www.mozilla.org
