When, Who, What, Added, Removed
2006-01-17 07:32:51 PST,hhschwab,URL,data:text/html,<!DOCTYPE html><p></-->PASS<!-->FAIL<! -->,
2006-01-17 07:32:51 PST,hhschwab,CC,hhschwab,
2006-01-17 08:08:09 PST,mrbkap,Priority,P4,--
2006-01-17 08:08:09 PST,mrbkap,Target Milestone,mozilla1.9alpha,---
2006-01-17 08:08:09 PST,mrbkap,Ever confirmed,1,0
2006-01-17 08:08:09 PST,mrbkap,Hardware,All,PC
2006-01-17 08:08:09 PST,mrbkap,OS,All,Windows 2000
2006-01-17 08:08:09 PST,mrbkap,Status,NEW,UNCONFIRMED
2006-01-17 10:05:03 PST,mrbkap,Status,ASSIGNED,NEW
2006-01-17 10:06:04 PST,mrbkap,Attachment #208751                Flags,review?(jst), superreview?(jst),
2006-01-17 14:36:02 PST,gavin.sharp,CC,gavin.sharp,
2006-01-18 16:00:24 PST,jst,Attachment #208751                Flags,review+, superreview+,review?(jst), superreview?(jst)
2006-01-18 16:14:00 PST,mrbkap,Status,RESOLVED,ASSIGNED
2006-01-18 16:14:00 PST,mrbkap,Resolution,FIXED,---
2006-01-18 16:14:00 PST,mrbkap,Last Resolved,2006-01-18 16:14:00,
