When, Who, What, Added, Removed
2006-01-19 18:36:09 PST,jminta,Whiteboard,[good first bug],
2006-01-19 18:36:09 PST,jminta,Summary,Height of minimonth/agenda-tree sidebar should persist,lightning should save resized sidbar-position
2006-01-19 18:36:09 PST,jminta,Status,NEW,UNCONFIRMED
2006-01-19 18:36:09 PST,jminta,Severity,minor,normal
2006-01-19 18:36:09 PST,jminta,Ever confirmed,1,0
2006-03-07 16:02:40 PST,dorsanty,CC,daradorsaneo,
2006-03-13 05:26:01 PST,ssitter,CC,daniel.pz,
2006-03-13 11:15:23 PST,ssitter,Attachment #214925                Flags,first-review?(dmose),
2006-03-13 11:15:23 PST,ssitter,Status,ASSIGNED,NEW
2006-03-13 11:15:23 PST,ssitter,Assignee,ssitter,nobody
2006-04-21 17:10:00 PDT,dmose,Attachment #214925                Flags,first-review+,first-review?(dmose)
2006-04-21 17:22:48 PDT,dmose,Hardware,All,PC
2006-04-21 17:22:48 PDT,dmose,OS,All,Windows XP
2006-04-21 17:22:48 PDT,dmose,Status,RESOLVED,ASSIGNED
2006-04-21 17:22:48 PDT,dmose,Resolution,FIXED,---
2006-04-21 17:22:48 PDT,dmose,Last Resolved,2006-04-21 17:22:48,
2006-04-22 10:53:18 PDT,bmo2010,CC,bmo,
2006-04-22 10:54:35 PDT,bmo2010,Status,VERIFIED,RESOLVED
2006-04-27 07:14:28 PDT,ssitter,CC,z.beauvais,
