When, Who, What, Added, Removed
2006-01-17 02:22:29 PST,rob,Summary,colspan causes <a> tags to collapse <td> to minimum cell width possible when clicked.,colspan causes <a> tags to collapse <td> to minimum cell width possible.
2006-01-17 21:56:40 PST,ajschult,Assignee,nobody,general
2006-01-17 21:56:40 PST,ajschult,QA Contact,layout.tables,general
2006-01-17 21:56:40 PST,ajschult,Ever confirmed,1,0
2006-01-17 21:56:40 PST,ajschult,Keywords,testcase,
2006-01-17 21:56:40 PST,ajschult,Product,Core,Mozilla Application Suite
2006-01-17 21:56:40 PST,ajschult,Version,Trunk,unspecified
2006-01-17 21:56:40 PST,ajschult,Status,NEW,UNCONFIRMED
2006-01-17 21:56:40 PST,ajschult,Component,Layout: Tables,General
2006-01-18 07:04:30 PST,martijn.martijn,CC,martijn.martijn,
2006-01-18 07:04:30 PST,martijn.martijn,Blocks,261196,
2006-01-20 22:47:51 PST,robert,CC,rparenton,
2006-02-04 12:12:01 PST,ryanvm,CC,ryanvm,
2006-02-20 05:03:22 PST,elmar.ludwig,Hardware,All,PC
2006-02-20 05:03:22 PST,elmar.ludwig,OS,All,Windows XP
2006-05-20 19:19:15 PDT,robert,CC,,rparenton
2006-12-10 02:30:55 PST,mats,CC,steve.england,
2006-12-10 05:04:42 PST,ryanvm,Status,RESOLVED,NEW
2006-12-10 05:04:42 PST,ryanvm,Resolution,FIXED,---
2006-12-10 05:04:42 PST,ryanvm,Depends on,300030,
2006-12-10 05:04:42 PST,ryanvm,Last Resolved,2006-12-10 05:04:42,
2006-12-11 13:00:43 PST,ryanvm,Flags,in-testsuite?,
2007-04-02 05:26:39 PDT,jwalden+bmo,CC,jwalden+bmo,
2012-11-10 10:13:32 PST,ryanvm,Flags,,in-testsuite?
