When, Who, What, Added, Removed
2006-01-16 20:17:59 PST,darin.moz,Attachment #208704                Flags,review?(darin),
2006-01-16 20:31:51 PST,gavin.sharp,CC,gavin.sharp,
2006-01-17 08:25:42 PST,steve.england,CC,steve.england,
2006-01-20 09:26:06 PST,steve.england,CC,supernova_00,
2006-06-23 17:18:59 PDT,darin.moz,Status,ASSIGNED,UNCONFIRMED
2006-06-23 17:18:59 PDT,darin.moz,Target Milestone,mozilla1.9alpha,---
2006-06-23 17:18:59 PDT,darin.moz,Ever confirmed,1,0
2006-06-27 16:25:21 PDT,darin.moz,Attachment #208704                Flags,review+,review?(darin)
2006-06-27 16:26:54 PDT,darin.moz,Attachment #208704                Attachment is obsolete,1,0
2006-06-27 16:26:54 PDT,darin.moz,Attachment #227319                Flags,review?(cbiesinger),
2006-06-27 16:42:25 PDT,cbiesinger,Attachment #227319                Flags,review+,review?(cbiesinger)
2006-06-27 16:49:40 PDT,darin.moz,Last Resolved,2006-06-27 16:49:40,
2006-06-27 16:49:40 PDT,darin.moz,Status,RESOLVED,ASSIGNED
2006-06-27 16:49:40 PDT,darin.moz,Resolution,FIXED,---
2006-06-27 16:49:55 PDT,darin.moz,Attachment #227319                Flags,approval1.8.1?,
2006-06-28 20:34:42 PDT,mconnor,Attachment #227319                Flags,approval1.8.1+,approval1.8.1?
2006-07-03 11:02:19 PDT,peter.vanderwoude,CC,peter.vanderwoude,
2006-07-19 18:25:08 PDT,darin.moz,Keywords,fixed1.8.1,
2015-05-20 09:35:34 PDT,honzab.moz,CC,honzab.moz,
