When, Who, What, Added, Removed
2006-01-16 18:01:17 PST,gavin.sharp,CC,gavin.sharp,
2006-01-16 23:16:13 PST,ispiked,CC,ispiked,
2006-02-28 14:01:50 PST,djcater+bugzilla,CC,DJCater,
2006-04-08 02:45:53 PDT,hhschwab,CC,hhschwab,
2006-05-24 02:25:47 PDT,robert.strong.bugs,Product,Webtools,Firefox
2006-05-24 02:25:47 PDT,robert.strong.bugs,Version,Mozbot 1.x,unspecified
2006-05-24 02:25:47 PDT,robert.strong.bugs,Component,Build,Installer
2006-05-24 02:25:47 PDT,robert.strong.bugs,Assignee,preed,nobody
2006-05-24 02:25:47 PDT,robert.strong.bugs,QA Contact,timeless,installer
2006-06-19 10:49:47 PDT,mozpreed,Status,ASSIGNED,NEW
2006-10-30 18:06:57 PST,mozpreed,Status,RESOLVED,ASSIGNED
2006-10-30 18:06:57 PST,mozpreed,Resolution,FIXED,---
2006-10-30 18:06:57 PST,mozpreed,Last Resolved,2006-10-30 18:06:57,
2007-07-09 11:26:46 PDT,reed,Component,Build & Release,Build
2007-07-09 11:26:46 PDT,reed,QA Contact,preed,timeless
2007-07-09 11:26:46 PDT,reed,CC,reed,
2007-07-09 11:26:46 PDT,reed,Product,mozilla.org,Webtools
2007-07-09 11:26:46 PDT,reed,Version,other,Mozbot 1.x
2007-07-09 11:26:46 PDT,reed,OS,Windows Server 2003,Windows 95
2013-08-12 21:54:08 PDT,nobody,Product,Release Engineering,mozilla.org
