When, Who, What, Added, Removed
2006-01-16 21:24:22 PST,gavin.sharp,Attachment #208712                Flags,review?(mconnor),
2006-01-16 21:24:55 PST,gavin.sharp,Status,ASSIGNED,NEW
2006-01-16 22:08:15 PST,reed,CC,reed,
2006-01-16 23:17:14 PST,ispiked,CC,ispiked,
2006-01-16 23:39:59 PST,mconnor,Attachment #208712                Flags,review+,review?(mconnor)
2006-01-17 13:41:39 PST,gavin.sharp,Status,RESOLVED,ASSIGNED
2006-01-17 13:41:39 PST,gavin.sharp,Resolution,FIXED,---
2006-01-17 13:41:39 PST,gavin.sharp,Last Resolved,2006-01-17 13:41:39,
2006-03-03 10:56:12 PST,gavin.sharp,Keywords,fixed1.8.1,
2006-03-03 10:56:12 PST,gavin.sharp,Target Milestone,Firefox 2 alpha1,Firefox 3
2006-08-23 12:17:33 PDT,gavin.sharp,Keywords,verified1.8.1,fixed1.8.1
2006-08-23 12:17:33 PDT,gavin.sharp,Status,VERIFIED,RESOLVED
