When, Who, What, Added, Removed
2006-01-17 08:59:55 PST,ssitter,Attachment #208738                Flags,first-review?(dmose),
2006-01-17 09:00:46 PST,ssitter,Attachment #208740                Flags,first-review?(dmose),
2006-01-17 09:33:46 PST,dmose,Attachment #208738                Flags,first-review-,first-review?(dmose)
2006-01-17 09:38:56 PST,dmose,Attachment #208740                Flags,first-review-,first-review?(dmose)
2006-01-17 11:59:02 PST,Tobias.Besemer,CC,mozilla.bugzilla,
2006-02-06 09:13:10 PST,ssitter,Attachment #208738                Attachment is obsolete,1,0
2006-02-06 09:13:10 PST,ssitter,Attachment #208740                Attachment is obsolete,1,0
2006-02-07 18:30:26 PST,dmose,Blocks,298366,
2006-02-08 10:27:53 PST,worcester12345,CC,worcester12345,
2006-02-08 13:09:31 PST,ssitter,Attachment #210890                Attachment is obsolete,1,0
2006-02-08 13:09:31 PST,ssitter,Attachment #211176                Flags,first-review?(dmose),
2006-02-08 17:39:03 PST,dmose,Attachment #211176                Flags,first-review+,first-review?(dmose)
2006-02-08 17:49:25 PST,dmose,Status,RESOLVED,NEW
2006-02-08 17:49:25 PST,dmose,Resolution,FIXED,---
2006-02-08 17:49:25 PST,dmose,Last Resolved,2006-02-08 17:49:25,
