When, Who, What, Added, Removed
2006-01-17 08:18:58 PST,wurblzap,CC,wurblzap,
2006-01-17 12:16:40 PST,LpSolit,Severity,major,normal
2006-01-17 12:16:40 PST,LpSolit,Component,Query/Bug List,Bug Import/Export & Moving
2006-01-17 12:16:40 PST,LpSolit,Assignee,query-and-buglist,import-export
2006-01-17 12:16:40 PST,LpSolit,CC,mkanat, LpSolit, bugreport,
2006-01-17 12:16:40 PST,LpSolit,Target Milestone,Bugzilla 2.20,---
2006-01-17 12:16:40 PST,LpSolit,Ever confirmed,1,0
2006-01-17 12:16:40 PST,LpSolit,Flags,blocking2.22?, blocking2.20.2?,
2006-01-17 12:16:40 PST,LpSolit,Version,2.20,unspecified
2006-01-17 12:16:40 PST,LpSolit,Hardware,All,PC
2006-01-17 12:16:40 PST,LpSolit,OS,All,Linux
2006-01-17 12:16:40 PST,LpSolit,Status,NEW,UNCONFIRMED
2006-01-17 13:03:10 PST,mkanat,Flags,blocking2.22+, blocking2.20.2+,blocking2.22?, blocking2.20.2?
2006-01-17 14:33:31 PST,gavin.sharp,Summary,"Invalid Column Name" when exportign bug list to CSV,"Invalid Column Name" when exportign bug list to CVS
2006-01-17 14:33:31 PST,gavin.sharp,CC,gavin.sharp,
2006-01-18 21:58:05 PST,ispiked,Summary,"Invalid Column Name" when exporting bug list to CSV,"Invalid Column Name" when exportign bug list to CSV
2006-01-18 21:58:05 PST,ispiked,CC,ispiked,
2006-01-19 06:43:18 PST,LpSolit,Summary,"Invalid Column Name" when exporting bug list to non-HTML format,"Invalid Column Name" when exporting bug list to CSV
2006-01-19 06:54:00 PST,LpSolit,Status,ASSIGNED,NEW
2006-01-19 06:54:00 PST,LpSolit,Assignee,LpSolit,query-and-buglist
2006-01-19 06:54:00 PST,LpSolit,Attachment #208966                Flags,review?(wurblzap),
2006-01-19 08:34:25 PST,wurblzap,Attachment #208966                Flags,review+,review?(wurblzap)
2006-01-19 08:34:48 PST,wurblzap,Flags,approval?, approval2.20?,
2006-01-19 11:20:19 PST,justdave,Flags,approval+, approval2.20+,approval?, approval2.20?
2006-01-19 11:50:55 PST,LpSolit,Status,RESOLVED,ASSIGNED
2006-01-19 11:50:55 PST,LpSolit,Resolution,FIXED,---
2006-01-19 11:50:55 PST,LpSolit,Last Resolved,2006-01-19 11:50:55,
