When, Who, What, Added, Removed
2006-01-17 06:04:08 PST,benjamin,Status,NEW,UNCONFIRMED
2006-01-17 06:04:08 PST,benjamin,Ever confirmed,1,0
2006-01-17 07:45:50 PST,benjamin,Assignee,benjamin,nobody
2006-01-17 09:57:30 PST,benjamin,Attachment #208749                Flags,first-review?(bryner),
2006-01-17 14:36:20 PST,gavin.sharp,CC,gavin.sharp,
2006-01-18 21:56:12 PST,ispiked,CC,ispiked,
2006-02-01 12:40:33 PST,benjamin,Priority,P1,--
2006-02-01 12:40:33 PST,benjamin,CC,bryner,
2006-02-08 06:08:23 PST,benjamin,Attachment #208749                Flags,first-review?(vladimir),first-review?(bryner)
2006-02-08 12:27:55 PST,vladimir,Attachment #208749                Flags,first-review+,first-review?(vladimir)
2006-02-08 14:23:48 PST,benjamin,Status,RESOLVED,NEW
2006-02-08 14:23:48 PST,benjamin,Resolution,FIXED,---
2006-02-08 14:23:48 PST,benjamin,Last Resolved,2006-02-08 14:23:48,
2006-02-09 12:14:39 PST,benjamin,Status,REOPENED,RESOLVED
2006-02-09 12:14:39 PST,benjamin,Resolution,---,FIXED
2006-02-09 13:05:03 PST,benjamin,Status,RESOLVED,REOPENED
2006-02-09 13:05:03 PST,benjamin,Resolution,FIXED,---
2006-02-09 13:05:03 PST,benjamin,Last Resolved,2006-02-09 13:05:03,2006-02-08 14:23:48
2006-02-15 11:59:18 PST,daim.project,Status,REOPENED,RESOLVED
2006-02-15 11:59:18 PST,daim.project,Resolution,---,FIXED
2006-02-15 12:36:25 PST,daim.project,Status,RESOLVED,REOPENED
2006-02-15 12:36:25 PST,daim.project,Resolution,FIXED,---
2006-02-15 12:36:25 PST,daim.project,Last Resolved,2006-02-15 12:36:25,2006-02-09 13:05:03
