When, Who, What, Added, Removed
2006-01-17 11:27:24 PST,darin.moz,Target Milestone,mozilla1.9alpha,---
2006-01-17 11:27:24 PST,darin.moz,Status,ASSIGNED,NEW
2006-01-17 14:32:45 PST,gavin.sharp,CC,gavin.sharp,
2006-01-18 17:29:39 PST,hhschwab,CC,hhschwab,
2006-01-18 22:06:32 PST,ispiked,CC,ispiked,
2006-01-19 10:24:22 PST,darin.moz,Blocks,319368,
2006-01-20 18:06:37 PST,darin.moz,Attachment #209172                Flags,review?(cbiesinger), superreview?(bzbarsky),
2006-01-20 18:07:02 PST,darin.moz,Attachment #209172                Flags,review?(jst),review?(cbiesinger)
2006-01-20 20:04:54 PST,bzbarsky,Attachment #209172                Flags,superreview+,superreview?(bzbarsky)
2006-01-20 22:56:32 PST,robert,CC,rparenton,
2006-01-23 16:34:32 PST,jst,Attachment #209172                Flags,review+,review?(jst)
2006-01-23 21:47:33 PST,darin.moz,Attachment #209172                Attachment is obsolete,1,0
2006-01-23 21:48:32 PST,darin.moz,Status,RESOLVED,ASSIGNED
2006-01-23 21:48:32 PST,darin.moz,Resolution,FIXED,---
2006-01-23 21:48:32 PST,darin.moz,Last Resolved,2006-01-23 21:48:32,
2006-01-23 22:21:05 PST,jwalden+fxhelp,CC,jwalden+bmo,
2006-01-23 23:10:44 PST,darin.moz,Attachment #209426                Flags,review?(bzbarsky), superreview?(bzbarsky),
2006-01-23 23:17:54 PST,bzbarsky,Attachment #209426                Flags,review+, superreview+,review?(bzbarsky), superreview?(bzbarsky)
2006-01-25 07:17:13 PST,darin.moz,Attachment #209426                Attachment description,fixup DOMClassInfo for new interfaces [fixed-on-trunk],fixup DOMClassInfo for new interfaces
2006-03-12 19:05:20 PST,robert,CC,,rparenton
2008-07-31 02:44:09 PDT,timeless,Component,DOM: Core & HTML,DOM: HTML
2008-07-31 02:44:09 PDT,timeless,QA Contact,general,ian
2008-08-01 13:40:26 PDT,bartml,CC,bartml,
