When, Who, What, Added, Removed
2006-01-17 07:01:13 PST,jonathan_haas,Blocks,107023,
2006-01-17 07:01:13 PST,jonathan_haas,Summary,[AltSS] default page style not available when preferred stylesheets media is not screen or all,default page style not available when preferred stylesheets media is not screen or all
2006-01-17 07:07:18 PST,jonathan_haas,CC,jonathan_haas,
2006-01-20 22:42:41 PST,robert,CC,rparenton,
2006-02-11 02:21:09 PST,hhschwab,CC,hhschwab,
2006-02-17 04:58:11 PST,pike,Status,NEW,UNCONFIRMED
2006-02-17 04:58:11 PST,pike,CC,pike,
2006-02-17 04:58:11 PST,pike,Ever confirmed,1,0
2006-02-20 13:23:01 PST,jonathan_haas,Attachment #212521                Flags,review?, superreview?,
2006-02-21 02:36:14 PST,jonathan_haas,Attachment #212521                Flags,review?(mconnor),review?, superreview?
2006-02-21 09:20:13 PST,jonathan_haas,Attachment #212521                Attachment is obsolete,1,0
2006-02-21 09:20:13 PST,jonathan_haas,Attachment #212601                Flags,review?(mconnor),
2006-02-21 09:20:13 PST,jonathan_haas,Attachment #212521                Flags,,review?(mconnor)
2006-02-22 14:00:05 PST,gavin.sharp,CC,gavin.sharp,
2006-02-23 08:19:19 PST,gavin.sharp,Assignee,jonathan_haas,nobody
2006-02-23 08:19:19 PST,gavin.sharp,Target Milestone,Firefox 2 alpha1,---
2006-02-23 08:19:19 PST,gavin.sharp,Version,2.0 Branch,unspecified
2006-02-23 08:19:19 PST,gavin.sharp,Hardware,All,PC
2006-03-01 14:46:31 PST,mconnor,Attachment #212601                Flags,review+,review?(mconnor)
2006-03-01 16:01:00 PST,gavin.sharp,Whiteboard,[checkin needed],
2006-03-12 19:20:33 PST,gavin.sharp,Keywords,fixed1.8.1,
2006-03-12 19:20:33 PST,gavin.sharp,Whiteboard,,[checkin needed]
2006-03-12 19:20:33 PST,gavin.sharp,Summary,default page style not available when preferred stylesheet's media is not screen or all,[AltSS] default page style not available when preferred stylesheets media is not screen or all
2006-03-12 19:20:33 PST,gavin.sharp,Status,RESOLVED,NEW
2006-03-12 19:20:33 PST,gavin.sharp,Resolution,FIXED,---
2006-03-12 19:20:33 PST,gavin.sharp,Last Resolved,2006-03-12 19:20:33,
2006-05-20 19:19:19 PDT,robert,CC,,rparenton
