When, Who, What, Added, Removed
2006-01-17 03:19:48 PST,jruderman,Blocks,323746,
2006-01-17 14:35:34 PST,gavin.sharp,CC,gavin.sharp,
2006-01-17 23:39:33 PST,rbs,Attachment #208838                Flags,review?(roc), superreview?(roc),
2006-01-20 11:21:01 PST,roc,Attachment #208838                Flags,review+, superreview+,review?(roc), superreview?(roc)
2006-01-20 18:53:29 PST,rbs,Status,RESOLVED,NEW
2006-01-20 18:53:29 PST,rbs,Resolution,FIXED,---
2006-01-20 18:53:29 PST,rbs,Last Resolved,2006-01-20 18:53:29,
2007-12-17 16:57:30 PST,jruderman,Flags,in-testsuite+,
