When, Who, What, Added, Removed
2006-01-17 03:57:41 PST,ray,Last Resolved,2006-01-17 03:57:41,
2006-01-17 03:57:41 PST,ray,Status,RESOLVED,UNCONFIRMED
2006-01-17 03:57:41 PST,ray,Resolution,DUPLICATE,---
2006-01-17 03:57:41 PST,ray,CC,bugzilla.mozilla,
2006-02-28 03:03:20 PST,jshin1987,Status,UNCONFIRMED,RESOLVED
2006-02-28 03:03:20 PST,jshin1987,Resolution,---,DUPLICATE
2008-06-25 03:28:32 PDT,vseerror,Assignee,nobody,mscott
2008-06-25 03:28:32 PDT,vseerror,CC,vseerror, shopik, clarkbw,
2008-10-14 01:18:34 PDT,h.goebel,CC,h.goebel,
2008-10-14 16:24:51 PDT,clarkbw,CC,david.ascher,
2008-10-14 16:34:33 PDT,davida,Hardware,All,Macintosh
2008-10-14 16:34:33 PDT,davida,OS,All,Mac OS X
2008-10-14 16:34:33 PDT,davida,Target Milestone,Thunderbird 3,---
2008-10-14 16:34:33 PDT,davida,Flags,wanted-thunderbird3+,
2009-01-26 15:11:50 PST,vseerror,QA Contact,preferences,general
2009-01-26 15:11:50 PST,vseerror,Ever confirmed,1,0
2009-01-26 15:11:50 PST,vseerror,Whiteboard,[good first bug],
2009-01-26 15:11:50 PST,vseerror,Summary,Clarify font prefs - Outgoing Mail as UTF-8 (Unicode) results in strange font behaviour,Outgoing Mail as UTF-8 (Unicode) results in strange font behaviour
2009-01-26 15:11:50 PST,vseerror,Status,NEW,UNCONFIRMED
2009-01-26 15:11:50 PST,vseerror,Component,Preferences,General
2009-02-08 07:36:33 PST,mkmelin+mozilla,CC,mkmelin+mozilla,
2010-05-24 09:23:40 PDT,euryalus.0,CC,al_9x,
2010-05-24 09:37:16 PDT,m-wada,Summary,Clarify font prefs - Outgoing Mail as UTF-8 (Unicode) results in strange font behaviour (rename "Other Languages" to "Unicode" in the "Fonts & Encodings" dialog),Clarify font prefs - Outgoing Mail as UTF-8 (Unicode) results in strange font behaviour
2010-05-24 09:37:16 PDT,m-wada,CC,m-wada,
2010-06-17 08:05:22 PDT,shopik,Target Milestone,---,Thunderbird 3
2010-06-27 09:51:17 PDT,m-wada,CC,,m-wada
2011-07-18 09:49:00 PDT,davida,CC,,dascher
2012-06-09 19:19:02 PDT,m-wada,CC,hugo,
2012-06-10 01:00:28 PDT,richard.marti,Attachment #631722                Flags,review?(mconley), ui-review?(bwinton),
2012-06-10 01:00:28 PDT,richard.marti,Status,ASSIGNED,NEW
2012-06-10 01:00:28 PDT,richard.marti,CC,bwinton, mconley,
2012-06-10 01:00:28 PDT,richard.marti,Assignee,richard.marti,nobody
2012-06-11 13:46:09 PDT,bwinton,Attachment #631722                Flags,ui-review+,ui-review?(bwinton)
2012-06-14 21:22:10 PDT,LD_Bugzilla,CC,LD_Bugzilla,
2012-06-18 07:04:16 PDT,mconley,Attachment #631722                Flags,review+,review?(mconley)
2012-06-18 09:30:22 PDT,richard.marti,Keywords,checkin-needed,
2012-06-18 15:50:27 PDT,ryanvm,Keywords,,checkin-needed
2012-06-18 15:50:27 PDT,ryanvm,Status,RESOLVED,ASSIGNED
2012-06-18 15:50:27 PDT,ryanvm,CC,ryanvm,
2012-06-18 15:50:27 PDT,ryanvm,Resolution,FIXED,---
2012-06-18 15:50:27 PDT,ryanvm,Target Milestone,Thunderbird 16.0,---
2012-06-18 15:50:27 PDT,ryanvm,Flags,in-testsuite-,wanted-thunderbird3+
2012-06-18 15:50:27 PDT,ryanvm,Last Resolved,2012-06-18 15:50:27,2006-01-17 03:57:41
