When, Who, What, Added, Removed
2006-01-17 03:19:48 PST,jruderman,Blocks,323746,
2006-01-17 14:36:06 PST,gavin.sharp,CC,gavin.sharp,
2006-04-25 10:33:53 PDT,rbs,Attachment #219724                Attachment description,patch v1 - don't set the bit that causes the assert on the mathml side,patch v1 - don't set bit that causes the assert on the mathml side
2006-04-25 11:30:40 PDT,rbs,Attachment #219724                Flags,review?(roc), superreview?(roc),
2006-04-27 08:32:04 PDT,roc,Attachment #219724                Flags,review+, superreview+,review?(roc), superreview?(roc)
2006-04-27 12:21:27 PDT,rbs,Status,RESOLVED,NEW
2006-04-27 12:21:27 PDT,rbs,Resolution,FIXED,---
2006-04-27 12:21:27 PDT,rbs,Last Resolved,2006-04-27 12:21:27,
2006-04-27 16:47:16 PDT,jruderman,Status,REOPENED,RESOLVED
2006-04-27 16:47:16 PDT,jruderman,Resolution,---,FIXED
2006-04-28 23:27:32 PDT,rbs,Attachment #220231                Flags,review?(roc), superreview?(roc),
2006-04-29 06:05:08 PDT,rbs,Attachment #220244                Flags,review?(roc), superreview?(roc),
2006-04-29 18:59:03 PDT,roc,Attachment #220244                Flags,review+, superreview+,review?(roc), superreview?(roc)
2006-04-30 13:35:40 PDT,rbs,Status,RESOLVED,REOPENED
2006-04-30 13:35:40 PDT,rbs,Resolution,FIXED,---
2006-04-30 13:35:40 PDT,rbs,Last Resolved,2006-04-30 13:35:40,2006-04-27 12:21:27
2006-04-30 13:36:12 PDT,rbs,Attachment #220231                Attachment is obsolete,1,0
2006-04-30 13:36:12 PDT,rbs,Attachment #220231                Flags,,review?(roc), superreview?(roc)
2006-11-14 19:24:15 PST,jruderman,Attachment #220244                Flags,approval1.8.1.1?,
2006-11-27 17:52:12 PST,dveditz,Attachment #220244                Flags,approval1.8.1.1+,approval1.8.1.1?
2006-11-30 01:19:49 PST,reed,CC,reed,
2006-11-30 17:28:06 PST,rbs,Attachment #220244                Flags,,approval1.8.1.1+
2007-12-17 16:50:04 PST,jruderman,Flags,in-testsuite+,
