When, Who, What, Added, Removed
2006-01-20 13:46:44 PST,ispiked,Summary,iihf.com - mimetype text/plain for jsp pages,iihf.com uses mimetype text/plain for jsp pages.
2006-01-20 13:46:44 PST,ispiked,Hardware,All,PC
2006-01-20 13:46:44 PST,ispiked,OS,All,Linux
2006-01-20 13:46:44 PST,ispiked,CC,ispiked,
2006-02-12 02:48:34 PST,bugzilla,Status,NEW,UNCONFIRMED
2006-02-12 02:48:34 PST,bugzilla,Ever confirmed,1,0
2006-05-13 18:36:44 PDT,bob,Last Resolved,2006-05-13 18:36:44,
2006-05-13 18:36:44 PDT,bob,Status,RESOLVED,NEW
2006-05-13 18:36:44 PDT,bob,Resolution,FIXED,---
2015-04-19 23:39:06 PDT,nobody,Product,Tech Evangelism Graveyard,Tech Evangelism
