When, Who, What, Added, Removed
2006-01-17 13:10:21 PST,dbaron,Keywords,topcrash,
2006-01-17 13:10:21 PST,dbaron,Summary,event listener wrapper preservation can leave dangling nsIDOMGCParticipant in preserved wrapper table [@ ClassifyWrapper],event listener wrapper preservation can leave dangling nsIDOMGCParticipant in preserved wrapper table
2006-01-17 13:12:53 PST,ajvincent,CC,ajvincent,
2006-01-17 13:17:16 PST,martijn.martijn,CC,martijn.martijn,
2006-01-17 14:13:45 PST,gavin.sharp,CC,gavin.sharp,
2006-01-17 14:54:01 PST,steve.england,Severity,critical,normal
2006-01-17 14:54:01 PST,steve.england,CC,steve.england,
2006-01-17 16:17:06 PST,jruderman,CC,jruderman,
2006-01-17 17:32:54 PST,dbaron,Whiteboard,[patch],
2006-01-17 18:39:36 PST,dbaron,Attachment #208801                Attachment description,patch,patch (untested)
2006-01-17 18:39:36 PST,dbaron,Attachment #208801                Flags,review?(mrbkap), superreview?(jst),
2006-01-18 13:46:59 PST,mozilla_bugs,CC,mozilla_bugs,
2006-01-18 15:18:37 PST,mrbkap,Attachment #208801                Flags,review+,review?(mrbkap)
2006-01-18 16:05:02 PST,jst,Attachment #208801                Flags,superreview+,superreview?(jst)
2006-01-18 18:47:13 PST,dbaron,Last Resolved,2006-01-18 18:47:13,
2006-01-18 18:47:13 PST,dbaron,Status,RESOLVED,NEW
2006-01-18 18:47:13 PST,dbaron,Resolution,FIXED,---
2006-01-20 15:31:22 PST,robert,CC,rparenton,
2006-03-12 19:05:21 PST,robert,CC,,rparenton
2006-05-05 12:33:38 PDT,dbaron,Blocks,336791,
2006-06-14 21:01:05 PDT,dbaron,Keywords,fixed1.8.1,
2011-06-13 10:01:44 PDT,nobody,Crash Signature,[@ ClassifyWrapper],
