When, Who, What, Added, Removed
2006-01-17 23:04:39 PST,bugzilla-graveyard,CC,bugzilla, bugzilla,
2006-01-17 23:08:49 PST,samuel.sidler+old,CC,sfraser_bugs,
2006-01-17 23:37:35 PST,alqahira,Keywords,dataloss,
2006-01-17 23:37:35 PST,alqahira,Severity,critical,normal
2006-01-18 07:39:46 PST,sfraser_bugs,Target Milestone,Camino1.0,---
2006-01-18 07:39:46 PST,sfraser_bugs,Flags,camino1.0+,
2006-01-18 09:47:08 PST,krmathis,CC,krmathis,
2006-01-22 10:51:31 PST,sfraser_bugs,Assignee,sfraser_bugs,mikepinkerton
2006-01-22 11:49:20 PST,sfraser_bugs,Resolution,FIXED,---
2006-01-22 11:49:20 PST,sfraser_bugs,Last Resolved,2006-01-22 11:49:20,
2006-01-22 11:49:20 PST,sfraser_bugs,Keywords,fixed1.8.0.1, fixed1.8.1,
2006-01-22 11:49:20 PST,sfraser_bugs,Status,RESOLVED,NEW
2006-02-22 04:09:20 PST,alqahira,Blocks,328185,
2006-02-26 21:13:24 PST,samuel.sidler+old,Attachment #213282                Flags,review?(alqahira), superreview?(sfraser_bugs),
2006-02-27 07:05:49 PST,alqahira,Attachment #213282                Flags,review-,review?(alqahira), superreview?(sfraser_bugs)
2006-02-27 07:22:55 PST,alqahira,CC,alqahira,
2006-02-27 20:05:24 PST,samuel.sidler+old,Attachment #213282                Attachment is obsolete,1,0
2006-02-27 20:05:24 PST,samuel.sidler+old,Attachment #213407                Flags,review?(alqahira), superreview?(sfraser_bugs),
2006-02-28 00:24:08 PST,alqahira,Attachment #213407                Flags,review-,review?(alqahira), superreview?(sfraser_bugs)
2006-02-28 00:27:08 PST,alqahira,Blocks,,328185
2006-03-02 19:57:45 PST,samuel.sidler+old,CC,mark,
