When, Who, What, Added, Removed
2006-01-17 23:56:14 PST,philringnalda,Version,1.8 Branch,unspecified
2006-01-17 23:56:14 PST,philringnalda,Component,Networking,General
2006-01-17 23:56:14 PST,philringnalda,Assignee,darin,nobody
2006-01-17 23:56:14 PST,philringnalda,QA Contact,benc,general
2006-01-17 23:56:14 PST,philringnalda,CC,bugzilla,
2006-01-17 23:56:14 PST,philringnalda,Product,Core,Firefox
2006-01-18 21:42:36 PST,ispiked,CC,ispiked,
2006-01-23 15:15:11 PST,darin.moz,Version,Trunk,1.8 Branch
2006-01-23 15:15:11 PST,darin.moz,Status,ASSIGNED,UNCONFIRMED
2006-01-23 15:15:11 PST,darin.moz,Target Milestone,mozilla1.9alpha,---
2006-01-23 15:15:11 PST,darin.moz,Ever confirmed,1,0
2006-01-24 07:01:14 PST,darin.moz,Attachment #209444                Flags,review?(cbiesinger), superreview?(bzbarsky),
2006-01-24 08:15:19 PST,bzbarsky,Attachment #209444                Flags,superreview+,superreview?(bzbarsky)
2006-01-24 16:13:06 PST,cbiesinger,Attachment #209444                Flags,review+,review?(cbiesinger)
2006-01-24 16:48:48 PST,darin.moz,Status,RESOLVED,ASSIGNED
2006-01-24 16:48:48 PST,darin.moz,Resolution,FIXED,---
2006-01-24 16:48:48 PST,darin.moz,Last Resolved,2006-01-24 16:48:48,
2006-01-24 16:49:03 PST,darin.moz,Attachment #209444                Flags,approval1.8.0.2?, approval1.8.1?,
2006-01-24 17:18:50 PST,gavin.sharp,CC,gavin.sharp,
2006-01-31 06:47:14 PST,benjamin,Attachment #209444                Flags,branch-1.8.1+,approval1.8.1?
2006-01-31 07:01:36 PST,darin.moz,Keywords,fixed1.8.1,
2006-02-22 01:08:58 PST,dveditz,Attachment #209444                Flags,approval1.8.0.2+,approval1.8.0.2?
2006-02-22 01:09:11 PST,dveditz,Flags,blocking1.8.0.2+,
2006-02-23 11:39:54 PST,darin.moz,Keywords,fixed1.8.0.2,
2006-03-02 10:58:02 PST,mozmail,Whiteboard,[rft-dl],
