When, Who, What, Added, Removed
2006-01-17 23:27:38 PST,surkov.alexander,Depends on,323845,
2006-01-17 23:30:58 PST,surkov.alexander,Blocks,307627,
2006-01-18 11:00:32 PST,aaronr,CC,doronr, allan, smaug,
2006-02-14 01:37:31 PST,allan,Assignee,surkov,aaronr
2006-02-14 01:37:43 PST,allan,Status,ASSIGNED,UNCONFIRMED
2006-02-14 01:37:43 PST,allan,Ever confirmed,1,0
2006-02-14 20:23:51 PST,surkov.alexander,Attachment #211942                Flags,review?(smaug),
2006-02-14 20:25:28 PST,surkov.alexander,Attachment #211942                Flags,review?(allan),
2006-02-14 20:55:06 PST,surkov.alexander,Blocks,327236,
2006-02-16 02:14:17 PST,allan,Attachment #211942                Flags,review-,review?(smaug), review?(allan)
2006-02-16 04:30:15 PST,surkov.alexander,Attachment #211942                Attachment is obsolete,1,0
2006-02-16 04:30:15 PST,surkov.alexander,Attachment #212107                Flags,review?(allan),
2006-02-16 04:31:53 PST,surkov.alexander,Attachment #212107                Flags,review?(smaug),
2006-02-16 08:11:15 PST,allan,Blocks,326556,
2006-02-17 00:17:59 PST,allan,Attachment #212107                Flags,review+,review?(allan)
2006-02-20 02:40:31 PST,surkov.alexander,Attachment #212107                Attachment is obsolete,1,0
2006-02-20 02:40:31 PST,surkov.alexander,Attachment #212462                Flags,review?(smaug),
2006-02-20 02:40:31 PST,surkov.alexander,Attachment #212107                Flags,,review?(smaug)
2006-02-20 18:42:59 PST,surkov.alexander,Attachment #212547                Flags,review?(smaug),
2006-02-20 18:42:59 PST,surkov.alexander,Attachment #212462                Flags,,review?(smaug)
2006-02-20 18:42:59 PST,surkov.alexander,Attachment #212462                Attachment is obsolete,1,0
2006-02-21 10:37:40 PST,bugs,Attachment #212547                Flags,review+,review?(smaug)
2006-02-21 10:51:42 PST,bugs,Whiteboard,xf-to-branch,
2006-03-15 01:20:36 PST,allan,Status,RESOLVED,ASSIGNED
2006-03-15 01:20:36 PST,allan,Resolution,FIXED,---
2006-03-15 01:20:36 PST,allan,Last Resolved,2006-03-15 01:20:36,
2006-04-07 03:28:18 PDT,allan,Blocks,332853,
2006-04-07 03:38:56 PDT,allan,Keywords,fixed1.8.0.3, fixed1.8.1,
2006-04-07 04:41:25 PDT,allan,Whiteboard,,xf-to-branch
