When, Who, What, Added, Removed
2006-01-17 23:16:02 PST,surkov.alexander,Attachment #208835                Flags,review?(smaug),
2006-01-17 23:17:45 PST,surkov.alexander,Attachment #208835                Flags,review?(allan),
2006-01-17 23:25:38 PST,surkov.alexander,Blocks,314003,
2006-01-17 23:27:38 PST,surkov.alexander,Blocks,323850,
2006-01-17 23:52:12 PST,surkov.alexander,Summary,Expose base widgets for xforms widgets (xforms.xml),Expose base widget for xforms widgets (xforms.xml)
2006-01-17 23:52:12 PST,surkov.alexander,Blocks,323851,
2006-01-18 10:58:59 PST,aaronr,CC,doronr, allan, smaug,
2006-01-28 12:21:11 PST,bugs,Attachment #208835                Flags,review-,review?(smaug), review?(allan)
2006-01-28 12:26:58 PST,ajvincent,CC,ajvincent,
2006-01-30 09:41:05 PST,bugs,Assignee,surkov,aaronr
2006-01-31 21:02:54 PST,surkov.alexander,Attachment #208835                Attachment is obsolete,1,0
2006-01-31 21:02:54 PST,surkov.alexander,Attachment #210318                Flags,review?(smaug),
2006-01-31 21:04:37 PST,surkov.alexander,Attachment #210318                Flags,review?(allan),
2006-02-04 22:49:39 PST,surkov.alexander,Attachment #210738                Flags,review?(smaug),
2006-02-04 22:49:39 PST,surkov.alexander,Attachment #210318                Flags,,review?(smaug), review?(allan)
2006-02-04 22:49:39 PST,surkov.alexander,Attachment #210318                Attachment is obsolete,1,0
2006-02-04 22:50:12 PST,surkov.alexander,Attachment #210738                Flags,review?(allan),
2006-02-04 22:51:06 PST,surkov.alexander,Attachment #208834                Attachment is obsolete,1,0
2006-02-05 23:07:28 PST,surkov.alexander,Attachment #210838                Flags,review?(smaug),
2006-02-05 23:13:48 PST,surkov.alexander,Attachment #210738                Attachment is obsolete,1,0
2006-02-05 23:13:48 PST,surkov.alexander,Attachment #210738                Flags,,review?(smaug), review?(allan)
2006-02-06 00:32:00 PST,surkov.alexander,Attachment #210838                Flags,review?(allan),
2006-02-07 11:30:35 PST,bugs,Attachment #210838                Flags,review-,review?(smaug)
2006-02-07 22:35:25 PST,surkov.alexander,Attachment #210838                Attachment is obsolete,1,0
2006-02-07 22:35:25 PST,surkov.alexander,Attachment #211106                Flags,review?(smaug),
2006-02-07 22:35:25 PST,surkov.alexander,Attachment #210838                Flags,,review?(allan)
2006-02-07 22:39:08 PST,surkov.alexander,Attachment #211106                Flags,review?(allan),
2006-02-08 14:08:35 PST,bugs,Attachment #211106                Flags,review-,review?(smaug)
2006-02-09 00:04:56 PST,surkov.alexander,Attachment #211106                Attachment is obsolete,1,0
2006-02-09 00:04:56 PST,surkov.alexander,Attachment #211239                Flags,review?(smaug),
2006-02-09 00:04:56 PST,surkov.alexander,Attachment #211106                Flags,,review?(allan)
2006-02-09 13:39:57 PST,bugs,Attachment #211239                Flags,review-,review?(smaug)
2006-02-09 22:56:52 PST,surkov.alexander,Attachment #211239                Attachment is obsolete,1,0
2006-02-09 22:56:52 PST,surkov.alexander,Attachment #211356                Flags,review?(allan),
2006-02-09 22:57:47 PST,surkov.alexander,Attachment #211356                Flags,review?(smaug),
2006-02-11 16:10:25 PST,bugs,Attachment #211356                Flags,review-,review?(allan), review?(smaug)
2006-02-11 16:12:18 PST,bugs,Attachment #211534                Attachment mime type,application/xhtml+xml,text/xml
2006-02-12 21:57:34 PST,surkov.alexander,Attachment #211686                Flags,review?(smaug),
2006-02-12 21:58:08 PST,surkov.alexander,Attachment #211686                Flags,review?(allan),
2006-02-12 21:58:30 PST,surkov.alexander,Attachment #211356                Attachment is obsolete,1,0
2006-02-12 23:29:51 PST,bugs,Attachment #211686                Flags,review+,review?(smaug)
2006-02-14 00:35:19 PST,allan,Status,ASSIGNED,UNCONFIRMED
2006-02-14 00:35:19 PST,allan,Ever confirmed,1,0
2006-02-14 00:54:05 PST,allan,Attachment #211686                Flags,review+,review?(allan)
2006-02-14 01:25:27 PST,surkov.alexander,Attachment #211686                Attachment is obsolete,1,0
2006-02-14 01:36:13 PST,allan,Whiteboard,xf-to-branch,
2006-02-14 20:55:06 PST,surkov.alexander,Blocks,327236,
2006-03-01 12:32:33 PST,aaronr,Blocks,326556,
2006-03-15 01:20:20 PST,allan,Status,RESOLVED,ASSIGNED
2006-03-15 01:20:20 PST,allan,Resolution,FIXED,---
2006-03-15 01:20:20 PST,allan,Last Resolved,2006-03-15 01:20:20,
2006-04-07 03:28:18 PDT,allan,Blocks,332853,
2006-04-07 03:38:50 PDT,allan,Keywords,fixed1.8.0.3, fixed1.8.1,
2006-04-07 04:41:07 PDT,allan,Whiteboard,,xf-to-branch
