When, Who, What, Added, Removed
2006-01-18 09:22:19 PST,steve.england,Keywords,testcase,
2006-01-18 09:22:19 PST,steve.england,Product,Core,Firefox
2006-01-18 09:22:19 PST,steve.england,Version,Trunk,unspecified
2006-01-18 09:22:19 PST,steve.england,Component,Layout,General
2006-01-18 09:22:19 PST,steve.england,QA Contact,layout,general
2006-01-18 09:22:19 PST,steve.england,CC,steve.england,
2006-01-18 21:49:11 PST,ispiked,CC,ispiked,
2006-01-19 14:10:55 PST,hhschwab,CC,hhschwab,
2007-05-09 08:08:59 PDT,martijn.martijn,Status,RESOLVED,UNCONFIRMED
2007-05-09 08:08:59 PDT,martijn.martijn,Resolution,FIXED,---
2007-05-09 08:08:59 PDT,martijn.martijn,CC,martijn.martijn,
2007-05-09 08:08:59 PDT,martijn.martijn,Depends on,300030,
2007-05-09 08:08:59 PDT,martijn.martijn,Last Resolved,2007-05-09 08:08:59,
2007-05-09 11:40:19 PDT,jwalden+bmo,CC,jwalden+bmo,
2007-05-09 11:40:19 PDT,jwalden+bmo,Flags,in-testsuite?,
