When, Who, What, Added, Removed
2006-01-17 13:07:56 PST,bzbarsky,Flags,blocking-seamonkey1.0?,
2006-01-17 14:03:24 PST,iann_bugzilla,CC,iann_bugzilla,
2006-01-17 14:13:23 PST,gavin.sharp,CC,gavin.sharp,
2006-01-17 14:26:42 PST,stefanh,CC,stefanh,
2006-01-17 14:33:53 PST,cbiesinger,Flags,blocking-seamonkey1.0+,blocking-seamonkey1.0?
2006-01-20 14:33:40 PST,raj,CC,raj,
2006-01-22 19:38:33 PST,ajschult,Attachment #209323                Flags,review?(neil.parkwaycc.co.uk), superreview?(neil.parkwaycc.co.uk),
2006-01-23 11:12:19 PST,ajschult,CC,ajschult,
2006-01-23 23:18:45 PST,ajschult,Attachment #209427                Flags,review?(neil.parkwaycc.co.uk), superreview?(neil.parkwaycc.co.uk),
2006-01-24 11:20:40 PST,ajschult,Attachment #209427                Attachment is obsolete,1,0
2006-01-24 11:20:40 PST,ajschult,Attachment #209463                Flags,review?(neil.parkwaycc.co.uk), superreview?(neil.parkwaycc.co.uk),
2006-01-24 11:20:40 PST,ajschult,Attachment #209427                Flags,,review?(neil.parkwaycc.co.uk), superreview?(neil.parkwaycc.co.uk)
2006-01-24 15:40:25 PST,neil,Attachment #209463                Flags,review+, superreview+,review?(neil.parkwaycc.co.uk), superreview?(neil.parkwaycc.co.uk)
2006-01-24 15:45:07 PST,ajschult,Attachment #209463                Flags,approval-seamonkey1.0?, approval-seamonkey1.1?,
2006-01-24 15:48:35 PST,csthomas,Attachment #209463                Flags,approval-seamonkey1.1+,approval-seamonkey1.1?
2006-01-24 15:54:02 PST,ajschult,Attachment #209323                Flags,,review?(neil.parkwaycc.co.uk), superreview?(neil.parkwaycc.co.uk)
2006-01-24 15:57:04 PST,iann_bugzilla,Attachment #209463                Flags,approval-seamonkey1.0+,approval-seamonkey1.0?
2006-01-24 18:08:22 PST,ajschult,Keywords,fixed1.8.0.1, fixed1.8.1,
2006-01-24 18:08:22 PST,ajschult,Whiteboard,fixed-seamonkey1.0,
2006-02-08 21:14:49 PST,bzbarsky,Flags,blocking-seamonkey1.1a?,
2006-02-09 04:37:40 PST,cbiesinger,Flags,,blocking-seamonkey1.1a?
2006-03-25 04:18:31 PST,bugzillamozillaorg_serge_20140323,Keywords,fixed-seamonkey1.0,
2006-03-25 04:18:31 PST,bugzillamozillaorg_serge_20140323,Whiteboard,,fixed-seamonkey1.0
2006-05-19 08:35:28 PDT,bugzillamozillaorg_serge_20140323,Blocks,282178,
2007-07-14 04:06:53 PDT,neil,Attachment #272303                Flags,review?,
2007-07-14 04:07:54 PDT,neil,Attachment #272303                Flags,review?(cst),review?
2009-08-14 05:33:52 PDT,neil,Attachment #272303                Flags,review?(iann_bugzilla),review?(cst)
2009-08-24 16:52:33 PDT,iann_bugzilla,Attachment #272303                Flags,review+,review?(iann_bugzilla)
2009-09-01 16:05:47 PDT,neil,Status,RESOLVED,NEW
2009-09-01 16:05:47 PDT,neil,Resolution,FIXED,---
2009-09-01 16:05:47 PDT,neil,Last Resolved,2009-09-01 16:05:47,
2009-09-22 06:18:27 PDT,mozilla,CC,mozilla,
