When, Who, What, Added, Removed
2006-01-18 04:23:39 PST,mnyromyr,CC,mnyromyr,
2006-01-18 19:04:12 PST,ajschult,Keywords,dataloss,
2006-01-18 19:04:12 PST,ajschult,Product,Core,Mozilla Application Suite
2006-01-18 19:04:12 PST,ajschult,Version,1.8 Branch,unspecified
2006-01-18 19:04:12 PST,ajschult,Component,Networking: IMAP,MailNews: Main Mail Window
2006-01-18 19:04:12 PST,ajschult,Assignee,bienvenu,mail
2006-01-18 19:04:12 PST,ajschult,QA Contact,grylchan,
2006-01-18 19:14:01 PST,ajschult,Version,Trunk,1.8 Branch
2006-01-18 19:14:01 PST,ajschult,OS,All,Windows 2000
2006-01-18 19:14:01 PST,ajschult,Status,NEW,UNCONFIRMED
2006-01-18 19:14:01 PST,ajschult,Ever confirmed,1,0
2006-01-18 22:16:06 PST,ispiked,CC,ispiked,
2006-03-05 19:57:15 PST,sranta,CC,sranta,
2007-11-19 18:33:45 PST,adam,CC,adam,
2008-04-23 05:59:08 PDT,vseerror,QA Contact,networking.imap,grylchan
2008-04-23 05:59:08 PDT,vseerror,CC,bugmil.ebirol, vseerror, bienvenu, m-wada,
2008-04-23 10:16:04 PDT,bugmil.ebirol,Assignee,bugmil.ebirol,bienvenu
2009-01-22 10:17:27 PST,nobody,Product,MailNews Core,Core
2009-04-03 04:57:30 PDT,a.nielsen,CC,a.nielsen,
2009-04-13 03:44:42 PDT,jens.berger+mozilla,CC,jb2005,
2009-07-09 07:11:57 PDT,citrusmoose,CC,citrusmoose,
2009-07-09 07:13:00 PDT,citrusmoose,Flags,blocking-thunderbird3?,
2009-07-09 07:58:21 PDT,standard8,Assignee,bienvenu,bugmil.ebirol
2009-07-09 13:32:09 PDT,mozilla,Status,ASSIGNED,NEW
2009-07-09 13:32:09 PDT,mozilla,Target Milestone,Thunderbird 3.0b4,---
2009-07-09 13:32:09 PDT,mozilla,Flags,blocking-thunderbird3+,blocking-thunderbird3?
2009-07-21 13:21:08 PDT,mozilla,Attachment #389750                Flags,review?(bugzilla), superreview?(bugzilla),
2009-07-21 15:32:49 PDT,sspitzer,CC,seth,
2009-07-23 08:24:36 PDT,mozilla,Attachment #390232                Flags,review?(bugzilla), superreview?(bugzilla),
2009-07-28 05:48:36 PDT,standard8,Attachment #389750                Flags,review+, superreview+,review?(bugzilla), superreview?(bugzilla)
2009-07-28 07:35:22 PDT,mozilla,Attachment #389750                Attachment description,prepatory cleanup work - checked in.,prepatory cleanup work
2009-07-28 07:36:16 PDT,mozilla,Whiteboard,[needs r/sr standard8 on 2nd of planned 3 patches],
2009-07-29 07:51:37 PDT,standard8,Attachment #390232                Flags,review+, superreview+,review?(bugzilla), superreview?(bugzilla)
2009-07-29 08:07:26 PDT,standard8,Whiteboard,[2nd patch ready to land][needs 3rd and final patch],[needs r/sr standard8 on 2nd of planned 3 patches]
2009-07-29 08:14:59 PDT,mozilla,Whiteboard,[needs 3rd and final patch],[2nd patch ready to land][needs 3rd and final patch]
2009-07-29 08:15:20 PDT,mozilla,Attachment #390232                Attachment description,propagate extra status from imap protocol code to runner of url - checked in.,propagate extra status from imap protocol code to runner of url
2009-07-29 11:30:32 PDT,mkmelin+mozilla,CC,mkmelin+mozilla,
2009-08-04 16:17:17 PDT,mozilla,Depends on,508419,
2009-08-04 17:52:58 PDT,mozilla,Depends on,508457,
2009-08-04 18:08:49 PDT,mozilla,Attachment #391946                Attachment is obsolete,1,0
2009-08-04 18:08:49 PDT,mozilla,Attachment #392637                Flags,review?(bugzilla), superreview?(bugzilla),
2009-08-07 05:46:54 PDT,mmokrejs,CC,mmokrejs,
2009-08-07 07:07:16 PDT,mozilla,Blocks,417167,
2009-08-18 05:34:44 PDT,bugzilla,Whiteboard,[needs 3rd and final patch][no l10n impact],[needs 3rd and final patch]
2009-08-18 06:54:12 PDT,mozilla,Whiteboard,[needs r/sr standard8][no l10n impact],[needs 3rd and final patch][no l10n impact]
2009-08-19 15:18:30 PDT,mozilla,Attachment #392637                Attachment is obsolete,1,0
2009-08-19 15:18:30 PDT,mozilla,Attachment #395424                Flags,review?(bugzilla), superreview?(bugzilla),
2009-08-19 15:18:30 PDT,mozilla,Attachment #392637                Flags,,review?(bugzilla), superreview?(bugzilla)
2009-08-19 15:21:14 PDT,mozilla,CC,shaun,
2009-08-19 16:43:59 PDT,adam,CC,,adam
2009-08-20 06:56:32 PDT,standard8,Attachment #395424                Flags,review+, superreview+,review?(bugzilla), superreview?(bugzilla)
2009-08-20 07:45:56 PDT,mozilla,Last Resolved,2009-08-20 07:45:56,
2009-08-20 07:45:56 PDT,mozilla,Status,RESOLVED,ASSIGNED
2009-08-20 07:45:56 PDT,mozilla,Resolution,FIXED,---
2009-08-20 08:15:09 PDT,mozilla,Whiteboard,[no l10n impact],[needs r/sr standard8][no l10n impact]
2010-03-24 02:06:12 PDT,ludovic,CC,jlar310,
