When, Who, What, Added, Removed
2006-01-17 14:59:01 PST,zeniko,Attachment #208782                Flags,first-review?(mconnor),
2006-01-17 14:59:56 PST,gavin.sharp,Status,NEW,UNCONFIRMED
2006-01-17 14:59:56 PST,gavin.sharp,Assignee,zeniko,nobody
2006-01-17 14:59:56 PST,gavin.sharp,CC,gavin.sharp,
2006-01-17 14:59:56 PST,gavin.sharp,Ever confirmed,1,0
2006-01-18 22:03:19 PST,ispiked,CC,ispiked,
2006-03-29 15:51:24 PST,BoxerBoi76,CC,BoxerBoi76,
2007-02-09 19:59:07 PST,zeniko,Attachment #208782                Flags,first-review?(gavin.sharp),first-review?(mconnor)
2007-04-18 10:27:34 PDT,timeless,Attachment #208782                Flags,review?(gavin.sharp),first-review?(gavin.sharp)
2007-07-25 09:23:42 PDT,gavin.sharp,Attachment #208782                Flags,review+,review?(gavin.sharp)
2007-07-25 09:27:20 PDT,gavin.sharp,Keywords,checkin-needed,
2007-07-25 09:27:20 PDT,gavin.sharp,Version,Trunk,unspecified
2007-07-25 09:27:20 PDT,gavin.sharp,Hardware,All,PC
2007-07-25 09:27:20 PDT,gavin.sharp,OS,All,Windows XP
2007-08-04 02:29:06 PDT,dao,CC,dao,
2007-08-04 03:03:08 PDT,zeniko,Attachment #208782                Attachment is obsolete,1,0
2007-08-12 03:46:14 PDT,zeniko,Attachment #275233                Flags,approval1.9?,
2007-08-12 06:39:49 PDT,gavin.sharp,Attachment #275233                Flags,,approval1.9?
2007-08-12 07:06:31 PDT,gavin.sharp,Keywords,,checkin-needed
2007-08-12 07:06:31 PDT,gavin.sharp,Status,RESOLVED,NEW
2007-08-12 07:06:31 PDT,gavin.sharp,Resolution,FIXED,---
2007-08-12 07:06:31 PDT,gavin.sharp,Target Milestone,mozilla1.9 M8,---
2007-08-12 07:06:31 PDT,gavin.sharp,Last Resolved,2007-08-12 07:06:31,
