When, Who, What, Added, Removed
2006-01-18 11:09:00 PST,mozilla,Attachment #208843                Attachment is obsolete,1,0
2006-01-18 11:13:08 PST,mozilla,CC,roc,
2006-01-18 13:12:01 PST,mozilla,Attachment #208878                Flags,review?(benjamin),
2006-01-18 15:14:01 PST,gavin.sharp,CC,gavin.sharp,
2006-01-20 12:04:01 PST,benjamin,Attachment #208878                Flags,review+,review?(benjamin)
2006-01-22 11:10:16 PST,mozilla,Attachment #208878                Flags,superreview?(shaver),
2006-01-22 11:44:55 PST,shaver,Attachment #208878                Flags,superreview-,superreview?(shaver)
2006-01-22 11:58:16 PST,mozilla,CC,shaver,
2006-01-22 22:28:05 PST,shaver,Attachment #208878                Flags,superreview+,superreview-
2006-01-24 21:47:02 PST,mozilla,Status,RESOLVED,NEW
2006-01-24 21:47:02 PST,mozilla,Resolution,FIXED,---
2006-01-24 21:47:02 PST,mozilla,Last Resolved,2006-01-24 21:47:02,
2006-01-27 15:14:08 PST,bzbarsky,CC,benjamin, bzbarsky, dbaron,
2006-01-28 01:06:33 PST,mozilla,Status,REOPENED,RESOLVED
2006-01-28 01:06:33 PST,mozilla,Resolution,---,FIXED
2006-02-01 20:51:30 PST,caillon,Attachment #208878                Flags,approval-aviary1.0.8?, approval1.7.13?, approval1.8.0.2?, branch-1.8.1?,
2006-02-01 21:02:41 PST,caillon,Attachment #208878                Flags,,approval-aviary1.0.8?, approval1.7.13?, approval1.8.0.2?, branch-1.8.1?
2006-02-05 17:59:10 PST,ispiked,CC,ispiked,
2006-02-05 18:09:33 PST,dbaron,Attachment #210815                Flags,review?(mozilla),
2006-02-05 22:50:38 PST,mozilla,Attachment #210815                Flags,review+,review?(mozilla)
2006-02-05 22:55:00 PST,mozilla,Attachment #208878                Attachment is obsolete,1,0
2006-02-05 22:55:00 PST,mozilla,Attachment #209335                Attachment is obsolete,1,0
2006-02-05 22:55:00 PST,mozilla,Attachment #210230                Attachment is obsolete,1,0
2006-02-05 22:57:12 PST,dbaron,Attachment #210815                Flags,superreview?(shaver),
2006-02-06 09:15:42 PST,kaie,CC,drepper,
2006-02-06 09:16:24 PST,kaie,CC,kengert,
2006-02-06 12:35:49 PST,dbaron,Attachment #210815                Attachment is obsolete,1,0
2006-02-06 12:35:49 PST,dbaron,Attachment #210915                Flags,review?(mozilla), superreview?(shaver),
2006-02-06 12:35:49 PST,dbaron,Attachment #210815                Flags,,superreview?(shaver)
2006-02-06 12:43:51 PST,shaver,Attachment #210915                Flags,superreview+,superreview?(shaver)
2006-02-09 14:22:14 PST,caillon,Attachment #210915                Flags,review+,review?(mozilla)
2006-02-09 15:04:35 PST,dbaron,Assignee,dbaron,dougt
2006-02-09 15:04:35 PST,dbaron,Status,NEW,REOPENED
2006-02-09 15:11:34 PST,dbaron,Status,RESOLVED,NEW
2006-02-09 15:11:34 PST,dbaron,Resolution,FIXED,---
2006-02-09 15:11:34 PST,dbaron,Last Resolved,2006-02-09 15:11:34,2006-01-24 21:47:02
2006-02-09 15:15:10 PST,dbaron,Attachment #210915                Flags,branch-1.8.1?(shaver),
2006-02-13 14:28:13 PST,shaver,Attachment #210915                Flags,approval-branch-1.8.1+,approval-branch-1.8.1?(shaver)
2006-02-14 10:24:54 PST,caillon,Attachment #211873                Flags,approval-aviary1.0.8?, approval1.7.13?,
2006-02-14 11:19:42 PST,dbaron,Keywords,fixed1.8.1,
2006-02-16 12:01:46 PST,dveditz,Attachment #211873                Flags,approval-aviary1.0.8+, approval1.7.13+,approval-aviary1.0.8?, approval1.7.13?
2006-02-17 17:11:18 PST,dbaron,Attachment #210915                Flags,approval1.8.0.2?,
2006-02-17 17:15:33 PST,dbaron,Keywords,fixed-aviary1.0.8, fixed1.7.13,
2006-02-22 00:57:02 PST,dveditz,Flags,blocking1.8.0.2+,
2006-02-22 00:57:19 PST,dveditz,Attachment #210915                Flags,approval1.8.0.2+,approval1.8.0.2?
2006-02-23 21:47:23 PST,dbaron,Keywords,fixed1.8.0.2,
2006-03-02 11:48:03 PST,mozmail,Whiteboard,[nvn-dl],
2006-03-18 09:59:10 PST,dbaron,Attachment #215509                Flags,review?(brendan), approval-branch-1.8.1?(brendan),
2006-03-18 11:10:22 PST,brendan,Attachment #215509                Flags,review+, approval-branch-1.8.1+,review?(brendan), approval-branch-1.8.1?(brendan)
2006-03-20 14:56:03 PST,dbaron,Attachment #215705                Flags,review?(bryner), superreview?(bryner),
2006-03-20 14:58:17 PST,bryner,Attachment #215705                Flags,review+, superreview+,review?(bryner), superreview?(bryner)
2006-03-20 17:02:01 PST,dbaron,Attachment #215705                Flags,approval-branch-1.8.1?(bryner),
2006-03-20 17:02:38 PST,bryner,Attachment #215705                Flags,approval-branch-1.8.1+,approval-branch-1.8.1?(bryner)
