When, Who, What, Added, Removed
2006-01-17 13:07:05 PST,gavin.sharp,CC,gavin.sharp,
2006-01-17 13:07:06 PST,bzbarsky,Blocks,323806,
2006-01-17 13:08:08 PST,bzbarsky,Flags,blocking1.8.0.2?, blocking-firefox2?,
2006-01-17 13:12:18 PST,ajvincent,CC,ajvincent,
2006-01-17 14:02:17 PST,iann_bugzilla,CC,iann_bugzilla,
2006-01-17 14:55:59 PST,steve.england,CC,steve.england,
2006-01-17 21:17:44 PST,sendmail.to,CC,sendmail.to,
2006-01-17 22:48:01 PST,mconnor,Flags,blocking-firefox2+,blocking-firefox2?
2006-01-18 03:18:54 PST,martijn.martijn,Attachment #208776                Flags,review?(aaronleventhal),
2006-01-18 22:01:22 PST,ispiked,CC,ispiked,
2006-01-20 19:11:20 PST,gavin.sharp,CC,jruderman,
2006-01-20 19:11:20 PST,gavin.sharp,Blocks,316191,
2006-01-20 23:03:07 PST,robert,CC,rparenton,
2006-01-22 14:57:57 PST,ajschult,CC,ajschult,
2006-01-22 15:14:53 PST,martijn.martijn,Attachment #208776                Flags,,review?(aaronleventhal)
2006-01-26 11:18:23 PST,bryner,Attachment #209727                Flags,superreview+,
2006-01-26 11:49:42 PST,jwatt,CC,jwatt,
2006-01-26 15:47:26 PST,jwatt,Attachment #209727                Flags,review?(neil.parkwaycc.co.uk),
2006-01-28 16:38:43 PST,neil,Attachment #209727                Flags,review+,review?(neil.parkwaycc.co.uk)
2006-01-29 07:32:35 PST,jwatt,Attachment #209727                Flags,approval1.8.0.2?, approval1.8.1?,
2006-01-30 15:59:52 PST,jwatt,Attachment #209727                Flags,branch-1.8.1?(bzbarsky),approval1.8.0.2?
2006-01-30 16:00:08 PST,jwatt,Attachment #209727                Flags,,approval1.8.1?
2006-01-30 16:00:41 PST,jwatt,Attachment #209727                Flags,approval1.8.0.2?,
2006-01-30 16:17:13 PST,bzbarsky,Attachment #209727                Flags,,branch-1.8.1?(bzbarsky)
2006-01-30 16:24:47 PST,jwatt,Attachment #209727                Flags,branch-1.8.1?(neil),
2006-01-30 16:38:58 PST,dveditz,Attachment #209727                Flags,approval1.8.0.2+,approval1.8.0.2?
2006-01-30 17:32:33 PST,neil,Attachment #209727                Flags,branch-1.8.1+,branch-1.8.1?(neil)
2006-02-01 16:16:49 PST,gavin.sharp,CC,mozbugs,
2006-02-08 12:08:29 PST,dveditz,Assignee,bzbarsky,nobody
2006-02-08 12:08:29 PST,dveditz,Flags,blocking1.8.0.2+,blocking1.8.0.2?
2006-02-08 21:14:56 PST,bzbarsky,Keywords,fixed1.8.0.2, fixed1.8.1,
2006-02-08 21:14:56 PST,bzbarsky,Assignee,nobody,bzbarsky
2006-02-14 07:44:24 PST,ria.klaassen,Depends on,327139,
2006-02-14 15:23:05 PST,worcester12345,CC,worcester12345,
2006-02-21 20:54:19 PST,mozmail,Whiteboard,[rft-dl],
2006-03-06 18:44:49 PST,jaymoz,Keywords,verified1.8.0.2,fixed1.8.0.2
2006-03-06 18:44:49 PST,jaymoz,CC,jay,
2006-05-20 19:19:20 PDT,robert,CC,,rparenton
2006-09-14 16:03:38 PDT,dbaron,Flags,blocking1.9?,
2006-09-14 16:04:50 PDT,dbaron,CC,j.chetwynd,
2006-09-14 16:05:11 PDT,dbaron,Flags,blocking1.9+,blocking1.9?
2007-04-20 06:41:29 PDT,mconnor,Flags,blocking-firefox3+,
2007-04-20 08:25:53 PDT,jwatt,Blocks,377755,
2007-05-25 12:23:05 PDT,mconnor,CC,duncan.loveday,
2007-05-26 12:28:45 PDT,mconnor,Assignee,enndeakin,nobody
2007-05-26 12:28:45 PDT,mconnor,Target Milestone,Firefox 3 beta1,---
2007-07-11 07:20:12 PDT,enndeakin,Attachment #271832                Flags,review?(neil),
2007-07-12 03:28:15 PDT,neil,Attachment #271832                Flags,review-,review?(neil)
2007-07-12 08:05:40 PDT,enndeakin,Attachment #271832                Attachment is obsolete,1,0
2007-07-12 08:05:40 PDT,enndeakin,Attachment #272020                Flags,review?(neil),
2007-07-12 08:22:41 PDT,neil,Attachment #272020                Flags,review+,review?(neil)
2007-07-12 14:24:47 PDT,enndeakin,Attachment #272020                Flags,superreview?(bzbarsky),
2007-07-12 14:53:43 PDT,bzbarsky,Attachment #272020                Flags,superreview+,superreview?(bzbarsky)
2007-07-12 15:22:17 PDT,enndeakin,Attachment #272072                Flags,superreview?(bzbarsky),
2007-07-12 15:32:30 PDT,bzbarsky,Attachment #272072                Flags,superreview+,superreview?(bzbarsky)
2007-07-12 16:25:02 PDT,enndeakin,Status,RESOLVED,NEW
2007-07-12 16:25:02 PDT,enndeakin,Resolution,FIXED,---
2007-07-12 16:25:02 PDT,enndeakin,Last Resolved,2007-07-12 16:25:02,
