When, Who, What, Added, Removed
2006-01-17 14:47:00 PST,gavin.sharp,CC,gavin.sharp,
2006-01-17 14:57:13 PST,asqueella,Version,Trunk,unspecified
2006-01-17 14:57:13 PST,asqueella,Status,NEW,UNCONFIRMED
2006-01-17 14:57:13 PST,asqueella,CC,asqueella,
2006-01-17 14:57:13 PST,asqueella,Ever confirmed,1,0
2006-01-17 15:00:05 PST,gavin.sharp,Assignee,zeniko,nobody
2006-01-17 15:54:08 PST,sendmail.to,CC,sendmail.to,
2006-01-18 00:52:01 PST,pike,CC,pike,
2006-03-13 03:39:16 PST,zeniko,Flags,blocking1.9a1?,
2006-03-14 05:54:12 PST,gavin.sharp,OS,All,Windows XP
2006-03-14 05:54:12 PST,gavin.sharp,Status,RESOLVED,NEW
2006-03-14 05:54:12 PST,gavin.sharp,Resolution,FIXED,---
2006-03-14 05:54:12 PST,gavin.sharp,CC,mconnor,
2006-03-14 05:54:12 PST,gavin.sharp,Target Milestone,mozilla1.9alpha1,---
2006-03-14 05:54:12 PST,gavin.sharp,Flags,,blocking1.9a1?
2006-03-14 05:54:12 PST,gavin.sharp,Last Resolved,2006-03-14 05:54:12,
2006-03-14 05:54:12 PST,gavin.sharp,Hardware,All,PC
2006-08-29 09:13:28 PDT,zeniko,Status,VERIFIED,RESOLVED
2007-01-08 10:51:07 PST,benjamin,Flags,in-testsuite-,
