When, Who, What, Added, Removed
2006-02-27 10:52:09 PST,nelson,Whiteboard,ECC FIPS,
2006-02-27 10:52:09 PST,nelson,Priority,P1,--
2006-02-27 10:52:09 PST,nelson,Blocks,320583,
2006-02-27 10:52:09 PST,nelson,Target Milestone,3.11.1,---
2006-03-16 18:07:44 PST,rrelyea,CC,vipul.gupta, douglas,
2006-03-16 18:08:08 PST,rrelyea,Attachment #215359                Flags,review?(vipul.gupta),
2006-03-16 22:08:33 PST,vipul.gupta,Attachment #215359                Flags,review+,review?(vipul.gupta)
2006-03-16 22:09:11 PST,vipul.gupta,Attachment #215359                Flags,superreview?(douglas),
2006-03-17 18:21:36 PST,douglas,Attachment #215359                Flags,superreview-,superreview?(douglas)
2006-03-21 13:40:16 PST,rrelyea,Attachment #215807                Flags,superreview?(douglas),
2006-03-21 15:25:07 PST,douglas,Attachment #215807                Flags,superreview+,superreview?(douglas)
2006-03-22 11:05:06 PST,rrelyea,Last Resolved,2006-03-22 11:05:06,
2006-03-22 11:05:06 PST,rrelyea,Status,RESOLVED,NEW
2006-03-22 11:05:06 PST,rrelyea,Resolution,FIXED,---
