When, Who, What, Added, Removed
2006-01-17 13:53:41 PST,rebron,Flags,blocking-firefox2?,
2006-01-17 14:31:19 PST,gavin.sharp,CC,gavin.sharp,
2006-01-17 15:28:17 PST,philringnalda,CC,bugzilla,
2006-01-18 22:19:12 PST,ispiked,CC,ispiked,
2006-02-21 10:43:31 PST,mconnor,Assignee,mconnor,nobody
2006-02-21 10:43:31 PST,mconnor,CC,beltzner,
2006-02-21 10:43:31 PST,mconnor,Target Milestone,Firefox 2 alpha2,---
2006-02-21 10:43:31 PST,mconnor,Flags,blocking-firefox2+,blocking-firefox2?
2006-02-24 16:29:22 PST,BoxerBoi76,CC,BoxerBoi76,
2006-03-21 12:16:18 PST,mconnor,Assignee,beltzner,mconnor
2006-05-09 11:15:45 PDT,mbeltzner,Target Milestone,Firefox 2 beta1,Firefox 2 alpha2
2006-05-09 15:48:51 PDT,ancestor.ak,CC,ancestor.ak,
2006-06-05 11:47:23 PDT,mbeltzner,Whiteboard,[swag: 1d for design, 1d for implementation],
2006-06-12 21:03:45 PDT,mbeltzner,CC,cbeard,
2006-06-15 06:21:54 PDT,asaf,CC,bugs.mano,
2006-06-19 12:41:44 PDT,mbeltzner,Whiteboard,[swag: 1d for implementation],[swag: 1d for design, 1d for implementation]
2006-06-19 12:41:44 PDT,mbeltzner,Assignee,nobody,beltzner
2006-06-19 12:41:44 PDT,mbeltzner,Keywords,,uiwanted
2006-06-27 22:11:00 PDT,mconnor,Target Milestone,Firefox 2 beta2,Firefox 2 beta1
2006-06-28 01:04:12 PDT,mbeltzner,Status,ASSIGNED,NEW
2006-06-28 01:05:10 PDT,mbeltzner,CC,phil,
2006-06-28 01:07:00 PDT,mbeltzner,Depends on,323798,
2006-07-18 07:41:32 PDT,mbeltzner,Keywords,polish,
2006-07-18 07:41:32 PDT,mbeltzner,Whiteboard,[swag: 1d for implementation] [at risk],[swag: 1d for implementation]
2006-07-18 07:42:02 PDT,mbeltzner,Whiteboard,[swag: 1d for implementation] [mustfix],[swag: 1d for implementation] [at risk]
2006-07-23 21:08:58 PDT,mconnor,Status,NEW,ASSIGNED
2006-07-23 21:08:58 PDT,mconnor,Assignee,beltzner,nobody
2006-07-24 20:12:38 PDT,mconnor,Whiteboard,[mustfix][waiting on l10n changes first],[swag: 1d for implementation] [mustfix]
2006-07-25 21:17:33 PDT,reed,CC,reed,
2006-07-25 21:18:19 PDT,reed,Version,2.0 Branch,unspecified
2006-07-25 21:22:00 PDT,mbeltzner,Attachment #230694                Flags,review?(gavin.sharp),
2006-07-25 21:23:39 PDT,mbeltzner,Whiteboard,[mustfix],[mustfix][waiting on l10n changes first]
2006-07-25 21:23:39 PDT,mbeltzner,CC,brianr, l10n,
2006-07-25 21:23:39 PDT,mbeltzner,Keywords,late-l10n,
2006-07-25 21:51:25 PDT,gavin.sharp,Attachment #230694                Flags,review?(mconnor),review?(gavin.sharp)
2006-07-26 02:49:06 PDT,djcater+bugzilla,CC,DJCater,
2006-07-26 07:19:02 PDT,mconnor,Attachment #230694                Flags,review+,review?(mconnor)
2006-07-26 18:43:22 PDT,mconnor,Whiteboard,[mustfix][has patch][checkin needed],[mustfix]
2006-07-26 18:43:22 PDT,mconnor,Status,ASSIGNED,NEW
2006-07-26 22:54:24 PDT,mbeltzner,Attachment #230694                Attachment is obsolete,1,0
2006-07-26 22:54:24 PDT,mbeltzner,Attachment #230846                Flags,review+,
2006-07-26 22:55:00 PDT,mbeltzner,Attachment #230846                Flags,,review+
2006-07-27 22:51:01 PDT,gavin.sharp,Resolution,FIXED,---
2006-07-27 22:51:01 PDT,gavin.sharp,Last Resolved,2006-07-27 22:51:01,
2006-07-27 22:51:01 PDT,gavin.sharp,Whiteboard,[mustfix],[mustfix][has patch][checkin needed]
2006-07-27 22:51:01 PDT,gavin.sharp,Hardware,All,PC
2006-07-27 22:51:01 PDT,gavin.sharp,OS,All,Windows XP
2006-07-27 22:51:01 PDT,gavin.sharp,Status,RESOLVED,ASSIGNED
2006-07-28 04:20:12 PDT,l10n,CC,mic,
2006-07-31 00:47:55 PDT,bugzilla,CC,bugzilla,
2006-07-31 14:48:32 PDT,bugspam.Callek,CC,bugspam.Callek,
2006-08-01 16:19:49 PDT,mconnor,Attachment #230846                Flags,approval1.8.1+,
2006-08-02 15:55:17 PDT,mbeltzner,Attachment #230846                Attachment is obsolete,1,0
2006-08-02 16:34:22 PDT,mbeltzner,Keywords,fixed1.8.1,late-l10n, polish
2007-07-08 02:05:27 PDT,benc,QA Contact,benc,search
2007-07-08 02:05:27 PDT,benc,CC,benc,
2007-07-08 02:05:27 PDT,benc,Status,VERIFIED,RESOLVED
2007-07-08 09:58:35 PDT,philringnalda,QA Contact,search,benc
2009-03-31 10:04:44 PDT,gabri.best,Blocks,486140,
2009-03-31 16:30:30 PDT,gavin.sharp,Blocks,,486140
2009-08-28 12:45:56 PDT,refreak,CC,refreak,
2009-08-28 12:45:56 PDT,refreak,Flags,blocking-firefox3.6?, blocking1.9.0.14?, blocking1.9.0.15?, blocking1.8.1.next?, wanted1.8.1.x?, in-testsuite?, in-litmus?,
2009-08-28 14:08:33 PDT,samuel.sidler+old,Flags,,blocking-firefox3.6?, blocking1.9.0.14?, blocking1.9.0.15?, blocking1.8.1.next?, wanted1.8.1.x?, in-testsuite?, in-litmus?
2009-08-28 14:08:33 PDT,samuel.sidler+old,CC,samuel.sidler,
2010-05-16 08:08:23 PDT,mardeg,Blocks,565966,
