When, Who, What, Added, Removed
2006-01-17 17:24:39 PST,bugs,Priority,P2,--
2006-01-27 13:05:48 PST,brettw,Attachment #209886                Flags,review?(annie.sullivan),
2006-01-27 13:08:54 PST,annie.sullivan,Attachment #209886                Flags,review+,review?(annie.sullivan)
2006-01-27 13:24:39 PST,brettw,Attachment #209886                Attachment is obsolete,1,0
2006-01-29 17:07:40 PST,bugs,Status,ASSIGNED,NEW
2006-01-29 17:07:40 PST,bugs,Target Milestone,Firefox 2 alpha2,---
2006-02-12 18:49:03 PST,ryanvm,CC,ryanvm,
2006-03-08 16:04:41 PST,BoxerBoi76,CC,BoxerBoi76,
2006-03-27 13:20:54 PST,bugs,Attachment #216367                Attachment is obsolete,1,0
2006-03-27 13:29:31 PST,bugs,Attachment #216453                Flags,review?(annie.sullivan),
2006-03-27 14:32:45 PST,annie.sullivan,Attachment #216453                Flags,review-,review?(annie.sullivan)
2006-03-27 15:21:39 PST,bugs,Attachment #216453                Attachment is obsolete,1,0
2006-03-27 15:21:39 PST,bugs,Attachment #216468                Flags,review?(annie.sullivan),
2006-03-27 15:51:53 PST,annie.sullivan,Attachment #216468                Flags,review+,review?(annie.sullivan)
2006-03-27 16:54:20 PST,bugs,Status,RESOLVED,ASSIGNED
2006-03-27 16:54:20 PST,bugs,Resolution,FIXED,---
2006-03-27 16:54:20 PST,bugs,Last Resolved,2006-03-27 16:54:20,
2009-11-26 06:57:06 PST,gerv,Component,Bookmarks & History,Places
2009-11-26 06:57:06 PST,gerv,QA Contact,bookmarks,places
