When, Who, What, Added, Removed
2006-01-17 14:32:50 PST,jminta,Status,ASSIGNED,NEW
2006-01-17 14:32:50 PST,jminta,Assignee,jminta,base
2006-01-17 14:32:50 PST,jminta,Attachment #208777                Flags,first-review?(dmose),
2006-01-17 14:36:21 PST,dmose,Attachment #208777                Flags,first-review+,first-review?(dmose)
2006-01-17 14:39:45 PST,jminta,Resolution,FIXED,---
2006-01-17 14:39:45 PST,jminta,Last Resolved,2006-01-17 14:39:45,
2006-01-17 14:39:45 PST,jminta,Status,RESOLVED,ASSIGNED
