When, Who, What, Added, Removed
2006-01-17 14:30:28 PST,gavin.sharp,CC,gavin.sharp,
2006-01-17 14:52:49 PST,steve.england,CC,steve.england,
2006-01-17 18:52:24 PST,worcester12345,CC,worcester12345,
2006-01-17 19:31:16 PST,jwatt,CC,jonathan.watt,
2006-01-17 22:07:33 PST,bzbarsky,Attachment #208830                Flags,review?(danm.moz), superreview?(jst),
2006-01-18 05:08:46 PST,martijn.martijn,CC,martijn.martijn,
2006-01-18 05:21:00 PST,bdog,CC,bdog,
2006-01-18 16:02:45 PST,alqahira,CC,alqahira,
2006-01-18 17:29:04 PST,hhschwab,CC,hhschwab,
2006-01-18 19:14:16 PST,bzbarsky,Depends on,323970,
2006-01-18 19:51:49 PST,samuel.sidler+old,CC,bugzilla,
2006-01-18 22:02:14 PST,ispiked,CC,ispiked,
2006-01-18 23:19:29 PST,bugzilla-graveyard,CC,bugzilla,
2006-01-20 22:45:52 PST,robert,CC,rparenton,
2006-01-20 22:57:04 PST,bzbarsky,Attachment #208830                Attachment is obsolete,1,0
2006-01-20 22:57:04 PST,bzbarsky,Attachment #208830                Flags,,review?(danm.moz), superreview?(jst)
2006-01-20 23:06:19 PST,bzbarsky,Attachment #209183                Flags,review?, superreview?(jst),
2006-01-20 23:06:57 PST,bzbarsky,Attachment #209183                Flags,review?(danm.moz),review?
2006-01-21 03:42:32 PST,xanthor+bz,CC,xanthor,
2006-01-22 18:22:29 PST,djcater+bugzilla,CC,DJCater,
2006-01-25 15:37:24 PST,jst,Attachment #209183                Flags,superreview+,superreview?(jst)
2006-01-26 13:21:35 PST,bugzilla,CC,bugzilla,
2006-01-26 20:47:41 PST,bzbarsky,Attachment #209182                Attachment is obsolete,1,0
2006-01-26 20:47:41 PST,bzbarsky,Attachment #209183                Attachment is obsolete,1,0
2006-01-26 20:47:41 PST,bzbarsky,Attachment #209183                Flags,,review?(danm.moz)
2006-01-26 20:48:22 PST,bzbarsky,Attachment #209801                Flags,review?(danm.moz), superreview?(jst),
2006-01-26 23:30:25 PST,jwalden+bmo,CC,jwalden+bmo,
2006-01-27 02:12:01 PST,pike,CC,pike,
2006-01-27 09:35:08 PST,jcea,CC,jcea,
2006-01-27 13:48:16 PST,shayne.anthony.jewers,CC,shayne.anthony.jewers,
2006-01-30 05:37:45 PST,raj,CC,raj,
2006-01-30 17:16:19 PST,jst,Attachment #209801                Flags,superreview+,superreview?(jst)
2006-02-01 11:45:21 PST,bzbarsky,Attachment #209801                Flags,review?(peterv),review?(danm.moz)
2006-02-01 13:37:24 PST,bzbarsky,Attachment #209801                Flags,review?(benjamin),review?(peterv)
2006-02-01 20:45:46 PST,bzbarsky,Summary,[FIX]Move forcing into tabs and current windows out of Gecko,Move forcing into tabs and current windows out of Gecko
2006-02-03 17:25:36 PST,bzbarsky,Blocks,325816,
2006-02-05 13:09:31 PST,bzbarsky,Blocks,326006,
2006-02-05 13:10:23 PST,ryanvm,CC,ryanvm,
2006-02-05 13:20:45 PST,bzbarsky,Blocks,326009,
2006-02-05 13:54:33 PST,asqueella,CC,asqueella,
2006-02-05 19:06:49 PST,m-wada,CC,m-wada,
2006-02-07 06:30:22 PST,benjamin,Attachment #209801                Flags,review+,review?(benjamin)
2006-02-07 07:03:30 PST,magicdice,CC,magicdice,
2006-02-07 09:34:23 PST,bzbarsky,Summary,[FIXr]Move forcing into tabs and current windows out of Gecko,[FIX]Move forcing into tabs and current windows out of Gecko
2006-02-07 12:47:29 PST,bzbarsky,Attachment #209800                Attachment is obsolete,1,0
2006-02-07 12:47:29 PST,bzbarsky,Attachment #209801                Attachment is obsolete,1,0
2006-02-07 12:47:29 PST,bzbarsky,Attachment #211047                Flags,branch-1.8.1?(jst),
2006-02-07 12:53:22 PST,bzbarsky,Blocks,326291,
2006-02-07 12:53:46 PST,bzbarsky,Status,RESOLVED,NEW
2006-02-07 12:53:46 PST,bzbarsky,Resolution,FIXED,---
2006-02-07 12:53:46 PST,bzbarsky,Last Resolved,2006-02-07 12:53:46,
2006-02-07 17:31:28 PST,roc,CC,roc,
2006-02-08 00:16:43 PST,squadron76,CC,squadron76,
2006-02-08 00:17:38 PST,squadron76,CC,,squadron76
2006-02-13 18:42:35 PST,jst,Attachment #211047                Flags,approval-branch-1.8.1+,approval-branch-1.8.1?(jst)
2006-02-13 20:45:29 PST,bzbarsky,Blocks,327098,
2006-02-13 23:02:58 PST,bzbarsky,Keywords,fixed1.8.1,
2006-03-06 10:54:12 PST,bzbarsky,CC,bugs4hj,
2006-03-12 19:05:23 PST,robert,CC,,rparenton
2006-06-23 08:25:14 PDT,bzbarsky,Depends on,342504,
2006-07-11 14:32:13 PDT,ria.klaassen,Depends on,344257,
2007-02-08 23:07:45 PST,bzbarsky,Keywords,dev-doc-needed,
2007-02-08 23:07:45 PST,bzbarsky,Whiteboard,For docs, see comment 13 and comment 14,
2007-06-14 11:08:46 PDT,bzbarsky,Depends on,380383,
2009-02-17 18:53:34 PST,eshepherd,CC,eshepherd,
