When, Who, What, Added, Removed
2006-01-18 21:17:09 PST,martijn.martijn,Version,Trunk,unspecified
2006-01-18 21:17:09 PST,martijn.martijn,Component,JavaScript Engine,General
2006-01-18 21:17:09 PST,martijn.martijn,Assignee,general,nobody
2006-01-18 21:17:09 PST,martijn.martijn,QA Contact,general,general
2006-01-18 21:17:09 PST,martijn.martijn,CC,martijn.martijn,
2006-01-18 21:17:09 PST,martijn.martijn,Keywords,regression,
2006-01-18 21:17:09 PST,martijn.martijn,Product,Core,Firefox
2006-01-18 22:26:48 PST,ispiked,CC,ispiked,
2006-01-18 22:40:25 PST,brendan,Status,NEW,UNCONFIRMED
2006-01-18 22:40:25 PST,brendan,Component,DOM,JavaScript Engine
2006-01-18 22:40:25 PST,brendan,CC,dbradley, mrbkap, bzbarsky, brendan, jst, shaver,
2006-01-18 22:40:25 PST,brendan,Ever confirmed,1,0
2006-01-18 22:51:57 PST,gavin.sharp,CC,gavin.sharp,
2006-01-19 03:04:06 PST,pike,CC,pike,
2006-01-19 09:34:44 PST,bzbarsky,Keywords,qawanted,
2006-01-19 16:55:35 PST,martijn.martijn,Blocks,296639,
2006-01-19 16:58:39 PST,martijn.martijn,Keywords,testcase,
2006-01-19 18:40:18 PST,bzbarsky,Attachment #209034                Attachment mime type,application/zip,application/octet-stream
2006-01-19 19:37:01 PST,bzbarsky,Hardware,All,PC
2006-01-19 19:37:01 PST,bzbarsky,OS,All,Windows XP
2006-01-19 19:37:01 PST,bzbarsky,Flags,blocking1.8.1?, blocking1.9a1?,
2006-01-20 13:12:56 PST,bzbarsky,Group,security,
2006-01-20 13:12:56 PST,bzbarsky,Flags,blocking1.8.0.1?,
2006-01-20 16:28:18 PST,mrbkap,Status,ASSIGNED,NEW
2006-01-20 16:28:18 PST,mrbkap,Assignee,mrbkap,general
2006-01-20 16:28:18 PST,mrbkap,Attachment #209159                Flags,review?(jst), superreview?(brendan),
2006-01-20 16:43:00 PST,mrbkap,Attachment #209161                Flags,review?(jst), superreview?(bzbarsky),
2006-01-20 16:43:00 PST,mrbkap,Attachment #209159                Flags,,review?(jst), superreview?(brendan)
2006-01-20 16:43:00 PST,mrbkap,Attachment #209159                Attachment is obsolete,1,0
2006-01-20 17:01:10 PST,jst,Attachment #209161                Flags,review+,review?(jst)
2006-01-20 17:29:57 PST,mrbkap,Priority,P2,--
2006-01-20 17:29:57 PST,mrbkap,Target Milestone,mozilla1.9alpha,---
2006-01-20 17:34:33 PST,mrbkap,Attachment #209161                Attachment is obsolete,1,0
2006-01-20 17:34:33 PST,mrbkap,Attachment #209171                Flags,review+, superreview?(brendan),
2006-01-20 17:34:33 PST,mrbkap,Attachment #209161                Flags,,superreview?(bzbarsky)
2006-01-20 18:49:02 PST,brendan,Attachment #209171                Flags,superreview+,superreview?(brendan)
2006-01-20 18:59:53 PST,mrbkap,Status,RESOLVED,ASSIGNED
2006-01-20 18:59:53 PST,mrbkap,Resolution,FIXED,---
2006-01-20 18:59:53 PST,mrbkap,Last Resolved,2006-01-20 18:59:53,
2006-01-20 19:48:58 PST,bzbarsky,Attachment #209171                Flags,approval1.8.0.2?, approval1.8.1?,
2006-01-23 11:17:49 PST,dveditz,Flags,blocking1.8.0.2?,blocking1.8.0.1?
2006-01-31 06:46:30 PST,benjamin,Attachment #209171                Flags,branch-1.8.1?(jst),approval1.8.1?
2006-01-31 14:46:01 PST,jst,Attachment #209171                Flags,branch-1.8.1+,branch-1.8.1?(jst)
2006-02-11 23:07:25 PST,bob,Flags,testcase+,
2006-02-13 09:59:37 PST,timr,CC,bclary, timr,
2006-02-13 10:33:03 PST,bzbarsky,Keywords,,qawanted
2006-02-16 12:33:39 PST,dveditz,Flags,blocking1.8.1+, blocking1.9a1+, blocking1.8.0.2+,blocking1.8.1?, blocking1.9a1?, blocking1.8.0.2?
2006-02-16 12:48:23 PST,dveditz,Attachment #209171                Flags,approval1.8.0.2+,approval1.8.0.2?
2006-02-22 15:57:13 PST,mrbkap,Keywords,fixed1.8.0.2, fixed1.8.1,
2006-02-25 09:44:00 PST,mozmail,Whiteboard,[rft-dl],
2006-03-01 12:47:29 PST,dveditz,Whiteboard,[rft-dl] not a moz1.7/ff1.0 problem,[rft-dl]
2006-03-06 15:03:36 PST,twalker,Keywords,verified1.8.0.2,fixed1.8.0.2
2006-06-03 09:38:43 PDT,dveditz,Group,,security
2007-04-01 15:35:07 PDT,bob,Flags,in-testsuite?,in-testsuite+
