When, Who, What, Added, Removed
2006-01-18 11:34:17 PST,doronr,Attachment #208884                Flags,review?(aaronr),
2006-01-18 16:39:55 PST,aaronr,Attachment #208884                Flags,review+,review?(aaronr)
2006-01-18 16:57:59 PST,aaronr,Attachment #208884                Flags,superreview?(smaug),
2006-01-18 19:54:55 PST,doronr,Attachment #208884                Flags,review?(smaug),superreview?(smaug)
2006-01-28 11:26:28 PST,bugs,Attachment #208884                Flags,review+,review?(smaug)
2006-01-28 11:40:11 PST,bugs,Attachment #208884                Flags,review?,review+
2006-01-28 11:40:31 PST,bugs,Attachment #208884                Flags,review+,review?
2006-02-07 23:07:23 PST,aaronr,Blocks,326372,
2006-02-07 23:08:22 PST,aaronr,Blocks,326373,
2006-02-09 03:51:26 PST,allan,Whiteboard,xf-to-branch,
2006-02-09 03:51:26 PST,allan,Hardware,All,PC
2006-02-14 00:36:23 PST,allan,Status,ASSIGNED,NEW
2006-03-01 12:32:33 PST,aaronr,Blocks,326556,
2006-03-15 01:20:08 PST,allan,Status,RESOLVED,ASSIGNED
2006-03-15 01:20:08 PST,allan,Resolution,FIXED,---
2006-03-15 01:20:08 PST,allan,Last Resolved,2006-03-15 01:20:08,
2006-04-07 03:28:18 PDT,allan,Blocks,332853,
2006-04-07 03:38:47 PDT,allan,Keywords,fixed1.8.0.3, fixed1.8.1,
2006-04-07 04:40:58 PDT,allan,Whiteboard,,xf-to-branch
