When, Who, What, Added, Removed
2006-01-17 23:30:07 PST,surkov.alexander,Blocks,323851,
2006-01-18 10:59:37 PST,aaronr,CC,doronr, allan, smaug,
2006-01-28 12:27:39 PST,ajvincent,CC,ajvincent,
2006-02-08 00:56:17 PST,surkov.alexander,Summary,Expose base bindings for xforms select widgets,Expose base widgrets fo xforms selects widgets
2006-02-14 20:55:06 PST,surkov.alexander,Blocks,327236,
2006-02-14 21:14:32 PST,surkov.alexander,Depends on,327239,
2006-02-21 01:55:04 PST,surkov.alexander,Attachment #212566                Flags,review?(allan),
2006-02-21 01:55:29 PST,surkov.alexander,Attachment #212566                Flags,review?(smaug),
2006-02-21 01:56:46 PST,allan,Status,NEW,UNCONFIRMED
2006-02-21 01:56:46 PST,allan,Ever confirmed,1,0
2006-02-21 01:57:02 PST,allan,Assignee,surkov,aaronr
2006-02-21 02:00:36 PST,surkov.alexander,Status,ASSIGNED,NEW
2006-02-21 07:23:03 PST,allan,Attachment #212566                Flags,review?(doronr),review?(allan)
2006-02-22 00:14:46 PST,surkov.alexander,Attachment #212566                Attachment is obsolete,1,0
2006-02-22 00:14:46 PST,surkov.alexander,Attachment #212705                Flags,review?(doronr),
2006-02-22 00:14:46 PST,surkov.alexander,Attachment #212566                Flags,,review?(doronr), review?(smaug)
2006-02-25 23:28:25 PST,surkov.alexander,Attachment #213227                Flags,review?(doronr),
2006-02-25 23:28:56 PST,surkov.alexander,Attachment #213227                Flags,review?(smaug),
2006-02-25 23:29:13 PST,surkov.alexander,Attachment #212705                Flags,,review?(doronr)
2006-02-25 23:29:13 PST,surkov.alexander,Attachment #212705                Attachment is obsolete,1,0
2006-03-02 00:14:52 PST,allan,Blocks,326556,
2006-03-03 09:22:49 PST,doronr,Attachment #213227                Flags,review+,review?(doronr)
2006-03-05 20:28:08 PST,surkov.alexander,Attachment #213227                Attachment is obsolete,1,0
2006-03-05 20:28:08 PST,surkov.alexander,Attachment #214146                Flags,review?(aaronr),
2006-03-05 20:28:08 PST,surkov.alexander,Attachment #213227                Flags,,review?(smaug)
2006-03-16 18:55:50 PST,surkov.alexander,Attachment #214146                Attachment is obsolete,1,0
2006-03-16 18:55:50 PST,surkov.alexander,Attachment #215362                Flags,review?(aaronr),
2006-03-16 18:55:50 PST,surkov.alexander,Attachment #214146                Flags,,review?(aaronr)
2006-03-17 20:56:00 PST,surkov.alexander,Attachment #215362                Attachment is obsolete,1,0
2006-03-17 20:56:00 PST,surkov.alexander,Attachment #215472                Flags,review?(aaronr),
2006-03-17 20:56:00 PST,surkov.alexander,Attachment #215362                Flags,,review?(aaronr)
2006-03-17 23:04:29 PST,surkov.alexander,Attachment #215475                Flags,review?(aaronr),
2006-03-17 23:04:29 PST,surkov.alexander,Attachment #215472                Flags,,review?(aaronr)
2006-03-17 23:04:29 PST,surkov.alexander,Attachment #215472                Attachment is obsolete,1,0
2006-03-20 14:56:25 PST,aaronr,Attachment #215475                Flags,review-,review?(aaronr)
2006-03-22 03:24:17 PST,surkov.alexander,Attachment #215475                Attachment is obsolete,1,0
2006-03-22 03:24:17 PST,surkov.alexander,Attachment #215877                Flags,review?(aaronr),
2006-03-22 18:54:35 PST,aaronr,Attachment #215877                Flags,review+,review?(aaronr)
2006-03-22 19:25:06 PST,surkov.alexander,Attachment #215877                Attachment is obsolete,1,0
2006-03-27 00:39:52 PST,surkov.alexander,Attachment #215967                Attachment is obsolete,1,0
2006-03-27 00:55:53 PST,allan,Attachment #215967                Attachment is obsolete,0,1
2006-03-27 00:56:33 PST,allan,Attachment #216384                Attachment is obsolete,1,0
2006-03-27 00:56:54 PST,allan,Whiteboard,xf-to-branch,
2006-03-27 00:56:54 PST,allan,Status,RESOLVED,ASSIGNED
2006-03-27 00:56:54 PST,allan,Resolution,FIXED,---
2006-03-27 00:56:54 PST,allan,Last Resolved,2006-03-27 00:56:54,
2006-04-04 08:13:08 PDT,allan,Depends on,,327239
2006-04-07 03:28:18 PDT,allan,Blocks,332853,
2006-04-07 03:38:53 PDT,allan,Keywords,fixed1.8.0.3, fixed1.8.1,
2006-04-07 04:41:16 PDT,allan,Whiteboard,,xf-to-branch
