When, Who, What, Added, Removed
2006-01-17 20:39:28 PST,shoofy,CC,shoofy,
2006-01-18 00:07:47 PST,ria.klaassen,CC,ria.klaassen,
2006-01-19 00:45:49 PST,ria.klaassen,Keywords,regression,
2006-01-19 00:45:49 PST,ria.klaassen,Status,NEW,UNCONFIRMED
2006-01-19 00:45:49 PST,ria.klaassen,Blocks,243078,
2006-01-19 00:45:49 PST,ria.klaassen,Ever confirmed,1,0
2006-01-19 04:08:40 PST,martijn.martijn,Attachment #208957                Flags,review?(mconnor),
2006-01-19 04:09:34 PST,martijn.martijn,Assignee,martijn.martijn,nobody
2006-01-19 04:09:34 PST,martijn.martijn,Blocks,319222,
2006-01-19 05:43:22 PST,martijn.martijn,CC,martijn.martijn,
2006-01-19 13:07:36 PST,pythonesque+bugzilla,CC,pythonesque+bugzilla,
2006-01-19 18:31:32 PST,ispiked,CC,ispiked,
2006-01-20 22:55:44 PST,robert,CC,rparenton,
2006-02-05 15:30:03 PST,mountsiders,CC,mountsiders,
2006-02-14 07:11:06 PST,ryanvm,CC,ryanvm,
2006-03-13 10:37:23 PST,MattSherwood,CC,MattSherwood,
2006-03-29 18:26:05 PST,BoxerBoi76,CC,BoxerBoi76,
2006-04-18 19:22:09 PDT,BoxerBoi76,CC,kevin,
2006-05-08 04:28:42 PDT,bugzilla-mozilla-20000923,Last Resolved,2006-05-08 04:28:42,
2006-05-08 04:28:42 PDT,bugzilla-mozilla-20000923,Status,RESOLVED,NEW
2006-05-08 04:28:42 PDT,bugzilla-mozilla-20000923,Resolution,FIXED,---
2006-05-08 04:39:21 PDT,steffen.wilberg,Attachment #208957                Attachment is obsolete,1,0
2006-05-08 04:39:21 PDT,steffen.wilberg,Attachment #208957                Flags,,review?(mconnor)
2006-05-20 19:19:23 PDT,robert,CC,,rparenton
