When, Who, What, Added, Removed
2006-01-17 23:30:07 PST,surkov.alexander,Depends on,323849,
2006-01-17 23:30:58 PST,surkov.alexander,Blocks,307627,
2006-01-17 23:52:12 PST,surkov.alexander,Depends on,323845,
2006-01-18 11:01:18 PST,aaronr,CC,doronr, allan, smaug,
2006-02-14 20:55:06 PST,surkov.alexander,Blocks,327236,
2006-02-21 23:55:23 PST,allan,Assignee,surkov,aaronr
2006-02-21 23:58:11 PST,allan,Status,ASSIGNED,UNCONFIRMED
2006-02-21 23:58:11 PST,allan,Ever confirmed,1,0
2006-03-02 00:14:52 PST,allan,Blocks,326556,
2006-03-28 22:28:01 PST,surkov.alexander,Attachment #216609                Flags,review?(aaronr),
2006-03-28 22:31:22 PST,surkov.alexander,Attachment #216609                Flags,review?(doronr),
2006-03-29 22:05:59 PST,surkov.alexander,Attachment #216609                Attachment is obsolete,1,0
2006-03-29 22:05:59 PST,surkov.alexander,Attachment #216702                Flags,review?(aaronr),
2006-03-29 22:05:59 PST,surkov.alexander,Attachment #216609                Flags,,review?(aaronr), review?(doronr)
2006-03-29 22:08:29 PST,surkov.alexander,Attachment #216702                Flags,review?(doronr),
2006-03-31 13:39:07 PST,aaronr,Attachment #216702                Flags,review+,review?(aaronr)
2006-03-31 23:06:50 PST,surkov.alexander,Attachment #216702                Attachment is obsolete,1,0
2006-03-31 23:06:50 PST,surkov.alexander,Attachment #216893                Flags,review?(doronr),
2006-03-31 23:06:50 PST,surkov.alexander,Attachment #216702                Flags,,review?(doronr)
2006-04-03 07:31:55 PDT,doronr,Attachment #216893                Flags,review+,review?(doronr)
2006-04-04 01:07:39 PDT,allan,Whiteboard,xf-to-branch,
2006-04-04 01:07:39 PDT,allan,Status,RESOLVED,ASSIGNED
2006-04-04 01:07:39 PDT,allan,Resolution,FIXED,---
2006-04-04 01:07:39 PDT,allan,Last Resolved,2006-04-04 01:07:39,
2006-04-07 03:28:18 PDT,allan,Blocks,332853,
2006-04-07 03:38:58 PDT,allan,Keywords,fixed1.8.0.3, fixed1.8.1,
2006-04-07 04:41:33 PDT,allan,Whiteboard,,xf-to-branch
