When, Who, What, Added, Removed
2006-01-17 16:57:10 PST,bugs,Priority,P1,--
2006-01-17 16:57:10 PST,bugs,CC,bryner,
2006-01-17 16:57:38 PST,bugs,Severity,major,normal
2006-01-17 21:48:59 PST,brettw,Depends on,323492,
2006-01-23 17:46:26 PST,brettw,Last Resolved,2006-01-23 17:46:26,
2006-01-23 17:46:26 PST,brettw,Status,RESOLVED,NEW
2006-01-23 17:46:26 PST,brettw,Resolution,FIXED,---
2009-11-26 05:43:50 PST,gerv,Component,Bookmarks & History,Places
2009-11-26 05:43:50 PST,gerv,QA Contact,bookmarks,places
