When, Who, What, Added, Removed
2006-01-17 21:12:51 PST,bugzilla-graveyard,Attachment #208823                Flags,review?,
2006-01-17 21:14:28 PST,bugzilla-graveyard,Status,ASSIGNED,NEW
2006-01-17 21:14:28 PST,bugzilla-graveyard,CC,,smorgan
2006-01-17 21:16:39 PST,bugzilla-graveyard,CC,stuart.morgan,
2006-01-17 23:19:26 PST,bugzilla-graveyard,Attachment #208823                Attachment is obsolete,1,0
2006-01-17 23:19:26 PST,bugzilla-graveyard,Attachment #208836                Flags,review?,
2006-01-17 23:19:26 PST,bugzilla-graveyard,Attachment #208823                Flags,,review?
2006-01-18 07:57:41 PST,krmathis,CC,krmathis,
2006-01-18 22:30:11 PST,bugzilla-graveyard,Attachment #208836                Flags,,review?
2006-01-18 22:30:11 PST,bugzilla-graveyard,Attachment #208836                Attachment is obsolete,1,0
2006-01-18 22:30:11 PST,bugzilla-graveyard,Attachment #208938                Flags,review?(stuart.morgan),
2006-01-22 17:58:19 PST,bugzilla-graveyard,Attachment #208938                Attachment is obsolete,1,0
2006-01-22 17:58:19 PST,bugzilla-graveyard,Attachment #208938                Flags,,review?(stuart.morgan)
2006-01-22 18:02:05 PST,bugzilla-graveyard,Attachment #208836                Attachment is obsolete,0,1
2006-01-22 18:02:05 PST,bugzilla-graveyard,Attachment #208836                Flags,review?(stuart.morgan),
2006-01-22 23:55:59 PST,stuart.morgan+bugzilla,Attachment #208836                Flags,review+, superreview?,review?(stuart.morgan)
2006-01-29 12:01:57 PST,bugzilla-graveyard,Attachment #208836                Attachment is obsolete,1,0
2006-01-29 12:01:57 PST,bugzilla-graveyard,Attachment #210056                Flags,review?(stuart.morgan), superreview?(sfraser_bugs),
2006-01-29 12:01:57 PST,bugzilla-graveyard,Attachment #208836                Flags,,superreview?
2006-01-29 12:26:42 PST,sfraser_bugs,Attachment #210056                Flags,superreview-,superreview?(sfraser_bugs)
2006-01-29 12:58:12 PST,bugzilla-graveyard,Attachment #210056                Flags,,review?(stuart.morgan)
2006-01-29 12:58:12 PST,bugzilla-graveyard,Attachment #210056                Attachment is obsolete,1,0
2006-01-29 12:58:12 PST,bugzilla-graveyard,Attachment #210063                Flags,review?(stuart.morgan), superreview?(sfraser_bugs),
2006-01-29 13:00:38 PST,bugzilla-graveyard,Attachment #210063                Attachment is obsolete,1,0
2006-01-29 13:00:38 PST,bugzilla-graveyard,Attachment #210064                Flags,review?(stuart.morgan), superreview?(sfraser_bugs),
2006-01-29 13:00:38 PST,bugzilla-graveyard,Attachment #210063                Flags,,review?(stuart.morgan), superreview?(sfraser_bugs)
2006-02-03 15:19:41 PST,samuel.sidler+old,Target Milestone,Camino1.1,Camino1.0
2006-02-26 16:51:53 PST,stuart.morgan+bugzilla,Attachment #210064                Flags,review-,review?(stuart.morgan), superreview?(sfraser_bugs)
2006-02-28 22:11:24 PST,bugzilla-graveyard,Attachment #210064                Attachment is obsolete,1,0
2006-02-28 22:11:24 PST,bugzilla-graveyard,Attachment #213542                Flags,review?(stuart.morgan),
2006-03-02 19:48:15 PST,stuart.morgan+bugzilla,Attachment #213542                Flags,review+, superreview?,review?(stuart.morgan)
2006-03-13 21:04:43 PST,bugzilla-graveyard,Blocks,174070,
2006-03-14 12:43:41 PST,mark,Attachment #213542                Flags,superreview+,superreview?
2006-03-14 12:44:38 PST,mark,Keywords,fixed1.8.1,
2006-03-14 12:44:38 PST,mark,Status,RESOLVED,ASSIGNED
2006-03-14 12:44:38 PST,mark,Resolution,FIXED,---
2006-03-14 12:44:38 PST,mark,Last Resolved,2006-03-14 12:44:38,
2006-06-23 22:37:09 PDT,krmathis,Status,VERIFIED,RESOLVED
