When, Who, What, Added, Removed
2006-01-17 14:09:41 PST,ria.klaassen,CC,ria.klaassen,
2006-01-17 14:53:04 PST,steve.england,CC,steve.england,
2006-01-17 15:33:16 PST,cbook,CC,carstenbook,
2006-01-18 10:24:11 PST,mozillamarcia.knous,CC,marcia,
2006-01-18 14:45:18 PST,mozillamarcia.knous,Summary,[Linux] Clicking a textfield crashed 1.5.0.1 RC1,Clicking a textfield crashed 1.5.0.1 RC1
2006-01-18 14:45:18 PST,mozillamarcia.knous,Status,NEW,UNCONFIRMED
2006-01-18 14:45:18 PST,mozillamarcia.knous,Ever confirmed,1,0
2006-01-18 14:48:55 PST,gavin.sharp,CC,gavin.sharp,
2006-01-18 14:56:11 PST,reed,Version,1.5 Branch,unspecified
2006-01-18 14:56:11 PST,reed,Status,RESOLVED,NEW
2006-01-18 14:56:11 PST,reed,Resolution,INVALID,---
2006-01-18 14:56:11 PST,reed,CC,reed,
2006-01-18 14:56:11 PST,reed,Last Resolved,2006-01-18 14:56:11,
2006-01-19 11:10:26 PST,dveditz,Summary,[Linux] Clicking a textfield crashed 1.5.0.1 RC1 [spellbound],[Linux] Clicking a textfield crashed 1.5.0.1 RC1
2006-01-19 11:10:26 PST,dveditz,CC,dveditz,
2006-01-19 11:11:42 PST,mozillamarcia.knous,Summary,[Linux] Clicking a textfield crashed 1.5.0.1 RC1,[Linux] Clicking a textfield crashed 1.5.0.1 RC1 [spellbound]
2006-01-19 11:11:42 PST,mozillamarcia.knous,CC,robert.bugzilla,
2006-01-20 12:49:35 PST,dveditz,Summary,[Linux] Clicking a textfield crashed 1.5.0.1 RC1 [spellbound],[Linux] Clicking a textfield crashed 1.5.0.1 RC1
2006-01-20 12:54:52 PST,dveditz,Status,REOPENED,RESOLVED
2006-01-20 12:54:52 PST,dveditz,Resolution,---,INVALID
2006-01-20 12:56:18 PST,ispiked,CC,ispiked,
2006-01-20 13:12:42 PST,bugzilla,CC,bugzilla,
2006-01-20 14:03:25 PST,ria.klaassen,CC,,ria.klaassen
2006-01-24 08:12:20 PST,mozilla,CC,mozilla,
2006-01-24 16:19:22 PST,mozpreed,Status,NEW,REOPENED
2006-01-24 16:19:22 PST,mozpreed,Assignee,preed,nobody
2006-01-24 16:24:45 PST,reed,Status,ASSIGNED,NEW
2006-01-24 16:24:45 PST,reed,Component,Build & Release,General
2006-01-24 16:24:45 PST,reed,QA Contact,chase,general
2006-01-24 16:24:45 PST,reed,Product,mozilla.org,Firefox
2006-01-24 16:24:45 PST,reed,Version,other,1.5 Branch
2006-01-24 17:32:52 PST,mozpreed,Status,RESOLVED,ASSIGNED
2006-01-24 17:32:52 PST,mozpreed,Resolution,FIXED,---
2006-01-24 17:32:52 PST,mozpreed,Last Resolved,2006-01-24 17:32:52,2006-01-18 14:56:11
2006-01-25 08:36:48 PST,jcea,CC,jcea,
2013-08-12 21:54:08 PDT,nobody,Product,Release Engineering,mozilla.org
