When, Who, What, Added, Removed
2006-01-18 13:48:55 PST,pavlov,CC,vladimir,
2006-01-18 13:50:37 PST,pavlov,CC,chase, brendan, darin,
2006-01-18 13:52:20 PST,gavin.sharp,CC,gavin.sharp,
2006-01-18 13:58:37 PST,benjamin,CC,benjamin,
2006-01-18 14:10:40 PST,jruderman,CC,jruderman,
2006-01-18 14:10:44 PST,pavlov,Depends on,323936,
2006-01-18 14:12:57 PST,pavlov,Summary,Switch trunk/1.9 Windows production builds to using VC8 instead of VC6,Switch Windows builds to using VC8 instead of VC6
2006-01-18 14:12:57 PST,pavlov,Product,mozilla.org,Core
2006-01-18 14:12:57 PST,pavlov,Version,other,Trunk
2006-01-18 14:12:57 PST,pavlov,Component,Build & Release,Build Config
2006-01-18 14:22:36 PST,reed,Assignee,chase,nobody
2006-01-18 14:22:36 PST,reed,QA Contact,chase,build-config
2006-01-18 14:38:07 PST,pavlov,Depends on,323941,323936
2006-01-18 14:50:04 PST,tor,CC,tor,
2006-01-18 14:53:54 PST,asqueella,CC,asqueella,
2006-01-18 14:57:04 PST,djcater+bugzilla,CC,DJCater,
2006-01-18 15:10:25 PST,adam+bugs,CC,bugs,
2006-01-18 22:14:15 PST,ispiked,CC,ispiked,
2006-01-19 07:41:56 PST,jwalden+bmo,CC,jwalden+bmo,
2006-01-19 09:37:22 PST,dtownsend,CC,mossop,
2006-01-24 21:12:20 PST,wlevine,CC,wlevine,
2006-01-24 23:50:30 PST,vladimir,Depends on,315929,
2006-01-25 00:23:51 PST,pike,CC,pike,
2006-01-25 05:09:11 PST,benjamin,Depends on,242870,315929
2006-01-29 10:00:22 PST,ryanvm,CC,ryanvm,
2006-02-07 11:51:22 PST,chase,Assignee,build,chase
2006-02-12 14:38:43 PST,bugzilla1,CC,bugzilla,
2006-02-22 20:31:48 PST,pavlov,CC,preed,
2006-03-02 22:17:38 PST,pavlov,Summary,Switch all trunk/1.9 Windows tinderboxes to using VC8 instead of VC6,Switch trunk/1.9 Windows production builds to using VC8 instead of VC6
2006-03-02 22:18:35 PST,stephen.donner,CC,stephen.donner,
2006-04-05 16:20:57 PDT,bugtrap,CC,bugtrap,
2006-04-18 01:44:23 PDT,mozpreed,Depends on,334456,
2006-04-20 05:42:36 PDT,kairo,CC,kairo,
2006-07-14 02:46:16 PDT,ssitter,Blocks,343053,
2006-07-21 06:57:18 PDT,worcester12345,CC,worcester12345,
2006-10-17 17:32:20 PDT,mozpreed,Status,RESOLVED,NEW
2006-10-17 17:32:20 PDT,mozpreed,Resolution,FIXED,---
2006-10-17 17:32:20 PDT,mozpreed,Last Resolved,2006-10-17 17:32:20,
2013-08-12 21:54:08 PDT,nobody,Product,Release Engineering,mozilla.org
