When, Who, What, Added, Removed
2006-01-18 16:49:23 PST,morgamic,Status,NEW,UNCONFIRMED
2006-01-18 16:49:23 PST,morgamic,Assignee,morgamic,Bugzilla-alanjstrBugs
2006-01-18 16:49:23 PST,morgamic,Ever confirmed,1,0
2006-01-18 16:56:09 PST,morgamic,Status,ASSIGNED,NEW
2006-01-18 16:56:09 PST,morgamic,CC,justdave,
2006-01-18 19:58:51 PST,gavin.sharp,CC,gavin.sharp,
2006-01-19 01:11:36 PST,morgamic,Attachment #208946                Flags,first-review?(justdave),
2006-01-27 01:44:02 PST,morgamic,Attachment #208946                Flags,first-review-,first-review?(justdave)
2006-01-27 01:44:14 PST,morgamic,Attachment #208946                Attachment is obsolete,1,0
2006-01-27 02:13:06 PST,morgamic,Attachment #209819                Flags,first-review?(justdave),
2006-01-30 16:49:15 PST,justdave,Attachment #209819                Flags,first-review+,first-review?(justdave)
2006-01-30 16:52:12 PST,morgamic,Resolution,FIXED,---
2006-01-30 16:52:12 PST,morgamic,Last Resolved,2006-01-30 16:52:12,
2006-01-30 16:52:12 PST,morgamic,Status,RESOLVED,ASSIGNED
