When, Who, What, Added, Removed
2006-01-18 10:12:32 PST,longsonr,Status,ASSIGNED,NEW
2006-01-18 10:12:32 PST,longsonr,Assignee,longsonr,general
2006-01-18 10:12:32 PST,longsonr,Attachment #208874                Flags,review?(tor),
2006-01-18 10:23:13 PST,tor,CC,benjamin,
2006-01-18 10:29:08 PST,tor,CC,tor,
2006-01-18 14:19:19 PST,gavin.sharp,CC,gavin.sharp,
2006-01-19 03:25:37 PST,longsonr,Blocks,318597,
2006-01-20 07:17:16 PST,longsonr,Attachment #208874                Flags,,review?(tor)
2006-01-20 07:17:16 PST,longsonr,Attachment #208874                Attachment is obsolete,1,0
2006-01-20 07:17:16 PST,longsonr,Attachment #209099                Flags,review?(tor),
2006-01-20 10:29:27 PST,jwatt,CC,jwatt,
2006-01-23 04:12:36 PST,longsonr,Attachment #209099                Attachment is obsolete,1,0
2006-01-23 04:12:36 PST,longsonr,Attachment #209345                Flags,review?(tor),
2006-01-23 04:12:36 PST,longsonr,Attachment #209099                Flags,,review?(tor)
2006-01-23 10:12:23 PST,tor,Attachment #209345                Flags,review-,review?(tor)
2006-01-24 03:55:49 PST,longsonr,Attachment #209439                Flags,review?(tor),
2006-01-24 10:47:38 PST,longsonr,Attachment #209345                Attachment is obsolete,1,0
2006-01-24 10:47:38 PST,longsonr,Attachment #209439                Attachment is obsolete,1,0
2006-01-24 10:47:38 PST,longsonr,Attachment #209458                Flags,review?(tor),
2006-01-24 10:47:38 PST,longsonr,Attachment #209439                Flags,,review?(tor)
2006-01-24 11:17:32 PST,tor,Attachment #209458                Flags,review+,review?(tor)
2006-01-25 02:14:09 PST,longsonr,Attachment #209458                Flags,superreview?(jst),
2006-01-25 17:34:46 PST,jst,Attachment #209458                Flags,superreview+,superreview?(jst)
2006-01-26 08:40:04 PST,tor,Last Resolved,2006-01-26 08:40:04,
2006-01-26 08:40:04 PST,tor,Status,RESOLVED,ASSIGNED
2006-01-26 08:40:04 PST,tor,Resolution,FIXED,---
