When, Who, What, Added, Removed
2006-01-26 04:07:12 PST,LpSolit,Assignee,LpSolit,administration
2006-03-02 10:51:53 PST,LpSolit,Status,ASSIGNED,NEW
2006-03-02 10:51:53 PST,LpSolit,CC,bugzilla,
2006-03-02 11:17:34 PST,LpSolit,Attachment #213772                Flags,review?(bugzilla),
2006-03-04 07:29:00 PST,vladd,Attachment #213772                Flags,review-,review?(bugzilla)
2006-03-04 07:50:48 PST,LpSolit,Attachment #213772                Attachment is obsolete,1,0
2006-03-04 07:50:48 PST,LpSolit,Attachment #213992                Flags,review?(bugzilla),
2006-03-07 13:29:24 PST,bugzilla,Attachment #213992                Flags,review+,review?(bugzilla)
2006-03-07 13:33:24 PST,LpSolit,Flags,approval?,
2006-03-08 15:30:39 PST,myk,Flags,approval+,approval?
2006-03-08 15:54:23 PST,LpSolit,Status,RESOLVED,ASSIGNED
2006-03-08 15:54:23 PST,LpSolit,Resolution,FIXED,---
2006-03-08 15:54:23 PST,LpSolit,Last Resolved,2006-03-08 15:54:23,
2006-09-29 12:15:09 PDT,LpSolit,Target Milestone,Bugzilla 2.22,Bugzilla 3.0
2006-09-29 12:15:09 PDT,LpSolit,Flags,approval2.22?,
2006-09-29 12:25:58 PDT,justdave,Flags,approval2.22+,approval2.22?
