When, Who, What, Added, Removed
2006-01-18 13:36:42 PST,djcater+bugzilla,CC,DJCater,
2006-01-18 13:37:04 PST,pavlov,Summary,Change default toolkit on Windows to cairo-windows,Change default toolkit on Windows to windows-cairo
2006-01-18 13:38:45 PST,pavlov,Depends on,323927,
2006-01-18 13:40:32 PST,gavin.sharp,CC,gavin.sharp,
2006-01-18 13:47:36 PST,pavlov,Depends on,323931,
2006-01-18 14:41:12 PST,pavlov,Depends on,323936,
2006-01-18 15:16:05 PST,rflint,CC,rflint,
2006-01-18 17:23:47 PST,hhschwab,CC,hhschwab,
2006-01-18 20:03:23 PST,jwalden+fxhelp,CC,jwalden+bmo,
2006-01-18 22:13:11 PST,ispiked,CC,ispiked,
2006-01-19 08:39:48 PST,alex,CC,alex,
2006-01-29 09:56:32 PST,dtownsend,CC,mossop,
2006-02-04 11:14:40 PST,ryanvm,CC,ryanvm,
2006-02-10 14:46:09 PST,asqueella,CC,asqueella,
2006-02-11 05:37:10 PST,squadron76,CC,squadron76,
2006-02-21 07:10:51 PST,steffen.wilberg,CC,steffen.wilberg,
2006-02-22 14:05:06 PST,pavlov,Attachment #208899                Flags,review?(vladimir), superreview?,
2006-02-22 14:09:29 PST,vladimir,Attachment #208899                Flags,review+,review?(vladimir)
2006-02-22 14:11:35 PST,roc,Attachment #208899                Flags,superreview+,superreview?
2006-02-22 17:42:37 PST,pavlov,Assignee,pavlov,nobody
2006-02-22 20:33:47 PST,pavlov,Resolution,FIXED,---
2006-02-22 20:33:47 PST,pavlov,Last Resolved,2006-02-22 20:33:47,
2006-02-22 20:33:47 PST,pavlov,Status,RESOLVED,NEW
2006-03-08 05:55:20 PST,martijn.martijn,CC,martijn.martijn,
