When, Who, What, Added, Removed
2006-01-18 09:51:05 PST,LpSolit,Flags,blocking2.22?,
2006-01-18 09:51:53 PST,wurblzap,CC,wurblzap,
2006-01-18 22:15:30 PST,ispiked,CC,ispiked,
2006-01-19 05:27:37 PST,vseerror,CC,vseerror,
2006-01-19 14:44:48 PST,mkanat,Target Milestone,Bugzilla 2.20,Bugzilla 2.22
2006-01-19 14:44:48 PST,mkanat,Flags,blocking2.22-,blocking2.22?
2006-01-19 14:44:48 PST,mkanat,Summary,"Group" "isn't equal to" boolean chart does not work correctly,Boolean charts do not find "bugs which are NOT in some given group" correctly
2006-01-19 20:33:55 PST,bugreport,Attachment #209057                Flags,review?,
2006-01-19 20:34:20 PST,bugreport,Attachment #209057                Flags,review?(justdave),review?
2006-01-21 13:20:29 PST,gavin.sharp,CC,gavin.sharp,
2006-01-26 14:44:59 PST,LpSolit,Assignee,bugreport,query-and-buglist
2006-03-04 06:48:01 PST,vladd,Attachment #209057                Flags,review+,review?(justdave)
2006-03-04 06:48:24 PST,vladd,Flags,approval?, approval2.22?, approval2.20?,
2006-03-06 13:12:26 PST,myk,Flags,approval+, approval2.22+,approval?, approval2.22?
2006-03-07 14:23:54 PST,justdave,Flags,approval2.20+,approval2.20?
2006-03-08 14:09:57 PST,LpSolit,Last Resolved,2006-03-08 14:09:57,
2006-03-08 14:09:57 PST,LpSolit,Status,RESOLVED,NEW
2006-03-08 14:09:57 PST,LpSolit,Resolution,FIXED,---
2006-03-17 09:16:02 PST,LpSolit,Status,REOPENED,RESOLVED
2006-03-17 09:16:02 PST,LpSolit,Resolution,---,FIXED
2006-05-15 00:04:26 PDT,ingolf.steinbach,CC,ingolf.steinbach,
2006-05-16 09:46:53 PDT,LpSolit,Status,RESOLVED,REOPENED
2006-05-16 09:46:53 PDT,LpSolit,Resolution,FIXED,---
2006-05-16 09:46:53 PDT,LpSolit,Last Resolved,2006-05-16 09:46:53,2006-03-08 14:09:57
