When, Who, What, Added, Removed
2006-01-18 14:01:51 PST,pavlov,Status,ASSIGNED,NEW
2006-01-18 14:02:06 PST,pavlov,Status,NEW,ASSIGNED
2006-01-18 14:02:06 PST,pavlov,Assignee,pavlov,nobody
2006-01-18 14:02:17 PST,pavlov,Status,ASSIGNED,NEW
2006-01-18 14:15:50 PST,cbiesinger,CC,cbiesinger,
2006-01-18 14:18:23 PST,gavin.sharp,CC,gavin.sharp,
2006-01-18 14:34:49 PST,djcater+bugzilla,CC,DJCater,
2006-01-18 15:15:16 PST,rflint,CC,rflint,
2006-01-18 22:05:18 PST,ispiked,CC,ispiked,
2006-01-19 07:41:28 PST,jwalden+bmo,CC,jwalden+bmo,
2006-01-24 21:12:00 PST,wlevine,CC,wlevine,
2006-01-26 22:57:38 PST,chris.blore,CC,chris.blore,
2006-02-01 11:10:35 PST,worcester12345,CC,worcester12345,
2006-02-04 11:15:54 PST,ryanvm,CC,ryanvm,
2006-02-10 16:57:05 PST,pavlov,Last Resolved,2006-02-10 16:57:05,
2006-02-10 16:57:05 PST,pavlov,Status,RESOLVED,ASSIGNED
2006-02-10 16:57:05 PST,pavlov,Resolution,FIXED,---
