When, Who, What, Added, Removed
2006-01-18 13:59:50 PST,pavlov,Depends on,111230,
2006-01-18 13:59:50 PST,pavlov,CC,joshmoz,
2006-01-18 14:11:33 PST,jhpedemonte,CC,jhpedemonte,
2006-01-18 14:12:35 PST,gavin.sharp,CC,gavin.sharp,
2006-01-18 14:34:39 PST,djcater+bugzilla,CC,DJCater,
2006-01-18 22:13:24 PST,ispiked,CC,ispiked,
2006-01-18 22:44:20 PST,stefanh,CC,stefanh,
2006-01-19 08:39:18 PST,alex,CC,alex,
2006-02-04 11:16:45 PST,ryanvm,CC,ryanvm,
2006-02-21 15:03:16 PST,vladimir,Depends on,328116,
2006-02-21 16:23:01 PST,kaneuchi+bugzilla,CC,tetsuyak,
2006-02-21 18:07:40 PST,hwaara,CC,hwaara,
2006-02-23 04:19:21 PST,ray,CC,bugzilla.mozilla,
2006-03-01 01:55:13 PST,hsivonen,CC,hsivonen,
2006-03-01 10:55:54 PST,krmathis,CC,krmathis,
2006-03-09 15:08:04 PST,simon.bugzilla,CC,howesey,
2006-03-15 09:57:46 PST,jaas,Depends on,326469,
2006-03-15 10:09:41 PST,uriber,CC,uriber,
2006-04-05 17:41:06 PDT,pavlov,Depends on,325165,
2006-04-08 13:41:07 PDT,samuel.sidler+old,CC,bugzilla,
2006-04-16 23:22:49 PDT,bzbarsky,Blocks,177805,
2006-04-17 07:38:24 PDT,wlevine,CC,wlevine,
2006-04-17 16:35:52 PDT,bugspam.Callek,CC,bugspam.Callek,
2006-04-18 08:47:01 PDT,ezh,CC,ezh,
2006-04-19 20:56:08 PDT,bzbarsky,Blocks,325296,
2006-04-26 19:27:46 PDT,chezsmithy,CC,chezsmithy,
2006-04-28 15:16:10 PDT,rrrrrrt,CC,rrrrrrt,
2006-05-01 13:18:53 PDT,pavlov,Summary,Change default toolkit on Mac to cairo-cocoa.,Change default toolkit on Mac to cairo-mac.
2006-05-01 13:18:53 PDT,pavlov,Depends on,332913, 332914,
2006-05-12 23:37:26 PDT,jay,CC,j.chetwynd,
2006-05-14 07:57:31 PDT,neil,CC,neil,
2006-05-16 23:44:18 PDT,mnyromyr,CC,mnyromyr,
2006-05-21 23:01:47 PDT,bjorn.nostvold,CC,bjorn.nostvold,
2006-05-28 09:29:45 PDT,bugzilla,CC,bugzilla,
2006-06-03 12:07:02 PDT,dsaur,CC,dsaur,
2006-06-05 18:59:32 PDT,masayuki,CC,masayuki,
2006-08-13 10:10:51 PDT,xslf,CC,xslf,
2006-08-13 10:22:16 PDT,david.vanscott,CC,david.vanscott,
2006-08-13 11:23:07 PDT,moz,CC,mozilla,
2006-09-05 03:28:13 PDT,uriber,Blocks,294376,
2006-09-22 14:56:08 PDT,steve.england,CC,steve.england,
2006-10-13 17:44:16 PDT,jwatt,CC,jwatt,
2006-10-18 02:34:33 PDT,james,CC,james,
2006-10-24 10:27:00 PDT,jaas,Assignee,joshmoz,nobody
2006-10-26 00:59:38 PDT,ludovic,CC,qa-mozilla,
2006-10-28 11:16:33 PDT,julik,CC,me,
2006-11-02 15:31:46 PST,vladimir,Whiteboard,[blocking1.9a1+],
2006-11-02 15:31:46 PST,vladimir,Flags,blocking1.9+,
2006-11-21 16:44:40 PST,pavlov,Assignee,pavlov,joshmoz
2006-11-21 16:58:54 PST,pavlov,Status,RESOLVED,NEW
2006-11-21 16:58:54 PST,pavlov,Resolution,FIXED,---
2006-11-21 16:58:54 PST,pavlov,Last Resolved,2006-11-21 16:58:54,
2006-11-21 17:12:50 PST,tor,CC,tor,
2006-11-22 07:13:10 PST,hwaara,Depends on,361523,
2006-11-22 12:26:15 PST,stefanh,Depends on,361568,
2006-11-22 12:37:07 PST,stefanh,Depends on,361510,
2006-11-25 23:03:40 PST,jruderman,Blocks,,177805
2006-11-25 23:34:08 PST,jruderman,Depends on,361600,
2006-11-27 11:06:10 PST,uriber,Depends on,361986,
2006-12-04 11:30:12 PST,allan,CC,allan,
2006-12-13 08:54:26 PST,uriber,Blocks,188294,
2006-12-13 17:15:36 PST,jruderman,Blocks,306902,
2006-12-16 00:43:34 PST,uriber,Blocks,246527,
2006-12-16 08:24:17 PST,stefanh,Depends on,,361510
2006-12-16 08:26:27 PST,stefanh,Depends on,364058,
2007-02-28 01:00:32 PST,jruderman,CC,jruderman,
2007-02-28 01:01:26 PST,jruderman,Depends on,372094,
2007-07-27 10:28:40 PDT,ispiked,Depends on,389788,
