When, Who, What, Added, Removed
2006-01-18 09:43:12 PST,mozbugzilla,CC,nelson, martin, wtchang,
2006-01-18 11:20:25 PST,wtc,Status,NEW,UNCONFIRMED
2006-01-18 11:20:25 PST,wtc,Ever confirmed,1,0
2006-01-18 15:35:15 PST,simon,CC,simon,
2006-01-18 19:50:54 PST,kaie,Whiteboard,[kerh-eha],
2006-01-18 19:52:13 PST,kaie,Attachment #208870                Flags,review?(martin),
2006-01-18 19:58:05 PST,gavin.sharp,CC,gavin.sharp,
2006-01-20 22:48:25 PST,robert,CC,rparenton,
2006-01-25 10:07:58 PST,kaie,CC,gerv,
2006-01-30 15:18:24 PST,kaie,Attachment #208870                Flags,review+,review?(martin)
2006-01-30 15:21:21 PST,kaie,Status,RESOLVED,NEW
2006-01-30 15:21:21 PST,kaie,Resolution,FIXED,---
2006-01-30 15:21:21 PST,kaie,Last Resolved,2006-01-30 15:21:21,
2006-01-30 15:57:33 PST,kaie,Attachment #208870                Flags,branch-1.8.1?(kengert),
2006-01-31 09:49:04 PST,mozbugzilla,Attachment #210249                Attachment mime type,text/plain,application/x-x509-server-cert
2006-01-31 12:33:36 PST,kaie,Attachment #208870                Flags,branch-1.8.1+,branch-1.8.1?(kengert)
2006-01-31 12:57:30 PST,kaie,Keywords,fixed1.8.1,
2006-02-01 07:54:23 PST,jcea,CC,jcea,
2006-03-12 19:05:26 PST,robert,CC,,rparenton
