When, Who, What, Added, Removed
2006-01-18 11:10:31 PST,gavin.sharp,CC,gavin.sharp,
2006-01-18 11:11:35 PST,jonas,Attachment #208879                Flags,review?(jst), superreview?(jst),
2006-01-18 11:14:22 PST,jonas,Attachment #208879                Attachment is obsolete,1,0
2006-01-18 11:14:22 PST,jonas,Attachment #208881                Flags,review?(jst), superreview?(jst),
2006-01-18 11:14:22 PST,jonas,Attachment #208879                Flags,,review?(jst), superreview?(jst)
2006-01-18 12:33:09 PST,cbiesinger,CC,cbiesinger,
2006-01-18 14:12:26 PST,jonas,Attachment #208881                Flags,,review?(jst), superreview?(jst)
2006-01-18 14:12:26 PST,jonas,Attachment #208881                Attachment is obsolete,1,0
2006-01-18 14:12:26 PST,jonas,Attachment #208898                Flags,review?(jst), superreview?(jst),
2006-01-18 16:43:01 PST,jst,Attachment #208898                Flags,review+, superreview+,review?(jst), superreview?(jst)
2006-01-18 18:51:04 PST,jonas,Status,RESOLVED,NEW
2006-01-18 18:51:04 PST,jonas,Resolution,FIXED,---
2006-01-18 18:51:04 PST,jonas,Last Resolved,2006-01-18 18:51:04,
2006-10-03 16:01:27 PDT,timeless,Blocks,355300,
