When, Who, What, Added, Removed
2006-01-18 11:59:27 PST,cbiesinger,URL,http://lxr.mozilla.org/seamonkey/source/parser/htmlparser/public/nsIExpatSink.idl,
2006-01-18 12:19:20 PST,mrbkap,CC,bzbarsky, jst,
2006-01-18 14:19:21 PST,gavin.sharp,CC,gavin.sharp,
2006-01-18 15:27:59 PST,sayrer,Attachment #208911                Flags,review?(mrbkap),
2006-01-18 15:36:05 PST,sayrer,Attachment #208911                Flags,,review?(mrbkap)
2006-01-18 16:09:21 PST,sayrer,Attachment #208911                Attachment is obsolete,1,0
2006-01-18 16:09:21 PST,sayrer,Attachment #208917                Flags,review?(mrbkap),
2006-01-18 16:12:33 PST,mrbkap,Attachment #208917                Flags,review+,review?(mrbkap)
2006-01-18 16:17:00 PST,sayrer,Attachment #208917                Flags,superreview?(jst),
2006-01-18 16:46:58 PST,jst,Attachment #208917                Flags,superreview+,superreview?(jst)
2006-01-19 09:39:37 PST,sayrer,Attachment #208917                Attachment is obsolete,1,0
2006-01-19 09:44:21 PST,sayrer,Whiteboard,[checkin needed],
2006-01-20 18:06:15 PST,mrbkap,Status,RESOLVED,NEW
2006-01-20 18:06:15 PST,mrbkap,Resolution,FIXED,---
2006-01-20 18:06:15 PST,mrbkap,Last Resolved,2006-01-20 18:06:15,
2006-01-22 01:16:38 PST,jruderman,Whiteboard,,[checkin needed]
2006-04-16 15:42:51 PDT,bzbarsky,Blocks,315826, 326477,
