When, Who, What, Added, Removed
2006-01-18 12:01:58 PST,Marsti,Version,1.5,unspecified
2006-01-18 12:22:12 PST,mcow,Status,NEW,UNCONFIRMED
2006-01-18 12:22:12 PST,mcow,Ever confirmed,1,0
2006-01-18 12:29:31 PST,mkmelin+mozilla,Status,RESOLVED,NEW
2006-01-18 12:29:31 PST,mkmelin+mozilla,Resolution,DUPLICATE,---
2006-01-18 12:29:31 PST,mkmelin+mozilla,CC,mkmelin+bugzilla,
2006-01-18 12:29:31 PST,mkmelin+mozilla,Last Resolved,2006-01-18 12:29:31,
2006-08-08 01:48:16 PDT,mkmelin+mozilla,Hardware,All,PC
2006-08-08 01:48:16 PDT,mkmelin+mozilla,OS,All,Windows XP
2006-08-08 01:48:16 PDT,mkmelin+mozilla,Status,REOPENED,RESOLVED
2006-08-08 01:48:16 PDT,mkmelin+mozilla,Resolution,---,DUPLICATE
2006-08-08 01:48:16 PDT,mkmelin+mozilla,Summary,should not play sound when new feed items arrive,New news (RSS) = Notify sound played
2006-08-08 01:48:16 PDT,mkmelin+mozilla,Version,2.0,1.5
2006-09-24 15:21:10 PDT,philringnalda,CC,sinequanon1,
2006-10-24 21:51:54 PDT,mcow,CC,crosscut,
2008-08-11 04:45:10 PDT,gary,Whiteboard,closeme 2008-08-21,
2008-08-11 04:45:10 PDT,gary,Status,NEW,REOPENED
2008-08-11 04:45:10 PDT,gary,Assignee,nobody,mscott
2008-08-11 04:45:10 PDT,gary,CC,nth10sd,
2008-08-16 12:22:04 PDT,philringnalda,Version,Trunk,2.0
2008-08-16 12:22:04 PDT,philringnalda,Blocks,286761,
2008-08-16 12:22:04 PDT,philringnalda,Whiteboard,,closeme 2008-08-21
2009-05-05 00:12:15 PDT,timeless,Product,MailNews Core,Thunderbird
2009-05-05 00:12:15 PDT,timeless,Component,Feed Reader,RSS
2009-06-28 08:05:20 PDT,vseerror,Depends on,311640,
2009-06-28 08:05:20 PDT,vseerror,Flags,wanted-thunderbird3?,
2009-06-28 08:05:20 PDT,vseerror,CC,clarkbw, vseerror,
2009-07-07 03:39:53 PDT,euryalus.0,CC,ulysse,
2009-12-11 11:57:26 PST,dfghjkjhg,CC,rosaroter-panther,
2014-07-28 15:34:11 PDT,alta88,Attachment #8463651                Flags,review?(mkmelin+mozilla),
2014-07-28 15:34:11 PDT,alta88,Assignee,alta88,nobody
2014-08-13 12:31:02 PDT,mkmelin+mozilla,Attachment #8463651                Flags,review+,review?(mkmelin+mozilla)
2014-08-16 07:58:39 PDT,alta88,Attachment #8463651                Attachment is obsolete,1,0
2014-08-16 07:58:39 PDT,alta88,Attachment #8474111                Flags,review+,
2014-08-16 07:59:02 PDT,alta88,Keywords,checkin-needed,
2014-11-07 05:54:41 PST,clokep,Keywords,,checkin-needed
2014-11-07 05:54:41 PST,clokep,Status,RESOLVED,NEW
2014-11-07 05:54:41 PST,clokep,Resolution,FIXED,---
2014-11-07 05:54:41 PST,clokep,Target Milestone,Thunderbird 36.0,---
2014-11-07 05:54:41 PST,clokep,Last Resolved,2014-11-07 05:54:41,2006-01-18 12:29:31
2015-02-16 11:56:42 PST,standard8,status-thunderbird36,fixed,---
