When, Who, What, Added, Removed
2006-01-18 13:34:07 PST,darin.moz,Status,ASSIGNED,NEW
2006-01-18 13:34:07 PST,darin.moz,Target Milestone,mozilla1.9alpha,---
2006-01-18 13:44:57 PST,bzbarsky,Flags,blocking1.9a1+,
2006-01-18 13:50:38 PST,gavin.sharp,CC,gavin.sharp,
2006-01-18 13:58:22 PST,tor,CC,tor,
2006-01-18 14:16:18 PST,cbiesinger,CC,cbiesinger,
2006-01-19 13:10:35 PST,chpe,CC,chpe,
2006-01-20 18:14:21 PST,darin.moz,CC,mozilla,
2006-01-20 22:19:18 PST,ispiked,CC,ispiked,
2006-01-20 22:49:15 PST,robert,CC,rparenton,
2006-01-31 06:25:27 PST,darin.moz,Depends on,324642,
2006-02-24 18:38:47 PST,darin.moz,Priority,P2,--
2006-05-12 21:34:55 PDT,xtc4uall,CC,xtc4uall,
2006-05-20 19:19:27 PDT,robert,CC,,rparenton
2006-08-03 16:02:06 PDT,dbaron,Flags,blocking1.9+,
2006-10-27 18:17:40 PDT,bugs-bmo,CC,unknown,
2006-11-02 15:30:18 PST,vladimir,Whiteboard,[blocking1.9a1+] if a ping is on by default,
2006-11-02 15:30:18 PST,vladimir,Flags,,blocking1.9a1+
2006-11-09 15:11:21 PST,vladimir,Status,NEW,ASSIGNED
2006-11-09 15:11:21 PST,vladimir,Assignee,bugmail,darin.moz
2006-11-14 04:47:21 PST,sciguyryan,CC,sciguyryan+bugzilla,
2006-11-27 15:56:45 PST,jonas,Attachment #246722                Flags,review?(jst), superreview?(jst),
2006-11-27 16:06:22 PST,jonas,Attachment #246722                Attachment is obsolete,1,0
2006-11-27 16:06:22 PST,jonas,Attachment #246724                Flags,review?(jst), superreview?(jst),
2006-11-27 16:06:22 PST,jonas,Attachment #246722                Flags,,review?(jst), superreview?(jst)
2006-11-27 16:18:16 PST,jst,Attachment #246722                Flags,review+, superreview+,
2006-11-27 16:19:17 PST,jst,Attachment #246724                Flags,review+, superreview+,review?(jst), superreview?(jst)
2006-11-27 16:19:42 PST,jst,Attachment #246722                Flags,,review+, superreview+
2006-11-28 12:47:29 PST,jonas,Status,RESOLVED,NEW
2006-11-28 12:47:29 PST,jonas,Resolution,FIXED,---
2006-11-28 12:47:29 PST,jonas,Last Resolved,2006-11-28 12:47:29,
2006-11-28 12:52:17 PST,jonas,Status,REOPENED,RESOLVED
2006-11-28 12:52:17 PST,jonas,Resolution,---,FIXED
2006-11-28 15:59:51 PST,jonas,Attachment #246724                Attachment is obsolete,1,0
2006-11-28 15:59:51 PST,jonas,Attachment #246862                Flags,review?(jst), superreview?(jst),
2006-11-28 16:49:07 PST,jst,Attachment #246862                Flags,review+, superreview+,review?(jst), superreview?(jst)
2006-11-28 19:28:54 PST,jonas,Status,RESOLVED,REOPENED
2006-11-28 19:28:54 PST,jonas,Resolution,FIXED,---
2006-11-28 19:28:54 PST,jonas,Last Resolved,2006-11-28 19:28:54,2006-11-28 12:47:29
2007-09-25 03:59:29 PDT,bugs,Blocks,323959,
