When, Who, What, Added, Removed
2006-01-18 14:01:57 PST,justdave,Component,CVS Account Request,CVS: Administration
2006-01-18 14:01:57 PST,justdave,Assignee,marcia,justdave
2006-01-18 14:01:57 PST,justdave,QA Contact,justdave,chase
2006-01-30 16:47:20 PST,mozillamarcia.knous,Assignee,server-ops,marcia
2006-02-01 23:13:21 PST,nelson,CC,wtchang,
2006-02-01 23:20:24 PST,justdave,Assignee,justdave,server-ops
2006-02-01 23:22:08 PST,justdave,Resolution,FIXED,---
2006-02-01 23:22:08 PST,justdave,Last Resolved,2006-02-01 23:22:08,
2006-02-01 23:22:08 PST,justdave,Status,RESOLVED,NEW
2006-02-01 23:27:11 PST,nelson,Status,VERIFIED,RESOLVED
