When, Who, What, Added, Removed
2006-01-18 14:02:47 PST,pavlov,Assignee,pavlov,nobody
2006-01-18 14:02:58 PST,pavlov,Status,ASSIGNED,NEW
2006-01-18 14:15:23 PST,cbiesinger,CC,cbiesinger,
2006-01-18 14:18:25 PST,gavin.sharp,CC,gavin.sharp,
2006-01-18 14:35:44 PST,djcater+bugzilla,CC,DJCater,
2006-01-18 14:43:00 PST,calum.mackay,CC,calum.mackay,
2006-01-18 14:43:39 PST,pavlov,OS,Linux,Windows XP
2006-01-18 15:15:17 PST,rflint,CC,rflint,
2006-01-18 21:52:03 PST,mozilla_bugs,CC,mozilla_bugs,
2006-01-18 22:05:01 PST,ispiked,CC,ispiked,
2006-01-19 07:40:26 PST,jwalden+bmo,CC,jwalden+bmo,
2006-01-23 12:45:07 PST,mpillard,CC,mat,
2006-02-04 11:17:20 PST,ryanvm,CC,ryanvm,
2006-02-23 04:19:19 PST,ray,CC,bugzilla.mozilla,
2006-02-25 14:04:49 PST,jshin1987,CC,jshin1987,
2006-03-08 08:17:04 PST,jcea,CC,jcea,
2006-03-20 07:10:01 PST,hidenosuke,CC,hidenosuke,
2006-04-08 13:50:30 PDT,ogi,CC,ogi,
2006-05-19 06:53:58 PDT,kherron+mozilla,CC,kherron+mozilla,
2006-08-17 00:47:04 PDT,fredbezies,CC,fredbezies,
2006-08-17 00:47:04 PDT,fredbezies,Flags,blocking1.9?,
2006-08-22 09:37:46 PDT,basic,CC,basic,
2006-08-26 09:41:57 PDT,james.davis,CC,jdavis,
2006-09-07 16:29:06 PDT,pavlov,Status,NEW,ASSIGNED
2006-09-07 16:29:06 PDT,pavlov,Assignee,mwsteele,pavlov
2006-11-22 13:31:11 PST,pavlov,CC,b3nton,
2006-11-28 13:07:49 PST,pavlov,Whiteboard,[blocking1.9a1+],
2006-11-28 13:07:49 PST,pavlov,Summary,Get print spooling working on Linux,Get printing working on Linux
2006-11-28 13:07:49 PST,pavlov,Flags,blocking1.9+,blocking1.9?
2006-11-28 16:19:36 PST,vladimir,Assignee,pavlov,mwsteele
2006-11-29 15:27:42 PST,pavlov,Attachment #246869                Attachment is obsolete,1,0
2006-11-29 15:27:42 PST,pavlov,Attachment #246994                Flags,review?(vladimir),
2006-11-29 15:35:37 PST,vladimir,Attachment #246994                Flags,review+,review?(vladimir)
2006-11-29 15:40:25 PST,pavlov,Resolution,FIXED,---
2006-11-29 15:40:25 PST,pavlov,Last Resolved,2006-11-29 15:40:25,
2006-11-29 15:40:25 PST,pavlov,Status,RESOLVED,NEW
2006-11-29 16:58:02 PST,sdwilsh,CC,comrade693+bmo,
2006-11-30 03:01:07 PST,bugs,CC,Olli.Pettay,
2006-11-30 03:20:54 PST,bugs,Depends on,362335,
2006-12-01 11:35:21 PST,wgianopoulos,Depends on,362476,
2006-12-01 14:59:12 PST,tuukka.tolvanen,CC,tuukka.tolvanen,
2006-12-02 03:52:08 PST,romaxa,Attachment #246994                Flags,review-,
2006-12-05 05:32:18 PST,romaxa,Attachment #247531                Flags,review?,
2006-12-05 07:16:00 PST,romaxa,Attachment #247531                Flags,review?(vladimir),review?
2006-12-21 12:52:16 PST,vladimir,Attachment #247531                Flags,review?(pavlov),review?(vladimir)
2007-01-05 11:43:35 PST,vladimir,Attachment #247531                Flags,,review?(pavlov)
2007-01-22 09:15:18 PST,mozilla,CC,mozilla,
2007-07-04 09:23:17 PDT,romaxa,Depends on,386862,
2014-04-26 02:25:33 PDT,basic,CC,,basic
