When, Who, What, Added, Removed
2006-01-18 13:36:50 PST,djcater+bugzilla,CC,DJCater,
2006-01-18 13:40:05 PST,pavlov,Depends on,323928,
2006-01-18 13:51:00 PST,gavin.sharp,CC,gavin.sharp,
2006-01-18 14:15:40 PST,cbiesinger,CC,cbiesinger,
2006-01-18 14:31:19 PST,vladimir,Depends on,323566,
2006-01-18 14:42:14 PST,calum.mackay,CC,calum.mackay,
2006-01-18 15:30:38 PST,vladimir,Alias,cairo-gtk2,
2006-01-18 15:30:47 PST,vladimir,Depends on,323947,
2006-01-18 22:14:53 PST,ispiked,CC,ispiked,
2006-01-24 23:33:52 PST,hidenosuke,CC,hidenosuke,
2006-01-31 05:33:01 PST,niederstrasser,CC,niederstrasser,
2006-02-02 06:47:59 PST,tuukka.tolvanen,CC,tuukka.tolvanen,
2006-02-04 11:16:36 PST,ryanvm,CC,ryanvm,
2006-02-21 07:05:08 PST,steffen.wilberg,CC,steffen.wilberg,
2006-02-23 04:19:17 PST,ray,CC,bugzilla.mozilla,
2006-02-23 22:35:11 PST,petrovicky,CC,petrovicky,
2006-03-08 08:16:46 PST,jcea,CC,jcea,
2006-03-09 13:50:19 PST,moz,CC,moz,
2006-03-25 19:43:07 PST,jshin1987,CC,jshin1987,
2006-03-27 17:19:15 PST,rinaldij,CC,montessir,
2006-04-05 12:44:33 PDT,vladimir,Depends on,,323947
2006-04-05 17:26:14 PDT,pavlov,Status,RESOLVED,NEW
2006-04-05 17:26:14 PDT,pavlov,Resolution,FIXED,---
2006-04-05 17:26:14 PDT,pavlov,Last Resolved,2006-04-05 17:26:14,
2006-04-05 17:39:06 PDT,pavlov,Depends on,305649,
